Species,Modality,Plant ID,Date,PC1,PC2,PC3,File Name,Group,Dice,Time (s)
Poplar,RGB1,49_BESC-4+Na_R1_I APPL 518,2023-09-22 11:12:44,0,0,0,2023-09-22_RgbImage_2023-09-22_11-12-44.png,Poplar_49_BESC-4+Na_R1_I APPL 518,0.9669817275349878,23.210459345020354
Poplar,RGB2,49_BESC-4+Na_R1_I APPL 518,2023-09-22 11:12:03,0,0,0,2023-09-22_RgbImage_2023-09-22_11-12-02.png,Poplar_49_BESC-4+Na_R1_I APPL 518,0.9933884909370332,1.8101886101067066
Poplar,RGB1,WELC-27-3,2024-04-10 16:10:25,0,0,0,2024-04-10_RgbImage_2024-04-10_16-10-25.png,Poplar_WELC-27-3,0.9534479467060205,1.9367723218165338
Poplar,RGB2,WELC-27-3,2024-04-10 16:09:43,0,0,0,2024-04-10_RgbImage_2024-04-10_16-09-42.png,Poplar_WELC-27-3,0.9759633127431712,0.8670380469411612
Poplar,RGB1,27_GW-9914+K_R3_IV APPL 108,2023-09-22 09:47:29,0,0,1,2023-09-22_RgbImage_2023-09-22_09-47-29.png,Poplar_27_GW-9914+K_R3_IV APPL 108,0.9767833357585243,1.981766143348068
Poplar,RGB2,27_GW-9914+K_R3_IV APPL 108,2023-09-22 09:46:49,0,0,1,2023-09-22_RgbImage_2023-09-22_09-46-48.png,Poplar_27_GW-9914+K_R3_IV APPL 108,0.9877792022959664,0.7941425121389329
Poplar,RGB1,61 52-225 R5,2023-10-09 18:19:05,0,0,1,2023-10-9_RgbImage_2023-10-09_18-19-05.png,Poplar_61 52-225 R5,0.9449474065407488,1.9482367080636322
Poplar,RGB2,61 52-225 R5,2023-10-09 18:18:21,0,0,1,2023-10-9_RgbImage_2023-10-09_18-18-20.png,Poplar_61 52-225 R5,0.9858822207593929,0.789805653039366
Poplar,RGB1,68_YALE-27-3+Na_R2_I APPL 368,2023-09-15 15:57:18,0,0,1,2023-09-15_RgbImage_2023-09-15_15-57-17.png,Poplar_68_YALE-27-3+Na_R2_I APPL 368,0.983789641391728,2.0011791768483818
Poplar,RGB2,68_YALE-27-3+Na_R2_I APPL 368,2023-09-15 15:56:36,0,0,1,2023-09-15_RgbImage_2023-09-15_15-56-36.png,Poplar_68_YALE-27-3+Na_R2_I APPL 368,0.9911885386717924,0.8404580620117486
Poplar,RGB1,20 LILB_26-1 R4,2023-10-09 19:38:45,0,0,2,2023-10-9_RgbImage_2023-10-09_19-38-44.png,Poplar_20 LILB_26-1 R4,0.9616313341148962,1.9623772739432752
Poplar,RGB2,20 LILB_26-1 R4,2023-10-09 19:38:00,0,0,2,2023-10-9_RgbImage_2023-10-09_19-38-00.png,Poplar_20 LILB_26-1 R4,0.976350842340875,0.862915663048625
Poplar,RGB1,5_GW-9588-C_R5_I APPL 224,2023-09-15 16:40:54,0,0,2,2023-09-15_RgbImage_2023-09-15_16-40-54.png,Poplar_5_GW-9588-C_R5_I APPL 224,0.9822751893624063,1.9903308069333434
Poplar,RGB2,5_GW-9588-C_R5_I APPL 224,2023-09-15 16:40:10,0,0,2,2023-09-15_RgbImage_2023-09-15_16-40-10.png,Poplar_5_GW-9588-C_R5_I APPL 224,0.9930182766003717,0.8550159758888185
Poplar,RGB1,68 LILB_26-1 R7,2023-10-07 07:09:35,0,0,2,2023-10-7_RgbImage_2023-10-07_07-09-35.png,Poplar_68 LILB_26-1 R7,0.8926321043142856,2.1116454671137035
Poplar,RGB2,68 LILB_26-1 R7,2023-10-07 07:08:51,0,0,2,2023-10-7_RgbImage_2023-10-07_07-08-51.png,Poplar_68 LILB_26-1 R7,0.9698774903626395,0.8166172560304403
Poplar,RGB1,1_GW-9588-C_R1_I APPL 398,2023-09-25 17:56:31,0,0,3,2023-09-25_RgbImage_2023-09-25_17-56-30.png,Poplar_1_GW-9588-C_R1_I APPL 398,0.9787744823504814,1.9152367562055588
Poplar,RGB2,1_GW-9588-C_R1_I APPL 398,2023-09-25 17:55:50,0,0,3,2023-09-25_RgbImage_2023-09-25_17-55-50.png,Poplar_1_GW-9588-C_R1_I APPL 398,0.9911258966008487,1.5257788239978254
Poplar,RGB1,3_GW-9588-C_R3_I APPL 412,2023-09-22 09:26:14,0,0,3,2023-09-22_RgbImage_2023-09-22_09-26-14.png,Poplar_3_GW-9588-C_R3_I APPL 412,0.9695400234890179,5.641692779958248
Poplar,RGB2,3_GW-9588-C_R3_I APPL 412,2023-09-22 09:25:34,0,0,3,2023-09-22_RgbImage_2023-09-22_09-25-33.png,Poplar_3_GW-9588-C_R3_I APPL 412,0.9914496235539015,2.3338978020474315
Poplar,RGB1,46_BESC-4+K_R4_IV APPL 114,2023-09-25 19:21:52,0,0,3,2023-09-25_RgbImage_2023-09-25_19-21-51.png,Poplar_46_BESC-4+K_R4_IV APPL 114,0.974366144062038,5.158557903021574
Poplar,RGB2,46_BESC-4+K_R4_IV APPL 114,2023-09-25 19:21:12,0,0,3,2023-09-25_RgbImage_2023-09-25_19-21-12.png,Poplar_46_BESC-4+K_R4_IV APPL 114,0.9927290803429766,2.178981470875442
Poplar,RGB1,5_GW-9588-C_R5_I APPL 224,2023-09-18 12:39:15,0,0,3,2023-09-18_RgbImage_2023-09-18_12-39-14.png,Poplar_5_GW-9588-C_R5_I APPL 224,0.9803497283209935,5.158482891973108
Poplar,RGB2,5_GW-9588-C_R5_I APPL 224,2023-09-18 12:38:32,0,0,3,2023-09-18_RgbImage_2023-09-18_12-38-32.png,Poplar_5_GW-9588-C_R5_I APPL 224,0.994300207472176,2.165832579601556
Poplar,RGB1,81 FL-0012 R3,2023-10-28 15:32:41,0,0,4,2023-10-28_RgbImage_2023-10-28_15-32-41.png,Poplar_81 FL-0012 R3,0.9818890819805693,5.066263742744923
Poplar,RGB1,81 FL-0012 R3,2023-10-29 10:18:44,0,0,4,2023-10-29_RgbImage_2023-10-29_10-18-44.png,Poplar_81 FL-0012 R3,0.9818540886539139,5.107728741131723
Poplar,RGB2,81 FL-0012 R3,2023-10-28 15:31:57,0,0,4,2023-10-28_RgbImage_2023-10-28_15-31-56.png,Poplar_81 FL-0012 R3,0.988335897659458,2.0767585672438145
Poplar,RGB2,81 FL-0012 R3,2023-10-29 10:18:01,0,0,4,2023-10-29_RgbImage_2023-10-29_10-18-00.png,Poplar_81 FL-0012 R3,0.9876679348909951,2.1601601457223296
Poplar,RGB1,354_BESC-1098_1,2024-06-01 10:41:59,0,1,0,2024-06-1_RgbImage_2024-06-01_10-41-58.png,Poplar_354_BESC-1098_1,0.9804774673104381,5.3652777033858
Poplar,RGB2,354_BESC-1098_1,2024-06-01 10:41:21,0,1,0,2024-06-1_RgbImage_2024-06-01_10-41-20.png,Poplar_354_BESC-1098_1,0.9851007488443417,2.1930189030244946
Poplar,RGB1,BESC-1147,2024-04-09 13:54:43,0,1,0,2024-04-9_RgbImage_2024-04-09_13-54-42.png,Poplar_BESC-1147,0.971934909527672,5.510036330204457
Poplar,RGB2,BESC-1147,2024-04-09 13:54:00,0,1,0,2024-04-9_RgbImage_2024-04-09_13-53-59.png,Poplar_BESC-1147,0.9884572874327529,2.2245833012275398
Poplar,RGB1,BESC-906,2024-04-09 09:56:33,0,1,0,2024-04-9_RgbImage_2024-04-09_09-56-32.png,Poplar_BESC-906,0.9673216507674012,5.517573320772499
Poplar,RGB2,BESC-906,2024-04-09 09:55:53,0,1,0,2024-04-9_RgbImage_2024-04-09_09-55-53.png,Poplar_BESC-906,0.9903355034152449,2.1878191507421434
Poplar,RGB1,GW-2283,2024-04-17 13:21:05,0,1,0,2024-04-17_RgbImage_2024-04-17_13-21-05.png,Poplar_GW-2283,0.9682993321057207,5.627797343302518
Poplar,RGB2,GW-2283,2024-04-17 13:20:26,0,1,0,2024-04-17_RgbImage_2024-04-17_13-20-26.png,Poplar_GW-2283,0.986272475063014,2.259263341780752
Poplar,RGB1,11 Besc-801 R8,2023-10-21 21:56:01,0,1,1,2023-10-21_RgbImage_2023-10-21_21-56-01.png,Poplar_11 Besc-801 R8,0.9795117138938982,5.516036005225033
Poplar,RGB2,11 Besc-801 R8,2023-10-21 21:55:20,0,1,1,2023-10-21_RgbImage_2023-10-21_21-55-19.png,Poplar_11 Besc-801 R8,0.9913477158425501,2.2744528111070395
Poplar,RGB1,22_GW-9914-C_R4_I APPL 197,2023-09-25 19:00:42,0,1,1,2023-09-25_RgbImage_2023-09-25_19-00-41.png,Poplar_22_GW-9914-C_R4_I APPL 197,0.9703431533364326,5.460773832164705
Poplar,RGB2,22_GW-9914-C_R4_I APPL 197,2023-09-25 19:00:01,0,1,1,2023-09-25_RgbImage_2023-09-25_19-00-01.png,Poplar_22_GW-9914-C_R4_I APPL 197,0.98873127197751,2.2270412701182067
Poplar,RGB1,57_52-225_R2_FS,2024-05-10 13:35:26,0,1,1,2024-05-10_RgbImage_2024-05-10_13-35-25.png,Poplar_57_52-225_R2_FS,0.9689354475003384,5.511424166150391
Poplar,RGB2,57_52-225_R2_FS,2024-05-10 13:34:44,0,1,1,2024-05-10_RgbImage_2024-05-10_13-34-43.png,Poplar_57_52-225_R2_FS,0.9807050842361582,2.2465899107046425
Poplar,RGB1,CHWJ-27-1,2024-04-07 14:17:57,0,1,1,2024-04-7_RgbImage_2024-04-07_14-17-56.png,Poplar_CHWJ-27-1,0.9688009845399412,5.425354624632746
Poplar,RGB2,CHWJ-27-1,2024-04-07 14:17:16,0,1,1,2024-04-7_RgbImage_2024-04-07_14-17-15.png,Poplar_CHWJ-27-1,0.991462508908847,2.202587285079062
Poplar,RGB1,27_BESC 24_R6_PM,2024-05-10 14:47:33,0,1,2,2024-05-10_RgbImage_2024-05-10_14-47-32.png,Poplar_27_BESC 24_R6_PM,0.9788101454188752,5.472434269730002
Poplar,RGB2,27_BESC 24_R6_PM,2024-05-10 14:46:53,0,1,2,2024-05-10_RgbImage_2024-05-10_14-46-53.png,Poplar_27_BESC 24_R6_PM,0.9899599290649338,2.2362805190496147
Poplar,RGB1,35 GW-9898 R1,2023-10-22 13:56:33,0,1,2,2023-10-22_RgbImage_2023-10-22_13-56-32.png,Poplar_35 GW-9898 R1,0.9764776556011793,5.441867244895548
Poplar,RGB2,35 GW-9898 R1,2023-10-22 13:55:51,0,1,2,2023-10-22_RgbImage_2023-10-22_13-55-50.png,Poplar_35 GW-9898 R1,0.9865004690412816,2.2422632412053645
Poplar,RGB1,51_BESC-4+Na_R3_I APPL 391,2023-09-15 18:36:14,0,1,3,2023-09-15_RgbImage_2023-09-15_18-36-14.png,Poplar_51_BESC-4+Na_R3_I APPL 391,0.9780043654149744,5.548903182148933
Poplar,RGB2,51_BESC-4+Na_R3_I APPL 391,2023-09-15 18:35:32,0,1,3,2023-09-15_RgbImage_2023-09-15_18-35-32.png,Poplar_51_BESC-4+Na_R3_I APPL 391,0.9948056674286434,2.2546929218806326
Poplar,RGB1,4_ILL-101_R1_FS,2024-05-10 16:50:38,0,1,4,2024-05-10_RgbImage_2024-05-10_16-50-37.png,Poplar_4_ILL-101_R1_FS,0.9858676256358511,5.5746095147915184
Poplar,RGB2,4_ILL-101_R1_FS,2024-05-10 16:49:56,0,1,4,2024-05-10_RgbImage_2024-05-10_16-49-55.png,Poplar_4_ILL-101_R1_FS,0.9850475122702713,2.2753114961087704
Poplar,RGB1,64_YALE-27-3+K_R4_IV APPL 120,2023-09-18 13:22:16,0,1,4,2023-09-18_RgbImage_2023-09-18_13-22-15.png,Poplar_64_YALE-27-3+K_R4_IV APPL 120,0.9829607411242581,5.628342719748616
Poplar,RGB2,64_YALE-27-3+K_R4_IV APPL 120,2023-09-18 13:21:35,0,1,4,2023-09-18_RgbImage_2023-09-18_13-21-34.png,Poplar_64_YALE-27-3+K_R4_IV APPL 120,0.9938220599055763,2.316473823040724
Poplar,RGB1,99_D-124_R4_FS,2024-05-13 08:59:49,0,1,4,2024-05-13_RgbImage_2024-05-13_08-59-48.png,Poplar_99_D-124_R4_FS,0.9800457194543688,5.393225981853902
Poplar,RGB2,99_D-124_R4_FS,2024-05-13 08:59:07,0,1,4,2024-05-13_RgbImage_2024-05-13_08-59-07.png,Poplar_99_D-124_R4_FS,0.97013703810544,2.3082488919608295
Poplar,RGB1,BESC-154,2024-03-27 15:00:58,0,2,0,2024-03-27_RgbImage_2024-03-27_15-00-57.png,Poplar_BESC-154,0.9532461756980254,5.385694723110646
Poplar,RGB2,BESC-154,2024-03-27 15:00:16,0,2,0,2024-03-27_RgbImage_2024-03-27_15-00-16.png,Poplar_BESC-154,0.984348598672071,2.313655494712293
Poplar,RGB1,VNDL-27-5,2024-03-29 06:48:54,0,2,0,2024-03-29_RgbImage_2024-03-29_06-48-53.png,Poplar_VNDL-27-5,0.9693641293834465,5.384911934379488
Poplar,RGB2,VNDL-27-5,2024-03-29 06:48:08,0,2,0,2024-03-29_RgbImage_2024-03-29_06-48-07.png,Poplar_VNDL-27-5,0.9847900493632302,1.7552520246244967
Poplar,RGB1,68 LILB_26-1 R7,2023-10-21 13:19:09,0,2,1,2023-10-21_RgbImage_2023-10-21_13-19-08.png,Poplar_68 LILB_26-1 R7,0.9467206758448207,1.937724148388952
Poplar,RGB2,68 LILB_26-1 R7,2023-10-21 13:18:26,0,2,1,2023-10-21_RgbImage_2023-10-21_13-18-25.png,Poplar_68 LILB_26-1 R7,0.982525976802015,0.9255128665827215
Poplar,RGB1,BESC-250,2024-04-02 12:29:08,0,2,1,2024-04-2_RgbImage_2024-04-02_12-29-08.png,Poplar_BESC-250,0.9758842921208878,2.005695000756532
Poplar,RGB2,BESC-250,2024-04-02 12:28:26,0,2,1,2024-04-2_RgbImage_2024-04-02_12-28-25.png,Poplar_BESC-250,0.9838298909686902,0.8628223370760679
Poplar,RGB1,HRSO-27-2,2024-03-26 12:40:55,0,2,1,2024-03-26_RgbImage_2024-03-26_12-40-55.png,Poplar_HRSO-27-2,0.9713674869140506,1.89821138093248
Poplar,RGB2,HRSO-27-2,2024-03-26 12:40:13,0,2,1,2024-03-26_RgbImage_2024-03-26_12-40-13.png,Poplar_HRSO-27-2,0.9895338315726079,0.9038685248233378
Poplar,RGB1,35_GW-9914+Na_R5_I APPL 167,2023-10-13 10:02:49,0,2,2,2023-10-13_RgbImage_2023-10-13_10-02-48.png,Poplar_35_GW-9914+Na_R5_I APPL 167,0.9784795450423782,1.8815590660087764
Poplar,RGB2,35_GW-9914+Na_R5_I APPL 167,2023-10-13 10:02:03,0,2,2,2023-10-13_RgbImage_2023-10-13_10-02-03.png,Poplar_35_GW-9914+Na_R5_I APPL 167,0.9845119566269847,0.8671216978691518
Poplar,RGB1,414_CHWH-27-4_2,2024-06-02 08:18:45,0,2,2,2024-06-2_RgbImage_2024-06-02_08-18-45.png,Poplar_414_CHWH-27-4_2,0.9674876159911727,1.8733857232145965
Poplar,RGB2,414_CHWH-27-4_2,2024-06-02 08:18:05,0,2,2,2024-06-2_RgbImage_2024-06-02_08-18-05.png,Poplar_414_CHWH-27-4_2,0.9722884312555543,0.9147020382806659
Poplar,RGB1,SKWA-24-5,2024-03-31 13:09:04,0,2,2,2024-03-31_RgbImage_2024-03-31_13-09-04.png,Poplar_SKWA-24-5,0.9703655634871422,1.894156163558364
Poplar,RGB2,SKWA-24-5,2024-03-31 13:08:22,0,2,2,2024-03-31_RgbImage_2024-03-31_13-08-21.png,Poplar_SKWA-24-5,0.9861113166866828,0.890341879799962
Poplar,RGB1,29 CMBF_28-5 R1,2023-12-21 10:21:51,0,2,3,2023-12-21_RgbImage_2023-12-21_10-21-51.png,Poplar_29 CMBF_28-5 R1,0.9833073566988334,1.9045672081410885
Poplar,RGB2,29 CMBF_28-5 R1,2023-12-21 10:21:08,0,2,3,2023-12-21_RgbImage_2023-12-21_10-21-07.png,Poplar_29 CMBF_28-5 R1,0.9918075200479419,0.900181001983583
Poplar,RGB1,8_GW-9588+K_R2_IV APPL 101,2023-09-15 16:19:06,0,2,3,2023-09-15_RgbImage_2023-09-15_16-19-05.png,Poplar_8_GW-9588+K_R2_IV APPL 101,0.9745222362462328,1.9285722943022847
Poplar,RGB2,8_GW-9588+K_R2_IV APPL 101,2023-09-15 16:18:23,0,2,3,2023-09-15_RgbImage_2023-09-15_16-18-23.png,Poplar_8_GW-9588+K_R2_IV APPL 101,0.9843397622097736,0.8803170658648014
Poplar,RGB1,49_BESC-4+Na_R1_I APPL 518,2023-09-15 14:30:43,0,2,4,2023-09-15_RgbImage_2023-09-15_14-30-43.png,Poplar_49_BESC-4+Na_R1_I APPL 518,0.9692834114599653,1.9377658572047949
Poplar,RGB2,49_BESC-4+Na_R1_I APPL 518,2023-09-15 14:29:59,0,2,4,2023-09-15_RgbImage_2023-09-15_14-29-58.png,Poplar_49_BESC-4+Na_R1_I APPL 518,0.9918506611472291,0.876380942761898
Poplar,RGB1,60 Besc-801 R6,2023-12-21 09:53:40,0,2,4,2023-12-21_RgbImage_2023-12-21_09-53-39.png,Poplar_60 Besc-801 R6,0.9694989232538552,1.9269414311274886
Poplar,RGB2,60 Besc-801 R6,2023-12-21 09:52:56,0,2,4,2023-12-21_RgbImage_2023-12-21_09-52-56.png,Poplar_60 Besc-801 R6,0.9854074051846036,0.9238813137635589
Poplar,RGB1,BESC-182,2024-04-03 11:40:27,0,3,0,2024-04-3_RgbImage_2024-04-03_11-40-27.png,Poplar_BESC-182,0.9723981330658895,1.9115301128476858
Poplar,RGB2,BESC-182,2024-04-03 11:39:45,0,3,0,2024-04-3_RgbImage_2024-04-03_11-39-45.png,Poplar_BESC-182,0.9778875613338471,0.8738585435785353
Poplar,RGB1,GW-9877,2024-03-31 18:46:11,0,3,0,2024-03-31_RgbImage_2024-03-31_18-46-10.png,Poplar_GW-9877,0.9701232488316749,1.946770531591028
Poplar,RGB2,GW-9877,2024-03-31 18:45:28,0,3,0,2024-03-31_RgbImage_2024-03-31_18-45-28.png,Poplar_GW-9877,0.9840427986992887,0.8846659478731453
Poplar,RGB1,17 Nisq-1 R2,2023-12-19 13:04:47,0,3,1,2023-12-19_RgbImage_2023-12-19_13-04-47.png,Poplar_17 Nisq-1 R2,0.9587160199907774,1.91189701622352
Poplar,RGB2,17 Nisq-1 R2,2023-12-19 13:04:04,0,3,1,2023-12-19_RgbImage_2023-12-19_13-04-03.png,Poplar_17 Nisq-1 R2,0.9829627813283289,0.898135915864259
Poplar,RGB1,BESC-190,2024-03-28 22:19:33,0,3,1,2024-03-28_RgbImage_2024-03-28_22-19-33.png,Poplar_BESC-190,0.9627962555127086,1.9519687611609697
Poplar,RGB2,BESC-190,2024-03-28 22:18:51,0,3,1,2024-03-28_RgbImage_2024-03-28_22-18-51.png,Poplar_BESC-190,0.9859779260348486,0.8747183508239686
Poplar,RGB1,BESC-312,2024-03-27 15:15:39,0,3,1,2024-03-27_RgbImage_2024-03-27_15-15-39.png,Poplar_BESC-312,0.9706667595807953,1.9264448918402195
Poplar,RGB2,BESC-312,2024-03-27 15:14:57,0,3,1,2024-03-27_RgbImage_2024-03-27_15-14-56.png,Poplar_BESC-312,0.9886932310143156,0.865165158174932
Poplar,RGB1,BESC-77,2024-04-05 11:02:03,0,3,1,2024-04-5_RgbImage_2024-04-05_11-02-03.png,Poplar_BESC-77,0.9695432951533058,1.9169771918095648
Poplar,RGB2,BESC-77,2024-04-05 11:01:22,0,3,1,2024-04-5_RgbImage_2024-04-05_11-01-21.png,Poplar_BESC-77,0.9802370850174392,0.9462993200868368
Poplar,RGB1,45 Nisq-1 R7,2023-12-21 12:14:55,0,3,2,2023-12-21_RgbImage_2023-12-21_12-14-55.png,Poplar_45 Nisq-1 R7,0.9728289926835628,1.9328621057793498
Poplar,RGB2,45 Nisq-1 R7,2023-12-21 12:14:12,0,3,2,2023-12-21_RgbImage_2023-12-21_12-14-11.png,Poplar_45 Nisq-1 R7,0.9821363407302168,0.8823802177794278
Poplar,RGB1,77 Besc-801 R7,2023-12-19 07:53:44,0,3,2,2023-12-19_RgbImage_2023-12-19_07-53-44.png,Poplar_77 Besc-801 R7,0.9613565668487382,1.8993144668638706
Poplar,RGB2,77 Besc-801 R7,2023-12-19 07:53:00,0,3,2,2023-12-19_RgbImage_2023-12-19_07-53-00.png,Poplar_77 Besc-801 R7,0.9707062880310722,0.9164140960201621
Poplar,RGB1,94_BESC 24_R3_FS,2024-05-07 15:04:19,0,3,2,2024-05-7_RgbImage_2024-05-07_15-04-18.png,Poplar_94_BESC 24_R3_FS,0.9707664098965646,1.9306949581950903
Poplar,RGB2,94_BESC 24_R3_FS,2024-05-07 15:03:38,0,3,2,2024-05-7_RgbImage_2024-05-07_15-03-37.png,Poplar_94_BESC 24_R3_FS,0.9886619699866551,0.8841169308871031
Poplar,RGB1,54 52-225 R4,2023-12-27 09:10:52,0,3,3,2023-12-27_RgbImage_2023-12-27_09-10-51.png,Poplar_54 52-225 R4,0.9637666793750379,1.9121394651010633
Poplar,RGB2,54 52-225 R4,2023-12-27 09:10:08,0,3,3,2023-12-27_RgbImage_2023-12-27_09-10-08.png,Poplar_54 52-225 R4,0.9711749309148081,0.9285307838581502
Poplar,RGB1,65 Besc-801 R5,2023-12-27 06:28:47,0,3,3,2023-12-27_RgbImage_2023-12-27_06-28-46.png,Poplar_65 Besc-801 R5,0.9738289672230198,1.9172951327636838
Poplar,RGB2,65 Besc-801 R5,2023-12-27 06:28:04,0,3,3,2023-12-27_RgbImage_2023-12-27_06-28-03.png,Poplar_65 Besc-801 R5,0.9888955416867304,0.8678933470509946
Poplar,RGB1,GW-2283,2024-03-28 14:50:22,0,3,3,2024-03-28_RgbImage_2024-03-28_14-50-22.png,Poplar_GW-2283,0.9631573877867311,1.9424652131274343
Poplar,RGB2,GW-2283,2024-03-28 14:49:40,0,3,3,2024-03-28_RgbImage_2024-03-28_14-49-39.png,Poplar_GW-2283,0.9846543988556179,0.906211094930768
Poplar,RGB1,GW-8585,2024-03-29 08:24:24,0,3,3,2024-03-29_RgbImage_2024-03-29_08-24-23.png,Poplar_GW-8585,0.9718758919734738,1.9101284937933087
Poplar,RGB2,GW-8585,2024-03-29 08:23:42,0,3,3,2024-03-29_RgbImage_2024-03-29_08-23-41.png,Poplar_GW-8585,0.9634162326240019,0.9061600877903402
Poplar,RGB1,35_GW-9914+Na_R5_I APPL 167,2023-09-27 06:55:13,0,3,4,2023-09-27_RgbImage_2023-09-27_06-55-13.png,Poplar_35_GW-9914+Na_R5_I APPL 167,0.965939218867645,1.8992217830382288
Poplar,RGB2,35_GW-9914+Na_R5_I APPL 167,2023-09-27 06:54:23,0,3,4,2023-09-27_RgbImage_2023-09-27_06-54-22.png,Poplar_35_GW-9914+Na_R5_I APPL 167,0.9856501751978405,0.9558970360085368
Poplar,RGB1,6 GW-9898 R4,2023-12-19 15:04:47,0,3,4,2023-12-19_RgbImage_2023-12-19_15-04-47.png,Poplar_6 GW-9898 R4,0.959953681366627,1.936893308069557
Poplar,RGB2,6 GW-9898 R4,2023-12-19 15:04:04,0,3,4,2023-12-19_RgbImage_2023-12-19_15-04-04.png,Poplar_6 GW-9898 R4,0.9794653508296837,0.908846627920866
Poplar,RGB1,BESC-1017,2024-03-27 10:14:42,0,4,0,2024-03-27_RgbImage_2024-03-27_10-14-41.png,Poplar_BESC-1017,0.9644090957947734,1.8868562527932227
Poplar,RGB2,BESC-1017,2024-03-27 10:13:59,0,4,0,2024-03-27_RgbImage_2024-03-27_10-13-58.png,Poplar_BESC-1017,0.9831439073530522,0.8746330691501498
Poplar,RGB1,BESC-111,2024-03-31 14:07:42,0,4,0,2024-03-31_RgbImage_2024-03-31_14-07-42.png,Poplar_BESC-111,0.9641341501679013,1.91777477087453
Poplar,RGB2,BESC-111,2024-03-31 14:06:59,0,4,0,2024-03-31_RgbImage_2024-03-31_14-06-59.png,Poplar_BESC-111,0.9745277360088473,0.9143779170699418
Poplar,RGB1,SQMC-25-4,2024-03-31 11:41:06,0,4,0,2024-03-31_RgbImage_2024-03-31_11-41-05.png,Poplar_SQMC-25-4,0.9523281453501267,1.9335953230038285
Poplar,RGB2,SQMC-25-4,2024-03-31 11:40:24,0,4,0,2024-03-31_RgbImage_2024-03-31_11-40-23.png,Poplar_SQMC-25-4,0.9514498776514164,0.9207064206711948
Poplar,RGB1,BESC-209,2024-03-28 08:51:07,0,4,1,2024-03-28_RgbImage_2024-03-28_08-51-06.png,Poplar_BESC-209,0.9489783147412288,2.0264592017047107
Poplar,RGB2,BESC-209,2024-03-28 08:50:25,0,4,1,2024-03-28_RgbImage_2024-03-28_08-50-24.png,Poplar_BESC-209,0.9811415355651981,0.8752095089294016
Poplar,RGB1,GW-9864,2024-03-26 14:38:27,0,4,1,2024-03-26_RgbImage_2024-03-26_14-38-26.png,Poplar_GW-9864,0.95811476394548,2.0283519299700856
Poplar,RGB2,GW-9864,2024-03-26 14:37:44,0,4,1,2024-03-26_RgbImage_2024-03-26_14-37-44.png,Poplar_GW-9864,0.947364229973275,0.9514218349941075
Poplar,RGB1,SLMB-28-2,2024-03-26 11:27:26,0,4,1,2024-03-26_RgbImage_2024-03-26_11-27-25.png,Poplar_SLMB-28-2,0.9544366421964328,1.9261831887997687
Poplar,RGB2,SLMB-28-2,2024-03-26 11:26:43,0,4,1,2024-03-26_RgbImage_2024-03-26_11-26-43.png,Poplar_SLMB-28-2,0.9760429082241783,0.9116746750660241
Poplar,RGB1,SQMC-25-3,2024-04-04 12:17:19,0,4,1,2024-04-4_RgbImage_2024-04-04_12-17-18.png,Poplar_SQMC-25-3,0.968006570973686,1.9772098963148892
Poplar,RGB2,SQMC-25-3,2024-04-04 12:16:36,0,4,1,2024-04-4_RgbImage_2024-04-04_12-16-36.png,Poplar_SQMC-25-3,0.9848790764170442,0.8982366370037198
Poplar,RGB1,BESC-192,2024-03-26 18:55:55,0,4,2,2024-03-26_RgbImage_2024-03-26_18-55-54.png,Poplar_BESC-192,0.9556867614092013,1.9453352000564337
Poplar,RGB2,BESC-192,2024-03-26 18:55:13,0,4,2,2024-03-26_RgbImage_2024-03-26_18-55-12.png,Poplar_BESC-192,0.9718493298194886,0.9036235520616174
Poplar,RGB1,HARB-26-2,2024-03-28 15:34:18,0,4,2,2024-03-28_RgbImage_2024-03-28_15-34-18.png,Poplar_HARB-26-2,0.9465127947828096,1.9014918650500476
Poplar,RGB2,HARB-26-2,2024-03-28 15:33:34,0,4,2,2024-03-28_RgbImage_2024-03-28_15-33-34.png,Poplar_HARB-26-2,0.9183317068170125,0.8893549242056906
Poplar,RGB1,23 93-968 R7,2023-12-19 13:47:08,0,4,3,2023-12-19_RgbImage_2023-12-19_13-47-08.png,Poplar_23 93-968 R7,0.9494958313332151,1.9293500469066203
Poplar,RGB2,23 93-968 R7,2023-12-19 13:46:25,0,4,3,2023-12-19_RgbImage_2023-12-19_13-46-24.png,Poplar_23 93-968 R7,0.9709013232488337,0.8840352357365191
Poplar,RGB1,BESC-1091,2024-03-30 10:21:18,0,4,3,2024-03-30_RgbImage_2024-03-30_10-21-17.png,Poplar_BESC-1091,0.9495131214490774,1.9398045130074024
Poplar,RGB2,BESC-1091,2024-03-30 10:20:35,0,4,3,2024-03-30_RgbImage_2024-03-30_10-20-35.png,Poplar_BESC-1091,0.9622288765311863,0.8911055251955986
Poplar,RGB1,WELC-27-1,2024-04-01 18:38:36,0,4,3,2024-04-1_RgbImage_2024-04-01_18-38-35.png,Poplar_WELC-27-1,0.9617714609063528,1.9272687919437885
Poplar,RGB2,WELC-27-1,2024-04-01 18:37:53,0,4,3,2024-04-1_RgbImage_2024-04-01_18-37-53.png,Poplar_WELC-27-1,0.9502621510559244,0.9055536617524922
Poplar,RGB1,16 FL-0165 R4,2023-12-21 12:57:20,0,4,4,2023-12-21_RgbImage_2023-12-21_12-57-20.png,Poplar_16 FL-0165 R4,0.906476520646609,1.8879519649781287
Poplar,RGB2,16 FL-0165 R4,2023-12-21 12:56:36,0,4,4,2023-12-21_RgbImage_2023-12-21_12-56-35.png,Poplar_16 FL-0165 R4,0.9323561722181405,0.8926901798695326
Poplar,RGB1,22 ILL-101 R7,2023-12-27 13:39:03,0,4,4,2023-12-27_RgbImage_2023-12-27_13-39-03.png,Poplar_22 ILL-101 R7,0.9349032873637153,1.9149162056855857
Poplar,RGB1,22 ILL-101 R7,2023-12-19 13:40:05,0,4,4,2023-12-19_RgbImage_2023-12-19_13-40-04.png,Poplar_22 ILL-101 R7,0.9180729760570675,1.9183250619098544
Poplar,RGB2,22 ILL-101 R7,2023-12-27 13:38:20,0,4,4,2023-12-27_RgbImage_2023-12-27_13-38-19.png,Poplar_22 ILL-101 R7,0.9293079353897278,0.8983228811994195
Poplar,RGB2,22 ILL-101 R7,2023-12-19 13:39:21,0,4,4,2023-12-19_RgbImage_2023-12-19_13-39-21.png,Poplar_22 ILL-101 R7,0.8650237501795367,0.9089670358225703
Poplar,RGB1,42_BESC-4-C_R6_I APPL 435,2023-09-18 08:13:05,0,4,4,2023-09-18_RgbImage_2023-09-18_08-13-04.png,Poplar_42_BESC-4-C_R6_I APPL 435,0.968525517340842,1.918561509810388
Poplar,RGB2,42_BESC-4-C_R6_I APPL 435,2023-09-18 08:12:21,0,4,4,2023-09-18_RgbImage_2023-09-18_08-12-20.png,Poplar_42_BESC-4-C_R6_I APPL 435,0.9899923188852157,0.881394584197551
Poplar,RGB1,74_WT717+Na_R2_I APPL 28,2023-09-15 14:52:10,1,0,0,2023-09-15_RgbImage_2023-09-15_14-52-10.png,Poplar_74_WT717+Na_R2_I APPL 28,0.979719768274381,1.944532292895019
Poplar,RGB1,74_WT717+Na_R2_I APPL 28,2023-09-20 10:50:28,1,0,0,2023-09-20_RgbImage_2023-09-20_10-50-28.png,Poplar_74_WT717+Na_R2_I APPL 28,0.9813839123091852,1.9223754396662116
Poplar,RGB2,74_WT717+Na_R2_I APPL 28,2023-09-15 14:51:40,1,0,0,2023-09-15_RgbImage_2023-09-15_14-51-40.png,Poplar_74_WT717+Na_R2_I APPL 28,0.9935556435621558,0.9799877949990332
Poplar,RGB2,74_WT717+Na_R2_I APPL 28,2023-09-20 10:49:59,1,0,0,2023-09-20_RgbImage_2023-09-20_10-49-58.png,Poplar_74_WT717+Na_R2_I APPL 28,0.9934857637545585,0.9339744877070189
Poplar,RGB1,BESC-407,2024-04-13 12:17:53,1,0,0,2024-04-13_RgbImage_2024-04-13_12-17-53.png,Poplar_BESC-407,0.9770106355647727,1.958182160742581
Poplar,RGB2,BESC-407,2024-04-13 12:17:13,1,0,0,2024-04-13_RgbImage_2024-04-13_12-17-12.png,Poplar_BESC-407,0.9835503083622199,0.9108402682468295
Poplar,RGB1,GW-2045,2024-04-17 07:45:31,1,0,0,2024-04-17_RgbImage_2024-04-17_07-45-31.png,Poplar_GW-2045,0.9806532053237245,2.087915980257094
Poplar,RGB2,GW-2045,2024-04-17 07:44:55,1,0,0,2024-04-17_RgbImage_2024-04-17_07-44-54.png,Poplar_GW-2045,0.992541842964762,0.9006788562983274
Poplar,RGB1,22_GW-9914-C_R4_I APPL 197,2023-10-06 16:06:44,1,0,1,2023-10-6_RgbImage_2023-10-06_16-06-44.png,Poplar_22_GW-9914-C_R4_I APPL 197,0.9769976836503954,1.9444661983288825
Poplar,RGB2,22_GW-9914-C_R4_I APPL 197,2023-10-06 16:06:09,1,0,1,2023-10-6_RgbImage_2023-10-06_16-06-08.png,Poplar_22_GW-9914-C_R4_I APPL 197,0.9910231772719742,0.8995883138850331
Poplar,RGB1,BESC-394,2024-04-07 10:55:21,1,0,1,2024-04-7_RgbImage_2024-04-07_10-55-21.png,Poplar_BESC-394,0.9765462385822733,1.932901351712644
Poplar,RGB2,BESC-394,2024-04-07 10:54:43,1,0,1,2024-04-7_RgbImage_2024-04-07_10-54-43.png,Poplar_BESC-394,0.9926613495426126,0.8766680378466845
Poplar,RGB1,BESC-813,2024-04-14 14:41:17,1,0,1,2024-04-14_RgbImage_2024-04-14_14-41-16.png,Poplar_BESC-813,0.9861630557603093,1.9346934910863638
Poplar,RGB2,BESC-813,2024-04-14 14:40:40,1,0,1,2024-04-14_RgbImage_2024-04-14_14-40-39.png,Poplar_BESC-813,0.9917180733982464,0.8845849270001054
Poplar,RGB1,GW-9845,2024-04-11 16:09:56,1,0,1,2024-04-11_RgbImage_2024-04-11_16-09-56.png,Poplar_GW-9845,0.975467457047876,1.9231918137520552
Poplar,RGB2,GW-9845,2024-04-11 16:09:16,1,0,1,2024-04-11_RgbImage_2024-04-11_16-09-16.png,Poplar_GW-9845,0.9912305372358851,0.909016921184957
Poplar,RGB1,278_BESC-304_1,2024-05-26 14:23:50,1,0,2,2024-05-26_RgbImage_2024-05-26_14-23-50.png,Poplar_278_BESC-304_1,0.9671747586593955,1.9203271982260048
Poplar,RGB2,278_BESC-304_1,2024-05-26 14:23:11,1,0,2,2024-05-26_RgbImage_2024-05-26_14-23-10.png,Poplar_278_BESC-304_1,0.9834284069516271,0.9114656900055707
Poplar,RGB1,56_BESC 371_R6_PM,2024-05-07 18:56:19,1,0,2,2024-05-7_RgbImage_2024-05-07_18-56-19.png,Poplar_56_BESC 371_R6_PM,0.9791207603122244,1.9065467142499983
Poplar,RGB2,56_BESC 371_R6_PM,2024-05-07 18:55:41,1,0,2,2024-05-7_RgbImage_2024-05-07_18-55-41.png,Poplar_56_BESC 371_R6_PM,0.9849220617117743,0.8997445101849735
Poplar,RGB1,9_GW-9588+K_R3_IV APPL 102,2023-09-27 09:58:25,1,0,2,2023-09-27_RgbImage_2023-09-27_09-58-25.png,Poplar_9_GW-9588+K_R3_IV APPL 102,0.9741112109913818,1.9144449857994914
Poplar,RGB2,9_GW-9588+K_R3_IV APPL 102,2023-09-27 09:57:46,1,0,2,2023-09-27_RgbImage_2023-09-27_09-57-45.png,Poplar_9_GW-9588+K_R3_IV APPL 102,0.987986571941613,0.8942924411967397
Poplar,RGB1,11_GW-9588+K_R5_IV APPL 104,2023-10-02 13:56:27,1,0,3,2023-10-2_RgbImage_2023-10-02_13-56-27.png,Poplar_11_GW-9588+K_R5_IV APPL 104,0.9823446647707965,1.89395957486704
Poplar,RGB2,11_GW-9588+K_R5_IV APPL 104,2023-10-02 13:55:50,1,0,3,2023-10-2_RgbImage_2023-10-02_13-55-49.png,Poplar_11_GW-9588+K_R5_IV APPL 104,0.9921574219307053,0.8942406019195914
Poplar,RGB1,1_GW-9588-C_R1_I APPL 398,2023-10-02 15:06:46,1,0,3,2023-10-2_RgbImage_2023-10-02_15-06-45.png,Poplar_1_GW-9588-C_R1_I APPL 398,0.9844091581469107,1.9104361170902848
Poplar,RGB2,1_GW-9588-C_R1_I APPL 398,2023-10-02 15:06:08,1,0,3,2023-10-2_RgbImage_2023-10-02_15-06-07.png,Poplar_1_GW-9588-C_R1_I APPL 398,0.9928254103375855,0.8899741657078266
Poplar,RGB1,67_YALE-27-3+Na_R1_I APPL 189,2023-10-06 07:02:06,1,0,3,2023-10-6_RgbImage_2023-10-06_07-02-06.png,Poplar_67_YALE-27-3+Na_R1_I APPL 189,0.9845712471682475,1.9111126968637109
Poplar,RGB2,67_YALE-27-3+Na_R1_I APPL 189,2023-10-06 07:01:31,1,0,3,2023-10-6_RgbImage_2023-10-06_07-01-31.png,Poplar_67_YALE-27-3+Na_R1_I APPL 189,0.993039709106968,0.9194391258060932
Poplar,RGB1,98_#1428_R1_PM,2024-05-13 08:52:29,1,0,3,2024-05-13_RgbImage_2024-05-13_08-52-28.png,Poplar_98_#1428_R1_PM,0.9900115284290603,1.9065836840309203
Poplar,RGB2,98_#1428_R1_PM,2024-05-13 08:51:51,1,0,3,2024-05-13_RgbImage_2024-05-13_08-51-51.png,Poplar_98_#1428_R1_PM,0.996402261213235,0.9196652737446129
Poplar,RGB1,23 93-968 R7,2023-10-29 15:31:15,1,0,4,2023-10-29_RgbImage_2023-10-29_15-31-14.png,Poplar_23 93-968 R7,0.9873390280542318,1.925467467866838
Poplar,RGB2,23 93-968 R7,2023-10-29 15:30:36,1,0,4,2023-10-29_RgbImage_2023-10-29_15-30-35.png,Poplar_23 93-968 R7,0.9815852479396132,0.8916086861863732
Poplar,RGB1,51_BESC-4+Na_R3_I APPL 391,2023-10-02 14:24:35,1,0,4,2023-10-2_RgbImage_2023-10-02_14-24-35.png,Poplar_51_BESC-4+Na_R3_I APPL 391,0.985521106074668,1.890405646059662
Poplar,RGB2,51_BESC-4+Na_R3_I APPL 391,2023-10-02 14:24:00,1,0,4,2023-10-2_RgbImage_2023-10-02_14-24-00.png,Poplar_51_BESC-4+Na_R3_I APPL 391,0.9924940061128553,0.9163072649389505
Poplar,RGB1,84_ILL-101_R2_PM,2024-05-13 07:11:30,1,0,4,2024-05-13_RgbImage_2024-05-13_07-11-30.png,Poplar_84_ILL-101_R2_PM,0.9928290817787834,1.9384901700541377
Poplar,RGB2,84_ILL-101_R2_PM,2024-05-13 07:10:51,1,0,4,2024-05-13_RgbImage_2024-05-13_07-10-50.png,Poplar_84_ILL-101_R2_PM,0.9911753127766367,0.8904904718510807
Poplar,RGB1,GW-2402,2024-04-18 15:35:10,1,1,0,2024-04-18_RgbImage_2024-04-18_15-35-09.png,Poplar_GW-2402,0.9598518610704886,1.902401396073401
Poplar,RGB2,GW-2402,2024-04-18 15:34:31,1,1,0,2024-04-18_RgbImage_2024-04-18_15-34-30.png,Poplar_GW-2402,0.9900575391663111,0.913797730114311
Poplar,RGB1,GW-4606,2024-04-16 10:51:10,1,1,0,2024-04-16_RgbImage_2024-04-16_10-51-10.png,Poplar_GW-4606,0.9785889643605716,1.9091853429563344
Poplar,RGB2,GW-4606,2024-04-16 10:50:34,1,1,0,2024-04-16_RgbImage_2024-04-16_10-50-33.png,Poplar_GW-4606,0.993086966763179,0.9086398184299469
Poplar,RGB1,GW-9810,2024-04-19 10:14:35,1,1,0,2024-04-19_RgbImage_2024-04-19_10-14-35.png,Poplar_GW-9810,0.9602040141400311,2.0444527748040855
Poplar,RGB2,GW-9810,2024-04-19 10:13:54,1,1,0,2024-04-19_RgbImage_2024-04-19_10-13-53.png,Poplar_GW-9810,0.9768196498245151,0.8845505313947797
Poplar,RGB1,GW-9884,2024-04-21 15:06:06,1,1,0,2024-04-21_RgbImage_2024-04-21_15-06-06.png,Poplar_GW-9884,0.9674121711464699,1.910720847081393
Poplar,RGB2,GW-9884,2024-04-21 15:05:28,1,1,0,2024-04-21_RgbImage_2024-04-21_15-05-28.png,Poplar_GW-9884,0.9885233072473728,0.903679960872978
Poplar,RGB1,15_BESC 375_R2_FS,2024-05-06 18:46:51,1,1,1,2024-05-6_RgbImage_2024-05-06_18-46-50.png,Poplar_15_BESC 375_R2_FS,0.9706661585643143,1.9401144799776375
Poplar,RGB2,15_BESC 375_R2_FS,2024-05-06 18:46:12,1,1,1,2024-05-6_RgbImage_2024-05-06_18-46-11.png,Poplar_15_BESC 375_R2_FS,0.9817770631389301,0.8797261607833207
Poplar,RGB1,350_KLNE-20-4_6,2024-05-27 11:32:50,1,1,1,2024-05-27_RgbImage_2024-05-27_11-32-49.png,Poplar_350_KLNE-20-4_6,0.9470553797864183,1.9479547571390867
Poplar,RGB2,350_KLNE-20-4_6,2024-05-27 11:32:09,1,1,1,2024-05-27_RgbImage_2024-05-27_11-32-09.png,Poplar_350_KLNE-20-4_6,0.9849075398891308,0.8840335849672556
Poplar,RGB1,352_BESC-1166_8,2024-06-13 11:34:52,1,1,1,2024-06-13_RgbImage_2024-06-13_11-34-52.png,Poplar_352_BESC-1166_8,0.969439572843718,1.9405309888534248
Poplar,RGB2,352_BESC-1166_8,2024-06-13 11:34:15,1,1,1,2024-06-13_RgbImage_2024-06-13_11-34-15.png,Poplar_352_BESC-1166_8,0.9763663440801471,0.9094918989576399
Poplar,RGB1,304_BESC-44_4,2024-06-07 10:36:27,1,1,2,2024-06-7_RgbImage_2024-06-07_10-36-27.png,Poplar_304_BESC-44_4,0.9774569433863645,1.9525038758292794
Poplar,RGB2,304_BESC-44_4,2024-06-07 10:35:50,1,1,2,2024-06-7_RgbImage_2024-06-07_10-35-49.png,Poplar_304_BESC-44_4,0.9902876871814541,0.8956239288672805
Poplar,RGB1,BESC-237,2024-04-07 15:15:34,1,1,2,2024-04-7_RgbImage_2024-04-07_15-15-33.png,Poplar_BESC-237,0.9839869618553865,1.950505989138037
Poplar,RGB2,BESC-237,2024-04-07 15:14:55,1,1,2,2024-04-7_RgbImage_2024-04-07_15-14-55.png,Poplar_BESC-237,0.987274302922984,0.9042105530388653
Poplar,RGB1,GW-9811,2024-04-03 12:46:00,1,1,2,2024-04-3_RgbImage_2024-04-03_12-45-59.png,Poplar_GW-9811,0.9845921224256073,1.9077208042144775
Poplar,RGB2,GW-9811,2024-04-03 12:45:22,1,1,2,2024-04-3_RgbImage_2024-04-03_12-45-21.png,Poplar_GW-9811,0.9921143833382713,0.9193996423855424
Poplar,RGB1,67_YALE-27-3+Na_R1_I APPL 189,2023-09-27 07:02:20,1,1,3,2023-09-27_RgbImage_2023-09-27_07-02-20.png,Poplar_67_YALE-27-3+Na_R1_I APPL 189,0.9812922372140217,1.9190648631192744
Poplar,RGB2,67_YALE-27-3+Na_R1_I APPL 189,2023-09-27 07:01:42,1,1,3,2023-09-27_RgbImage_2023-09-27_07-01-41.png,Poplar_67_YALE-27-3+Na_R1_I APPL 189,0.9907081635271476,0.9100563661195338
Poplar,RGB1,BESC-394,2024-04-02 14:41:05,1,1,3,2024-04-2_RgbImage_2024-04-02_14-41-05.png,Poplar_BESC-394,0.9837754140299213,1.9091914747841656
Poplar,RGB2,BESC-394,2024-04-02 14:40:27,1,1,3,2024-04-2_RgbImage_2024-04-02_14-40-26.png,Poplar_BESC-394,0.988749152740788,0.8829596838913858
Poplar,RGB1,20_D-124_R6_PM,2024-05-10 18:46:02,1,1,4,2024-05-10_RgbImage_2024-05-10_18-46-02.png,Poplar_20_D-124_R6_PM,0.990001220436042,1.9191075637936592
Poplar,RGB2,20_D-124_R6_PM,2024-05-10 18:45:24,1,1,4,2024-05-10_RgbImage_2024-05-10_18-45-23.png,Poplar_20_D-124_R6_PM,0.9842116380476085,0.8947338461875916
Poplar,RGB1,89_D-124_R1_PM,2024-05-03 07:48:27,1,1,4,2024-05-3_RgbImage_2024-05-03_07-48-27.png,Poplar_89_D-124_R1_PM,0.9849289135804872,1.925323095638305
Poplar,RGB2,89_D-124_R1_PM,2024-05-03 07:47:47,1,1,4,2024-05-3_RgbImage_2024-05-03_07-47-46.png,Poplar_89_D-124_R1_PM,0.9814499539283547,0.9622246916405857
Poplar,RGB1,GW-6952,2024-04-06 16:22:07,1,1,4,2024-04-6_RgbImage_2024-04-06_16-22-07.png,Poplar_GW-6952,0.9837985771657703,1.9607221763581038
Poplar,RGB2,GW-6952,2024-04-06 16:21:28,1,1,4,2024-04-6_RgbImage_2024-04-06_16-21-28.png,Poplar_GW-6952,0.9881275551921619,0.8843209980987012
Poplar,RGB1,15 CMBF_28-5 R6,2023-10-28 17:10:52,1,2,0,2023-10-28_RgbImage_2023-10-28_17-10-51.png,Poplar_15 CMBF_28-5 R6,0.9764502853520305,1.9060125551186502
Poplar,RGB2,15 CMBF_28-5 R6,2023-10-28 17:10:11,1,2,0,2023-10-28_RgbImage_2023-10-28_17-10-11.png,Poplar_15 CMBF_28-5 R6,0.9922827987336852,0.9035223629325628
Poplar,RGB1,46_BESC 394_R2_FS,2024-05-10 12:15:56,1,2,0,2024-05-10_RgbImage_2024-05-10_12-15-56.png,Poplar_46_BESC 394_R2_FS,0.9662681385552391,1.9256403963081539
Poplar,RGB2,46_BESC 394_R2_FS,2024-05-10 12:15:18,1,2,0,2024-05-10_RgbImage_2024-05-10_12-15-17.png,Poplar_46_BESC 394_R2_FS,0.9877292975229809,0.9031130094081163
Poplar,RGB1,BESC-159,2024-04-12 07:38:50,1,2,0,2024-04-12_RgbImage_2024-04-12_07-38-50.png,Poplar_BESC-159,0.962131958229659,1.9862879030406475
Poplar,RGB2,BESC-159,2024-04-12 07:38:13,1,2,0,2024-04-12_RgbImage_2024-04-12_07-38-12.png,Poplar_BESC-159,0.9870139569769891,0.8837522040121257
Poplar,RGB1,GLCB-26-1,2024-04-19 20:45:20,1,2,0,2024-04-19_RgbImage_2024-04-19_20-45-19.png,Poplar_GLCB-26-1,0.9511234704021054,1.9282311438582838
Poplar,RGB2,GLCB-26-1,2024-04-19 20:44:41,1,2,0,2024-04-19_RgbImage_2024-04-19_20-44-40.png,Poplar_GLCB-26-1,0.9835185095518356,0.9239126238971949
Poplar,RGB1,31 Nisq-1 R8,2023-11-05 12:55:56,1,2,1,2023-11-5_RgbImage_2023-11-05_12-55-55.png,Poplar_31 Nisq-1 R8,0.9713770948123283,1.882963817100972
Poplar,RGB2,31 Nisq-1 R8,2023-11-05 12:55:20,1,2,1,2023-11-5_RgbImage_2023-11-05_12-55-20.png,Poplar_31 Nisq-1 R8,0.9898777942020693,0.8856457029469311
Poplar,RGB1,348_BESC-1231_5,2024-06-05 10:06:41,1,2,2,2024-06-5_RgbImage_2024-06-05_10-06-41.png,Poplar_348_BESC-1231_5,0.979135033619871,1.9292061077430844
Poplar,RGB2,348_BESC-1231_5,2024-06-05 10:06:03,1,2,2,2024-06-5_RgbImage_2024-06-05_10-06-03.png,Poplar_348_BESC-1231_5,0.994308681829381,0.8898603818379343
Poplar,RGB1,GW-7980,2024-04-11 07:17:36,1,2,2,2024-04-11_RgbImage_2024-04-11_07-17-35.png,Poplar_GW-7980,0.9826972770483164,1.9117314391769469
Poplar,RGB2,GW-7980,2024-04-11 07:16:59,1,2,2,2024-04-11_RgbImage_2024-04-11_07-16-59.png,Poplar_GW-7980,0.9948609507380277,0.8990239971317351
Poplar,RGB1,GW-9967,2024-04-12 12:34:27,1,2,2,2024-04-12_RgbImage_2024-04-12_12-34-26.png,Poplar_GW-9967,0.9726813344566677,1.908718641847372
Poplar,RGB2,GW-9967,2024-04-12 12:33:50,1,2,2,2024-04-12_RgbImage_2024-04-12_12-33-49.png,Poplar_GW-9967,0.990412948881739,0.8932266859337687
Poplar,RGB1,54 52-225 R4,2023-11-05 11:35:17,1,2,3,2023-11-5_RgbImage_2023-11-05_11-35-16.png,Poplar_54 52-225 R4,0.9659216337713792,1.942594080697745
Poplar,RGB2,54 52-225 R4,2023-11-05 11:34:38,1,2,3,2023-11-5_RgbImage_2023-11-05_11-34-37.png,Poplar_54 52-225 R4,0.9891090604388965,0.8849258120171726
Poplar,RGB1,55_YALE-27-3-C_R1_I APPL 489,2023-09-25 12:01:25,1,2,3,2023-09-25_RgbImage_2023-09-25_12-01-25.png,Poplar_55_YALE-27-3-C_R1_I APPL 489,0.9813617227075918,1.940912030171603
Poplar,RGB2,55_YALE-27-3-C_R1_I APPL 489,2023-09-25 12:00:46,1,2,3,2023-09-25_RgbImage_2023-09-25_12-00-45.png,Poplar_55_YALE-27-3-C_R1_I APPL 489,0.9919033549861591,0.9138244111090899
Poplar,RGB1,BESC-1099,2024-04-05 19:48:29,1,2,4,2024-04-5_RgbImage_2024-04-05_19-48-28.png,Poplar_BESC-1099,0.971010145467981,1.9437601151876152
Poplar,RGB2,BESC-1099,2024-04-05 19:47:48,1,2,4,2024-04-5_RgbImage_2024-04-05_19-47-47.png,Poplar_BESC-1099,0.9910722888764207,0.8875431311316788
Poplar,RGB1,CHWH-27-3,2024-04-01 15:06:12,1,2,4,2024-04-1_RgbImage_2024-04-01_15-06-12.png,Poplar_CHWH-27-3,0.9746441838140818,2.0924013732001185
Poplar,RGB2,CHWH-27-3,2024-04-01 15:05:34,1,2,4,2024-04-1_RgbImage_2024-04-01_15-05-33.png,Poplar_CHWH-27-3,0.9858264711128034,0.9064652770757675
Poplar,RGB1,182_BESC-1096_5,2024-06-26 15:41:17,1,3,0,2024-06-26_RgbImage_2024-06-26_15-41-16.png,Poplar_182_BESC-1096_5,0.9689521258788601,1.9112708480097353
Poplar,RGB2,182_BESC-1096_5,2024-06-26 15:40:39,1,3,0,2024-06-26_RgbImage_2024-06-26_15-40-38.png,Poplar_182_BESC-1096_5,0.9798750075635293,0.9065597858279943
Poplar,RGB1,379_BESC-1143_1,2024-06-08 11:14:52,1,3,0,2024-06-8_RgbImage_2024-06-08_11-14-51.png,Poplar_379_BESC-1143_1,0.9711068921631737,1.9116724682971835
Poplar,RGB2,379_BESC-1143_1,2024-06-08 11:14:13,1,3,0,2024-06-8_RgbImage_2024-06-08_11-14-13.png,Poplar_379_BESC-1143_1,0.9666799749045134,0.8980038990266621
Poplar,RGB1,BESC-1158_34_9,2024-04-21 15:20:35,1,3,0,2024-04-21_RgbImage_2024-04-21_15-20-34.png,Poplar_BESC-1158_34_9,0.9765019872256075,1.9192221411503851
Poplar,RGB2,BESC-1158_34_9,2024-04-21 15:19:53,1,3,0,2024-04-21_RgbImage_2024-04-21_15-19-52.png,Poplar_BESC-1158_34_9,0.9866439819577537,0.8991496758535504
Poplar,RGB1,BESC-192,2024-04-10 18:41:43,1,3,0,2024-04-10_RgbImage_2024-04-10_18-41-42.png,Poplar_BESC-192,0.9402307757984867,1.9359434470534325
Poplar,RGB2,BESC-192,2024-04-10 18:41:01,1,3,0,2024-04-10_RgbImage_2024-04-10_18-41-01.png,Poplar_BESC-192,0.9672269071985545,0.9135178113356233
Poplar,RGB1,114_BESC-354_6,2024-05-26 19:13:43,1,3,1,2024-05-26_RgbImage_2024-05-26_19-13-43.png,Poplar_114_BESC-354_6,0.973992013135815,1.9140448328107595
Poplar,RGB2,114_BESC-354_6,2024-05-26 19:13:07,1,3,1,2024-05-26_RgbImage_2024-05-26_19-13-06.png,Poplar_114_BESC-354_6,0.9924963882418916,0.8913289387710392
Poplar,RGB1,BESC-819,2024-04-05 10:18:27,1,3,1,2024-04-5_RgbImage_2024-04-05_10-18-27.png,Poplar_BESC-819,0.9508602399998962,1.9128076336346567
Poplar,RGB2,BESC-819,2024-04-05 10:17:47,1,3,1,2024-04-5_RgbImage_2024-04-05_10-17-47.png,Poplar_BESC-819,0.9881894150417945,0.8905937098897994
Poplar,RGB1,DEND-17-2,2024-03-30 18:24:27,1,3,1,2024-03-30_RgbImage_2024-03-30_18-24-26.png,Poplar_DEND-17-2,0.9681724318605254,1.8969766409136355
Poplar,RGB2,DEND-17-2,2024-03-30 18:23:50,1,3,1,2024-03-30_RgbImage_2024-03-30_18-23-49.png,Poplar_DEND-17-2,0.9905315704678295,0.8826108151115477
Poplar,RGB1,NHTB-27-4,2024-04-05 20:53:48,1,3,1,2024-04-5_RgbImage_2024-04-05_20-53-47.png,Poplar_NHTB-27-4,0.9633849804986642,1.8846764345653355
Poplar,RGB2,NHTB-27-4,2024-04-05 20:53:10,1,3,1,2024-04-5_RgbImage_2024-04-05_20-53-09.png,Poplar_NHTB-27-4,0.9911377851405114,0.8905826578848064
Poplar,RGB1,436_GW-9762_1,2024-06-21 12:11:31,1,3,2,2024-06-21_RgbImage_2024-06-21_12-11-31.png,Poplar_436_GW-9762_1,0.9721217527903165,1.8746675420552492
Poplar,RGB2,436_GW-9762_1,2024-06-21 12:11:00,1,3,2,2024-06-21_RgbImage_2024-06-21_12-11-00.png,Poplar_436_GW-9762_1,0.981472648104414,0.8834497919306159
Poplar,RGB1,GW-9833,2024-03-29 15:07:40,1,3,2,2024-03-29_RgbImage_2024-03-29_15-07-39.png,Poplar_GW-9833,0.9713686492601746,1.9196999962441623
Poplar,RGB2,GW-9833,2024-03-29 15:06:59,1,3,2,2024-03-29_RgbImage_2024-03-29_15-06-59.png,Poplar_GW-9833,0.9779440503028582,0.885021704249084
Poplar,RGB1,94_BESC 24_R3_FS,2024-05-13 08:23:36,1,3,3,2024-05-13_RgbImage_2024-05-13_08-23-35.png,Poplar_94_BESC 24_R3_FS,0.9639247328626587,1.939731810707599
Poplar,RGB2,94_BESC 24_R3_FS,2024-05-13 08:22:56,1,3,3,2024-05-13_RgbImage_2024-05-13_08-22-56.png,Poplar_94_BESC 24_R3_FS,0.9893104641629271,0.901630035135895
Poplar,RGB1,BESC-394,2024-03-28 12:16:40,1,3,3,2024-03-28_RgbImage_2024-03-28_12-16-40.png,Poplar_BESC-394,0.9645770888389129,2.015893700066954
Poplar,RGB2,BESC-394,2024-03-28 12:16:01,1,3,3,2024-03-28_RgbImage_2024-03-28_12-16-00.png,Poplar_BESC-394,0.9884062684201016,0.9162137401290238
Poplar,RGB1,109_BESC-14_4,2024-06-04 16:58:53,1,3,4,2024-06-4_RgbImage_2024-06-04_16-58-53.png,Poplar_109_BESC-14_4,0.9749963070132535,1.9252053648233414
Poplar,RGB2,109_BESC-14_4,2024-06-04 16:58:13,1,3,4,2024-06-4_RgbImage_2024-06-04_16-58-13.png,Poplar_109_BESC-14_4,0.9822436068204102,0.962528086733073
Poplar,RGB1,361_BESC-321_3,2024-06-04 09:54:32,1,3,4,2024-06-4_RgbImage_2024-06-04_09-54-31.png,Poplar_361_BESC-321_3,0.9781858821928333,1.9546996508724988
Poplar,RGB2,361_BESC-321_3,2024-06-04 09:53:52,1,3,4,2024-06-4_RgbImage_2024-06-04_09-53-51.png,Poplar_361_BESC-321_3,0.9727575593836577,0.8887518472038209
Poplar,RGB1,461_BESC-1143_2,2024-06-04 09:27:08,1,3,4,2024-06-4_RgbImage_2024-06-04_09-27-08.png,Poplar_461_BESC-1143_2,0.9799201396783516,2.0024830950424075
Poplar,RGB2,461_BESC-1143_2,2024-06-04 09:26:27,1,3,4,2024-06-4_RgbImage_2024-06-04_09-26-27.png,Poplar_461_BESC-1143_2,0.9701254828563569,0.9490137142129242
Poplar,RGB1,88_BESC-1043_4,2024-06-01 16:18:11,1,3,4,2024-06-1_RgbImage_2024-06-01_16-18-10.png,Poplar_88_BESC-1043_4,0.9723779148394496,1.9480254808440804
Poplar,RGB2,88_BESC-1043_4,2024-06-01 16:17:31,1,3,4,2024-06-1_RgbImage_2024-06-01_16-17-31.png,Poplar_88_BESC-1043_4,0.9851025089504872,0.9622017699293792
Poplar,RGB1,103_BESC-856_2,2024-05-27 19:14:56,1,4,0,2024-05-27_RgbImage_2024-05-27_19-14-55.png,Poplar_103_BESC-856_2,0.9682484521387499,1.9400340118445456
Poplar,RGB2,103_BESC-856_2,2024-05-27 19:14:15,1,4,0,2024-05-27_RgbImage_2024-05-27_19-14-14.png,Poplar_103_BESC-856_2,0.9791166911518495,0.8830871768295765
Poplar,RGB1,224_BESC-317_5,2024-06-03 15:13:29,1,4,0,2024-06-3_RgbImage_2024-06-03_15-13-29.png,Poplar_224_BESC-317_5,0.9759868815286064,1.9470385247841477
Poplar,RGB2,224_BESC-317_5,2024-06-03 15:12:50,1,4,0,2024-06-3_RgbImage_2024-06-03_15-12-50.png,Poplar_224_BESC-317_5,0.9911087453339879,0.8886284232139587
Poplar,RGB1,BESC-1158_34_9,2024-04-11 14:21:53,1,4,0,2024-04-11_RgbImage_2024-04-11_14-21-52.png,Poplar_BESC-1158_34_9,0.9653131244581811,1.8974304008297622
Poplar,RGB2,BESC-1158_34_9,2024-04-11 14:21:10,1,4,0,2024-04-11_RgbImage_2024-04-11_14-21-10.png,Poplar_BESC-1158_34_9,0.9832931002633414,0.8885734300129116
Poplar,RGB1,BESC-1240_38_2,2024-04-06 16:07:36,1,4,0,2024-04-6_RgbImage_2024-04-06_16-07-35.png,Poplar_BESC-1240_38_2,0.9712398972775664,1.9054394629783928
Poplar,RGB2,BESC-1240_38_2,2024-04-06 16:06:54,1,4,0,2024-04-6_RgbImage_2024-04-06_16-06-53.png,Poplar_BESC-1240_38_2,0.9835664826894459,0.8817155831493437
Poplar,RGB1,17_BESC 394_R3_PM,2024-05-03 18:30:01,1,4,1,2024-05-3_RgbImage_2024-05-03_18-30-01.png,Poplar_17_BESC 394_R3_PM,0.9628076317598062,1.9661406422965229
Poplar,RGB2,17_BESC 394_R3_PM,2024-05-03 18:29:22,1,4,1,2024-05-3_RgbImage_2024-05-03_18-29-21.png,Poplar_17_BESC 394_R3_PM,0.986504389657259,0.8813433791510761
Poplar,RGB1,22_BESC-1126_2,2024-06-08 18:08:40,1,4,1,2024-06-8_RgbImage_2024-06-08_18-08-39.png,Poplar_22_BESC-1126_2,0.9763933084124155,1.9154740460217
Poplar,RGB2,22_BESC-1126_2,2024-06-08 18:08:01,1,4,1,2024-06-8_RgbImage_2024-06-08_18-08-01.png,Poplar_22_BESC-1126_2,0.992484416136411,0.8778122030198574
Poplar,RGB1,391_BESC-1143_3,2024-06-11 07:56:58,1,4,1,2024-06-11_RgbImage_2024-06-11_07-56-58.png,Poplar_391_BESC-1143_3,0.9719436677924241,1.9197134720161557
Poplar,RGB2,391_BESC-1143_3,2024-06-11 07:56:21,1,4,1,2024-06-11_RgbImage_2024-06-11_07-56-20.png,Poplar_391_BESC-1143_3,0.9808670800479922,0.8957161139696836
Poplar,RGB1,424_BESC-117_6,2024-06-05 07:03:12,1,4,1,2024-06-5_RgbImage_2024-06-05_07-03-11.png,Poplar_424_BESC-117_6,0.9708563058459707,1.9172018831595778
Poplar,RGB2,424_BESC-117_6,2024-06-05 07:02:32,1,4,1,2024-06-5_RgbImage_2024-06-05_07-02-32.png,Poplar_424_BESC-117_6,0.9859583819176765,0.8870769701898098
Poplar,RGB1,BESC-1091,2024-04-24 10:13:27,1,4,2,2024-04-24_RgbImage_2024-04-24_10-13-26.png,Poplar_BESC-1091,0.9699867743551663,1.9183153677731752
Poplar,RGB2,BESC-1091,2024-04-24 10:12:47,1,4,2,2024-04-24_RgbImage_2024-04-24_10-12-46.png,Poplar_BESC-1091,0.9781224029740685,0.8861856558360159
Poplar,RGB1,BESC-71,2024-04-02 18:35:21,1,4,2,2024-04-2_RgbImage_2024-04-02_18-35-20.png,Poplar_BESC-71,0.9739852917067534,1.8995293700136244
Poplar,RGB2,BESC-71,2024-04-02 18:34:41,1,4,2,2024-04-2_RgbImage_2024-04-02_18-34-41.png,Poplar_BESC-71,0.9836547729504468,0.9223337606526911
Poplar,RGB1,GW-8611,2024-03-31 18:09:22,1,4,2,2024-03-31_RgbImage_2024-03-31_18-09-22.png,Poplar_GW-8611,0.9718657647999446,1.9129995480179787
Poplar,RGB2,GW-8611,2024-03-31 18:08:42,1,4,2,2024-03-31_RgbImage_2024-03-31_18-08-42.png,Poplar_GW-8611,0.9891712455398204,0.8959896918386221
Poplar,RGB1,GW-9969,2024-03-28 22:05:01,1,4,2,2024-03-28_RgbImage_2024-03-28_22-05-00.png,Poplar_GW-9969,0.9661690712479744,1.9323336742818356
Poplar,RGB2,GW-9969,2024-03-28 22:04:21,1,4,2,2024-03-28_RgbImage_2024-03-28_22-04-21.png,Poplar_GW-9969,0.986890477766421,0.9804408750496805
Poplar,RGB1,232_CHWH-27-4_4,2024-06-06 11:35:38,1,4,3,2024-06-6_RgbImage_2024-06-06_11-35-38.png,Poplar_232_CHWH-27-4_4,0.9729619421690636,1.9217734672129154
Poplar,RGB2,232_CHWH-27-4_4,2024-06-06 11:34:59,1,4,3,2024-06-6_RgbImage_2024-06-06_11-34-58.png,Poplar_232_CHWH-27-4_4,0.9904463676859324,0.8988184100016952
Poplar,RGB1,36_BESC 371_R3_FS,2024-05-03 15:56:51,1,4,3,2024-05-3_RgbImage_2024-05-03_15-56-51.png,Poplar_36_BESC 371_R3_FS,0.9633234908685557,2.0829197792336345
Poplar,RGB2,36_BESC 371_R3_FS,2024-05-03 15:56:12,1,4,3,2024-05-3_RgbImage_2024-05-03_15-56-11.png,Poplar_36_BESC 371_R3_FS,0.9810948545125956,0.8915370828472078
Poplar,RGB1,432_BESC-1166_7,2024-05-27 09:01:42,1,4,3,2024-05-27_RgbImage_2024-05-27_09-01-42.png,Poplar_432_BESC-1166_7,0.9668147859237172,1.9190492969937623
Poplar,RGB2,432_BESC-1166_7,2024-05-27 09:01:02,1,4,3,2024-05-27_RgbImage_2024-05-27_09-01-01.png,Poplar_432_BESC-1166_7,0.973697291425617,0.894017833750695
Poplar,RGB1,58_GW10999_R2_PM,2024-05-03 13:46:03,1,4,3,2024-05-3_RgbImage_2024-05-03_13-46-03.png,Poplar_58_GW10999_R2_PM,0.974217155554534,1.8851881748996675
Poplar,RGB2,58_GW10999_R2_PM,2024-05-03 13:45:25,1,4,3,2024-05-3_RgbImage_2024-05-03_13-45-24.png,Poplar_58_GW10999_R2_PM,0.9887195176421939,0.8830166328698397
Poplar,RGB1,116_BESC-1043_8,2024-05-26 19:27:37,1,4,4,2024-05-26_RgbImage_2024-05-26_19-27-36.png,Poplar_116_BESC-1043_8,0.986626812093484,1.9362132991664112
Poplar,RGB2,116_BESC-1043_8,2024-05-26 19:26:56,1,4,4,2024-05-26_RgbImage_2024-05-26_19-26-56.png,Poplar_116_BESC-1043_8,0.9903699313395389,0.8961206702515483
Poplar,RGB1,370_BESC-1132_7,2024-05-26 12:33:54,1,4,4,2024-05-26_RgbImage_2024-05-26_12-33-53.png,Poplar_370_BESC-1132_7,0.9632283631663621,1.9145864192396402
Poplar,RGB2,370_BESC-1132_7,2024-05-26 12:33:12,1,4,4,2024-05-26_RgbImage_2024-05-26_12-33-11.png,Poplar_370_BESC-1132_7,0.9074463301652272,0.895075332839042
Poplar,RGB1,92_CHX20-KO107+Na_R4_I APPL 351,2023-10-02 16:24:00,2,0,0,2023-10-2_RgbImage_2023-10-02_16-24-00.png,Poplar_92_CHX20-KO107+Na_R4_I APPL 351,0.9821549018812674,1.8876685448922217
Poplar,RGB2,92_CHX20-KO107+Na_R4_I APPL 351,2023-10-02 16:23:31,2,0,0,2023-10-2_RgbImage_2023-10-02_16-23-31.png,Poplar_92_CHX20-KO107+Na_R4_I APPL 351,0.9912406342535037,0.9010428157635033
Poplar,RGB1,74_WT717+Na_R2_I APPL 28,2023-11-10 15:20:20,2,0,1,2023-11-10_RgbImage_2023-11-10_15-20-19.png,Poplar_74_WT717+Na_R2_I APPL 28,0.9900415651163601,1.8940311754122376
Poplar,RGB2,74_WT717+Na_R2_I APPL 28,2023-11-10 15:19:55,2,0,1,2023-11-10_RgbImage_2023-11-10_15-19-55.png,Poplar_74_WT717+Na_R2_I APPL 28,0.9946649721391583,0.8840257721021771
Poplar,RGB1,90_CHX20-KO107+Na_R2_I APPL 392,2023-10-13 14:43:58,2,0,1,2023-10-13_RgbImage_2023-10-13_14-43-57.png,Poplar_90_CHX20-KO107+Na_R2_I APPL 392,0.9893174502333015,1.939197311643511
Poplar,RGB2,90_CHX20-KO107+Na_R2_I APPL 392,2023-10-13 14:43:26,2,0,1,2023-10-13_RgbImage_2023-10-13_14-43-25.png,Poplar_90_CHX20-KO107+Na_R2_I APPL 392,0.9937581975288767,0.8833378809504211
Poplar,RGB1,BESC-12,2024-04-15 17:44:58,2,0,1,2024-04-15_RgbImage_2024-04-15_17-44-58.png,Poplar_BESC-12,0.9835028255576825,1.9451083168387413
Poplar,RGB2,BESC-12,2024-04-15 17:44:25,2,0,1,2024-04-15_RgbImage_2024-04-15_17-44-25.png,Poplar_BESC-12,0.9912486870128927,0.8956461320631206
Poplar,RGB1,25_GW-9914+K_R1_IV APPL 106,2023-10-06 15:17:53,2,0,2,2023-10-6_RgbImage_2023-10-06_15-17-52.png,Poplar_25_GW-9914+K_R1_IV APPL 106,0.9787300403366287,1.9322223742492497
Poplar,RGB2,25_GW-9914+K_R1_IV APPL 106,2023-10-06 15:17:19,2,0,2,2023-10-6_RgbImage_2023-10-06_15-17-19.png,Poplar_25_GW-9914+K_R1_IV APPL 106,0.990193685422838,0.8943363260477781
Poplar,RGB1,35_GW-9914+Na_R5_I APPL 167,2023-10-25 11:39:47,2,0,2,2023-10-25_RgbImage_2023-10-25_11-39-46.png,Poplar_35_GW-9914+Na_R5_I APPL 167,0.9723485494755212,1.8914717962034047
Poplar,RGB2,35_GW-9914+Na_R5_I APPL 167,2023-10-25 11:39:04,2,0,2,2023-10-25_RgbImage_2023-10-25_11-39-03.png,Poplar_35_GW-9914+Na_R5_I APPL 167,0.9902628764407976,0.8874926259741187
Poplar,RGB1,63_YALE-27-3+K_R3_IV APPL 119,2023-10-02 09:08:17,2,0,2,2023-10-2_RgbImage_2023-10-02_09-08-16.png,Poplar_63_YALE-27-3+K_R3_IV APPL 119,0.9811451753115148,1.8993475371971726
Poplar,RGB2,63_YALE-27-3+K_R3_IV APPL 119,2023-10-02 09:07:42,2,0,2,2023-10-2_RgbImage_2023-10-02_09-07-41.png,Poplar_63_YALE-27-3+K_R3_IV APPL 119,0.9918233398316209,0.9324230179190636
Poplar,RGB1,78_CHX20-OE61+Na_R2_I APPL 491,2023-09-15 20:52:54,2,0,2,2023-09-15_RgbImage_2023-09-15_20-52-53.png,Poplar_78_CHX20-OE61+Na_R2_I APPL 491,0.9926152109070934,2.0034254281781614
Poplar,RGB2,78_CHX20-OE61+Na_R2_I APPL 491,2023-09-15 20:52:23,2,0,2,2023-09-15_RgbImage_2023-09-15_20-52-23.png,Poplar_78_CHX20-OE61+Na_R2_I APPL 491,0.9854399643671988,0.9252390647307038
Poplar,RGB1,31_GW-9914+Na_R1_I APPL 225,2023-10-04 14:37:46,2,0,3,2023-10-4_RgbImage_2023-10-04_14-37-46.png,Poplar_31_GW-9914+Na_R1_I APPL 225,0.9791208273424025,1.923287742305547
Poplar,RGB2,31_GW-9914+Na_R1_I APPL 225,2023-10-04 14:37:10,2,0,3,2023-10-4_RgbImage_2023-10-04_14-37-10.png,Poplar_31_GW-9914+Na_R1_I APPL 225,0.9905954486575747,0.8646667590364814
Poplar,RGB1,63 93-968 R8,2023-11-23 10:03:16,2,0,3,2023-11-23_RgbImage_2023-11-23_10-03-16.png,Poplar_63 93-968 R8,0.9850946805218733,1.8977464800700545
Poplar,RGB2,63 93-968 R8,2023-11-23 10:02:42,2,0,3,2023-11-23_RgbImage_2023-11-23_10-02-42.png,Poplar_63 93-968 R8,0.9888751825097406,0.8857013396918774
Poplar,RGB1,1_GW-9588-C_R1_I APPL 398,2023-10-18 19:54:10,2,0,4,2023-10-18_RgbImage_2023-10-18_19-54-09.png,Poplar_1_GW-9588-C_R1_I APPL 398,0.98510468057352,1.9138049017637968
Poplar,RGB2,1_GW-9588-C_R1_I APPL 398,2023-10-18 19:53:38,2,0,4,2023-10-18_RgbImage_2023-10-18_19-53-38.png,Poplar_1_GW-9588-C_R1_I APPL 398,0.9916222452866355,0.8809444159269333
Poplar,RGB1,48_BESC-4+K_R6_IV APPL 116,2023-10-13 11:32:02,2,0,4,2023-10-13_RgbImage_2023-10-13_11-32-02.png,Poplar_48_BESC-4+K_R6_IV APPL 116,0.9803775285399614,1.9030389660038054
Poplar,RGB2,48_BESC-4+K_R6_IV APPL 116,2023-10-13 11:31:31,2,0,4,2023-10-13_RgbImage_2023-10-13_11-31-31.png,Poplar_48_BESC-4+K_R6_IV APPL 116,0.9891069764848928,0.8958512498065829
Poplar,RGB1,49_BESC-4+Na_R1_I APPL 518,2023-10-11 10:22:39,2,0,4,2023-10-11_RgbImage_2023-10-11_10-22-38.png,Poplar_49_BESC-4+Na_R1_I APPL 518,0.9790803196479666,1.8983611720614135
Poplar,RGB2,49_BESC-4+Na_R1_I APPL 518,2023-10-11 10:22:04,2,0,4,2023-10-11_RgbImage_2023-10-11_10-22-04.png,Poplar_49_BESC-4+Na_R1_I APPL 518,0.9924405501459204,0.8892139410600066
Poplar,RGB1,85_CHX20-KO54+Na_R1_I APPL 375,2023-09-16 14:21:02,2,1,0,2023-09-16_RgbImage_2023-09-16_14-21-02.png,Poplar_85_CHX20-KO54+Na_R1_I APPL 375,0.9832089226040337,1.8968182150274515
Poplar,RGB2,85_CHX20-KO54+Na_R1_I APPL 375,2023-09-16 14:20:28,2,1,0,2023-09-16_RgbImage_2023-09-16_14-20-28.png,Poplar_85_CHX20-KO54+Na_R1_I APPL 375,0.9893363527284486,0.9164469111710787
Poplar,RGB1,BESC-6,2024-05-01 08:20:19,2,1,0,2024-05-1_RgbImage_2024-05-01_08-20-18.png,Poplar_BESC-6,0.9814357846486038,1.943864275701344
Poplar,RGB2,BESC-6,2024-05-01 08:19:44,2,1,0,2024-05-1_RgbImage_2024-05-01_08-19-44.png,Poplar_BESC-6,0.9920775053661777,0.8968759491108358
Poplar,RGB1,LILB-26-3,2024-04-11 11:00:28,2,1,0,2024-04-11_RgbImage_2024-04-11_11-00-27.png,Poplar_LILB-26-3,0.9786619168579342,1.9308790247887373
Poplar,RGB2,LILB-26-3,2024-04-11 10:59:51,2,1,0,2024-04-11_RgbImage_2024-04-11_10-59-50.png,Poplar_LILB-26-3,0.9919537361606404,0.8995188754051924
Poplar,RGB1,106_BESC 375_R1_FS,2024-05-24 19:13:23,2,1,1,2024-05-24_RgbImage_2024-05-24_19-13-23.png,Poplar_106_BESC 375_R1_FS,0.9782263046399416,1.9170942311175168
Poplar,RGB2,106_BESC 375_R1_FS,2024-05-24 19:12:49,2,1,1,2024-05-24_RgbImage_2024-05-24_19-12-48.png,Poplar_106_BESC 375_R1_FS,0.9851514956792137,0.8921459950506687
Poplar,RGB1,80_CHX20-OE61+Na_R4_I APPL 497,2023-09-16 07:44:11,2,1,1,2023-09-16_RgbImage_2023-09-16_07-44-11.png,Poplar_80_CHX20-OE61+Na_R4_I APPL 497,0.9837847610967895,1.88674081210047
Poplar,RGB2,80_CHX20-OE61+Na_R4_I APPL 497,2023-09-16 07:43:41,2,1,1,2023-09-16_RgbImage_2023-09-16_07-43-40.png,Poplar_80_CHX20-OE61+Na_R4_I APPL 497,0.9845964625129644,0.8911251360550523
Poplar,RGB1,GW-9781,2024-04-22 12:08:47,2,1,1,2024-04-22_RgbImage_2024-04-22_12-08-46.png,Poplar_GW-9781,0.9868666055444862,1.9303738097660244
Poplar,RGB2,GW-9781,2024-04-22 12:08:10,2,1,1,2024-04-22_RgbImage_2024-04-22_12-08-10.png,Poplar_GW-9781,0.9912033648060199,0.8830751851201057
Poplar,RGB1,157_KLND-20-1_6,2024-05-28 19:41:39,2,1,2,2024-05-28_RgbImage_2024-05-28_19-41-38.png,Poplar_157_KLND-20-1_6,0.9721206711937564,1.9400047799572349
Poplar,RGB2,157_KLND-20-1_6,2024-05-28 19:41:05,2,1,2,2024-05-28_RgbImage_2024-05-28_19-41-04.png,Poplar_157_KLND-20-1_6,0.988357415502456,0.9594071470201015
Poplar,RGB1,BESC-361_16_11,2024-04-10 09:54:44,2,1,2,2024-04-10_RgbImage_2024-04-10_09-54-43.png,Poplar_BESC-361_16_11,0.9788024989975828,1.9067637198604643
Poplar,RGB2,BESC-361_16_11,2024-04-10 09:54:07,2,1,2,2024-04-10_RgbImage_2024-04-10_09-54-06.png,Poplar_BESC-361_16_11,0.989997318144675,0.9857835178263485
Poplar,RGB1,BESC-74,2024-04-24 11:24:15,2,1,3,2024-04-24_RgbImage_2024-04-24_11-24-14.png,Poplar_BESC-74,0.990000807471811,1.980107573326677
Poplar,RGB2,BESC-74,2024-04-24 11:23:39,2,1,3,2024-04-24_RgbImage_2024-04-24_11-23-38.png,Poplar_BESC-74,0.9935180347880854,0.8789308588020504
Poplar,RGB1,GW-9763,2024-04-11 12:26:29,2,1,3,2024-04-11_RgbImage_2024-04-11_12-26-28.png,Poplar_GW-9763,0.9847526801961735,1.8921984010376036
Poplar,RGB2,GW-9763,2024-04-11 12:25:53,2,1,3,2024-04-11_RgbImage_2024-04-11_12-25-53.png,Poplar_GW-9763,0.9866769813711941,0.8699992620386183
Poplar,RGB1,208_BESC-1145_5,2024-06-27 17:13:41,2,1,4,2024-06-27_RgbImage_2024-06-27_17-13-40.png,Poplar_208_BESC-1145_5,0.9893250654153362,2.0692431828938425
Poplar,RGB2,208_BESC-1145_5,2024-06-27 17:13:03,2,1,4,2024-06-27_RgbImage_2024-06-27_17-13-03.png,Poplar_208_BESC-1145_5,0.9918146167421275,0.8937115967273712
Poplar,RGB1,41_BESC-4-C_R5_I APPL 219,2023-10-06 15:10:56,2,1,4,2023-10-6_RgbImage_2023-10-06_15-10-56.png,Poplar_41_BESC-4-C_R5_I APPL 219,0.9849217553861437,2.0514049269258976
Poplar,RGB2,41_BESC-4-C_R5_I APPL 219,2023-10-06 15:10:20,2,1,4,2023-10-6_RgbImage_2023-10-06_15-10-20.png,Poplar_41_BESC-4-C_R5_I APPL 219,0.9921731126539409,0.8825561539269984
Poplar,RGB1,71_YALE-27-3+Na_R5_I APPL 485,2023-10-13 10:57:17,2,1,4,2023-10-13_RgbImage_2023-10-13_10-57-16.png,Poplar_71_YALE-27-3+Na_R5_I APPL 485,0.9787867555602705,1.9549326240085065
Poplar,RGB2,71_YALE-27-3+Na_R5_I APPL 485,2023-10-13 10:56:46,2,1,4,2023-10-13_RgbImage_2023-10-13_10-56-45.png,Poplar_71_YALE-27-3+Na_R5_I APPL 485,0.9881207194814938,0.8782455842010677
Poplar,RGB1,155_BESC-304_7,2024-06-22 15:10:25,2,2,0,2024-06-22_RgbImage_2024-06-22_15-10-25.png,Poplar_155_BESC-304_7,0.9749806516783829,2.1227709390223026
Poplar,RGB2,155_BESC-304_7,2024-06-22 15:10:00,2,2,0,2024-06-22_RgbImage_2024-06-22_15-09-59.png,Poplar_155_BESC-304_7,0.9800901282515936,0.8771416158415377
Poplar,RGB1,BESC-1174,2024-04-15 12:08:48,2,2,0,2024-04-15_RgbImage_2024-04-15_12-08-48.png,Poplar_BESC-1174,0.9837594687143386,1.93596700578928
Poplar,RGB2,BESC-1174,2024-04-15 12:08:16,2,2,0,2024-04-15_RgbImage_2024-04-15_12-08-16.png,Poplar_BESC-1174,0.9937577480423379,0.9257961581461132
Poplar,RGB1,24_GW10999_R4_FS,2024-05-20 14:18:52,2,2,1,2024-05-20_RgbImage_2024-05-20_14-18-51.png,Poplar_24_GW10999_R4_FS,0.9714459811192655,2.039409104734659
Poplar,RGB2,24_GW10999_R4_FS,2024-05-20 14:18:20,2,2,1,2024-05-20_RgbImage_2024-05-20_14-18-20.png,Poplar_24_GW10999_R4_FS,0.991928157875932,0.9927088008262217
Poplar,RGB1,286_BESC-1098_4,2024-06-12 15:48:09,2,2,1,2024-06-12_RgbImage_2024-06-12_15-48-09.png,Poplar_286_BESC-1098_4,0.9780875823061084,1.9425763017497957
Poplar,RGB2,286_BESC-1098_4,2024-06-12 15:47:33,2,2,1,2024-06-12_RgbImage_2024-06-12_15-47-33.png,Poplar_286_BESC-1098_4,0.9901626087452285,0.8866256778128445
Poplar,RGB1,348_BESC-1231_5,2024-06-21 13:07:32,2,2,1,2024-06-21_RgbImage_2024-06-21_13-07-32.png,Poplar_348_BESC-1231_5,0.9797262314266643,1.968063069973141
Poplar,RGB2,348_BESC-1231_5,2024-06-21 13:07:04,2,2,1,2024-06-21_RgbImage_2024-06-21_13-07-04.png,Poplar_348_BESC-1231_5,0.9943831746459535,0.9679182497784495
Poplar,RGB1,BESC-853,2024-04-16 12:52:19,2,2,1,2024-04-16_RgbImage_2024-04-16_12-52-19.png,Poplar_BESC-853,0.9769830602954669,1.9746466376818717
Poplar,RGB2,BESC-853,2024-04-16 12:51:42,2,2,1,2024-04-16_RgbImage_2024-04-16_12-51-41.png,Poplar_BESC-853,0.9900837799129238,0.9020387600176036
Poplar,RGB1,140_BESC-44_8,2024-06-03 17:30:35,2,2,2,2024-06-3_RgbImage_2024-06-03_17-30-35.png,Poplar_140_BESC-44_8,0.9710790751657385,2.006477039773017
Poplar,RGB2,140_BESC-44_8,2024-06-03 17:29:58,2,2,2,2024-06-3_RgbImage_2024-06-03_17-29-58.png,Poplar_140_BESC-44_8,0.9871801330747284,0.9010172579437494
Poplar,RGB1,151_GW-9806_6,2024-05-28 18:39:52,2,2,2,2024-05-28_RgbImage_2024-05-28_18-39-51.png,Poplar_151_GW-9806_6,0.9741172125635644,1.9137877407483757
Poplar,RGB2,151_GW-9806_6,2024-05-28 18:39:15,2,2,2,2024-05-28_RgbImage_2024-05-28_18-39-14.png,Poplar_151_GW-9806_6,0.9910683541804279,0.9651860436424613
Poplar,RGB1,193_GW-10986_5,2024-06-27 15:34:04,2,2,2,2024-06-27_RgbImage_2024-06-27_15-34-03.png,Poplar_193_GW-10986_5,0.9813999078654184,1.997260705102235
Poplar,RGB2,193_GW-10986_5,2024-06-27 15:33:29,2,2,2,2024-06-27_RgbImage_2024-06-27_15-33-29.png,Poplar_193_GW-10986_5,0.9895829608163084,0.8958908068016171
Poplar,RGB1,BESC-1006,2024-04-28 17:05:21,2,2,2,2024-04-28_RgbImage_2024-04-28_17-05-20.png,Poplar_BESC-1006,0.9805394299911763,1.984369833022356
Poplar,RGB2,BESC-1006,2024-04-28 17:04:44,2,2,2,2024-04-28_RgbImage_2024-04-28_17-04-44.png,Poplar_BESC-1006,0.9915724420170509,0.9703182280063629
Poplar,RGB1,324_BESC-1166_4,2024-06-06 09:46:54,2,2,3,2024-06-6_RgbImage_2024-06-06_09-46-53.png,Poplar_324_BESC-1166_4,0.9671155082269757,1.9184300191700459
Poplar,RGB2,324_BESC-1166_4,2024-06-06 09:46:15,2,2,3,2024-06-6_RgbImage_2024-06-06_09-46-15.png,Poplar_324_BESC-1166_4,0.9854280776243661,1.0076810200698674
Poplar,RGB1,455_BESC-284_2,2024-06-12 10:56:09,2,2,3,2024-06-12_RgbImage_2024-06-12_10-56-08.png,Poplar_455_BESC-284_2,0.984830931865915,1.9459800282493234
Poplar,RGB2,455_BESC-284_2,2024-06-12 10:55:33,2,2,3,2024-06-12_RgbImage_2024-06-12_10-55-32.png,Poplar_455_BESC-284_2,0.9930204807433639,0.8780648023821414
Poplar,RGB1,GW-2551,2024-04-17 08:35:35,2,2,3,2024-04-17_RgbImage_2024-04-17_08-35-34.png,Poplar_GW-2551,0.9867419303420566,1.9485963038168848
Poplar,RGB2,GW-2551,2024-04-17 08:34:58,2,2,3,2024-04-17_RgbImage_2024-04-17_08-34-58.png,Poplar_GW-2551,0.9945789714693242,0.9469009721651673
Poplar,RGB1,344_BESC-1145_4,2024-06-26 09:01:40,2,2,4,2024-06-26_RgbImage_2024-06-26_09-01-39.png,Poplar_344_BESC-1145_4,0.9875182018350551,2.007140154018998
Poplar,RGB2,344_BESC-1145_4,2024-06-26 09:01:04,2,2,4,2024-06-26_RgbImage_2024-06-26_09-01-03.png,Poplar_344_BESC-1145_4,0.9911843556528848,0.8941162112168968
Poplar,RGB1,70_YALE-27-3+Na_R4_I APPL 31,2023-10-11 11:11:08,2,2,4,2023-10-11_RgbImage_2023-10-11_11-11-07.png,Poplar_70_YALE-27-3+Na_R4_I APPL 31,0.9797207072806992,2.028223245870322
Poplar,RGB2,70_YALE-27-3+Na_R4_I APPL 31,2023-10-11 11:10:35,2,2,4,2023-10-11_RgbImage_2023-10-11_11-10-35.png,Poplar_70_YALE-27-3+Na_R4_I APPL 31,0.9885575099133479,0.9797992738895118
Poplar,RGB1,GW-4530,2024-04-23 12:55:57,2,2,4,2024-04-23_RgbImage_2024-04-23_12-55-57.png,Poplar_GW-4530,0.9906762440144079,2.0030187820084393
Poplar,RGB2,GW-4530,2024-04-23 12:55:22,2,2,4,2024-04-23_RgbImage_2024-04-23_12-55-21.png,Poplar_GW-4530,0.9926450578199365,0.95825279597193
Poplar,RGB1,35_BESC 375_R6_PM,2024-05-24 15:34:15,2,3,0,2024-05-24_RgbImage_2024-05-24_15-34-15.png,Poplar_35_BESC 375_R6_PM,0.9672092325139802,1.9773287493735552
Poplar,RGB2,35_BESC 375_R6_PM,2024-05-24 15:33:40,2,3,0,2024-05-24_RgbImage_2024-05-24_15-33-40.png,Poplar_35_BESC 375_R6_PM,0.986047749463497,0.9046954442746937
Poplar,RGB1,GW-9907,2024-05-08 08:50:16,2,3,0,2024-05-8_RgbImage_2024-05-08_08-50-15.png,Poplar_GW-9907,0.9854801828912602,1.9538859971798956
Poplar,RGB2,GW-9907,2024-05-08 08:49:39,2,3,0,2024-05-8_RgbImage_2024-05-08_08-49-38.png,Poplar_GW-9907,0.9920820484124938,0.978542878292501
Poplar,RGB1,251_CHWK-27-4_8,2024-06-21 14:57:13,2,3,1,2024-06-21_RgbImage_2024-06-21_14-57-12.png,Poplar_251_CHWK-27-4_8,0.9764861738396978,1.9366354807280004
Poplar,RGB2,251_CHWK-27-4_8,2024-06-21 14:56:46,2,3,1,2024-06-21_RgbImage_2024-06-21_14-56-46.png,Poplar_251_CHWK-27-4_8,0.9873558716727782,0.8866680078208447
Poplar,RGB1,CHWH-27-3,2024-04-16 14:53:53,2,3,1,2024-04-16_RgbImage_2024-04-16_14-53-52.png,Poplar_CHWH-27-3,0.9827441886218616,1.942462327890098
Poplar,RGB2,CHWH-27-3,2024-04-16 14:53:20,2,3,1,2024-04-16_RgbImage_2024-04-16_14-53-19.png,Poplar_CHWH-27-3,0.993175492630163,0.9022668222896755
Poplar,RGB1,GW-7996,2024-04-17 13:28:13,2,3,1,2024-04-17_RgbImage_2024-04-17_13-28-13.png,Poplar_GW-7996,0.9809111273215748,2.0352335507050157
Poplar,RGB2,GW-7996,2024-04-17 13:27:38,2,3,1,2024-04-17_RgbImage_2024-04-17_13-27-38.png,Poplar_GW-7996,0.9903327900989688,1.0683731008321047
Poplar,RGB1,198_BESC-117_3,2024-06-08 14:38:57,2,3,2,2024-06-8_RgbImage_2024-06-08_14-38-56.png,Poplar_198_BESC-117_3,0.9792781401079046,1.8993409872055054
Poplar,RGB2,198_BESC-117_3,2024-06-08 14:38:20,2,3,2,2024-06-8_RgbImage_2024-06-08_14-38-20.png,Poplar_198_BESC-117_3,0.9949511526893557,0.8938250611536205
Poplar,RGB1,BESC-107,2024-04-09 14:30:44,2,3,2,2024-04-9_RgbImage_2024-04-09_14-30-43.png,Poplar_BESC-107,0.9868412991000663,1.912187886890024
Poplar,RGB2,BESC-107,2024-04-09 14:30:09,2,3,2,2024-04-9_RgbImage_2024-04-09_14-30-08.png,Poplar_BESC-107,0.9912859035799008,0.8893581749871373
Poplar,RGB1,BESC-48,2024-04-10 09:33:18,2,3,2,2024-04-10_RgbImage_2024-04-10_09-33-18.png,Poplar_BESC-48,0.971110337626217,1.9036993123590946
Poplar,RGB2,BESC-48,2024-04-10 09:32:42,2,3,2,2024-04-10_RgbImage_2024-04-10_09-32-41.png,Poplar_BESC-48,0.9898926299596221,0.886838466860354
Poplar,RGB1,311_BESC-847_1,2024-05-29 12:26:39,2,3,3,2024-05-29_RgbImage_2024-05-29_12-26-39.png,Poplar_311_BESC-847_1,0.9760317000097033,1.9625781648792326
Poplar,RGB2,311_BESC-847_1,2024-05-29 12:26:02,2,3,3,2024-05-29_RgbImage_2024-05-29_12-26-01.png,Poplar_311_BESC-847_1,0.9939235755993965,0.8755828649736941
Poplar,RGB1,400_BESC-1145_1,2024-05-29 10:50:47,2,3,3,2024-05-29_RgbImage_2024-05-29_10-50-46.png,Poplar_400_BESC-1145_1,0.9844136150681744,1.9203610210679471
Poplar,RGB2,400_BESC-1145_1,2024-05-29 10:50:08,2,3,3,2024-05-29_RgbImage_2024-05-29_10-50-08.png,Poplar_400_BESC-1145_1,0.9913082241136135,0.8826207122765481
Poplar,RGB1,GW-8585,2024-05-02 13:31:37,2,3,3,2024-05-2_RgbImage_2024-05-02_13-31-36.png,Poplar_GW-8585,0.9790212226443151,1.9087785109877586
Poplar,RGB2,GW-8585,2024-05-02 13:30:59,2,3,3,2024-05-2_RgbImage_2024-05-02_13-30-59.png,Poplar_GW-8585,0.9884519946554748,0.8824426149949431
Poplar,RGB1,43_BESC-1098_8,2024-06-15 15:47:08,2,3,4,2024-06-15_RgbImage_2024-06-15_15-47-08.png,Poplar_43_BESC-1098_8,0.9837716510542952,1.923081435263157
Poplar,RGB2,43_BESC-1098_8,2024-06-15 15:46:34,2,3,4,2024-06-15_RgbImage_2024-06-15_15-46-34.png,Poplar_43_BESC-1098_8,0.9916125648647954,0.8888018787838519
Poplar,RGB1,54 52-225 R4,2023-11-25 09:02:39,2,3,4,2023-11-25_RgbImage_2023-11-25_09-02-38.png,Poplar_54 52-225 R4,0.9776033507661492,1.9162171762436628
Poplar,RGB2,54 52-225 R4,2023-11-25 09:02:00,2,3,4,2023-11-25_RgbImage_2023-11-25_09-02-00.png,Poplar_54 52-225 R4,0.9891475164101964,0.9429779541678727
Poplar,RGB1,BESC-309,2024-04-02 13:42:22,2,3,4,2024-04-2_RgbImage_2024-04-02_13-42-22.png,Poplar_BESC-309,0.9815323062347048,1.9145858618430793
Poplar,RGB2,BESC-309,2024-04-02 13:41:45,2,3,4,2024-04-2_RgbImage_2024-04-02_13-41-45.png,Poplar_BESC-309,0.9915783575522452,0.8936956822872162
Poplar,RGB1,282_SLMB-28-4_2,2024-06-16 13:48:27,2,4,0,2024-06-16_RgbImage_2024-06-16_13-48-27.png,Poplar_282_SLMB-28-4_2,0.9632186519009338,1.920531173236668
Poplar,RGB2,282_SLMB-28-4_2,2024-06-16 13:47:53,2,4,0,2024-06-16_RgbImage_2024-06-16_13-47-52.png,Poplar_282_SLMB-28-4_2,0.9921137523735707,0.8969349577091634
Poplar,RGB1,464_LILC-26-2_8,2024-05-30 09:35:20,2,4,0,2024-05-30_RgbImage_2024-05-30_09-35-20.png,Poplar_464_LILC-26-2_8,0.937168554168024,1.9534609750844538
Poplar,RGB2,464_LILC-26-2_8,2024-05-30 09:34:41,2,4,0,2024-05-30_RgbImage_2024-05-30_09-34-40.png,Poplar_464_LILC-26-2_8,0.98052932079256,0.9225711389444768
Poplar,RGB1,CA-01-03,2024-05-08 10:44:34,2,4,0,2024-05-8_RgbImage_2024-05-08_10-44-33.png,Poplar_CA-01-03,0.9794123814710034,2.0448446120135486
Poplar,RGB2,CA-01-03,2024-05-08 10:43:56,2,4,0,2024-05-8_RgbImage_2024-05-08_10-43-55.png,Poplar_CA-01-03,0.9881539716729861,0.9198297457769513
Poplar,RGB1,HOPF-27-3,2024-04-19 19:56:00,2,4,0,2024-04-19_RgbImage_2024-04-19_19-56-00.png,Poplar_HOPF-27-3,0.9712818276734684,1.9984530159272254
Poplar,RGB2,HOPF-27-3,2024-04-19 19:55:27,2,4,0,2024-04-19_RgbImage_2024-04-19_19-55-26.png,Poplar_HOPF-27-3,0.9885779711207994,0.9281561300158501
Poplar,RGB1,150_BESC-1103_3,2024-06-14 13:53:10,2,4,1,2024-06-14_RgbImage_2024-06-14_13-53-10.png,Poplar_150_BESC-1103_3,0.9630222222223065,2.0809319661930203
Poplar,RGB2,150_BESC-1103_3,2024-06-14 13:52:33,2,4,1,2024-06-14_RgbImage_2024-06-14_13-52-32.png,Poplar_150_BESC-1103_3,0.9877349525152114,0.8886709823273122
Poplar,RGB1,258_BESC-1207_6,2024-06-26 12:40:56,2,4,1,2024-06-26_RgbImage_2024-06-26_12-40-56.png,Poplar_258_BESC-1207_6,0.9717707551539023,1.892258576117456
Poplar,RGB2,258_BESC-1207_6,2024-06-26 12:40:21,2,4,1,2024-06-26_RgbImage_2024-06-26_12-40-20.png,Poplar_258_BESC-1207_6,0.9860986370329592,0.8896927940659225
Poplar,RGB1,BESC-209,2024-05-02 13:09:59,2,4,1,2024-05-2_RgbImage_2024-05-02_13-09-58.png,Poplar_BESC-209,0.9746910364026132,1.914739201311022
Poplar,RGB2,BESC-209,2024-05-02 13:09:22,2,4,1,2024-05-2_RgbImage_2024-05-02_13-09-21.png,Poplar_BESC-209,0.9928426359811525,0.8867066167294979
Poplar,RGB1,105_LILC-26-2_1,2024-05-26 18:18:42,2,4,2,2024-05-26_RgbImage_2024-05-26_18-18-41.png,Poplar_105_LILC-26-2_1,0.979828832370668,1.948087905999273
Poplar,RGB2,105_LILC-26-2_1,2024-05-26 18:18:07,2,4,2,2024-05-26_RgbImage_2024-05-26_18-18-06.png,Poplar_105_LILC-26-2_1,0.976553325018412,0.9173265029676259
Poplar,RGB1,SQMC-25-4,2024-05-02 12:41:20,2,4,2,2024-05-2_RgbImage_2024-05-02_12-41-19.png,Poplar_SQMC-25-4,0.9583860567507099,1.936110069975257
Poplar,RGB2,SQMC-25-4,2024-05-02 12:40:43,2,4,2,2024-05-2_RgbImage_2024-05-02_12-40-42.png,Poplar_SQMC-25-4,0.987011611870695,0.9128655679523945
Poplar,RGB1,109_BESC-14_4,2024-06-26 16:41:20,2,4,3,2024-06-26_RgbImage_2024-06-26_16-41-20.png,Poplar_109_BESC-14_4,0.9748990203398956,1.9214637158438563
Poplar,RGB2,109_BESC-14_4,2024-06-26 16:40:45,2,4,3,2024-06-26_RgbImage_2024-06-26_16-40-44.png,Poplar_109_BESC-14_4,0.9898877097529291,0.8885174309834838
Poplar,RGB1,131_BESC-1096_1,2024-06-30 20:05:41,2,4,3,2024-06-30_RgbImage_2024-06-30_20-05-40.png,Poplar_131_BESC-1096_1,0.9757124389379308,1.924868153873831
Poplar,RGB2,131_BESC-1096_1,2024-06-30 20:05:04,2,4,3,2024-06-30_RgbImage_2024-06-30_20-05-03.png,Poplar_131_BESC-1096_1,0.9880403044719741,0.8964910879731178
Poplar,RGB1,426_GW-9851_1,2024-06-01 07:16:45,2,4,3,2024-06-1_RgbImage_2024-06-01_07-16-44.png,Poplar_426_GW-9851_1,0.9788874285722723,1.926942985970527
Poplar,RGB2,426_GW-9851_1,2024-06-01 07:16:08,2,4,3,2024-06-1_RgbImage_2024-06-01_07-16-07.png,Poplar_426_GW-9851_1,0.9913850391116079,0.8953876011073589
Poplar,RGB1,432_BESC-1166_7,2024-06-21 11:51:02,2,4,3,2024-06-21_RgbImage_2024-06-21_11-51-02.png,Poplar_432_BESC-1166_7,0.9775282466952797,1.9302360322326422
Poplar,RGB2,432_BESC-1166_7,2024-06-21 11:50:33,2,4,3,2024-06-21_RgbImage_2024-06-21_11-50-33.png,Poplar_432_BESC-1166_7,0.9894267822223621,0.9031799649819732
Poplar,RGB1,211_BESC-56_7,2024-06-07 12:24:28,2,4,4,2024-06-7_RgbImage_2024-06-07_12-24-28.png,Poplar_211_BESC-56_7,0.9866407465766619,1.939023558050394
Poplar,RGB2,211_BESC-56_7,2024-06-07 12:23:49,2,4,4,2024-06-7_RgbImage_2024-06-07_12-23-49.png,Poplar_211_BESC-56_7,0.9867547694651572,0.8843549201264977
Poplar,RGB1,374_BESC-321_5,2024-05-26 13:01:32,2,4,4,2024-05-26_RgbImage_2024-05-26_13-01-31.png,Poplar_374_BESC-321_5,0.9723586596902378,1.9316703351214528
Poplar,RGB2,374_BESC-321_5,2024-05-26 13:00:49,2,4,4,2024-05-26_RgbImage_2024-05-26_13-00-49.png,Poplar_374_BESC-321_5,0.9310241072613404,0.9298934643156826
Poplar,RGB1,BESC-1091,2024-05-09 08:43:16,2,4,4,2024-05-9_RgbImage_2024-05-09_08-43-16.png,Poplar_BESC-1091,0.9724653215527054,2.006625516805798
Poplar,RGB2,BESC-1091,2024-05-09 08:42:38,2,4,4,2024-05-9_RgbImage_2024-05-09_08-42-37.png,Poplar_BESC-1091,0.9818476370058761,0.8924083677120507
Poplar,RGB1,BESC-1226,2024-04-11 17:07:11,2,4,4,2024-04-11_RgbImage_2024-04-11_17-07-10.png,Poplar_BESC-1226,0.9799920472509951,1.9763957392424345
Poplar,RGB2,BESC-1226,2024-04-11 17:06:33,2,4,4,2024-04-11_RgbImage_2024-04-11_17-06-33.png,Poplar_BESC-1226,0.9877531769836077,0.8981891078874469
Poplar,RGB1,88_CHX20-KO54+Na_R4_I APPL 45,2023-10-27 17:56:12,3,0,0,2023-10-27_RgbImage_2023-10-27_17-56-11.png,Poplar_88_CHX20-KO54+Na_R4_I APPL 45,0.9881974284806684,1.9339331132359803
Poplar,RGB1,88_CHX20-KO54+Na_R4_I APPL 45,2023-11-01 17:50:21,3,0,0,2023-11-1_RgbImage_2023-11-01_17-50-20.png,Poplar_88_CHX20-KO54+Na_R4_I APPL 45,0.992234049820157,2.218646693043411
Poplar,RGB2,88_CHX20-KO54+Na_R4_I APPL 45,2023-10-27 17:55:42,3,0,0,2023-10-27_RgbImage_2023-10-27_17-55-41.png,Poplar_88_CHX20-KO54+Na_R4_I APPL 45,0.9929678790342414,0.9203172768466175
Poplar,RGB2,88_CHX20-KO54+Na_R4_I APPL 45,2023-11-01 17:49:50,3,0,0,2023-11-1_RgbImage_2023-11-01_17-49-50.png,Poplar_88_CHX20-KO54+Na_R4_I APPL 45,0.9951449389724641,0.9195074462331831
Poplar,RGB1,BESC-426,2024-04-24 15:44:13,3,0,0,2024-04-24_RgbImage_2024-04-24_15-44-13.png,Poplar_BESC-426,0.9787151469555032,2.068095593713224
Poplar,RGB2,BESC-426,2024-04-24 15:43:44,3,0,0,2024-04-24_RgbImage_2024-04-24_15-43-44.png,Poplar_BESC-426,0.9927033119858459,0.9559156871400774
Poplar,RGB1,74_WT717+Na_R2_I APPL 28,2023-11-01 15:36:15,3,0,1,2023-11-1_RgbImage_2023-11-01_15-36-15.png,Poplar_74_WT717+Na_R2_I APPL 28,0.9910456623794537,1.921153930015862
Poplar,RGB2,74_WT717+Na_R2_I APPL 28,2023-11-01 15:35:51,3,0,1,2023-11-1_RgbImage_2023-11-01_15-35-50.png,Poplar_74_WT717+Na_R2_I APPL 28,0.9949685409644281,1.00094546796754
Poplar,RGB1,92_CHX20-KO107+Na_R4_I APPL 351,2023-11-01 20:57:51,3,0,1,2023-11-1_RgbImage_2023-11-01_20-57-50.png,Poplar_92_CHX20-KO107+Na_R4_I APPL 351,0.9892344140910537,2.2016944899223745
Poplar,RGB2,92_CHX20-KO107+Na_R4_I APPL 351,2023-11-01 20:57:23,3,0,1,2023-11-1_RgbImage_2023-11-01_20-57-22.png,Poplar_92_CHX20-KO107+Na_R4_I APPL 351,0.9945920021717671,0.9019975387491286
Poplar,RGB1,2_GW-9588-C_R2_I APPL 213,2023-10-13 15:47:33,3,0,2,2023-10-13_RgbImage_2023-10-13_15-47-32.png,Poplar_2_GW-9588-C_R2_I APPL 213,0.9815339724577825,1.9371904521249235
Poplar,RGB2,2_GW-9588-C_R2_I APPL 213,2023-10-13 15:47:01,3,0,2,2023-10-13_RgbImage_2023-10-13_15-47-00.png,Poplar_2_GW-9588-C_R2_I APPL 213,0.9927485279209759,0.9144335319288075
Poplar,RGB1,45_BESC-4+K_R3_IV APPL 113,2023-11-01 19:23:59,3,0,2,2023-11-1_RgbImage_2023-11-01_19-23-59.png,Poplar_45_BESC-4+K_R3_IV APPL 113,0.9855232785326719,1.9303446277044713
Poplar,RGB2,45_BESC-4+K_R3_IV APPL 113,2023-11-01 19:23:32,3,0,2,2023-11-1_RgbImage_2023-11-01_19-23-32.png,Poplar_45_BESC-4+K_R3_IV APPL 113,0.989959865651418,0.9335671998560429
Poplar,RGB1,59_52-225_R5_PM,2024-05-31 13:40:51,3,0,2,2024-05-31_RgbImage_2024-05-31_13-40-50.png,Poplar_59_52-225_R5_PM,0.9898207564648381,1.9254478276707232
Poplar,RGB2,59_52-225_R5_PM,2024-05-31 13:40:21,3,0,2,2024-05-31_RgbImage_2024-05-31_13-40-21.png,Poplar_59_52-225_R5_PM,0.9916816539790008,0.9017406441271305
Poplar,RGB1,BESC-345,2024-04-24 15:02:25,3,0,2,2024-04-24_RgbImage_2024-04-24_15-02-24.png,Poplar_BESC-345,0.9863493443862625,1.9188433112576604
Poplar,RGB2,BESC-345,2024-04-24 15:01:57,3,0,2,2024-04-24_RgbImage_2024-04-24_15-01-57.png,Poplar_BESC-345,0.988914552222024,0.887583504896611
Poplar,RGB1,3_GW-9588-C_R3_I APPL 412,2023-11-10 13:20:24,3,0,3,2023-11-10_RgbImage_2023-11-10_13-20-23.png,Poplar_3_GW-9588-C_R3_I APPL 412,0.9828401965768555,1.9501222618855536
Poplar,RGB2,3_GW-9588-C_R3_I APPL 412,2023-11-10 13:19:56,3,0,3,2023-11-10_RgbImage_2023-11-10_13-19-56.png,Poplar_3_GW-9588-C_R3_I APPL 412,0.9926862885774868,0.888524744194001
Poplar,RGB1,45_BESC-4+K_R3_IV APPL 113,2023-10-23 23:39:27,3,0,3,2023-10-23_RgbImage_2023-10-23_23-39-27.png,Poplar_45_BESC-4+K_R3_IV APPL 113,0.9811134110807367,1.9399295900948346
Poplar,RGB2,45_BESC-4+K_R3_IV APPL 113,2023-10-23 23:38:57,3,0,3,2023-10-23_RgbImage_2023-10-23_23-38-57.png,Poplar_45_BESC-4+K_R3_IV APPL 113,0.9872690825487893,0.9044311610050499
Poplar,RGB1,46_BESC-4+K_R4_IV APPL 114,2023-10-20 21:44:11,3,0,3,2023-10-20_RgbImage_2023-10-20_21-44-10.png,Poplar_46_BESC-4+K_R4_IV APPL 114,0.9846570235938163,1.9160884623415768
Poplar,RGB2,46_BESC-4+K_R4_IV APPL 114,2023-10-20 21:43:43,3,0,3,2023-10-20_RgbImage_2023-10-20_21-43-43.png,Poplar_46_BESC-4+K_R4_IV APPL 114,0.9893619149098707,0.8997299508191645
Poplar,RGB1,63 93-968 R8,2023-11-25 10:03:04,3,0,3,2023-11-25_RgbImage_2023-11-25_10-03-03.png,Poplar_63 93-968 R8,0.981549144481695,1.85590863507241
Poplar,RGB2,63 93-968 R8,2023-11-25 10:02:30,3,0,3,2023-11-25_RgbImage_2023-11-25_10-02-30.png,Poplar_63 93-968 R8,0.9884621466315302,0.8656736589036882
Poplar,RGB1,18_GW-9588+Na_R6_I APPL 92,2023-10-18 16:01:19,3,0,4,2023-10-18_RgbImage_2023-10-18_16-01-18.png,Poplar_18_GW-9588+Na_R6_I APPL 92,0.9855846214458389,1.857821160927415
Poplar,RGB2,18_GW-9588+Na_R6_I APPL 92,2023-10-18 16:00:47,3,0,4,2023-10-18_RgbImage_2023-10-18_16-00-47.png,Poplar_18_GW-9588+Na_R6_I APPL 92,0.9942282998982733,0.8523135082796216
Poplar,RGB1,9_GW-9588+K_R3_IV APPL 102,2023-10-25 14:35:57,3,0,4,2023-10-25_RgbImage_2023-10-25_14-35-56.png,Poplar_9_GW-9588+K_R3_IV APPL 102,0.9847049047106309,1.858688872307539
Poplar,RGB1,9_GW-9588+K_R3_IV APPL 102,2023-10-18 14:53:00,3,0,4,2023-10-18_RgbImage_2023-10-18_14-53-00.png,Poplar_9_GW-9588+K_R3_IV APPL 102,0.9835563576526833,1.9581430479884148
Poplar,RGB2,9_GW-9588+K_R3_IV APPL 102,2023-10-25 14:35:29,3,0,4,2023-10-25_RgbImage_2023-10-25_14-35-29.png,Poplar_9_GW-9588+K_R3_IV APPL 102,0.9887561613441749,0.8628094722516835
Poplar,RGB2,9_GW-9588+K_R3_IV APPL 102,2023-10-18 14:52:30,3,0,4,2023-10-18_RgbImage_2023-10-18_14-52-30.png,Poplar_9_GW-9588+K_R3_IV APPL 102,0.99285269282955,0.9737938297912478
Poplar,RGB1,BESC-426,2024-04-28 10:06:25,3,1,0,2024-04-28_RgbImage_2024-04-28_10-06-25.png,Poplar_BESC-426,0.9802790540889107,2.167479386087507
Poplar,RGB2,BESC-426,2024-04-28 10:05:57,3,1,0,2024-04-28_RgbImage_2024-04-28_10-05-57.png,Poplar_BESC-426,0.9918363925399435,0.8741821669973433
Poplar,RGB1,BLCG-28-3,2024-04-16 09:39:42,3,1,0,2024-04-16_RgbImage_2024-04-16_09-39-42.png,Poplar_BLCG-28-3,0.9831121385478371,1.9595695841126144
Poplar,RGB2,BLCG-28-3,2024-04-16 09:39:10,3,1,0,2024-04-16_RgbImage_2024-04-16_09-39-09.png,Poplar_BLCG-28-3,0.9946630890253513,0.9576146081089973
Poplar,RGB1,DEND-17-2,2024-04-19 20:52:13,3,1,0,2024-04-19_RgbImage_2024-04-19_20-52-13.png,Poplar_DEND-17-2,0.977971474573295,2.0782010909169912
Poplar,RGB2,DEND-17-2,2024-04-19 20:51:44,3,1,0,2024-04-19_RgbImage_2024-04-19_20-51-43.png,Poplar_DEND-17-2,0.9908798295433398,0.869868759997189
Poplar,RGB1,71_GW10999_R5_PM,2024-05-24 10:22:05,3,1,1,2024-05-24_RgbImage_2024-05-24_10-22-05.png,Poplar_71_GW10999_R5_PM,0.9784760025181494,2.036330081988126
Poplar,RGB2,71_GW10999_R5_PM,2024-05-24 10:21:37,3,1,1,2024-05-24_RgbImage_2024-05-24_10-21-37.png,Poplar_71_GW10999_R5_PM,0.9940250136788522,1.112150532193482
Poplar,RGB1,GW-9848,2024-04-19 18:30:58,3,1,1,2024-04-19_RgbImage_2024-04-19_18-30-57.png,Poplar_GW-9848,0.967476231960208,2.034727052319795
Poplar,RGB2,GW-9848,2024-04-19 18:30:23,3,1,1,2024-04-19_RgbImage_2024-04-19_18-30-23.png,Poplar_GW-9848,0.9906573944102052,0.9068185137584805
Poplar,RGB1,113_BESC-45_5,2024-06-08 16:40:42,3,1,2,2024-06-8_RgbImage_2024-06-08_16-40-42.png,Poplar_113_BESC-45_5,0.9877420781916749,1.8975204532034695
Poplar,RGB2,113_BESC-45_5,2024-06-08 16:40:11,3,1,2,2024-06-8_RgbImage_2024-06-08_16-40-11.png,Poplar_113_BESC-45_5,0.9951529153142744,0.8533505690284073
Poplar,RGB1,319_CHWH-27-4_5,2024-06-30 11:14:32,3,1,2,2024-06-30_RgbImage_2024-06-30_11-14-31.png,Poplar_319_CHWH-27-4_5,0.9839552280017566,1.8790630949661136
Poplar,RGB2,319_CHWH-27-4_5,2024-06-30 11:14:03,3,1,2,2024-06-30_RgbImage_2024-06-30_11-14-02.png,Poplar_319_CHWH-27-4_5,0.9934575428851297,0.863812770228833
Poplar,RGB1,80_BESC 371_R2_FS,2024-05-31 11:27:35,3,1,2,2024-05-31_RgbImage_2024-05-31_11-27-34.png,Poplar_80_BESC 371_R2_FS,0.9861483115738957,1.9341908688656986
Poplar,RGB2,80_BESC 371_R2_FS,2024-05-31 11:27:05,3,1,2,2024-05-31_RgbImage_2024-05-31_11-27-04.png,Poplar_80_BESC 371_R2_FS,0.9914868411266644,0.871336295735091
Poplar,RGB1,23_GW-9914-C_R5_I APPL 235,2023-10-27 16:28:36,3,1,3,2023-10-27_RgbImage_2023-10-27_16-28-35.png,Poplar_23_GW-9914-C_R5_I APPL 235,0.9790398893524599,1.878013791050762
Poplar,RGB2,23_GW-9914-C_R5_I APPL 235,2023-10-27 16:28:07,3,1,3,2023-10-27_RgbImage_2023-10-27_16-28-06.png,Poplar_23_GW-9914-C_R5_I APPL 235,0.9901528588060632,0.8794273431412876
Poplar,RGB1,37_BESC-4-C_R1_I APPL 226,2023-10-11 13:43:46,3,1,3,2023-10-11_RgbImage_2023-10-11_13-43-46.png,Poplar_37_BESC-4-C_R1_I APPL 226,0.9849041863809876,1.944714827928692
Poplar,RGB2,37_BESC-4-C_R1_I APPL 226,2023-10-11 13:43:14,3,1,3,2023-10-11_RgbImage_2023-10-11_13-43-13.png,Poplar_37_BESC-4-C_R1_I APPL 226,0.9911815650597399,0.8755501131527126
Poplar,RGB1,5_GW-9588-C_R5_I APPL 224,2023-10-11 12:27:37,3,1,3,2023-10-11_RgbImage_2023-10-11_12-27-37.png,Poplar_5_GW-9588-C_R5_I APPL 224,0.9868387919836292,1.8688606340438128
Poplar,RGB2,5_GW-9588-C_R5_I APPL 224,2023-10-11 12:27:03,3,1,3,2023-10-11_RgbImage_2023-10-11_12-27-02.png,Poplar_5_GW-9588-C_R5_I APPL 224,0.9855396826592236,0.8759410316124558
Poplar,RGB1,18_GW-9588+Na_R6_I APPL 92,2023-10-20 16:30:25,3,1,4,2023-10-20_RgbImage_2023-10-20_16-30-24.png,Poplar_18_GW-9588+Na_R6_I APPL 92,0.9886394257825083,1.8627538071013987
Poplar,RGB2,18_GW-9588+Na_R6_I APPL 92,2023-10-20 16:29:54,3,1,4,2023-10-20_RgbImage_2023-10-20_16-29-53.png,Poplar_18_GW-9588+Na_R6_I APPL 92,0.9926213684787575,0.8840639400295913
Poplar,RGB1,27_GW-9914+K_R3_IV APPL 108,2023-10-23 18:07:42,3,1,4,2023-10-23_RgbImage_2023-10-23_18-07-42.png,Poplar_27_GW-9914+K_R3_IV APPL 108,0.9773404137263104,1.8733401237986982
Poplar,RGB2,27_GW-9914+K_R3_IV APPL 108,2023-10-23 18:07:15,3,1,4,2023-10-23_RgbImage_2023-10-23_18-07-15.png,Poplar_27_GW-9914+K_R3_IV APPL 108,0.9912348628850485,0.9017871902324259
Poplar,RGB1,63_YALE-27-3+K_R3_IV APPL 119,2023-10-23 18:14:28,3,1,4,2023-10-23_RgbImage_2023-10-23_18-14-28.png,Poplar_63_YALE-27-3+K_R3_IV APPL 119,0.9799866852277531,1.9293721579015255
Poplar,RGB2,63_YALE-27-3+K_R3_IV APPL 119,2023-10-23 18:14:00,3,1,4,2023-10-23_RgbImage_2023-10-23_18-14-00.png,Poplar_63_YALE-27-3+K_R3_IV APPL 119,0.9912404142736011,0.8726104442030191
Poplar,RGB1,129_GW-9851_2,2024-06-30 20:45:26,3,2,0,2024-06-30_RgbImage_2024-06-30_20-45-26.png,Poplar_129_GW-9851_2,0.9849627218901836,1.9183838716708124
Poplar,RGB2,129_GW-9851_2,2024-06-30 20:44:58,3,2,0,2024-06-30_RgbImage_2024-06-30_20-44-58.png,Poplar_129_GW-9851_2,0.9929866864054465,0.8792727910913527
Poplar,RGB1,326_BESC-45_8,2024-06-22 11:46:01,3,2,0,2024-06-22_RgbImage_2024-06-22_11-46-01.png,Poplar_326_BESC-45_8,0.9744260673162904,1.9366369331255555
Poplar,RGB2,326_BESC-45_8,2024-06-22 11:45:38,3,2,0,2024-06-22_RgbImage_2024-06-22_11-45-37.png,Poplar_326_BESC-45_8,0.9916245989259524,0.9959046063013375
Poplar,RGB1,GW-1984,2024-04-20 07:41:41,3,2,0,2024-04-20_RgbImage_2024-04-20_07-41-41.png,Poplar_GW-1984,0.9763701941987691,2.234636174980551
Poplar,RGB2,GW-1984,2024-04-20 07:41:08,3,2,0,2024-04-20_RgbImage_2024-04-20_07-41-07.png,Poplar_GW-1984,0.9899539677979867,1.1022354839369655
Poplar,RGB1,BESC-81,2024-04-18 14:37:45,3,2,1,2024-04-18_RgbImage_2024-04-18_14-37-45.png,Poplar_BESC-81,0.9787542018613542,1.857419007923454
Poplar,RGB2,BESC-81,2024-04-18 14:37:12,3,2,1,2024-04-18_RgbImage_2024-04-18_14-37-11.png,Poplar_BESC-81,0.989452485648648,0.8865653900429606
Poplar,RGB1,GW-552,2024-04-24 12:34:48,3,2,1,2024-04-24_RgbImage_2024-04-24_12-34-47.png,Poplar_GW-552,0.9861648079380063,1.8760913261212409
Poplar,RGB2,GW-552,2024-04-24 12:34:15,3,2,1,2024-04-24_RgbImage_2024-04-24_12-34-15.png,Poplar_GW-552,0.9914400537261927,0.8701178710907698
Poplar,RGB1,292_BESC-1142_2,2024-06-26 11:21:16,3,2,2,2024-06-26_RgbImage_2024-06-26_11-21-15.png,Poplar_292_BESC-1142_2,0.984783650698122,1.8719539623707533
Poplar,RGB2,292_BESC-1142_2,2024-06-26 11:20:46,3,2,2,2024-06-26_RgbImage_2024-06-26_11-20-45.png,Poplar_292_BESC-1142_2,0.9927187491698034,0.871346172876656
Poplar,RGB1,76_BESC-45_2,2024-06-10 17:05:46,3,2,2,2024-06-10_RgbImage_2024-06-10_17-05-46.png,Poplar_76_BESC-45_2,0.9777847960436299,1.886415746062994
Poplar,RGB2,76_BESC-45_2,2024-06-10 17:05:16,3,2,2,2024-06-10_RgbImage_2024-06-10_17-05-16.png,Poplar_76_BESC-45_2,0.9945166208027555,0.8718931078910828
Poplar,RGB1,25_GW-9919_3,2024-06-16 19:44:47,3,2,3,2024-06-16_RgbImage_2024-06-16_19-44-46.png,Poplar_25_GW-9919_3,0.9778264293213816,1.9007202931679785
Poplar,RGB2,25_GW-9919_3,2024-06-16 19:44:18,3,2,3,2024-06-16_RgbImage_2024-06-16_19-44-17.png,Poplar_25_GW-9919_3,0.9963165922396644,0.8618592959828675
Poplar,RGB1,407_BESC-1017_8,2024-06-14 07:29:52,3,2,3,2024-06-14_RgbImage_2024-06-14_07-29-52.png,Poplar_407_BESC-1017_8,0.9765153232174811,1.8870711862109601
Poplar,RGB2,407_BESC-1017_8,2024-06-14 07:29:19,3,2,3,2024-06-14_RgbImage_2024-06-14_07-29-18.png,Poplar_407_BESC-1017_8,0.9872536989947446,0.8675398058257997
Poplar,RGB1,70_D-124_R2_FS,2024-05-31 10:17:43,3,2,3,2024-05-31_RgbImage_2024-05-31_10-17-42.png,Poplar_70_D-124_R2_FS,0.9877442473476404,1.8959399750456214
Poplar,RGB2,70_D-124_R2_FS,2024-05-31 10:17:09,3,2,3,2024-05-31_RgbImage_2024-05-31_10-17-08.png,Poplar_70_D-124_R2_FS,0.970787223641002,0.8974498403258622
Poplar,RGB1,BESC-153,2024-04-30 09:52:07,3,2,3,2024-04-30_RgbImage_2024-04-30_09-52-07.png,Poplar_BESC-153,0.9916271145479972,1.8712915596552193
Poplar,RGB2,BESC-153,2024-04-30 09:51:36,3,2,3,2024-04-30_RgbImage_2024-04-30_09-51-35.png,Poplar_BESC-153,0.9940062423911327,0.8656425490044057
Poplar,RGB1,35_GW-9914+Na_R5_I APPL 167,2023-11-13 12:13:55,3,2,4,2023-11-13_RgbImage_2023-11-13_12-13-54.png,Poplar_35_GW-9914+Na_R5_I APPL 167,0.9790146689630385,1.897108303848654
Poplar,RGB1,35_GW-9914+Na_R5_I APPL 167,2023-11-08 11:39:33,3,2,4,2023-11-8_RgbImage_2023-11-08_11-39-33.png,Poplar_35_GW-9914+Na_R5_I APPL 167,0.9846703615880604,1.9002052997238934
Poplar,RGB2,35_GW-9914+Na_R5_I APPL 167,2023-11-13 12:13:18,3,2,4,2023-11-13_RgbImage_2023-11-13_12-13-17.png,Poplar_35_GW-9914+Na_R5_I APPL 167,0.9859913178326793,0.881911049131304
Poplar,RGB2,35_GW-9914+Na_R5_I APPL 167,2023-11-08 11:38:55,3,2,4,2023-11-8_RgbImage_2023-11-08_11-38-54.png,Poplar_35_GW-9914+Na_R5_I APPL 167,0.9859171589576596,0.8736459519714117
Poplar,RGB1,334_KLND-20-1_4,2024-06-22 12:32:16,3,3,0,2024-06-22_RgbImage_2024-06-22_12-32-15.png,Poplar_334_KLND-20-1_4,0.9806751591300159,1.9299283688887954
Poplar,RGB2,334_KLND-20-1_4,2024-06-22 12:31:55,3,3,0,2024-06-22_RgbImage_2024-06-22_12-31-55.png,Poplar_334_KLND-20-1_4,0.9861076742677636,0.9169905469752848
Poplar,RGB1,BESC-309,2024-05-07 11:57:25,3,3,0,2024-05-7_RgbImage_2024-05-07_11-57-25.png,Poplar_BESC-309,0.978287991103815,2.0289128473959863
Poplar,RGB2,BESC-309,2024-05-07 11:56:51,3,3,0,2024-05-7_RgbImage_2024-05-07_11-56-50.png,Poplar_BESC-309,0.9872508164876784,1.0896251811645925
Poplar,RGB1,BESC-906,2024-04-19 12:43:13,3,3,0,2024-04-19_RgbImage_2024-04-19_12-43-13.png,Poplar_BESC-906,0.9782864809834836,2.096463330090046
Poplar,RGB2,BESC-906,2024-04-19 12:42:37,3,3,0,2024-04-19_RgbImage_2024-04-19_12-42-37.png,Poplar_BESC-906,0.9885806862791884,0.9441932309418917
Poplar,RGB1,111_BESC-1170_1,2024-06-12 19:18:19,3,3,1,2024-06-12_RgbImage_2024-06-12_19-18-19.png,Poplar_111_BESC-1170_1,0.9746695914176468,1.8746061068959534
Poplar,RGB2,111_BESC-1170_1,2024-06-12 19:17:44,3,3,1,2024-06-12_RgbImage_2024-06-12_19-17-43.png,Poplar_111_BESC-1170_1,0.9919611488897977,0.872359068132937
Poplar,RGB1,BESC-105,2024-04-23 11:37:38,3,3,1,2024-04-23_RgbImage_2024-04-23_11-37-37.png,Poplar_BESC-105,0.9810525386676429,1.8594213160686195
Poplar,RGB2,BESC-105,2024-04-23 11:37:08,3,3,1,2024-04-23_RgbImage_2024-04-23_11-37-07.png,Poplar_BESC-105,0.9918113805137962,0.872002623975277
Poplar,RGB1,BESC-261,2024-05-07 07:23:38,3,3,1,2024-05-7_RgbImage_2024-05-07_07-23-37.png,Poplar_BESC-261,0.9754260143415374,1.904541338328272
Poplar,RGB2,BESC-261,2024-05-07 07:23:06,3,3,1,2024-05-7_RgbImage_2024-05-07_07-23-06.png,Poplar_BESC-261,0.9764592748434728,0.8737653279677033
Poplar,RGB1,GS-050-08_40_15,2024-04-30 15:58:26,3,3,1,2024-04-30_RgbImage_2024-04-30_15-58-25.png,Poplar_GS-050-08_40_15,0.9897352634996078,1.9130078060552478
Poplar,RGB2,GS-050-08_40_15,2024-04-30 15:57:55,3,3,1,2024-04-30_RgbImage_2024-04-30_15-57-54.png,Poplar_GS-050-08_40_15,0.9946088016437963,0.8918760810047388
Poplar,RGB1,52_GW10999_R3_FS,2024-05-31 12:51:53,3,3,2,2024-05-31_RgbImage_2024-05-31_12-51-52.png,Poplar_52_GW10999_R3_FS,0.9817952173228598,1.8752198866568506
Poplar,RGB2,52_GW10999_R3_FS,2024-05-31 12:51:26,3,3,2,2024-05-31_RgbImage_2024-05-31_12-51-26.png,Poplar_52_GW10999_R3_FS,0.9936554777274603,0.8850315092131495
Poplar,RGB1,91_BESC-1142_6,2024-06-05 16:36:05,3,3,2,2024-06-5_RgbImage_2024-06-05_16-36-05.png,Poplar_91_BESC-1142_6,0.9885908907970166,1.8864659210667014
Poplar,RGB2,91_BESC-1142_6,2024-06-05 16:35:30,3,3,2,2024-06-5_RgbImage_2024-06-05_16-35-29.png,Poplar_91_BESC-1142_6,0.9903778807524063,0.884323890786618
Poplar,RGB1,BESC-320,2024-05-01 07:16:59,3,3,2,2024-05-1_RgbImage_2024-05-01_07-16-59.png,Poplar_BESC-320,0.981019981644041,1.8568665450438857
Poplar,RGB2,BESC-320,2024-05-01 07:16:28,3,3,2,2024-05-1_RgbImage_2024-05-01_07-16-28.png,Poplar_BESC-320,0.9959287539483107,0.8845775318332016
Poplar,RGB1,388_BESC-1154_5,2024-06-07 08:26:57,3,3,3,2024-06-7_RgbImage_2024-06-07_08-26-56.png,Poplar_388_BESC-1154_5,0.982495987541773,1.8754206970334053
Poplar,RGB2,388_BESC-1154_5,2024-06-07 08:26:24,3,3,3,2024-06-7_RgbImage_2024-06-07_08-26-24.png,Poplar_388_BESC-1154_5,0.9927387850294015,0.8666374408639967
Poplar,RGB1,450_BESC-1143_5,2024-06-16 08:52:08,3,3,3,2024-06-16_RgbImage_2024-06-16_08-52-07.png,Poplar_450_BESC-1143_5,0.97891858627615,1.878548359964043
Poplar,RGB2,450_BESC-1143_5,2024-06-16 08:51:36,3,3,3,2024-06-16_RgbImage_2024-06-16_08-51-36.png,Poplar_450_BESC-1143_5,0.9956576490814595,0.8599734799936414
Poplar,RGB1,232_CHWH-27-4_4,2024-06-30 13:34:18,3,3,4,2024-06-30_RgbImage_2024-06-30_13-34-18.png,Poplar_232_CHWH-27-4_4,0.983722841332632,1.895258815959096
Poplar,RGB2,232_CHWH-27-4_4,2024-06-30 13:33:48,3,3,4,2024-06-30_RgbImage_2024-06-30_13-33-47.png,Poplar_232_CHWH-27-4_4,0.9938835479088606,0.8714407221414149
Poplar,RGB1,301_BESC-430_7,2024-06-11 09:25:27,3,3,4,2024-06-11_RgbImage_2024-06-11_09-25-27.png,Poplar_301_BESC-430_7,0.985634496960489,1.9060899559408426
Poplar,RGB2,301_BESC-430_7,2024-06-11 09:24:53,3,3,4,2024-06-11_RgbImage_2024-06-11_09-24-52.png,Poplar_301_BESC-430_7,0.9915741656978813,0.9901584908366203
Poplar,RGB1,57_YALE-27-3-C_R3_I APPL 196,2023-10-18 14:32:29,3,3,4,2023-10-18_RgbImage_2023-10-18_14-32-28.png,Poplar_57_YALE-27-3-C_R3_I APPL 196,0.9778513827481934,2.2045566998422146
Poplar,RGB2,57_YALE-27-3-C_R3_I APPL 196,2023-10-18 14:31:59,3,3,4,2023-10-18_RgbImage_2023-10-18_14-31-58.png,Poplar_57_YALE-27-3-C_R3_I APPL 196,0.989901933902063,1.036639606114477
Poplar,RGB1,70_YALE-27-3+Na_R4_I APPL 31,2023-10-25 15:50:09,3,3,4,2023-10-25_RgbImage_2023-10-25_15-50-09.png,Poplar_70_YALE-27-3+Na_R4_I APPL 31,0.984748941731658,1.8608144600875676
Poplar,RGB2,70_YALE-27-3+Na_R4_I APPL 31,2023-10-25 15:49:41,3,3,4,2023-10-25_RgbImage_2023-10-25_15-49-40.png,Poplar_70_YALE-27-3+Na_R4_I APPL 31,0.9950166288643264,0.8704357920214534
Poplar,RGB1,129_GW-9851_2,2024-06-23 15:39:39,3,4,0,2024-06-23_RgbImage_2024-06-23_15-39-39.png,Poplar_129_GW-9851_2,0.9826179459339491,1.9012989061884582
Poplar,RGB2,129_GW-9851_2,2024-06-23 15:39:17,3,4,0,2024-06-23_RgbImage_2024-06-23_15-39-16.png,Poplar_129_GW-9851_2,0.9926985953864171,0.8642987590283155
Poplar,RGB1,HOMB-21-3,2024-05-01 17:30:33,3,4,0,2024-05-1_RgbImage_2024-05-01_17-30-33.png,Poplar_HOMB-21-3,0.976183227435646,1.8682598574087024
Poplar,RGB2,HOMB-21-3,2024-05-01 17:30:00,3,4,0,2024-05-1_RgbImage_2024-05-01_17-30-00.png,Poplar_HOMB-21-3,0.9917162765685456,0.8604582971893251
Poplar,RGB1,110_BESC-1143_8,2024-06-26 16:47:55,3,4,1,2024-06-26_RgbImage_2024-06-26_16-47-55.png,Poplar_110_BESC-1143_8,0.9765989693010743,1.8752919230610132
Poplar,RGB2,110_BESC-1143_8,2024-06-26 16:47:25,3,4,1,2024-06-26_RgbImage_2024-06-26_16-47-24.png,Poplar_110_BESC-1143_8,0.9924418594291022,0.8713422962464392
Poplar,RGB1,BESC-239,2024-04-23 09:23:43,3,4,1,2024-04-23_RgbImage_2024-04-23_09-23-43.png,Poplar_BESC-239,0.9817317787625491,1.8794622281566262
Poplar,RGB2,BESC-239,2024-04-23 09:23:11,3,4,1,2024-04-23_RgbImage_2024-04-23_09-23-11.png,Poplar_BESC-239,0.9921371451934858,0.8592037549242377
Poplar,RGB1,GW-10987,2024-04-24 09:45:13,3,4,1,2024-04-24_RgbImage_2024-04-24_09-45-13.png,Poplar_GW-10987,0.9780583562398575,1.885988388210535
Poplar,RGB2,GW-10987,2024-04-24 09:44:41,3,4,1,2024-04-24_RgbImage_2024-04-24_09-44-41.png,Poplar_GW-10987,0.9894560611047315,0.8753289352171123
Poplar,RGB1,299_BESC-1132_8,2024-06-15 09:11:07,3,4,2,2024-06-15_RgbImage_2024-06-15_09-11-07.png,Poplar_299_BESC-1132_8,0.9824411695153271,1.901950830128044
Poplar,RGB2,299_BESC-1132_8,2024-06-15 09:10:33,3,4,2,2024-06-15_RgbImage_2024-06-15_09-10-32.png,Poplar_299_BESC-1132_8,0.990355767252398,0.8647304237820208
Poplar,RGB1,341_BESC-1154_4,2024-06-26 10:55:05,3,4,2,2024-06-26_RgbImage_2024-06-26_10-55-04.png,Poplar_341_BESC-1154_4,0.9813720537226183,1.8861054591834545
Poplar,RGB2,341_BESC-1154_4,2024-06-26 10:54:34,3,4,2,2024-06-26_RgbImage_2024-06-26_10-54-33.png,Poplar_341_BESC-1154_4,0.9908099178395822,0.8735578847117722
Poplar,RGB1,BESC-35,2024-05-05 12:04:24,3,4,2,2024-05-5_RgbImage_2024-05-05_12-04-23.png,Poplar_BESC-35,0.9846335725460248,1.8695453288964927
Poplar,RGB2,BESC-35,2024-05-05 12:03:49,3,4,2,2024-05-5_RgbImage_2024-05-05_12-03-49.png,Poplar_BESC-35,0.9899590115323006,0.8697438137605786
Poplar,RGB1,GW-9769,2024-05-07 11:22:09,3,4,2,2024-05-7_RgbImage_2024-05-07_11-22-08.png,Poplar_GW-9769,0.9770585176998317,1.8807115200906992
Poplar,RGB2,GW-9769,2024-05-07 11:21:36,3,4,2,2024-05-7_RgbImage_2024-05-07_11-21-36.png,Poplar_GW-9769,0.9917502106834676,0.8758613807149231
Poplar,RGB1,134_BESC-847_3,2024-06-19 14:25:18,3,4,3,2024-06-19_RgbImage_2024-06-19_14-25-17.png,Poplar_134_BESC-847_3,0.9800185387816153,1.8562008459120989
Poplar,RGB2,134_BESC-847_3,2024-06-19 14:24:43,3,4,3,2024-06-19_RgbImage_2024-06-19_14-24-43.png,Poplar_134_BESC-847_3,0.9930427235006426,0.8933538151904941
Poplar,RGB1,330_BESC-1108_8,2024-06-18 10:23:42,3,4,3,2024-06-18_RgbImage_2024-06-18_10-23-42.png,Poplar_330_BESC-1108_8,0.9828380721098052,2.0135990013368428
Poplar,RGB2,330_BESC-1108_8,2024-06-18 10:23:08,3,4,3,2024-06-18_RgbImage_2024-06-18_10-23-07.png,Poplar_330_BESC-1108_8,0.9911152889692826,1.0680771879851818
Poplar,RGB1,92_BESC-284_8,2024-06-13 17:38:28,3,4,3,2024-06-13_RgbImage_2024-06-13_17-38-27.png,Poplar_92_BESC-284_8,0.9778597485196208,2.1135659366846085
Poplar,RGB2,92_BESC-284_8,2024-06-13 17:37:59,3,4,3,2024-06-13_RgbImage_2024-06-13_17-37-59.png,Poplar_92_BESC-284_8,0.9939272325383781,0.9020870779640973
Poplar,RGB1,GW-11043,2024-05-07 11:36:17,3,4,4,2024-05-7_RgbImage_2024-05-07_11-36-17.png,Poplar_GW-11043,0.9802208459939782,1.8782834089361131
Poplar,RGB2,GW-11043,2024-05-07 11:35:43,3,4,4,2024-05-7_RgbImage_2024-05-07_11-35-42.png,Poplar_GW-11043,0.9893359959318728,0.8683401099406183
Poplar,RGB1,76_WT717+Na_R4_I APPL 373,2023-11-08 18:53:46,4,0,0,2023-11-8_RgbImage_2023-11-08_18-53-45.png,Poplar_76_WT717+Na_R4_I APPL 373,0.9860975138559979,1.902623862028122
Poplar,RGB2,76_WT717+Na_R4_I APPL 373,2023-11-08 18:53:21,4,0,0,2023-11-8_RgbImage_2023-11-08_18-53-21.png,Poplar_76_WT717+Na_R4_I APPL 373,0.9945470381101217,0.8847199198789895
Poplar,RGB1,86_CHX20-KO54+Na_R2_I APPL 233,2023-11-15 19:13:30,4,0,0,2023-11-15_RgbImage_2023-11-15_19-13-30.png,Poplar_86_CHX20-KO54+Na_R2_I APPL 233,0.986215382505899,1.9563400773331523
Poplar,RGB2,86_CHX20-KO54+Na_R2_I APPL 233,2023-11-15 19:13:06,4,0,0,2023-11-15_RgbImage_2023-11-15_19-13-05.png,Poplar_86_CHX20-KO54+Na_R2_I APPL 233,0.986598065706789,0.8751559061929584
Poplar,RGB1,BESC-418,2024-04-28 10:54:35,4,0,0,2024-04-28_RgbImage_2024-04-28_10-54-35.png,Poplar_BESC-418,0.9805212808572404,1.8826330732554197
Poplar,RGB2,BESC-418,2024-04-28 10:54:07,4,0,0,2024-04-28_RgbImage_2024-04-28_10-54-06.png,Poplar_BESC-418,0.9901750824118272,0.8647384997457266
Poplar,RGB1,85_CHX20-KO54+Na_R1_I APPL 375,2023-11-10 18:33:30,4,0,1,2023-11-10_RgbImage_2023-11-10_18-33-30.png,Poplar_85_CHX20-KO54+Na_R1_I APPL 375,0.9886744654864097,1.87296630628407
Poplar,RGB2,85_CHX20-KO54+Na_R1_I APPL 375,2023-11-10 18:33:06,4,0,1,2023-11-10_RgbImage_2023-11-10_18-33-05.png,Poplar_85_CHX20-KO54+Na_R1_I APPL 375,0.991141420881048,0.8800145830027759
Poplar,RGB1,88_CHX20-KO54+Na_R4_I APPL 45,2023-11-08 17:33:47,4,0,1,2023-11-8_RgbImage_2023-11-08_17-33-47.png,Poplar_88_CHX20-KO54+Na_R4_I APPL 45,0.9894960302933284,1.8702460126951337
Poplar,RGB2,88_CHX20-KO54+Na_R4_I APPL 45,2023-11-08 17:33:18,4,0,1,2023-11-8_RgbImage_2023-11-08_17-33-18.png,Poplar_88_CHX20-KO54+Na_R4_I APPL 45,0.9922890775821684,0.9013508851639926
Poplar,RGB1,18_GW-9588+Na_R6_I APPL 92,2023-11-06 15:40:44,4,0,2,2023-11-6_RgbImage_2023-11-06_15-40-43.png,Poplar_18_GW-9588+Na_R6_I APPL 92,0.9832768795393512,1.8979700426571071
Poplar,RGB2,18_GW-9588+Na_R6_I APPL 92,2023-11-06 15:40:19,4,0,2,2023-11-6_RgbImage_2023-11-06_15-40-19.png,Poplar_18_GW-9588+Na_R6_I APPL 92,0.9908480408944017,0.8855765899643302
Poplar,RGB1,45_BESC-4+K_R3_IV APPL 113,2023-11-08 19:07:07,4,0,2,2023-11-8_RgbImage_2023-11-08_19-07-06.png,Poplar_45_BESC-4+K_R3_IV APPL 113,0.9816164301477045,1.8816168219782412
Poplar,RGB2,45_BESC-4+K_R3_IV APPL 113,2023-11-08 19:06:42,4,0,2,2023-11-8_RgbImage_2023-11-08_19-06-42.png,Poplar_45_BESC-4+K_R3_IV APPL 113,0.9883703184116926,0.8667052378877997
Poplar,RGB1,46_BESC-4+K_R4_IV APPL 114,2023-11-01 21:04:31,4,0,2,2023-11-1_RgbImage_2023-11-01_21-04-31.png,Poplar_46_BESC-4+K_R4_IV APPL 114,0.9848558530124871,1.9162435228936374
Poplar,RGB2,46_BESC-4+K_R4_IV APPL 114,2023-11-01 21:04:07,4,0,2,2023-11-1_RgbImage_2023-11-01_21-04-06.png,Poplar_46_BESC-4+K_R4_IV APPL 114,0.9898577185666366,0.8655600631609559
Poplar,RGB1,18_GW-9588+Na_R6_I APPL 92,2023-10-27 16:01:33,4,0,3,2023-10-27_RgbImage_2023-10-27_16-01-32.png,Poplar_18_GW-9588+Na_R6_I APPL 92,0.98093864729584,1.9281481821089983
Poplar,RGB2,18_GW-9588+Na_R6_I APPL 92,2023-10-27 16:01:05,4,0,3,2023-10-27_RgbImage_2023-10-27_16-01-04.png,Poplar_18_GW-9588+Na_R6_I APPL 92,0.99191324742751,0.8710522181354463
Poplar,RGB1,46_BESC-4+K_R4_IV APPL 114,2023-11-06 20:47:58,4,0,3,2023-11-6_RgbImage_2023-11-06_20-47-58.png,Poplar_46_BESC-4+K_R4_IV APPL 114,0.9733840208230735,1.9086461588740349
Poplar,RGB2,46_BESC-4+K_R4_IV APPL 114,2023-11-06 20:47:33,4,0,3,2023-11-6_RgbImage_2023-11-06_20-47-33.png,Poplar_46_BESC-4+K_R4_IV APPL 114,0.9894720854428998,0.972019154112786
Poplar,RGB1,6_GW-9588-C_R6_I APPL 217,2023-11-01 19:37:24,4,0,3,2023-11-1_RgbImage_2023-11-01_19-37-24.png,Poplar_6_GW-9588-C_R6_I APPL 217,0.9878250170245839,2.1664045620709658
Poplar,RGB2,6_GW-9588-C_R6_I APPL 217,2023-11-01 19:36:58,4,0,3,2023-11-1_RgbImage_2023-11-01_19-36-58.png,Poplar_6_GW-9588-C_R6_I APPL 217,0.9873718733169125,1.031310258898884
Poplar,RGB1,9_GW-9588+K_R3_IV APPL 102,2023-11-03 14:49:20,4,0,3,2023-11-3_RgbImage_2023-11-03_14-49-19.png,Poplar_9_GW-9588+K_R3_IV APPL 102,0.9809180142555903,1.9017745861783624
Poplar,RGB2,9_GW-9588+K_R3_IV APPL 102,2023-11-03 14:48:55,4,0,3,2023-11-3_RgbImage_2023-11-03_14-48-55.png,Poplar_9_GW-9588+K_R3_IV APPL 102,0.986938497586771,0.8694374240003526
Poplar,RGB1,40_BESC-4-C_R4_I APPL 369,2023-10-25 17:31:44,4,0,4,2023-10-25_RgbImage_2023-10-25_17-31-43.png,Poplar_40_BESC-4-C_R4_I APPL 369,0.9796952170955863,1.89644427690655
Poplar,RGB2,40_BESC-4-C_R4_I APPL 369,2023-10-25 17:31:16,4,0,4,2023-10-25_RgbImage_2023-10-25_17-31-16.png,Poplar_40_BESC-4-C_R4_I APPL 369,0.9895293059405529,0.8859876869246364
Poplar,RGB1,63_YALE-27-3+K_R3_IV APPL 119,2023-11-01 14:02:44,4,0,4,2023-11-1_RgbImage_2023-11-01_14-02-43.png,Poplar_63_YALE-27-3+K_R3_IV APPL 119,0.9815498660539931,1.8714900850318372
Poplar,RGB2,63_YALE-27-3+K_R3_IV APPL 119,2023-11-01 14:02:19,4,0,4,2023-11-1_RgbImage_2023-11-01_14-02-19.png,Poplar_63_YALE-27-3+K_R3_IV APPL 119,0.9897336676963719,0.8932674005627632
Poplar,RGB1,9_GW-9588+K_R3_IV APPL 102,2023-11-01 14:49:27,4,0,4,2023-11-1_RgbImage_2023-11-01_14-49-27.png,Poplar_9_GW-9588+K_R3_IV APPL 102,0.9794361502160819,1.8778716609813273
Poplar,RGB2,9_GW-9588+K_R3_IV APPL 102,2023-11-01 14:49:03,4,0,4,2023-11-1_RgbImage_2023-11-01_14-49-02.png,Poplar_9_GW-9588+K_R3_IV APPL 102,0.9886619539036992,0.9018911570310593
Poplar,RGB1,80_CHX20-OE61+Na_R4_I APPL 497,2023-11-03 12:41:58,4,1,0,2023-11-3_RgbImage_2023-11-03_12-41-57.png,Poplar_80_CHX20-OE61+Na_R4_I APPL 497,0.987336457883137,1.8722210661508143
Poplar,RGB2,80_CHX20-OE61+Na_R4_I APPL 497,2023-11-03 12:41:33,4,1,0,2023-11-3_RgbImage_2023-11-03_12-41-33.png,Poplar_80_CHX20-OE61+Na_R4_I APPL 497,0.9963521247484718,0.8976357998326421
Poplar,RGB1,85_CHX20-KO54+Na_R1_I APPL 375,2023-10-23 13:30:25,4,1,0,2023-10-23_RgbImage_2023-10-23_13-30-24.png,Poplar_85_CHX20-KO54+Na_R1_I APPL 375,0.9893888965691204,1.8920619706623256
Poplar,RGB2,85_CHX20-KO54+Na_R1_I APPL 375,2023-10-23 13:29:55,4,1,0,2023-10-23_RgbImage_2023-10-23_13-29-55.png,Poplar_85_CHX20-KO54+Na_R1_I APPL 375,0.9966436670847751,0.8839202979579568
Poplar,RGB1,BESC-336,2024-04-29 07:51:00,4,1,0,2024-04-29_RgbImage_2024-04-29_07-50-59.png,Poplar_BESC-336,0.9861080891547196,1.8679824220016599
Poplar,RGB2,BESC-336,2024-04-29 07:50:31,4,1,0,2024-04-29_RgbImage_2024-04-29_07-50-30.png,Poplar_BESC-336,0.9902216080911819,0.8806598731316626
Poplar,RGB1,22_GW-9914-C_R4_I APPL 197,2023-10-24 01:00:30,4,1,1,2023-10-24_RgbImage_2023-10-24_01-00-29.png,Poplar_22_GW-9914-C_R4_I APPL 197,0.9759778145814828,1.8898039110936224
Poplar,RGB2,22_GW-9914-C_R4_I APPL 197,2023-10-24 01:00:01,4,1,1,2023-10-24_RgbImage_2023-10-24_01-00-00.png,Poplar_22_GW-9914-C_R4_I APPL 197,0.9925457585410287,0.8798918607644737
Poplar,RGB1,55_YALE-27-3-C_R1_I APPL 489,2023-11-17 13:53:19,4,1,1,2023-11-17_RgbImage_2023-11-17_13-53-19.png,Poplar_55_YALE-27-3-C_R1_I APPL 489,0.9833938334664187,1.910911301150918
Poplar,RGB2,55_YALE-27-3-C_R1_I APPL 489,2023-11-17 13:52:55,4,1,1,2023-11-17_RgbImage_2023-11-17_13-52-54.png,Poplar_55_YALE-27-3-C_R1_I APPL 489,0.994518748492515,0.8563269739970565
Poplar,RGB1,57_YALE-27-3-C_R3_I APPL 196,2023-11-01 14:29:25,4,1,1,2023-11-1_RgbImage_2023-11-01_14-29-24.png,Poplar_57_YALE-27-3-C_R3_I APPL 196,0.984090145421006,1.9466724870726466
Poplar,RGB2,57_YALE-27-3-C_R3_I APPL 196,2023-11-01 14:28:58,4,1,1,2023-11-1_RgbImage_2023-11-01_14-28-58.png,Poplar_57_YALE-27-3-C_R3_I APPL 196,0.9928174910679416,0.9316034060902894
Poplar,RGB1,BESC-400,2024-04-24 09:38:11,4,1,1,2024-04-24_RgbImage_2024-04-24_09-38-11.png,Poplar_BESC-400,0.987926805387098,1.8910379251465201
Poplar,RGB2,BESC-400,2024-04-24 09:37:46,4,1,1,2024-04-24_RgbImage_2024-04-24_09-37-46.png,Poplar_BESC-400,0.9894227843030048,0.8962248428724706
Poplar,RGB1,22_GW-9914-C_R4_I APPL 197,2023-11-01 20:44:15,4,1,2,2023-11-1_RgbImage_2023-11-01_20-44-15.png,Poplar_22_GW-9914-C_R4_I APPL 197,0.9829883929722066,2.0018085772171617
Poplar,RGB2,22_GW-9914-C_R4_I APPL 197,2023-11-01 20:43:49,4,1,2,2023-11-1_RgbImage_2023-11-01_20-43-49.png,Poplar_22_GW-9914-C_R4_I APPL 197,0.9893378949866383,1.1453156089410186
Poplar,RGB1,419_BESC-847_8,2024-06-14 08:50:23,4,1,2,2024-06-14_RgbImage_2024-06-14_08-50-22.png,Poplar_419_BESC-847_8,0.9822355088398659,2.2124122017994523
Poplar,RGB2,419_BESC-847_8,2024-06-14 08:49:53,4,1,2,2024-06-14_RgbImage_2024-06-14_08-49-53.png,Poplar_419_BESC-847_8,0.9943537436471007,0.919746657833457
Poplar,RGB1,41_BESC-4-C_R5_I APPL 219,2023-11-18 11:33:42,4,1,2,2023-11-18_RgbImage_2023-11-18_11-33-41.png,Poplar_41_BESC-4-C_R5_I APPL 219,0.9870425204572908,1.896079626865685
Poplar,RGB2,41_BESC-4-C_R5_I APPL 219,2023-11-18 11:33:18,4,1,2,2023-11-18_RgbImage_2023-11-18_11-33-17.png,Poplar_41_BESC-4-C_R5_I APPL 219,0.9886122624468828,0.8716707271523774
Poplar,RGB1,16_GW-9588+Na_R4_I APPL 49,2023-11-03 18:10:24,4,1,3,2023-11-3_RgbImage_2023-11-03_18-10-23.png,Poplar_16_GW-9588+Na_R4_I APPL 49,0.9800415435403033,1.8855992909520864
Poplar,RGB2,16_GW-9588+Na_R4_I APPL 49,2023-11-03 18:09:56,4,1,3,2023-11-3_RgbImage_2023-11-03_18-09-55.png,Poplar_16_GW-9588+Na_R4_I APPL 49,0.9937279315679548,0.908566749189049
Poplar,RGB1,34_GW-9914+Na_R4_I APPL 323,2023-11-01 14:56:05,4,1,3,2023-11-1_RgbImage_2023-11-01_14-56-05.png,Poplar_34_GW-9914+Na_R4_I APPL 323,0.9774719388635484,1.8575861151330173
Poplar,RGB2,34_GW-9914+Na_R4_I APPL 323,2023-11-01 14:55:41,4,1,3,2023-11-1_RgbImage_2023-11-01_14-55-41.png,Poplar_34_GW-9914+Na_R4_I APPL 323,0.9885266075039998,0.8536499529145658
Poplar,RGB1,6_GW-9588-C_R6_I APPL 217,2023-11-03 19:37:10,4,1,3,2023-11-3_RgbImage_2023-11-03_19-37-10.png,Poplar_6_GW-9588-C_R6_I APPL 217,0.9869674369225676,1.8516915403306484
Poplar,RGB2,6_GW-9588-C_R6_I APPL 217,2023-11-03 19:36:44,4,1,3,2023-11-3_RgbImage_2023-11-03_19-36-44.png,Poplar_6_GW-9588-C_R6_I APPL 217,0.985061134806437,0.8572060172446072
Poplar,RGB1,11_GW-9588+K_R5_IV APPL 104,2023-11-03 18:37:02,4,1,4,2023-11-3_RgbImage_2023-11-03_18-37-02.png,Poplar_11_GW-9588+K_R5_IV APPL 104,0.9839134628027567,1.8569917608983815
Poplar,RGB2,11_GW-9588+K_R5_IV APPL 104,2023-11-03 18:36:36,4,1,4,2023-11-3_RgbImage_2023-11-03_18-36-36.png,Poplar_11_GW-9588+K_R5_IV APPL 104,0.9891329962383132,0.866434786003083
Poplar,RGB1,49_BESC-4+Na_R1_I APPL 518,2023-10-27 15:21:13,4,1,4,2023-10-27_RgbImage_2023-10-27_15-21-13.png,Poplar_49_BESC-4+Na_R1_I APPL 518,0.9806053679137424,1.8598538828082383
Poplar,RGB2,49_BESC-4+Na_R1_I APPL 518,2023-10-27 15:20:44,4,1,4,2023-10-27_RgbImage_2023-10-27_15-20-44.png,Poplar_49_BESC-4+Na_R1_I APPL 518,0.9929860054547401,0.8600418590940535
Poplar,RGB1,449_HARA-26-2_3,2024-06-24 07:14:07,4,2,0,2024-06-24_RgbImage_2024-06-24_07-14-07.png,Poplar_449_HARA-26-2_3,0.9847190199810077,1.917209089267999
Poplar,RGB2,449_HARA-26-2_3,2024-06-24 07:13:51,4,2,0,2024-06-24_RgbImage_2024-06-24_07-13-50.png,Poplar_449_HARA-26-2_3,0.9835999209181102,0.8555028270930052
Poplar,RGB1,89_CHX20-KO107+Na_R1_I APPL 383,2023-10-23 13:03:15,4,2,0,2023-10-23_RgbImage_2023-10-23_13-03-14.png,Poplar_89_CHX20-KO107+Na_R1_I APPL 383,0.9874311102531327,1.8843743856996298
Poplar,RGB2,89_CHX20-KO107+Na_R1_I APPL 383,2023-10-23 13:02:48,4,2,0,2023-10-23_RgbImage_2023-10-23_13-02-48.png,Poplar_89_CHX20-KO107+Na_R1_I APPL 383,0.994673898619959,0.9050778318196535
Poplar,RGB1,BESC-1019,2024-04-17 17:37:21,4,2,0,2024-04-17_RgbImage_2024-04-17_17-37-20.png,Poplar_BESC-1019,0.9868927572568603,1.8939546989277005
Poplar,RGB2,BESC-1019,2024-04-17 17:36:53,4,2,0,2024-04-17_RgbImage_2024-04-17_17-36-52.png,Poplar_BESC-1019,0.991455125222705,0.8701904080808163
Poplar,RGB1,GW-7059,2024-04-24 08:20:34,4,2,0,2024-04-24_RgbImage_2024-04-24_08-20-33.png,Poplar_GW-7059,0.9797780916153933,1.924692528322339
Poplar,RGB2,GW-7059,2024-04-24 08:20:06,4,2,0,2024-04-24_RgbImage_2024-04-24_08-20-05.png,Poplar_GW-7059,0.9937858790963653,0.9339541611261666
Poplar,RGB1,57_YALE-27-3-C_R3_I APPL 196,2023-11-17 14:13:17,4,2,1,2023-11-17_RgbImage_2023-11-17_14-13-16.png,Poplar_57_YALE-27-3-C_R3_I APPL 196,0.9806269036904935,1.915997888892889
Poplar,RGB2,57_YALE-27-3-C_R3_I APPL 196,2023-11-17 14:12:53,4,2,1,2023-11-17_RgbImage_2023-11-17_14-12-52.png,Poplar_57_YALE-27-3-C_R3_I APPL 196,0.9903114117571373,0.8650420126505196
Poplar,RGB1,BESC-371,2024-05-07 12:25:25,4,2,1,2024-05-7_RgbImage_2024-05-07_12-25-25.png,Poplar_BESC-371,0.9879678075578308,2.0507915429770947
Poplar,RGB2,BESC-371,2024-05-07 12:24:56,4,2,1,2024-05-7_RgbImage_2024-05-07_12-24-56.png,Poplar_BESC-371,0.9858084361983395,0.8893856019712985
Poplar,RGB1,50_BESC-4+Na_R2_I APPL 172,2023-11-03 21:17:29,4,2,2,2023-11-3_RgbImage_2023-11-03_21-17-28.png,Poplar_50_BESC-4+Na_R2_I APPL 172,0.9828492181711916,2.0133037422783673
Poplar,RGB2,50_BESC-4+Na_R2_I APPL 172,2023-11-03 21:17:04,4,2,2,2023-11-3_RgbImage_2023-11-03_21-17-03.png,Poplar_50_BESC-4+Na_R2_I APPL 172,0.9873770513664321,0.8864463935606182
Poplar,RGB1,31_GW-9914+Na_R1_I APPL 225,2023-10-27 19:23:41,4,2,3,2023-10-27_RgbImage_2023-10-27_19-23-40.png,Poplar_31_GW-9914+Na_R1_I APPL 225,0.9811958962341034,1.8968620570376515
Poplar,RGB2,31_GW-9914+Na_R1_I APPL 225,2023-10-27 19:23:14,4,2,3,2023-10-27_RgbImage_2023-10-27_19-23-14.png,Poplar_31_GW-9914+Na_R1_I APPL 225,0.9898189208861269,0.9849791382439435
Poplar,RGB1,33_GW-9914+Na_R3_I APPL 228,2023-11-01 16:16:27,4,2,3,2023-11-1_RgbImage_2023-11-01_16-16-26.png,Poplar_33_GW-9914+Na_R3_I APPL 228,0.9864405317112943,1.9111542901955545
Poplar,RGB2,33_GW-9914+Na_R3_I APPL 228,2023-11-01 16:16:02,4,2,3,2023-11-1_RgbImage_2023-11-01_16-16-01.png,Poplar_33_GW-9914+Na_R3_I APPL 228,0.9868103589717077,0.9046652517281473
Poplar,RGB1,34_GW-9914+Na_R4_I APPL 323,2023-10-20 15:29:01,4,2,3,2023-10-20_RgbImage_2023-10-20_15-29-01.png,Poplar_34_GW-9914+Na_R4_I APPL 323,0.9834404152538996,2.014167444780469
Poplar,RGB2,34_GW-9914+Na_R4_I APPL 323,2023-10-20 15:28:34,4,2,3,2023-10-20_RgbImage_2023-10-20_15-28-34.png,Poplar_34_GW-9914+Na_R4_I APPL 323,0.9884356409474928,0.9158929311670363
Poplar,RGB1,3_GW-9588-C_R3_I APPL 412,2023-10-25 13:21:51,4,2,4,2023-10-25_RgbImage_2023-10-25_13-21-50.png,Poplar_3_GW-9588-C_R3_I APPL 412,0.9837902126819431,2.025257763918489
Poplar,RGB2,3_GW-9588-C_R3_I APPL 412,2023-10-25 13:21:20,4,2,4,2023-10-25_RgbImage_2023-10-25_13-21-19.png,Poplar_3_GW-9588-C_R3_I APPL 412,0.9885145119689316,0.9080409747548401
Poplar,RGB1,51_BESC-4+Na_R3_I APPL 391,2023-10-18 19:13:03,4,2,4,2023-10-18_RgbImage_2023-10-18_19-13-02.png,Poplar_51_BESC-4+Na_R3_I APPL 391,0.984365378520748,1.9004532848484814
Poplar,RGB2,51_BESC-4+Na_R3_I APPL 391,2023-10-18 19:12:33,4,2,4,2023-10-18_RgbImage_2023-10-18_19-12-33.png,Poplar_51_BESC-4+Na_R3_I APPL 391,0.9919728798742031,0.9585606763139367
Poplar,RGB1,343_BESC-1009_5,2024-06-17 10:12:05,4,3,0,2024-06-17_RgbImage_2024-06-17_10-12-04.png,Poplar_343_BESC-1009_5,0.9848310420106009,1.9469676627777517
Poplar,RGB2,343_BESC-1009_5,2024-06-17 10:11:34,4,3,0,2024-06-17_RgbImage_2024-06-17_10-11-34.png,Poplar_343_BESC-1009_5,0.9948912349305354,0.8838327210396528
Poplar,RGB1,BESC-1019,2024-04-28 06:48:46,4,3,0,2024-04-28_RgbImage_2024-04-28_06-48-45.png,Poplar_BESC-1019,0.983592141161664,1.913419181946665
Poplar,RGB2,BESC-1019,2024-04-28 06:48:15,4,3,0,2024-04-28_RgbImage_2024-04-28_06-48-15.png,Poplar_BESC-1019,0.9903826312971759,0.8797611040063202
Poplar,RGB1,BESC-132,2024-04-22 13:47:08,4,3,0,2024-04-22_RgbImage_2024-04-22_13-47-08.png,Poplar_BESC-132,0.9844877755981782,2.019326879642904
Poplar,RGB2,BESC-132,2024-04-22 13:46:38,4,3,0,2024-04-22_RgbImage_2024-04-22_13-46-38.png,Poplar_BESC-132,0.992924463785653,0.8425829382613301
Poplar,RGB1,DENC-17-3,2024-04-23 10:19:59,4,3,0,2024-04-23_RgbImage_2024-04-23_10-19-58.png,Poplar_DENC-17-3,0.9852641124461643,1.9129599840380251
Poplar,RGB2,DENC-17-3,2024-04-23 10:19:28,4,3,0,2024-04-23_RgbImage_2024-04-23_10-19-28.png,Poplar_DENC-17-3,0.9918610712221358,0.9885581037960947
Poplar,RGB1,328_BESC-856_3,2024-06-30 12:14:13,4,3,1,2024-06-30_RgbImage_2024-06-30_12-14-12.png,Poplar_328_BESC-856_3,0.9858480801523306,1.9321601670235395
Poplar,RGB2,328_BESC-856_3,2024-06-30 12:13:48,4,3,1,2024-06-30_RgbImage_2024-06-30_12-13-48.png,Poplar_328_BESC-856_3,0.9905231748860144,0.8617635639384389
Poplar,RGB1,48_GW-9919_6,2024-06-23 16:10:15,4,3,1,2024-06-23_RgbImage_2024-06-23_16-10-14.png,Poplar_48_GW-9919_6,0.9821976556898836,2.0781472958624363
Poplar,RGB2,48_GW-9919_6,2024-06-23 16:09:56,4,3,1,2024-06-23_RgbImage_2024-06-23_16-09-55.png,Poplar_48_GW-9919_6,0.9932167465492946,0.8665111698210239
Poplar,RGB1,22_GW-9914-C_R4_I APPL 197,2023-11-13 21:01:19,4,3,2,2023-11-13_RgbImage_2023-11-13_21-01-18.png,Poplar_22_GW-9914-C_R4_I APPL 197,0.9806065177020673,1.8969947472214699
Poplar,RGB2,22_GW-9914-C_R4_I APPL 197,2023-11-13 21:00:54,4,3,2,2023-11-13_RgbImage_2023-11-13_21-00-54.png,Poplar_22_GW-9914-C_R4_I APPL 197,0.9825575961799727,0.9680012161843479
Poplar,RGB1,23_GW-9914-C_R5_I APPL 235,2023-11-03 16:22:55,4,3,2,2023-11-3_RgbImage_2023-11-03_16-22-55.png,Poplar_23_GW-9914-C_R5_I APPL 235,0.9791818344127248,1.9164788471534848
Poplar,RGB2,23_GW-9914-C_R5_I APPL 235,2023-11-03 16:22:29,4,3,2,2023-11-3_RgbImage_2023-11-03_16-22-28.png,Poplar_23_GW-9914-C_R5_I APPL 235,0.9893764755484229,0.8923885989934206
Poplar,RGB1,59_YALE-27-3-C_R5_I APPL 234,2023-11-10 16:53:35,4,3,2,2023-11-10_RgbImage_2023-11-10_16-53-34.png,Poplar_59_YALE-27-3-C_R5_I APPL 234,0.9725549595182513,1.997783737257123
Poplar,RGB2,59_YALE-27-3-C_R5_I APPL 234,2023-11-10 16:53:10,4,3,2,2023-11-10_RgbImage_2023-11-10_16-53-10.png,Poplar_59_YALE-27-3-C_R5_I APPL 234,0.973000730918957,0.8874404137022793
Poplar,RGB1,23_GW-9914-C_R5_I APPL 235,2023-11-10 16:07:00,4,3,3,2023-11-10_RgbImage_2023-11-10_16-06-59.png,Poplar_23_GW-9914-C_R5_I APPL 235,0.9799749245042254,1.9885908849537373
Poplar,RGB2,23_GW-9914-C_R5_I APPL 235,2023-11-10 16:06:34,4,3,3,2023-11-10_RgbImage_2023-11-10_16-06-34.png,Poplar_23_GW-9914-C_R5_I APPL 235,0.9875624866326688,0.8724062060937285
Poplar,RGB1,31_GW-9914+Na_R1_I APPL 225,2023-11-06 19:01:03,4,3,3,2023-11-6_RgbImage_2023-11-06_19-01-03.png,Poplar_31_GW-9914+Na_R1_I APPL 225,0.9815483467721854,1.868452850729227
Poplar,RGB2,31_GW-9914+Na_R1_I APPL 225,2023-11-06 19:00:39,4,3,3,2023-11-6_RgbImage_2023-11-06_19-00-39.png,Poplar_31_GW-9914+Na_R1_I APPL 225,0.9877103238710554,0.8953562299720943
Poplar,RGB1,6_GW-9588-C_R6_I APPL 217,2023-11-15 19:20:08,4,3,3,2023-11-15_RgbImage_2023-11-15_19-20-08.png,Poplar_6_GW-9588-C_R6_I APPL 217,0.9861542700436802,1.8952463511377573
Poplar,RGB2,6_GW-9588-C_R6_I APPL 217,2023-11-15 19:19:44,4,3,3,2023-11-15_RgbImage_2023-11-15_19-19-44.png,Poplar_6_GW-9588-C_R6_I APPL 217,0.9882816308105221,0.8962094830349088
Poplar,RGB1,71_YALE-27-3+Na_R5_I APPL 485,2023-11-08 12:33:28,4,3,3,2023-11-8_RgbImage_2023-11-08_12-33-27.png,Poplar_71_YALE-27-3+Na_R5_I APPL 485,0.9884928423111081,1.9200070877559483
Poplar,RGB2,71_YALE-27-3+Na_R5_I APPL 485,2023-11-08 12:33:04,4,3,3,2023-11-8_RgbImage_2023-11-08_12-33-03.png,Poplar_71_YALE-27-3+Na_R5_I APPL 485,0.9922938812839184,0.8737951829098165
Poplar,RGB1,31_GW-9914+Na_R1_I APPL 225,2023-10-20 19:55:09,4,3,4,2023-10-20_RgbImage_2023-10-20_19-55-08.png,Poplar_31_GW-9914+Na_R1_I APPL 225,0.984093415115941,2.0055964193306863
Poplar,RGB2,31_GW-9914+Na_R1_I APPL 225,2023-10-20 19:54:40,4,3,4,2023-10-20_RgbImage_2023-10-20_19-54-39.png,Poplar_31_GW-9914+Na_R1_I APPL 225,0.9872719128129468,0.8843176490627229
Poplar,RGB1,3_GW-9588-C_R3_I APPL 412,2023-10-23 17:47:24,4,3,4,2023-10-23_RgbImage_2023-10-23_17-47-24.png,Poplar_3_GW-9588-C_R3_I APPL 412,0.9800133113079303,1.895826118066907
Poplar,RGB2,3_GW-9588-C_R3_I APPL 412,2023-10-23 17:46:53,4,3,4,2023-10-23_RgbImage_2023-10-23_17-46-52.png,Poplar_3_GW-9588-C_R3_I APPL 412,0.9865550440203987,0.8799822120927274
Poplar,RGB1,52_BESC-4+Na_R4_I APPL 347,2023-11-13 12:40:49,4,3,4,2023-11-13_RgbImage_2023-11-13_12-40-49.png,Poplar_52_BESC-4+Na_R4_I APPL 347,0.9873100667564886,1.8791889701969922
Poplar,RGB2,52_BESC-4+Na_R4_I APPL 347,2023-11-13 12:40:24,4,3,4,2023-11-13_RgbImage_2023-11-13_12-40-24.png,Poplar_52_BESC-4+Na_R4_I APPL 347,0.9903413094821821,0.9478074442595243
Poplar,RGB1,64_YALE-27-3+K_R4_IV APPL 120,2023-10-20 18:33:15,4,3,4,2023-10-20_RgbImage_2023-10-20_18-33-14.png,Poplar_64_YALE-27-3+K_R4_IV APPL 120,0.9865494319091814,1.9026174978353083
Poplar,RGB2,64_YALE-27-3+K_R4_IV APPL 120,2023-10-20 18:32:46,4,3,4,2023-10-20_RgbImage_2023-10-20_18-32-45.png,Poplar_64_YALE-27-3+K_R4_IV APPL 120,0.9925825399284729,0.8845976279117167
Poplar,RGB1,BESC-1226,2024-05-05 08:33:56,4,4,0,2024-05-5_RgbImage_2024-05-05_08-33-56.png,Poplar_BESC-1226,0.9781123964268125,1.9880192037671804
Poplar,RGB2,BESC-1226,2024-05-05 08:33:26,4,4,0,2024-05-5_RgbImage_2024-05-05_08-33-25.png,Poplar_BESC-1226,0.9912213473451889,0.8676726669073105
Poplar,RGB1,NHTA-27-5,2024-04-28 09:32:08,4,4,0,2024-04-28_RgbImage_2024-04-28_09-32-07.png,Poplar_NHTA-27-5,0.9771699297750984,1.8837777059525251
Poplar,RGB2,NHTA-27-5,2024-04-28 09:31:40,4,4,0,2024-04-28_RgbImage_2024-04-28_09-31-39.png,Poplar_NHTA-27-5,0.9943617107631357,0.9692875682376325
Poplar,RGB1,231_BESC-97_1,2024-06-30 13:27:40,4,4,1,2024-06-30_RgbImage_2024-06-30_13-27-39.png,Poplar_231_BESC-97_1,0.9866227641009802,1.932131723035127
Poplar,RGB2,231_BESC-97_1,2024-06-30 13:27:16,4,4,1,2024-06-30_RgbImage_2024-06-30_13-27-15.png,Poplar_231_BESC-97_1,0.9906843397207051,0.8589680893346667
Poplar,RGB1,BESC-1219,2024-05-07 07:58:56,4,4,1,2024-05-7_RgbImage_2024-05-07_07-58-56.png,Poplar_BESC-1219,0.9813438175287595,1.949413980357349
Poplar,RGB2,BESC-1219,2024-05-07 07:58:23,4,4,1,2024-05-7_RgbImage_2024-05-07_07-58-22.png,Poplar_BESC-1219,0.9897348819075436,0.8664711751043797
Poplar,RGB1,BESC-239,2024-05-07 09:23:03,4,4,1,2024-05-7_RgbImage_2024-05-07_09-23-02.png,Poplar_BESC-239,0.981344371861603,1.9913948369212449
Poplar,RGB2,BESC-239,2024-05-07 09:22:33,4,4,1,2024-05-7_RgbImage_2024-05-07_09-22-32.png,Poplar_BESC-239,0.9923130387758797,0.8545484007336199
Poplar,RGB1,346_BESC-1108_2,2024-06-17 10:32:25,4,4,2,2024-06-17_RgbImage_2024-06-17_10-32-24.png,Poplar_346_BESC-1108_2,0.9817388196170252,1.9251875919289887
Poplar,RGB2,346_BESC-1108_2,2024-06-17 10:31:52,4,4,2,2024-06-17_RgbImage_2024-06-17_10-31-51.png,Poplar_346_BESC-1108_2,0.9953902289013438,0.9422158012166619
Poplar,RGB1,450_BESC-1143_5,2024-06-26 07:28:22,4,4,2,2024-06-26_RgbImage_2024-06-26_07-28-22.png,Poplar_450_BESC-1143_5,0.9854446605190033,1.9341146419756114
Poplar,RGB2,450_BESC-1143_5,2024-06-26 07:27:55,4,4,2,2024-06-26_RgbImage_2024-06-26_07-27-54.png,Poplar_450_BESC-1143_5,0.9943967882291013,0.8537823427468538
Poplar,RGB1,GW-7990,2024-04-28 11:28:55,4,4,2,2024-04-28_RgbImage_2024-04-28_11-28-55.png,Poplar_GW-7990,0.9893896141572412,1.9179421830922365
Poplar,RGB2,GW-7990,2024-04-28 11:28:27,4,4,2,2024-04-28_RgbImage_2024-04-28_11-28-26.png,Poplar_GW-7990,0.9951375962009569,0.8923297980800271
Poplar,RGB1,23_GW-9914-C_R5_I APPL 235,2023-11-13 16:41:27,4,4,3,2023-11-13_RgbImage_2023-11-13_16-41-26.png,Poplar_23_GW-9914-C_R5_I APPL 235,0.9682130579156782,2.0114371618255973
Poplar,RGB2,23_GW-9914-C_R5_I APPL 235,2023-11-13 16:41:01,4,4,3,2023-11-13_RgbImage_2023-11-13_16-41-01.png,Poplar_23_GW-9914-C_R5_I APPL 235,0.9794984858642231,0.9096549870446324
Poplar,RGB1,33_GW-9914+Na_R3_I APPL 228,2023-11-15 16:00:15,4,4,3,2023-11-15_RgbImage_2023-11-15_16-00-14.png,Poplar_33_GW-9914+Na_R3_I APPL 228,0.9839847130952784,1.8856792519800365
Poplar,RGB2,33_GW-9914+Na_R3_I APPL 228,2023-11-15 15:59:50,4,4,3,2023-11-15_RgbImage_2023-11-15_15-59-50.png,Poplar_33_GW-9914+Na_R3_I APPL 228,0.9890992860903112,0.9118864960037172
Poplar,RGB1,59_YALE-27-3-C_R5_I APPL 234,2023-11-06 16:54:12,4,4,3,2023-11-6_RgbImage_2023-11-06_16-54-11.png,Poplar_59_YALE-27-3-C_R5_I APPL 234,0.9826177667010346,1.894306474365294
Poplar,RGB1,59_YALE-27-3-C_R5_I APPL 234,2023-11-08 16:53:43,4,4,3,2023-11-8_RgbImage_2023-11-08_16-53-43.png,Poplar_59_YALE-27-3-C_R5_I APPL 234,0.9808594861777146,1.9840448591858149
Poplar,RGB2,59_YALE-27-3-C_R5_I APPL 234,2023-11-06 16:53:46,4,4,3,2023-11-6_RgbImage_2023-11-06_16-53-46.png,Poplar_59_YALE-27-3-C_R5_I APPL 234,0.9775410930456683,0.9105255119502544
Poplar,RGB2,59_YALE-27-3-C_R5_I APPL 234,2023-11-08 16:53:18,4,4,3,2023-11-8_RgbImage_2023-11-08_16-53-18.png,Poplar_59_YALE-27-3-C_R5_I APPL 234,0.9820793858362031,0.8701235707849264
Poplar,RGB1,26_GW-9914+K_R2_IV APPL 107,2023-11-17 14:53:09,4,4,4,2023-11-17_RgbImage_2023-11-17_14-53-09.png,Poplar_26_GW-9914+K_R2_IV APPL 107,0.9806648444503299,1.8967734980396926
Poplar,RGB2,26_GW-9914+K_R2_IV APPL 107,2023-11-17 14:52:45,4,4,4,2023-11-17_RgbImage_2023-11-17_14-52-45.png,Poplar_26_GW-9914+K_R2_IV APPL 107,0.9877038675297996,0.9220779947936535
Poplar,RGB1,34_GW-9914+Na_R4_I APPL 323,2023-11-15 14:40:14,4,4,4,2023-11-15_RgbImage_2023-11-15_14-40-14.png,Poplar_34_GW-9914+Na_R4_I APPL 323,0.980771936888558,1.8548544491641223
Poplar,RGB2,34_GW-9914+Na_R4_I APPL 323,2023-11-15 14:39:50,4,4,4,2023-11-15_RgbImage_2023-11-15_14-39-49.png,Poplar_34_GW-9914+Na_R4_I APPL 323,0.9902384398787298,0.8783607962541282
Poplar,RGB1,51_BESC-4+Na_R3_I APPL 391,2023-11-15 18:46:52,4,4,4,2023-11-15_RgbImage_2023-11-15_18-46-51.png,Poplar_51_BESC-4+Na_R3_I APPL 391,0.9884295437266923,1.8809205838479102
Poplar,RGB2,51_BESC-4+Na_R3_I APPL 391,2023-11-15 18:46:27,4,4,4,2023-11-15_RgbImage_2023-11-15_18-46-27.png,Poplar_51_BESC-4+Na_R3_I APPL 391,0.9942853405969312,0.8952219560742378
Switchgrass,RGB1,J020.B_WW_T3.12.2023_I APPL 399,2023-03-22 17:06:43,0,0,0,2023-03-22_RgbImage_2023-03-22_17-06-42.png,Switchgrass_J020.B_WW_T3.12.2023_I APPL 399,0.8759265227249465,1.9552884679287672
Switchgrass,RGB2,J020.B_WW_T3.12.2023_I APPL 399,2023-03-22 17:05:59,0,0,0,2023-03-22_RgbImage_2023-03-22_17-05-59.png,Switchgrass_J020.B_WW_T3.12.2023_I APPL 399,0.9355662176303198,0.8673781389370561
Switchgrass,RGB1,J326.A_D_T3.12.2023_I APPL 497,2023-03-29 09:49:40,0,0,0,2023-03-29_RgbImage_2023-03-29_09-49-39.png,Switchgrass_J326.A_D_T3.12.2023_I APPL 497,0.8863128109194853,1.8827389320358634
Switchgrass,RGB2,J326.A_D_T3.12.2023_I APPL 497,2023-03-29 09:48:57,0,0,0,2023-03-29_RgbImage_2023-03-29_09-48-57.png,Switchgrass_J326.A_D_T3.12.2023_I APPL 497,0.8945445689256668,0.9496856150217354
Switchgrass,RGB1,J460.B_WW_T3.16.2023_I APPL 57,2023-03-26 12:07:33,0,0,0,2023-03-26_RgbImage_2023-03-26_12-07-33.png,Switchgrass_J460.B_WW_T3.16.2023_I APPL 57,0.806102987936578,1.8928499901667237
Switchgrass,RGB2,J460.B_WW_T3.16.2023_I APPL 57,2023-03-26 12:06:49,0,0,0,2023-03-26_RgbImage_2023-03-26_12-06-49.png,Switchgrass_J460.B_WW_T3.16.2023_I APPL 57,0.8350258670306562,0.8629949716851115
Switchgrass,RGB1,AP13_WW_I APPL 133,2022-12-01 15:26:37,0,0,1,2022-12-1_RgbImage_2022-12-01_15-26-36.png,Switchgrass_AP13_WW_I APPL 133,0.6911363436589089,1.8922266010195017
Switchgrass,RGB2,AP13_WW_I APPL 133,2022-12-01 15:25:13,0,0,1,2022-12-1_RgbImage_2022-12-01_15-25-12.png,Switchgrass_AP13_WW_I APPL 133,0.6756973941366436,0.8701122598722577
Switchgrass,RGB1,J250.A_D_T3.13.2023_I APPL 303,2023-03-31 00:36:51,0,0,1,2023-03-31_RgbImage_2023-03-31_00-36-51.png,Switchgrass_J250.A_D_T3.13.2023_I APPL 303,0.9286584276608367,2.025538634043187
Switchgrass,RGB2,J250.A_D_T3.13.2023_I APPL 303,2023-03-31 00:36:08,0,0,1,2023-03-31_RgbImage_2023-03-31_00-36-08.png,Switchgrass_J250.A_D_T3.13.2023_I APPL 303,0.9118297946941012,0.8543298877775669
Switchgrass,RGB1,J469.C_WW_T3.14.2023_I APPL 214,2023-03-24 16:45:05,0,0,1,2023-03-24_RgbImage_2023-03-24_16-45-05.png,Switchgrass_J469.C_WW_T3.14.2023_I APPL 214,0.7988350928431864,1.9047037730924785
Switchgrass,RGB2,J469.C_WW_T3.14.2023_I APPL 214,2023-03-24 16:44:23,0,0,1,2023-03-24_RgbImage_2023-03-24_16-44-22.png,Switchgrass_J469.C_WW_T3.14.2023_I APPL 214,0.7179215270662848,0.8886792450211942
Switchgrass,RGB1,J458.B_WW_T3.14.2023_I APPL 252,2023-03-31 11:57:57,0,0,2,2023-03-31_RgbImage_2023-03-31_11-57-57.png,Switchgrass_J458.B_WW_T3.14.2023_I APPL 252,0.8426537501892465,1.9397087791003287
Switchgrass,RGB2,J458.B_WW_T3.14.2023_I APPL 252,2023-03-31 11:57:15,0,0,2,2023-03-31_RgbImage_2023-03-31_11-57-14.png,Switchgrass_J458.B_WW_T3.14.2023_I APPL 252,0.9155639176352971,0.8520214231684804
Switchgrass,RGB1,J591.A_D_T3.14.2023_I APPL 229,2023-04-07 14:53:00,0,0,2,2023-04-7_RgbImage_2023-04-07_14-52-59.png,Switchgrass_J591.A_D_T3.14.2023_I APPL 229,0.8868860920360946,1.9167431658133864
Switchgrass,RGB2,J591.A_D_T3.14.2023_I APPL 229,2023-04-07 14:52:17,0,0,2,2023-04-7_RgbImage_2023-04-07_14-52-16.png,Switchgrass_J591.A_D_T3.14.2023_I APPL 229,0.8079823432216312,0.8669099053367972
Switchgrass,RGB1,4.4(1)_WW_T3.14.2023_I APPL 235,2023-03-24 14:05:25,0,0,3,2023-03-24_RgbImage_2023-03-24_14-05-24.png,Switchgrass_4.4(1)_WW_T3.14.2023_I APPL 235,0.7836036436587865,2.00341979181394
Switchgrass,RGB2,4.4(1)_WW_T3.14.2023_I APPL 235,2023-03-24 14:04:41,0,0,3,2023-03-24_RgbImage_2023-03-24_14-04-40.png,Switchgrass_4.4(1)_WW_T3.14.2023_I APPL 235,0.8381817321868321,0.9401625180616975
Switchgrass,RGB1,J441.B_WW_T3.15.2023_I APPL 126,2023-03-25 15:44:09,0,0,3,2023-03-25_RgbImage_2023-03-25_15-44-08.png,Switchgrass_J441.B_WW_T3.15.2023_I APPL 126,0.8714042476982076,2.002242286223918
Switchgrass,RGB2,J441.B_WW_T3.15.2023_I APPL 126,2023-03-25 15:43:26,0,0,3,2023-03-25_RgbImage_2023-03-25_15-43-25.png,Switchgrass_J441.B_WW_T3.15.2023_I APPL 126,0.8023934181076143,0.9317781059071422
Switchgrass,RGB1,J482.B_WW_T3.15.2023_I APPL 160,2023-03-25 11:12:45,0,0,3,2023-03-25_RgbImage_2023-03-25_11-12-45.png,Switchgrass_J482.B_WW_T3.15.2023_I APPL 160,0.927836807701215,2.024412323720753
Switchgrass,RGB2,J482.B_WW_T3.15.2023_I APPL 160,2023-03-25 11:12:02,0,0,3,2023-03-25_RgbImage_2023-03-25_11-12-01.png,Switchgrass_J482.B_WW_T3.15.2023_I APPL 160,0.906693306695171,0.8995251627638936
Switchgrass,RGB1,J585.A_D_T3.14.2023_I APPL 218,2023-03-24 16:11:30,0,0,3,2023-03-24_RgbImage_2023-03-24_16-11-30.png,Switchgrass_J585.A_D_T3.14.2023_I APPL 218,0.8700084961801718,2.0062987259589136
Switchgrass,RGB2,J585.A_D_T3.14.2023_I APPL 218,2023-03-24 16:10:49,0,0,3,2023-03-24_RgbImage_2023-03-24_16-10-48.png,Switchgrass_J585.A_D_T3.14.2023_I APPL 218,0.9416780874074707,0.8893739888444543
Switchgrass,RGB1,J340.A_D_T3.13.2023_I APPL 343,2023-04-06 12:43:07,0,0,4,2023-04-6_RgbImage_2023-04-06_12-43-06.png,Switchgrass_J340.A_D_T3.13.2023_I APPL 343,0.9250421176533539,1.9890507236123085
Switchgrass,RGB2,J340.A_D_T3.13.2023_I APPL 343,2023-04-06 12:42:27,0,0,4,2023-04-6_RgbImage_2023-04-06_12-42-26.png,Switchgrass_J340.A_D_T3.13.2023_I APPL 343,0.9342680664987618,0.9058996150270104
Switchgrass,RGB1,J498.B_D_T3.14.2023_I APPL 257,2023-03-24 11:16:28,0,0,4,2023-03-24_RgbImage_2023-03-24_11-16-27.png,Switchgrass_J498.B_D_T3.14.2023_I APPL 257,0.9308867793484046,1.971095903776586
Switchgrass,RGB2,J498.B_D_T3.14.2023_I APPL 257,2023-03-24 11:15:46,0,0,4,2023-03-24_RgbImage_2023-03-24_11-15-45.png,Switchgrass_J498.B_D_T3.14.2023_I APPL 257,0.8657740698408627,0.8816616758704185
Switchgrass,RGB1,J020.B_D_T3.12.2023_I APPL 403,2023-04-05 19:00:01,0,1,0,2023-04-5_RgbImage_2023-04-05_19-00-01.png,Switchgrass_J020.B_D_T3.12.2023_I APPL 403,0.919710216268556,1.9003845159895718
Switchgrass,RGB2,J020.B_D_T3.12.2023_I APPL 403,2023-04-05 18:59:21,0,1,0,2023-04-5_RgbImage_2023-04-05_18-59-21.png,Switchgrass_J020.B_D_T3.12.2023_I APPL 403,0.9454294680877783,0.8875551898963749
Switchgrass,RGB1,J065.A_WW_T3.13.2023_I APPL 305,2023-03-23 17:30:35,0,1,0,2023-03-23_RgbImage_2023-03-23_17-30-35.png,Switchgrass_J065.A_WW_T3.13.2023_I APPL 305,0.70928802953959,1.8772547217085958
Switchgrass,RGB2,J065.A_WW_T3.13.2023_I APPL 305,2023-03-23 17:29:51,0,1,0,2023-03-23_RgbImage_2023-03-23_17-29-51.png,Switchgrass_J065.A_WW_T3.13.2023_I APPL 305,0.18954584418345402,0.8917441111989319
Switchgrass,RGB1,J306.C_D_T3.14.2023_I APPL 266,2023-04-15 10:15:47,0,1,0,2023-04-15_RgbImage_2023-04-15_10-15-47.png,Switchgrass_J306.C_D_T3.14.2023_I APPL 266,0.9323531753409556,1.9400829961523414
Switchgrass,RGB1,J306.C_D_T3.14.2023_I APPL 266,2023-04-29 10:15:29,0,1,0,2023-04-29_RgbImage_2023-04-29_10-15-29.png,Switchgrass_J306.C_D_T3.14.2023_I APPL 266,0.9237625581971043,1.9065725556574762
Switchgrass,RGB2,J306.C_D_T3.14.2023_I APPL 266,2023-04-15 10:15:06,0,1,0,2023-04-15_RgbImage_2023-04-15_10-15-06.png,Switchgrass_J306.C_D_T3.14.2023_I APPL 266,0.8753047142929048,0.8612158778123558
Switchgrass,RGB2,J306.C_D_T3.14.2023_I APPL 266,2023-04-29 10:14:48,0,1,0,2023-04-29_RgbImage_2023-04-29_10-14-48.png,Switchgrass_J306.C_D_T3.14.2023_I APPL 266,0.8758581181984367,0.8884693281725049
Switchgrass,RGB1,AP13_WW_I APPL 133,2023-02-09 15:12:39,0,1,1,2023-02-9_RgbImage_2023-02-09_15-12-38.png,Switchgrass_AP13_WW_I APPL 133,0.9358441346707289,1.887346914038062
Switchgrass,RGB2,AP13_WW_I APPL 133,2023-02-09 15:10:40,0,1,1,2023-02-9_RgbImage_2023-02-09_15-10-39.png,Switchgrass_AP13_WW_I APPL 133,0.9583666293754326,0.8920409609563649
Switchgrass,RGB1,J297.A_D_T3.12.2023_I APPL 440,2023-03-22 11:56:31,0,1,1,2023-03-22_RgbImage_2023-03-22_11-56-31.png,Switchgrass_J297.A_D_T3.12.2023_I APPL 440,0.9320516445205494,1.8834428433328867
Switchgrass,RGB2,J297.A_D_T3.12.2023_I APPL 440,2023-03-22 11:55:50,0,1,1,2023-03-22_RgbImage_2023-03-22_11-55-50.png,Switchgrass_J297.A_D_T3.12.2023_I APPL 440,0.9224101685056394,0.9376103929243982
Switchgrass,RGB1,J484.A_D_T3.16.2023_I APPL 50,2023-03-26 13:06:30,0,1,1,2023-03-26_RgbImage_2023-03-26_13-06-30.png,Switchgrass_J484.A_D_T3.16.2023_I APPL 50,0.7053971247106532,1.9371753190644085
Switchgrass,RGB2,J484.A_D_T3.16.2023_I APPL 50,2023-03-26 13:05:47,0,1,1,2023-03-26_RgbImage_2023-03-26_13-05-47.png,Switchgrass_J484.A_D_T3.16.2023_I APPL 50,0.4939788054559274,0.9785438990220428
Switchgrass,RGB1,J317.A_WW_I APPL 351,2022-11-29 10:53:39,0,1,2,2022-11-29_RgbImage_2022-11-29_10-53-38.png,Switchgrass_J317.A_WW_I APPL 351,0.9201446256265098,1.9020142359659076
Switchgrass,RGB2,J317.A_WW_I APPL 351,2022-11-29 10:51:35,0,1,2,2022-11-29_RgbImage_2022-11-29_10-51-34.png,Switchgrass_J317.A_WW_I APPL 351,0.9561562955233766,0.877238854765892
Switchgrass,RGB1,J597.C_D_T3.15.2023_I APPL 186,2023-04-01 08:06:52,0,1,2,2023-04-1_RgbImage_2023-04-01_08-06-52.png,Switchgrass_J597.C_D_T3.15.2023_I APPL 186,0.9272381642087945,2.004440451040864
Switchgrass,RGB2,J597.C_D_T3.15.2023_I APPL 186,2023-04-01 08:06:11,0,1,2,2023-04-1_RgbImage_2023-04-01_08-06-11.png,Switchgrass_J597.C_D_T3.15.2023_I APPL 186,0.9321425845363949,0.8775185523554683
Switchgrass,RGB1,J190.A_D_T3.12.2023_I APPL 415,2023-04-05 17:21:05,0,1,3,2023-04-5_RgbImage_2023-04-05_17-21-05.png,Switchgrass_J190.A_D_T3.12.2023_I APPL 415,0.9068058778048447,2.0553883821703494
Switchgrass,RGB2,J190.A_D_T3.12.2023_I APPL 415,2023-04-05 17:20:24,0,1,3,2023-04-5_RgbImage_2023-04-05_17-20-24.png,Switchgrass_J190.A_D_T3.12.2023_I APPL 415,0.8306116602236318,0.8774937763810158
Switchgrass,RGB1,J215.A_Xtra_I APPL 138,2022-11-26 17:33:18,0,1,3,2022-11-26_RgbImage_2022-11-26_17-33-18.png,Switchgrass_J215.A_Xtra_I APPL 138,0.8544930906054775,1.9487920133396983
Switchgrass,RGB2,J215.A_Xtra_I APPL 138,2022-11-26 17:31:10,0,1,3,2022-11-26_RgbImage_2022-11-26_17-31-10.png,Switchgrass_J215.A_Xtra_I APPL 138,0.7332959515591949,0.9466784382238984
Switchgrass,RGB1,J317.A_D_I APPL 123,2022-12-11 17:00:53,0,1,3,2022-12-11_RgbImage_2022-12-11_17-00-52.png,Switchgrass_J317.A_D_I APPL 123,0.9266304347833583,2.009329466149211
Switchgrass,RGB2,J317.A_D_I APPL 123,2022-12-11 17:00:15,0,1,3,2022-12-11_RgbImage_2022-12-11_17-00-14.png,Switchgrass_J317.A_D_I APPL 123,0.876108385144711,0.8890229347161949
Switchgrass,RGB1,J215.A_D_I APPL 146,2022-12-20 14:24:07,0,1,4,2022-12-20_RgbImage_2022-12-20_14-24-06.png,Switchgrass_J215.A_D_I APPL 146,0.939520714866372,2.0446151830255985
Switchgrass,RGB1,J215.A_D_I APPL 146,2022-12-05 14:11:31,0,1,4,2022-12-5_RgbImage_2022-12-05_14-11-31.png,Switchgrass_J215.A_D_I APPL 146,0.8219911458930645,1.8876671292819083
Switchgrass,RGB2,J215.A_D_I APPL 146,2022-12-20 14:22:47,0,1,4,2022-12-20_RgbImage_2022-12-20_14-22-47.png,Switchgrass_J215.A_D_I APPL 146,0.9235019501252291,0.9692650148645043
Switchgrass,RGB2,J215.A_D_I APPL 146,2022-12-05 14:09:24,0,1,4,2022-12-5_RgbImage_2022-12-05_14-09-23.png,Switchgrass_J215.A_D_I APPL 146,0.7372466806735096,0.8913816050626338
Switchgrass,RGB1,J483.C_WW_T3.14.2023_I APPL 250,2023-03-31 12:14:37,0,1,4,2023-03-31_RgbImage_2023-03-31_12-14-37.png,Switchgrass_J483.C_WW_T3.14.2023_I APPL 250,0.9453223796994433,1.9535780427977443
Switchgrass,RGB2,J483.C_WW_T3.14.2023_I APPL 250,2023-03-31 12:13:56,0,1,4,2023-03-31_RgbImage_2023-03-31_12-13-56.png,Switchgrass_J483.C_WW_T3.14.2023_I APPL 250,0.9517891314639411,0.970573608763516
Switchgrass,RGB1,J279.A_D_T3.12.2023_I APPL 397,2023-04-12 17:09:50,0,2,0,2023-04-12_RgbImage_2023-04-12_17-09-49.png,Switchgrass_J279.A_D_T3.12.2023_I APPL 397,0.9363212217712165,1.9222726202569902
Switchgrass,RGB2,J279.A_D_T3.12.2023_I APPL 397,2023-04-12 17:09:09,0,2,0,2023-04-12_RgbImage_2023-04-12_17-09-09.png,Switchgrass_J279.A_D_T3.12.2023_I APPL 397,0.9061744397642759,0.8784658629447222
Switchgrass,RGB1,J321.A_D_T3.16.2023_I APPL 76,2023-03-26 09:44:34,0,2,0,2023-03-26_RgbImage_2023-03-26_09-44-34.png,Switchgrass_J321.A_D_T3.16.2023_I APPL 76,0.8988515525337062,1.9703551242128015
Switchgrass,RGB2,J321.A_D_T3.16.2023_I APPL 76,2023-03-26 09:43:52,0,2,0,2023-03-26_RgbImage_2023-03-26_09-43-51.png,Switchgrass_J321.A_D_T3.16.2023_I APPL 76,0.9080683343148013,0.8616747059859335
Switchgrass,RGB1,AP13_D_I APPL 261,2022-11-25 11:42:21,0,2,1,2022-11-25_RgbImage_2022-11-25_11-42-21.png,Switchgrass_AP13_D_I APPL 261,0.9253943266374851,1.9790562759153545
Switchgrass,RGB2,AP13_D_I APPL 261,2022-11-25 11:41:39,0,2,1,2022-11-25_RgbImage_2022-11-25_11-41-38.png,Switchgrass_AP13_D_I APPL 261,0.7245223889758017,0.976607097312808
Switchgrass,RGB1,J272.A_D_T3.13.2023_I APPL 369,2023-03-23 09:23:53,0,2,1,2023-03-23_RgbImage_2023-03-23_09-23-52.png,Switchgrass_J272.A_D_T3.13.2023_I APPL 369,0.9390446379161095,1.9922649101354182
Switchgrass,RGB2,J272.A_D_T3.13.2023_I APPL 369,2023-03-23 09:23:12,0,2,1,2023-03-23_RgbImage_2023-03-23_09-23-11.png,Switchgrass_J272.A_D_T3.13.2023_I APPL 369,0.9030689728457165,0.9057717942632735
Switchgrass,RGB1,J615.A_WW_T3.14.2023_I APPL 247,2023-04-15 12:36:43,0,2,1,2023-04-15_RgbImage_2023-04-15_12-36-42.png,Switchgrass_J615.A_WW_T3.14.2023_I APPL 247,0.9593011890734874,2.0057717487215996
Switchgrass,RGB2,J615.A_WW_T3.14.2023_I APPL 247,2023-04-15 12:36:02,0,2,1,2023-04-15_RgbImage_2023-04-15_12-36-01.png,Switchgrass_J615.A_WW_T3.14.2023_I APPL 247,0.9406543366718061,0.9194655758328736
Switchgrass,RGB1,J008.D_D_I APPL 338,2022-12-08 11:58:16,0,2,2,2022-12-8_RgbImage_2022-12-08_11-58-15.png,Switchgrass_J008.D_D_I APPL 338,0.951747060114122,2.027345580048859
Switchgrass,RGB2,J008.D_D_I APPL 338,2022-12-08 11:56:53,0,2,2,2022-12-8_RgbImage_2022-12-08_11-56-53.png,Switchgrass_J008.D_D_I APPL 338,0.9561596822386509,0.8582722833380103
Switchgrass,RGB1,J215.A_WW_I APPL 21,2022-12-05 12:15:39,0,2,3,2022-12-5_RgbImage_2022-12-05_12-15-38.png,Switchgrass_J215.A_WW_I APPL 21,0.8073715361937328,1.9946271870285273
Switchgrass,RGB2,J215.A_WW_I APPL 21,2022-12-05 12:13:31,0,2,3,2022-12-5_RgbImage_2022-12-05_12-13-30.png,Switchgrass_J215.A_WW_I APPL 21,0.6791886409866454,0.8991802097298205
Switchgrass,RGB1,VS16_D_I APPL 124,2022-12-05 16:56:19,0,2,3,2022-12-5_RgbImage_2022-12-05_16-56-18.png,Switchgrass_VS16_D_I APPL 124,0.8801610877433729,1.9757893891073763
Switchgrass,RGB2,VS16_D_I APPL 124,2022-12-05 16:54:13,0,2,3,2022-12-5_RgbImage_2022-12-05_16-54-13.png,Switchgrass_VS16_D_I APPL 124,0.9136875465195629,0.9112551407888532
Switchgrass,RGB1,VS16_Xtra_I APPL 129,2022-12-21 17:39:29,0,2,3,2022-12-21_RgbImage_2022-12-21_17-39-28.png,Switchgrass_VS16_Xtra_I APPL 129,0.9529763980236322,1.9695498109795153
Switchgrass,RGB2,VS16_Xtra_I APPL 129,2022-12-21 17:38:10,0,2,3,2022-12-21_RgbImage_2022-12-21_17-38-10.png,Switchgrass_VS16_Xtra_I APPL 129,0.9331641926695209,0.8859766246750951
Switchgrass,RGB1,J215.A_WW_I APPL 131,2022-11-27 15:19:03,0,2,4,2022-11-27_RgbImage_2022-11-27_15-19-03.png,Switchgrass_J215.A_WW_I APPL 131,0.8823178729013398,1.9810480917803943
Switchgrass,RGB2,J215.A_WW_I APPL 131,2022-11-27 15:17:41,0,2,4,2022-11-27_RgbImage_2022-11-27_15-17-40.png,Switchgrass_J215.A_WW_I APPL 131,0.9007451564877921,0.8822932196781039
Switchgrass,RGB1,J215.A_WW_I APPL 21,2022-12-09 12:15:00,0,2,4,2022-12-9_RgbImage_2022-12-09_12-14-59.png,Switchgrass_J215.A_WW_I APPL 21,0.8437880851729949,1.8950877590104938
Switchgrass,RGB2,J215.A_WW_I APPL 21,2022-12-09 12:12:53,0,2,4,2022-12-9_RgbImage_2022-12-09_12-12-52.png,Switchgrass_J215.A_WW_I APPL 21,0.8094159449298375,0.9349712231196463
Switchgrass,RGB1,J481.C_D_T3.15.2023_I APPL 118,2023-05-06 16:22:55,0,2,4,2023-05-6_RgbImage_2023-05-06_16-22-54.png,Switchgrass_J481.C_D_T3.15.2023_I APPL 118,0.9554293913536902,1.9499116502702236
Switchgrass,RGB2,J481.C_D_T3.15.2023_I APPL 118,2023-05-06 16:22:15,0,2,4,2023-05-6_RgbImage_2023-05-06_16-22-14.png,Switchgrass_J481.C_D_T3.15.2023_I APPL 118,0.8859885105381685,0.9498817659914494
Switchgrass,RGB1,VS16_WW_I APPL 10,2022-11-27 11:51:14,0,2,4,2022-11-27_RgbImage_2022-11-27_11-51-13.png,Switchgrass_VS16_WW_I APPL 10,0.9292114605234549,1.954635210800916
Switchgrass,RGB2,VS16_WW_I APPL 10,2022-11-27 11:49:53,0,2,4,2022-11-27_RgbImage_2022-11-27_11-49-52.png,Switchgrass_VS16_WW_I APPL 10,0.9368421052639345,0.9000080758705735
Switchgrass,RGB1,J501.B_D_T3.14.2023_I APPL 279,2023-04-07 08:27:30,0,3,0,2023-04-7_RgbImage_2023-04-07_08-27-30.png,Switchgrass_J501.B_D_T3.14.2023_I APPL 279,0.9335489138275642,2.0144380247220397
Switchgrass,RGB1,J501.B_D_T3.14.2023_I APPL 279,2023-05-05 08:27:16,0,3,0,2023-05-5_RgbImage_2023-05-05_08-27-16.png,Switchgrass_J501.B_D_T3.14.2023_I APPL 279,0.9472227028901246,1.905986004974693
Switchgrass,RGB2,J501.B_D_T3.14.2023_I APPL 279,2023-04-07 08:26:50,0,3,0,2023-04-7_RgbImage_2023-04-07_08-26-49.png,Switchgrass_J501.B_D_T3.14.2023_I APPL 279,0.9014373115569967,0.8621260789223015
Switchgrass,RGB2,J501.B_D_T3.14.2023_I APPL 279,2023-05-05 08:26:37,0,3,0,2023-05-5_RgbImage_2023-05-05_08-26-37.png,Switchgrass_J501.B_D_T3.14.2023_I APPL 279,0.9349419670133013,0.9798584352247417
Switchgrass,RGB1,VS16_D_I APPL 60,2022-11-27 13:23:43,0,3,0,2022-11-27_RgbImage_2022-11-27_13-23-42.png,Switchgrass_VS16_D_I APPL 60,0.8297777625644702,1.955403053201735
Switchgrass,RGB1,VS16_D_I APPL 60,2022-12-01 13:23:02,0,3,0,2022-12-1_RgbImage_2022-12-01_13-23-02.png,Switchgrass_VS16_D_I APPL 60,0.8209129925931645,2.054543915670365
Switchgrass,RGB2,VS16_D_I APPL 60,2022-11-27 13:21:37,0,3,0,2022-11-27_RgbImage_2022-11-27_13-21-37.png,Switchgrass_VS16_D_I APPL 60,0.8602350853909854,0.8866185881197453
Switchgrass,RGB2,VS16_D_I APPL 60,2022-12-01 13:20:56,0,3,0,2022-12-1_RgbImage_2022-12-01_13-20-55.png,Switchgrass_VS16_D_I APPL 60,0.8763260748242916,0.8914118707180023
Switchgrass,RGB1,J215.A_D_I APPL 146,2022-11-27 14:12:44,0,3,1,2022-11-27_RgbImage_2022-11-27_14-12-44.png,Switchgrass_J215.A_D_I APPL 146,0.5547013601945948,1.9595266990363598
Switchgrass,RGB2,J215.A_D_I APPL 146,2022-11-27 14:11:19,0,3,1,2022-11-27_RgbImage_2022-11-27_14-11-19.png,Switchgrass_J215.A_D_I APPL 146,0.4340622930967322,0.9023331119678915
Switchgrass,RGB1,VS16_D_I APPL 402,2022-12-04 11:08:58,0,3,1,2022-12-4_RgbImage_2022-12-04_11-08-58.png,Switchgrass_VS16_D_I APPL 402,0.8688968047816135,1.993459508754313
Switchgrass,RGB2,VS16_D_I APPL 402,2022-12-04 11:07:37,0,3,1,2022-12-4_RgbImage_2022-12-04_11-07-36.png,Switchgrass_VS16_D_I APPL 402,0.8095733610945907,0.9778554160147905
Switchgrass,RGB1,VS16_D_I APPL 60,2023-01-06 13:15:35,0,3,1,2023-01-6_RgbImage_2023-01-06_13-15-34.png,Switchgrass_VS16_D_I APPL 60,0.9362054048560206,1.9863023567013443
Switchgrass,RGB2,VS16_D_I APPL 60,2023-01-06 13:14:54,0,3,1,2023-01-6_RgbImage_2023-01-06_13-14-54.png,Switchgrass_VS16_D_I APPL 60,0.686998078541484,0.9027321459725499
Switchgrass,RGB1,J303.A_D_T3.15.2023_I APPL 144,2023-04-08 13:23:37,0,3,2,2023-04-8_RgbImage_2023-04-08_13-23-37.png,Switchgrass_J303.A_D_T3.15.2023_I APPL 144,0.912168365546362,2.0458054430782795
Switchgrass,RGB1,J303.A_D_T3.15.2023_I APPL 144,2023-04-24 13:21:08,0,3,2,2023-04-24_RgbImage_2023-04-24_13-21-08.png,Switchgrass_J303.A_D_T3.15.2023_I APPL 144,0.9327320747672438,1.9150128429755569
Switchgrass,RGB2,J303.A_D_T3.15.2023_I APPL 144,2023-04-08 13:22:57,0,3,2,2023-04-8_RgbImage_2023-04-08_13-22-56.png,Switchgrass_J303.A_D_T3.15.2023_I APPL 144,0.8662924166161952,0.937841690145433
Switchgrass,RGB2,J303.A_D_T3.15.2023_I APPL 144,2023-04-24 13:20:28,0,3,2,2023-04-24_RgbImage_2023-04-24_13-20-28.png,Switchgrass_J303.A_D_T3.15.2023_I APPL 144,0.8767533584431549,0.8777466439642012
Switchgrass,RGB1,VS16_D_I APPL 402,2022-11-25 11:09:53,0,3,2,2022-11-25_RgbImage_2022-11-25_11-09-52.png,Switchgrass_VS16_D_I APPL 402,0.8003063201135048,1.936414117924869
Switchgrass,RGB2,VS16_D_I APPL 402,2022-11-25 11:08:28,0,3,2,2022-11-25_RgbImage_2022-11-25_11-08-28.png,Switchgrass_VS16_D_I APPL 402,0.8293471234758018,0.9404181120917201
Switchgrass,RGB1,J215.A_WW_I APPL 21,2022-12-03 12:15:55,0,3,4,2022-12-3_RgbImage_2022-12-03_12-15-55.png,Switchgrass_J215.A_WW_I APPL 21,0.7590047393507698,2.016255870927125
Switchgrass,RGB2,J215.A_WW_I APPL 21,2022-12-03 12:13:47,0,3,4,2022-12-3_RgbImage_2022-12-03_12-13-46.png,Switchgrass_J215.A_WW_I APPL 21,0.6670014647555137,0.9148468216881156
Switchgrass,RGB1,VS16_Xtra_I APPL 129,2022-12-20 17:55:55,0,3,4,2022-12-20_RgbImage_2022-12-20_17-55-54.png,Switchgrass_VS16_Xtra_I APPL 129,0.9441174509462625,1.9887280319817364
Switchgrass,RGB1,VS16_Xtra_I APPL 129,2022-12-18 17:40:39,0,3,4,2022-12-18_RgbImage_2022-12-18_17-40-38.png,Switchgrass_VS16_Xtra_I APPL 129,0.9337742087865867,1.90006543090567
Switchgrass,RGB1,VS16_Xtra_I APPL 129,2022-12-14 17:41:49,0,3,4,2022-12-14_RgbImage_2022-12-14_17-41-48.png,Switchgrass_VS16_Xtra_I APPL 129,0.9483214649037615,1.975353364367038
Switchgrass,RGB2,VS16_Xtra_I APPL 129,2022-12-20 17:54:36,0,3,4,2022-12-20_RgbImage_2022-12-20_17-54-35.png,Switchgrass_VS16_Xtra_I APPL 129,0.9446471054723964,0.9409711267799139
Switchgrass,RGB2,VS16_Xtra_I APPL 129,2022-12-18 17:40:00,0,3,4,2022-12-18_RgbImage_2022-12-18_17-40-00.png,Switchgrass_VS16_Xtra_I APPL 129,0.9646785813870904,0.8890502671711147
Switchgrass,RGB2,VS16_Xtra_I APPL 129,2022-12-14 17:41:09,0,3,4,2022-12-14_RgbImage_2022-12-14_17-41-08.png,Switchgrass_VS16_Xtra_I APPL 129,0.960762147012874,0.986253506038338
Switchgrass,RGB1,J215.A_WW_I APPL 21,2022-11-25 12:17:06,0,4,0,2022-11-25_RgbImage_2022-11-25_12-17-06.png,Switchgrass_J215.A_WW_I APPL 21,0.7162828947562855,1.9439671793952584
Switchgrass,RGB2,J215.A_WW_I APPL 21,2022-11-25 12:14:59,0,4,0,2022-11-25_RgbImage_2022-11-25_12-14-58.png,Switchgrass_J215.A_WW_I APPL 21,0.5682197069783084,0.8934453572146595
Switchgrass,RGB1,VS16_D_I APPL 60,2022-12-30 13:16:52,0,4,0,2022-12-30_RgbImage_2022-12-30_13-16-51.png,Switchgrass_VS16_D_I APPL 60,0.880074228719222,2.0626072008162737
Switchgrass,RGB1,VS16_D_I APPL 60,2022-12-14 13:20:17,0,4,0,2022-12-14_RgbImage_2022-12-14_13-20-16.png,Switchgrass_VS16_D_I APPL 60,0.8753815988713266,1.9462716770358384
Switchgrass,RGB1,VS16_D_I APPL 60,2022-12-08 13:21:51,0,4,0,2022-12-8_RgbImage_2022-12-08_13-21-50.png,Switchgrass_VS16_D_I APPL 60,0.8685842878200691,1.9885028060525656
Switchgrass,RGB2,VS16_D_I APPL 60,2022-12-30 13:15:29,0,4,0,2022-12-30_RgbImage_2022-12-30_13-15-28.png,Switchgrass_VS16_D_I APPL 60,0.6851633089720902,0.9008257309906185
Switchgrass,RGB2,VS16_D_I APPL 60,2022-12-14 13:18:54,0,4,0,2022-12-14_RgbImage_2022-12-14_13-18-54.png,Switchgrass_VS16_D_I APPL 60,0.7386276021689041,0.8668485279195011
Switchgrass,RGB2,VS16_D_I APPL 60,2022-12-08 13:19:48,0,4,0,2022-12-8_RgbImage_2022-12-08_13-19-47.png,Switchgrass_VS16_D_I APPL 60,0.7576033057951403,1.0027365018613636
Switchgrass,RGB1,J317.A_D_I APPL 123,2022-11-25 17:08:08,0,4,1,2022-11-25_RgbImage_2022-11-25_17-08-07.png,Switchgrass_J317.A_D_I APPL 123,0.8329695184537524,1.9794342597015202
Switchgrass,RGB1,J317.A_D_I APPL 123,2022-11-28 17:04:13,0,4,1,2022-11-28_RgbImage_2022-11-28_17-04-13.png,Switchgrass_J317.A_D_I APPL 123,0.8386303055198219,2.0511142699979246
Switchgrass,RGB2,J317.A_D_I APPL 123,2022-11-25 17:06:43,0,4,1,2022-11-25_RgbImage_2022-11-25_17-06-43.png,Switchgrass_J317.A_D_I APPL 123,0.6882026338875693,0.8976972461678088
Switchgrass,RGB2,J317.A_D_I APPL 123,2022-11-28 17:02:50,0,4,1,2022-11-28_RgbImage_2022-11-28_17-02-50.png,Switchgrass_J317.A_D_I APPL 123,0.7343677726027347,2.0101248789578676
Switchgrass,RGB1,VS16_D_I APPL 124,2022-11-25 17:00:29,0,4,1,2022-11-25_RgbImage_2022-11-25_17-00-29.png,Switchgrass_VS16_D_I APPL 124,0.702673714877601,2.523790084756911
Switchgrass,RGB2,VS16_D_I APPL 124,2022-11-25 16:58:21,0,4,1,2022-11-25_RgbImage_2022-11-25_16-58-20.png,Switchgrass_VS16_D_I APPL 124,3.1938677728540824e-10,1.6263382430188358
Switchgrass,RGB1,VS16_D_I APPL 124,2022-11-26 16:59:48,0,4,2,2022-11-26_RgbImage_2022-11-26_16-59-48.png,Switchgrass_VS16_D_I APPL 124,0.7026866558035708,2.2329742670990527
Switchgrass,RGB1,VS16_D_I APPL 124,2022-11-27 16:59:26,0,4,2,2022-11-27_RgbImage_2022-11-27_16-59-26.png,Switchgrass_VS16_D_I APPL 124,0.7200711451826467,3.716642262879759
Switchgrass,RGB2,VS16_D_I APPL 124,2022-11-26 16:57:41,0,4,2,2022-11-26_RgbImage_2022-11-26_16-57-40.png,Switchgrass_VS16_D_I APPL 124,0.3799858391833878,2.280649920925498
Switchgrass,RGB2,VS16_D_I APPL 124,2022-11-27 16:57:17,0,4,2,2022-11-27_RgbImage_2022-11-27_16-57-17.png,Switchgrass_VS16_D_I APPL 124,0.7174494081980289,2.328940728213638
Switchgrass,RGB1,VS16_Xtra_I APPL 129,2022-11-29 17:47:58,0,4,2,2022-11-29_RgbImage_2022-11-29_17-47-57.png,Switchgrass_VS16_Xtra_I APPL 129,0.7453955751334764,4.414035157766193
Switchgrass,RGB1,VS16_Xtra_I APPL 129,2022-11-25 19:20:05,0,4,2,2022-11-25_RgbImage_2022-11-25_19-20-04.png,Switchgrass_VS16_Xtra_I APPL 129,0.4769917145344816,5.184710011817515
Switchgrass,RGB2,VS16_Xtra_I APPL 129,2022-11-29 17:46:34,0,4,2,2022-11-29_RgbImage_2022-11-29_17-46-33.png,Switchgrass_VS16_Xtra_I APPL 129,0.2602230485235733,2.3135204622521996
Switchgrass,RGB2,VS16_Xtra_I APPL 129,2022-11-25 19:18:34,0,4,2,2022-11-25_RgbImage_2022-11-25_19-18-34.png,Switchgrass_VS16_Xtra_I APPL 129,1.34228187739291e-09,1.2409037528559566
Switchgrass,RGB1,J003.F_D_T3.14.2023_I APPL 256,2023-03-24 11:24:56,0,4,3,2023-03-24_RgbImage_2023-03-24_11-24-56.png,Switchgrass_J003.F_D_T3.14.2023_I APPL 256,0.8970788705016027,3.7875554938800633
Switchgrass,RGB2,J003.F_D_T3.14.2023_I APPL 256,2023-03-24 11:24:13,0,4,3,2023-03-24_RgbImage_2023-03-24_11-24-13.png,Switchgrass_J003.F_D_T3.14.2023_I APPL 256,0.48016139887690623,0.8686612653546035
Switchgrass,RGB1,J008.D_D_I APPL 338,2022-11-27 11:58:53,0,4,3,2022-11-27_RgbImage_2022-11-27_11-58-53.png,Switchgrass_J008.D_D_I APPL 338,0.8991029257964591,1.9529541619122028
Switchgrass,RGB1,J008.D_D_I APPL 338,2022-11-26 11:58:50,0,4,3,2022-11-26_RgbImage_2022-11-26_11-58-49.png,Switchgrass_J008.D_D_I APPL 338,0.8902916848096806,2.0516938366927207
Switchgrass,RGB2,J008.D_D_I APPL 338,2022-11-27 11:58:11,0,4,3,2022-11-27_RgbImage_2022-11-27_11-58-10.png,Switchgrass_J008.D_D_I APPL 338,0.879131934472612,0.9148146910592914
Switchgrass,RGB2,J008.D_D_I APPL 338,2022-11-26 11:58:08,0,4,3,2022-11-26_RgbImage_2022-11-26_11-58-07.png,Switchgrass_J008.D_D_I APPL 338,0.8733417828581883,0.9224769487045705
Switchgrass,RGB1,J021.C_D_T3.15.2023_I APPL 177,2023-03-25 09:06:22,0,4,3,2023-03-25_RgbImage_2023-03-25_09-06-22.png,Switchgrass_J021.C_D_T3.15.2023_I APPL 177,0.796688676476132,1.9459330751560628
Switchgrass,RGB2,J021.C_D_T3.15.2023_I APPL 177,2023-03-25 09:05:39,0,4,3,2023-03-25_RgbImage_2023-03-25_09-05-39.png,Switchgrass_J021.C_D_T3.15.2023_I APPL 177,5.73065902250392e-10,0.9031703541986644
Switchgrass,RGB1,J003.F_WW_T3.14.2023_I APPL 199,2023-04-07 18:30:51,0,4,4,2023-04-7_RgbImage_2023-04-07_18-30-50.png,Switchgrass_J003.F_WW_T3.14.2023_I APPL 199,0.7284618287349438,1.9681265177205205
Switchgrass,RGB1,J003.F_WW_T3.14.2023_I APPL 199,2023-03-24 18:34:29,0,4,4,2023-03-24_RgbImage_2023-03-24_18-34-28.png,Switchgrass_J003.F_WW_T3.14.2023_I APPL 199,0.7413610095835168,1.9046006659045815
Switchgrass,RGB1,J003.F_WW_T3.14.2023_I APPL 199,2023-03-31 18:31:35,0,4,4,2023-03-31_RgbImage_2023-03-31_18-31-34.png,Switchgrass_J003.F_WW_T3.14.2023_I APPL 199,0.6899724011447007,1.897504427935928
Switchgrass,RGB1,J003.F_WW_T3.14.2023_I APPL 199,2023-04-15 18:24:57,0,4,4,2023-04-15_RgbImage_2023-04-15_18-24-56.png,Switchgrass_J003.F_WW_T3.14.2023_I APPL 199,0.7107438016902449,1.9518329207785428
Switchgrass,RGB2,J003.F_WW_T3.14.2023_I APPL 199,2023-04-07 18:30:08,0,4,4,2023-04-7_RgbImage_2023-04-07_18-30-07.png,Switchgrass_J003.F_WW_T3.14.2023_I APPL 199,1.4541224368977573e-10,0.8651446863077581
Switchgrass,RGB2,J003.F_WW_T3.14.2023_I APPL 199,2023-03-24 18:33:45,0,4,4,2023-03-24_RgbImage_2023-03-24_18-33-45.png,Switchgrass_J003.F_WW_T3.14.2023_I APPL 199,2.8050490875722163e-10,0.8790649957954884
Switchgrass,RGB2,J003.F_WW_T3.14.2023_I APPL 199,2023-03-31 18:30:51,0,4,4,2023-03-31_RgbImage_2023-03-31_18-30-51.png,Switchgrass_J003.F_WW_T3.14.2023_I APPL 199,1.8542555160663348e-10,0.9632287020795047
Switchgrass,RGB2,J003.F_WW_T3.14.2023_I APPL 199,2023-04-15 18:24:13,0,4,4,2023-04-15_RgbImage_2023-04-15_18-24-12.png,Switchgrass_J003.F_WW_T3.14.2023_I APPL 199,1.682368774952495e-10,0.8770343568176031
Switchgrass,RGB1,AP13_WW_I APPL 133,2022-11-29 15:27:38,1,0,0,2022-11-29_RgbImage_2022-11-29_15-27-38.png,Switchgrass_AP13_WW_I APPL 133,0.581408665815861,1.958830573130399
Switchgrass,RGB2,AP13_WW_I APPL 133,2022-11-29 15:25:30,1,0,0,2022-11-29_RgbImage_2022-11-29_15-25-30.png,Switchgrass_AP13_WW_I APPL 133,0.5094683176421215,0.9641224499791861
Switchgrass,RGB1,J235.A_WW_T3.13.2023_I APPL 332,2023-03-30 13:58:02,1,0,0,2023-03-30_RgbImage_2023-03-30_13-58-01.png,Switchgrass_J235.A_WW_T3.13.2023_I APPL 332,0.9584357997479744,1.9360803868621588
Switchgrass,RGB2,J235.A_WW_T3.13.2023_I APPL 332,2023-03-30 13:57:24,1,0,0,2023-03-30_RgbImage_2023-03-30_13-57-24.png,Switchgrass_J235.A_WW_T3.13.2023_I APPL 332,0.9373918570576522,0.8887827703729272
Switchgrass,RGB1,J249.C_D_T3.12.2023_I APPL 406,2023-03-29 16:19:53,1,0,0,2023-03-29_RgbImage_2023-03-29_16-19-53.png,Switchgrass_J249.C_D_T3.12.2023_I APPL 406,0.9595559626207051,2.0467472430318594
Switchgrass,RGB2,J249.C_D_T3.12.2023_I APPL 406,2023-03-29 16:19:14,1,0,0,2023-03-29_RgbImage_2023-03-29_16-19-14.png,Switchgrass_J249.C_D_T3.12.2023_I APPL 406,0.9452419878617206,0.9030064139515162
Switchgrass,RGB1,J211.A_D_T3.14.2023_I APPL 239,2023-03-31 13:30:13,1,0,1,2023-03-31_RgbImage_2023-03-31_13-30-12.png,Switchgrass_J211.A_D_T3.14.2023_I APPL 239,0.9288826183362706,1.8988568149507046
Switchgrass,RGB2,J211.A_D_T3.14.2023_I APPL 239,2023-03-31 13:29:31,1,0,1,2023-03-31_RgbImage_2023-03-31_13-29-31.png,Switchgrass_J211.A_D_T3.14.2023_I APPL 239,0.9335556229167065,0.9306544912979007
Switchgrass,RGB1,J416.A_WW_T3.12.2023_I APPL 425,2023-03-29 13:58:46,1,0,1,2023-03-29_RgbImage_2023-03-29_13-58-45.png,Switchgrass_J416.A_WW_T3.12.2023_I APPL 425,0.9321441224952265,1.974696601741016
Switchgrass,RGB2,J416.A_WW_T3.12.2023_I APPL 425,2023-03-29 13:58:06,1,0,1,2023-03-29_RgbImage_2023-03-29_13-58-05.png,Switchgrass_J416.A_WW_T3.12.2023_I APPL 425,0.9519242949221269,0.9061627318151295
Switchgrass,RGB1,J215.A_WW_T3.16.2023_I APPL 33,2023-04-02 15:11:44,1,0,2,2023-04-2_RgbImage_2023-04-02_15-11-43.png,Switchgrass_J215.A_WW_T3.16.2023_I APPL 33,0.9614372482261294,2.0744866523891687
Switchgrass,RGB2,J215.A_WW_T3.16.2023_I APPL 33,2023-04-02 15:11:04,1,0,2,2023-04-2_RgbImage_2023-04-02_15-11-03.png,Switchgrass_J215.A_WW_T3.16.2023_I APPL 33,0.921160403708533,0.9017247008159757
Switchgrass,RGB1,J461.C_WW_T3.15.2023_I APPL 136,2023-04-01 14:15:51,1,0,2,2023-04-1_RgbImage_2023-04-01_14-15-50.png,Switchgrass_J461.C_WW_T3.15.2023_I APPL 136,0.9239398612196619,1.9795363722369075
Switchgrass,RGB2,J461.C_WW_T3.15.2023_I APPL 136,2023-04-01 14:15:11,1,0,2,2023-04-1_RgbImage_2023-04-01_14-15-10.png,Switchgrass_J461.C_WW_T3.15.2023_I APPL 136,0.9304608113435963,0.9109000791795552
Switchgrass,RGB1,J600.A_WW_T3.14.2023_I APPL 226,2023-03-31 15:19:15,1,0,2,2023-03-31_RgbImage_2023-03-31_15-19-14.png,Switchgrass_J600.A_WW_T3.14.2023_I APPL 226,0.9378733771656887,1.952303600963205
Switchgrass,RGB2,J600.A_WW_T3.14.2023_I APPL 226,2023-03-31 15:18:34,1,0,2,2023-03-31_RgbImage_2023-03-31_15-18-33.png,Switchgrass_J600.A_WW_T3.14.2023_I APPL 226,0.9598706356017308,0.9927993919700384
Switchgrass,RGB1,J181.A_WW_T3.13.2023_I APPL 310,2023-04-06 16:43:33,1,0,3,2023-04-6_RgbImage_2023-04-06_16-43-32.png,Switchgrass_J181.A_WW_T3.13.2023_I APPL 310,0.8995815899607209,1.9417813858017325
Switchgrass,RGB2,J181.A_WW_T3.13.2023_I APPL 310,2023-04-06 16:42:51,1,0,3,2023-04-6_RgbImage_2023-04-06_16-42-50.png,Switchgrass_J181.A_WW_T3.13.2023_I APPL 310,0.8534671226006652,0.8866613889113069
Switchgrass,RGB1,J322.A_D_T3.12.2023_I APPL 424,2023-03-29 14:07:09,1,0,3,2023-03-29_RgbImage_2023-03-29_14-07-08.png,Switchgrass_J322.A_D_T3.12.2023_I APPL 424,0.9126131101588484,1.9736655820161104
Switchgrass,RGB2,J322.A_D_T3.12.2023_I APPL 424,2023-03-29 14:06:27,1,0,3,2023-03-29_RgbImage_2023-03-29_14-06-26.png,Switchgrass_J322.A_D_T3.12.2023_I APPL 424,0.8826364465298658,0.8928159959614277
Switchgrass,RGB1,J446.B_D_T3.12.2023_I APPL 413,2023-03-29 15:22:04,1,0,3,2023-03-29_RgbImage_2023-03-29_15-22-03.png,Switchgrass_J446.B_D_T3.12.2023_I APPL 413,0.960432195065809,1.9615416480228305
Switchgrass,RGB2,J446.B_D_T3.12.2023_I APPL 413,2023-03-29 15:21:20,1,0,3,2023-03-29_RgbImage_2023-03-29_15-21-20.png,Switchgrass_J446.B_D_T3.12.2023_I APPL 413,0.9615395762688895,0.8980169990099967
Switchgrass,RGB1,J585.A_WW_T3.14.2023_I APPL 268,2023-04-07 09:59:30,1,0,3,2023-04-7_RgbImage_2023-04-07_09-59-30.png,Switchgrass_J585.A_WW_T3.14.2023_I APPL 268,0.9470657006566903,1.9889933727681637
Switchgrass,RGB2,J585.A_WW_T3.14.2023_I APPL 268,2023-04-07 09:58:52,1,0,3,2023-04-7_RgbImage_2023-04-07_09-58-51.png,Switchgrass_J585.A_WW_T3.14.2023_I APPL 268,0.9482796246457192,0.9607699820771813
Switchgrass,RGB1,J340.A_D_T3.13.2023_I APPL 343,2023-04-28 12:38:02,1,0,4,2023-04-28_RgbImage_2023-04-28_12-38-02.png,Switchgrass_J340.A_D_T3.13.2023_I APPL 343,0.9362508975069448,1.9761005160398781
Switchgrass,RGB2,J340.A_D_T3.13.2023_I APPL 343,2023-04-28 12:37:23,1,0,4,2023-04-28_RgbImage_2023-04-28_12-37-23.png,Switchgrass_J340.A_D_T3.13.2023_I APPL 343,0.9524076671345457,0.8758629318326712
Switchgrass,RGB1,J466.A_D_T3.15.2023_I APPL 173,2023-04-08 09:38:14,1,0,4,2023-04-8_RgbImage_2023-04-08_09-38-13.png,Switchgrass_J466.A_D_T3.15.2023_I APPL 173,0.9392773124135557,1.9931995063088834
Switchgrass,RGB2,J466.A_D_T3.15.2023_I APPL 173,2023-04-08 09:37:36,1,0,4,2023-04-8_RgbImage_2023-04-08_09-37-35.png,Switchgrass_J466.A_D_T3.15.2023_I APPL 173,0.9142948892478425,0.86953986575827
Switchgrass,RGB1,J482.C_WW_T3.15.2023_I APPL 103,2023-04-01 18:36:02,1,0,4,2023-04-1_RgbImage_2023-04-01_18-36-01.png,Switchgrass_J482.C_WW_T3.15.2023_I APPL 103,0.9550155559419097,2.031231385655701
Switchgrass,RGB2,J482.C_WW_T3.15.2023_I APPL 103,2023-04-01 18:35:22,1,0,4,2023-04-1_RgbImage_2023-04-01_18-35-21.png,Switchgrass_J482.C_WW_T3.15.2023_I APPL 103,0.9567240062170208,0.9016722100786865
Switchgrass,RGB1,AP13_WW_I APPL 133,2022-12-15 15:23:38,1,1,0,2022-12-15_RgbImage_2022-12-15_15-23-37.png,Switchgrass_AP13_WW_I APPL 133,0.9050867323030346,1.9959966642782092
Switchgrass,RGB1,AP13_WW_I APPL 133,2022-12-21 15:21:53,1,1,0,2022-12-21_RgbImage_2022-12-21_15-21-52.png,Switchgrass_AP13_WW_I APPL 133,0.9161578379343561,2.034164991695434
Switchgrass,RGB2,AP13_WW_I APPL 133,2022-12-15 15:21:33,1,1,0,2022-12-15_RgbImage_2022-12-15_15-21-32.png,Switchgrass_AP13_WW_I APPL 133,0.940853861572698,0.8878065841272473
Switchgrass,RGB2,AP13_WW_I APPL 133,2022-12-21 15:19:49,1,1,0,2022-12-21_RgbImage_2022-12-21_15-19-49.png,Switchgrass_AP13_WW_I APPL 133,0.9468041594289841,0.9085364700295031
Switchgrass,RGB1,J341.A_D_T3.14.2023_I APPL 248,2023-04-07 12:31:15,1,1,0,2023-04-7_RgbImage_2023-04-07_12-31-15.png,Switchgrass_J341.A_D_T3.14.2023_I APPL 248,0.9634227963324442,1.9840033380314708
Switchgrass,RGB2,J341.A_D_T3.14.2023_I APPL 248,2023-04-07 12:30:36,1,1,0,2023-04-7_RgbImage_2023-04-07_12-30-36.png,Switchgrass_J341.A_D_T3.14.2023_I APPL 248,0.9122343536087165,0.9062233571894467
Switchgrass,RGB1,J008.D_Xtra_I APPL 122,2022-12-19 17:16:27,1,1,1,2022-12-19_RgbImage_2022-12-19_17-16-26.png,Switchgrass_J008.D_Xtra_I APPL 122,0.9597671809714023,1.99726641504094
Switchgrass,RGB2,J008.D_Xtra_I APPL 122,2022-12-19 17:15:08,1,1,1,2022-12-19_RgbImage_2022-12-19_17-15-07.png,Switchgrass_J008.D_Xtra_I APPL 122,0.9730515712870199,0.9248827770352364
Switchgrass,RGB1,J209.A_D_T3.16.2023_I APPL 14,2023-04-02 17:34:52,1,1,1,2023-04-2_RgbImage_2023-04-02_17-34-52.png,Switchgrass_J209.A_D_T3.16.2023_I APPL 14,0.960532039323346,1.9485717946663499
Switchgrass,RGB2,J209.A_D_T3.16.2023_I APPL 14,2023-04-02 17:34:11,1,1,1,2023-04-2_RgbImage_2023-04-02_17-34-11.png,Switchgrass_J209.A_D_T3.16.2023_I APPL 14,0.898920486684812,0.934263083152473
Switchgrass,RGB1,J652.A_WW_T3.15.2023_I APPL 129,2023-04-08 15:12:12,1,1,1,2023-04-8_RgbImage_2023-04-08_15-12-12.png,Switchgrass_J652.A_WW_T3.15.2023_I APPL 129,0.9569708917500039,2.037789986934513
Switchgrass,RGB2,J652.A_WW_T3.15.2023_I APPL 129,2023-04-08 15:11:32,1,1,1,2023-04-8_RgbImage_2023-04-08_15-11-32.png,Switchgrass_J652.A_WW_T3.15.2023_I APPL 129,0.9612987953500883,0.8926532389596105
Switchgrass,RGB1,J020.C_WW_T3.12.2023_I APPL 496,2023-04-12 09:55:42,1,1,2,2023-04-12_RgbImage_2023-04-12_09-55-42.png,Switchgrass_J020.C_WW_T3.12.2023_I APPL 496,0.9456328632034223,2.0168785583227873
Switchgrass,RGB2,J020.C_WW_T3.12.2023_I APPL 496,2023-04-12 09:55:00,1,1,2,2023-04-12_RgbImage_2023-04-12_09-55-00.png,Switchgrass_J020.C_WW_T3.12.2023_I APPL 496,0.8832188167492316,0.9364108638837934
Switchgrass,RGB1,J458.C_D_T3.15.2023_I APPL 120,2023-04-08 16:10:40,1,1,2,2023-04-8_RgbImage_2023-04-08_16-10-39.png,Switchgrass_J458.C_D_T3.15.2023_I APPL 120,0.9318150567208155,1.9295948240906
Switchgrass,RGB2,J458.C_D_T3.15.2023_I APPL 120,2023-04-08 16:10:00,1,1,2,2023-04-8_RgbImage_2023-04-08_16-10-00.png,Switchgrass_J458.C_D_T3.15.2023_I APPL 120,0.935941651521745,0.8792356587946415
Switchgrass,RGB1,J576.A_WW_T3.14.2023_I APPL 263,2023-03-31 10:42:10,1,1,2,2023-03-31_RgbImage_2023-03-31_10-42-09.png,Switchgrass_J576.A_WW_T3.14.2023_I APPL 263,0.9567427561668479,2.084252987988293
Switchgrass,RGB2,J576.A_WW_T3.14.2023_I APPL 263,2023-03-31 10:41:30,1,1,2,2023-03-31_RgbImage_2023-03-31_10-41-29.png,Switchgrass_J576.A_WW_T3.14.2023_I APPL 263,0.9393291228073581,0.9014041153714061
Switchgrass,RGB1,J008.D_D_I APPL 5,2022-11-30 10:37:07,1,1,3,2022-11-30_RgbImage_2022-11-30_10-37-07.png,Switchgrass_J008.D_D_I APPL 5,0.8724324796811374,2.0313333589583635
Switchgrass,RGB2,J008.D_D_I APPL 5,2022-11-30 10:35:00,1,1,3,2022-11-30_RgbImage_2022-11-30_10-35-00.png,Switchgrass_J008.D_D_I APPL 5,0.8423935669089508,0.9023317671380937
Switchgrass,RGB1,J327.A_WW_T3.12.2023_I APPL 418,2023-03-29 14:40:20,1,1,3,2023-03-29_RgbImage_2023-03-29_14-40-20.png,Switchgrass_J327.A_WW_T3.12.2023_I APPL 418,0.9588965952556042,1.983086904976517
Switchgrass,RGB2,J327.A_WW_T3.12.2023_I APPL 418,2023-03-29 14:39:45,1,1,3,2023-03-29_RgbImage_2023-03-29_14-39-44.png,Switchgrass_J327.A_WW_T3.12.2023_I APPL 418,0.9572456662907564,0.9872995526529849
Switchgrass,RGB1,J458.B_WW_T3.14.2023_I APPL 252,2023-04-22 11:54:58,1,1,3,2023-04-22_RgbImage_2023-04-22_11-54-58.png,Switchgrass_J458.B_WW_T3.14.2023_I APPL 252,0.9613334520660705,2.007058568764478
Switchgrass,RGB2,J458.B_WW_T3.14.2023_I APPL 252,2023-04-22 11:54:24,1,1,3,2023-04-22_RgbImage_2023-04-22_11-54-23.png,Switchgrass_J458.B_WW_T3.14.2023_I APPL 252,0.9365780041505591,0.912669864948839
Switchgrass,RGB1,J586.B_WW_T3.16.2023_I APPL 63,2023-04-17 11:31:22,1,1,3,2023-04-17_RgbImage_2023-04-17_11-31-22.png,Switchgrass_J586.B_WW_T3.16.2023_I APPL 63,0.9443436030793934,2.0218459591269493
Switchgrass,RGB2,J586.B_WW_T3.16.2023_I APPL 63,2023-04-17 11:30:43,1,1,3,2023-04-17_RgbImage_2023-04-17_11-30-42.png,Switchgrass_J586.B_WW_T3.16.2023_I APPL 63,0.9457247312611915,0.8879117537289858
Switchgrass,RGB1,J182.A_WW_T3.13.2023_I APPL 385,2023-04-20 07:26:07,1,1,4,2023-04-20_RgbImage_2023-04-20_07-26-07.png,Switchgrass_J182.A_WW_T3.13.2023_I APPL 385,0.9484036369676669,2.010707799345255
Switchgrass,RGB2,J182.A_WW_T3.13.2023_I APPL 385,2023-04-20 07:25:29,1,1,4,2023-04-20_RgbImage_2023-04-20_07-25-28.png,Switchgrass_J182.A_WW_T3.13.2023_I APPL 385,0.9501401826463258,0.9407588350586593
Switchgrass,RGB1,J215.A_WW_I APPL 152,2022-12-15 13:53:38,1,1,4,2022-12-15_RgbImage_2022-12-15_13-53-38.png,Switchgrass_J215.A_WW_I APPL 152,0.9528400795254247,1.929892797023058
Switchgrass,RGB1,J215.A_WW_I APPL 152,2022-12-06 13:55:05,1,1,4,2022-12-6_RgbImage_2022-12-06_13-55-04.png,Switchgrass_J215.A_WW_I APPL 152,0.934848499008056,2.001086958684027
Switchgrass,RGB2,J215.A_WW_I APPL 152,2022-12-15 13:51:37,1,1,4,2022-12-15_RgbImage_2022-12-15_13-51-37.png,Switchgrass_J215.A_WW_I APPL 152,0.9546944418749398,0.9263667734339833
Switchgrass,RGB2,J215.A_WW_I APPL 152,2022-12-06 13:53:04,1,1,4,2022-12-6_RgbImage_2022-12-06_13-53-04.png,Switchgrass_J215.A_WW_I APPL 152,0.9316016362338011,0.8723087711259723
Switchgrass,RGB1,J477.B_WW_T3.16.2023_I APPL 38,2023-04-10 14:27:24,1,1,4,2023-04-10_RgbImage_2023-04-10_14-27-24.png,Switchgrass_J477.B_WW_T3.16.2023_I APPL 38,0.9631416458899419,2.106260478962213
Switchgrass,RGB2,J477.B_WW_T3.16.2023_I APPL 38,2023-04-10 14:26:45,1,1,4,2023-04-10_RgbImage_2023-04-10_14-26-45.png,Switchgrass_J477.B_WW_T3.16.2023_I APPL 38,0.9274253394189896,0.886906391941011
Switchgrass,RGB1,J235.A_D_T3.13.2023_I APPL 297,2023-04-14 23:05:00,1,2,0,2023-04-14_RgbImage_2023-04-14_23-04-59.png,Switchgrass_J235.A_D_T3.13.2023_I APPL 297,0.9547651734523439,1.937938748858869
Switchgrass,RGB2,J235.A_D_T3.13.2023_I APPL 297,2023-04-14 23:04:19,1,2,0,2023-04-14_RgbImage_2023-04-14_23-04-18.png,Switchgrass_J235.A_D_T3.13.2023_I APPL 297,0.8589565763237238,0.9544169791042805
Switchgrass,RGB1,J251.B_WW_T3.12.2023_I APPL 518,2023-04-05 09:31:13,1,2,0,2023-04-5_RgbImage_2023-04-05_09-31-12.png,Switchgrass_J251.B_WW_T3.12.2023_I APPL 518,0.976657991308445,1.9540587589144707
Switchgrass,RGB2,J251.B_WW_T3.12.2023_I APPL 518,2023-04-05 09:30:38,1,2,0,2023-04-5_RgbImage_2023-04-05_09-30-37.png,Switchgrass_J251.B_WW_T3.12.2023_I APPL 518,0.9570518189435414,0.9287262540310621
Switchgrass,RGB1,J587.C_D_T3.16.2023_I APPL 37,2023-04-10 14:35:46,1,2,0,2023-04-10_RgbImage_2023-04-10_14-35-46.png,Switchgrass_J587.C_D_T3.16.2023_I APPL 37,0.9472381247103673,2.077289439737797
Switchgrass,RGB2,J587.C_D_T3.16.2023_I APPL 37,2023-04-10 14:35:06,1,2,0,2023-04-10_RgbImage_2023-04-10_14-35-05.png,Switchgrass_J587.C_D_T3.16.2023_I APPL 37,0.9478069590724136,0.8965905532240868
Switchgrass,RGB1,J306.A_WW_T3.12.2023_I APPL 437,2023-04-12 12:14:51,1,2,1,2023-04-12_RgbImage_2023-04-12_12-14-51.png,Switchgrass_J306.A_WW_T3.12.2023_I APPL 437,0.9222909384250041,1.9809007910080254
Switchgrass,RGB2,J306.A_WW_T3.12.2023_I APPL 437,2023-04-12 12:14:12,1,2,1,2023-04-12_RgbImage_2023-04-12_12-14-11.png,Switchgrass_J306.A_WW_T3.12.2023_I APPL 437,0.955699536812297,0.9332032790407538
Switchgrass,RGB1,J621.C_WW_T3.16.2023_I APPL 73,2023-04-17 10:07:22,1,2,1,2023-04-17_RgbImage_2023-04-17_10-07-22.png,Switchgrass_J621.C_WW_T3.16.2023_I APPL 73,0.9262417332673545,1.9182122307829559
Switchgrass,RGB2,J621.C_WW_T3.16.2023_I APPL 73,2023-04-17 10:06:45,1,2,1,2023-04-17_RgbImage_2023-04-17_10-06-44.png,Switchgrass_J621.C_WW_T3.16.2023_I APPL 73,0.9396324374377284,0.9973586420528591
Switchgrass,RGB1,Rambo 5_D_T3.15.2023_I APPL 138,2023-04-16 13:55:15,1,2,1,2023-04-16_RgbImage_2023-04-16_13-55-15.png,Switchgrass_Rambo 5_D_T3.15.2023_I APPL 138,0.8992513091275404,2.125531005207449
Switchgrass,RGB2,Rambo 5_D_T3.15.2023_I APPL 138,2023-04-16 13:54:36,1,2,1,2023-04-16_RgbImage_2023-04-16_13-54-36.png,Switchgrass_Rambo 5_D_T3.15.2023_I APPL 138,0.9437762237763947,0.9113801969215274
Switchgrass,RGB1,AP13_D_I APPL 261,2022-12-06 11:41:05,1,2,2,2022-12-6_RgbImage_2022-12-06_11-41-04.png,Switchgrass_AP13_D_I APPL 261,0.9419600063354536,1.9254647237248719
Switchgrass,RGB2,AP13_D_I APPL 261,2022-12-06 11:40:26,1,2,2,2022-12-6_RgbImage_2022-12-06_11-40-25.png,Switchgrass_AP13_D_I APPL 261,0.929383554263264,0.9432107512839139
Switchgrass,RGB1,J008.D_Xtra_I APPL 122,2022-12-08 17:19:01,1,2,2,2022-12-8_RgbImage_2022-12-08_17-19-00.png,Switchgrass_J008.D_Xtra_I APPL 122,0.9192630673821396,1.9408067520707846
Switchgrass,RGB2,J008.D_Xtra_I APPL 122,2022-12-08 17:18:22,1,2,2,2022-12-8_RgbImage_2022-12-08_17-18-21.png,Switchgrass_J008.D_Xtra_I APPL 122,0.9626961203710273,0.9322506380267441
Switchgrass,RGB1,J306.B_WW_T3.12.2023_I APPL 517,2023-03-29 07:19:54,1,2,2,2023-03-29_RgbImage_2023-03-29_07-19-53.png,Switchgrass_J306.B_WW_T3.12.2023_I APPL 517,0.9579516002653624,1.9630245110020041
Switchgrass,RGB2,J306.B_WW_T3.12.2023_I APPL 517,2023-03-29 07:19:14,1,2,2,2023-03-29_RgbImage_2023-03-29_07-19-14.png,Switchgrass_J306.B_WW_T3.12.2023_I APPL 517,0.9103295497932029,0.9295795680955052
Switchgrass,RGB1,J215.A_D_I APPL 121,2022-11-30 16:33:11,1,2,3,2022-11-30_RgbImage_2022-11-30_16-33-11.png,Switchgrass_J215.A_D_I APPL 121,0.9132756851829795,2.0745344320312142
Switchgrass,RGB2,J215.A_D_I APPL 121,2022-11-30 16:31:50,1,2,3,2022-11-30_RgbImage_2022-11-30_16-31-50.png,Switchgrass_J215.A_D_I APPL 121,0.8850881360488605,0.8777092518284917
Switchgrass,RGB1,J215.A_D_I APPL 4,2022-11-30 10:45:17,1,2,3,2022-11-30_RgbImage_2022-11-30_10-45-16.png,Switchgrass_J215.A_D_I APPL 4,0.960047082112988,1.9775247378274798
Switchgrass,RGB2,J215.A_D_I APPL 4,2022-11-30 10:43:17,1,2,3,2022-11-30_RgbImage_2022-11-30_10-43-16.png,Switchgrass_J215.A_D_I APPL 4,0.9406627222868144,0.9304590108804405
Switchgrass,RGB1,J215.A_WW_I APPL 131,2022-12-11 15:14:55,1,2,3,2022-12-11_RgbImage_2022-12-11_15-14-55.png,Switchgrass_J215.A_WW_I APPL 131,0.9401257377023967,1.9675649763084948
Switchgrass,RGB2,J215.A_WW_I APPL 131,2022-12-11 15:13:36,1,2,3,2022-12-11_RgbImage_2022-12-11_15-13-35.png,Switchgrass_J215.A_WW_I APPL 131,0.9520093567255953,0.8885916993021965
Switchgrass,RGB1,J618.A_WW_T3.14.2023_I APPL 255,2023-04-15 11:30:34,1,2,3,2023-04-15_RgbImage_2023-04-15_11-30-33.png,Switchgrass_J618.A_WW_T3.14.2023_I APPL 255,0.9638467548166575,2.0566927259787917
Switchgrass,RGB2,J618.A_WW_T3.14.2023_I APPL 255,2023-04-15 11:29:56,1,2,3,2023-04-15_RgbImage_2023-04-15_11-29-56.png,Switchgrass_J618.A_WW_T3.14.2023_I APPL 255,0.9493377469099217,0.8730758619494736
Switchgrass,RGB1,J215.A_D_I APPL 121,2022-11-27 16:33:59,1,2,4,2022-11-27_RgbImage_2022-11-27_16-33-59.png,Switchgrass_J215.A_D_I APPL 121,0.8806104199379848,2.0323584051802754
Switchgrass,RGB1,J215.A_D_I APPL 121,2022-12-08 16:30:26,1,2,4,2022-12-8_RgbImage_2022-12-08_16-30-25.png,Switchgrass_J215.A_D_I APPL 121,0.9093103682107909,1.9849974769167602
Switchgrass,RGB2,J215.A_D_I APPL 121,2022-11-27 16:32:39,1,2,4,2022-11-27_RgbImage_2022-11-27_16-32-39.png,Switchgrass_J215.A_D_I APPL 121,0.8811650226626039,0.9310241690836847
Switchgrass,RGB2,J215.A_D_I APPL 121,2022-12-08 16:29:07,1,2,4,2022-12-8_RgbImage_2022-12-08_16-29-07.png,Switchgrass_J215.A_D_I APPL 121,0.9079317006212332,0.937364618293941
Switchgrass,RGB1,J215.A_WW_I APPL 21,2022-12-11 12:14:41,1,2,4,2022-12-11_RgbImage_2022-12-11_12-14-41.png,Switchgrass_J215.A_WW_I APPL 21,0.8912885991150211,2.0133046586997807
Switchgrass,RGB2,J215.A_WW_I APPL 21,2022-12-11 12:12:36,1,2,4,2022-12-11_RgbImage_2022-12-11_12-12-35.png,Switchgrass_J215.A_WW_I APPL 21,0.8674789649176957,0.9272115300409496
Switchgrass,RGB1,VS16_D_I APPL 124,2022-12-15 16:53:50,1,2,4,2022-12-15_RgbImage_2022-12-15_16-53-50.png,Switchgrass_VS16_D_I APPL 124,0.9191562556588887,2.0393135771155357
Switchgrass,RGB2,VS16_D_I APPL 124,2022-12-15 16:51:46,1,2,4,2022-12-15_RgbImage_2022-12-15_16-51-45.png,Switchgrass_VS16_D_I APPL 124,0.9505997861131116,0.9733821479603648
Switchgrass,RGB1,J008.B_WW_T3.13.2023_I APPL 330,2023-04-14 19:05:41,1,3,0,2023-04-14_RgbImage_2023-04-14_19-05-41.png,Switchgrass_J008.B_WW_T3.13.2023_I APPL 330,0.9674644116109,1.9967636726796627
Switchgrass,RGB2,J008.B_WW_T3.13.2023_I APPL 330,2023-04-14 19:05:10,1,3,0,2023-04-14_RgbImage_2023-04-14_19-05-10.png,Switchgrass_J008.B_WW_T3.13.2023_I APPL 330,0.9065142828058664,0.9798832801170647
Switchgrass,RGB1,J484.A_D_T3.16.2023_I APPL 50,2023-04-17 13:02:39,1,3,0,2023-04-17_RgbImage_2023-04-17_13-02-39.png,Switchgrass_J484.A_D_T3.16.2023_I APPL 50,0.9200160725570287,1.9371502678841352
Switchgrass,RGB2,J484.A_D_T3.16.2023_I APPL 50,2023-04-17 13:02:00,1,3,0,2023-04-17_RgbImage_2023-04-17_13-01-59.png,Switchgrass_J484.A_D_T3.16.2023_I APPL 50,0.9213700574092579,0.8854357306845486
Switchgrass,RGB1,J587.C_D_T3.16.2023_I APPL 37,2023-04-17 14:33:58,1,3,0,2023-04-17_RgbImage_2023-04-17_14-33-57.png,Switchgrass_J587.C_D_T3.16.2023_I APPL 37,0.9429781496846067,2.0548320380039513
Switchgrass,RGB2,J587.C_D_T3.16.2023_I APPL 37,2023-04-17 14:33:20,1,3,0,2023-04-17_RgbImage_2023-04-17_14-33-19.png,Switchgrass_J587.C_D_T3.16.2023_I APPL 37,0.8965264582796435,0.9136888119392097
Switchgrass,RGB1,AP13_D_I APPL 261,2022-12-16 11:40:58,1,3,1,2022-12-16_RgbImage_2022-12-16_11-40-58.png,Switchgrass_AP13_D_I APPL 261,0.9537673393796066,2.071294624824077
Switchgrass,RGB2,AP13_D_I APPL 261,2022-12-16 11:39:42,1,3,1,2022-12-16_RgbImage_2022-12-16_11-39-42.png,Switchgrass_AP13_D_I APPL 261,0.9333090747373672,0.9294151766225696
Switchgrass,RGB1,J216.A_WW_T3.14.2023_I APPL 209,2023-04-15 17:18:06,1,3,1,2023-04-15_RgbImage_2023-04-15_17-18-05.png,Switchgrass_J216.A_WW_T3.14.2023_I APPL 209,0.9761350626804149,1.9508611517958343
Switchgrass,RGB2,J216.A_WW_T3.14.2023_I APPL 209,2023-04-15 17:17:33,1,3,1,2023-04-15_RgbImage_2023-04-15_17-17-32.png,Switchgrass_J216.A_WW_T3.14.2023_I APPL 209,0.9613218517755194,0.9935810100287199
Switchgrass,RGB1,VS16_D_I APPL 60,2023-02-04 13:13:21,1,3,1,2023-02-4_RgbImage_2023-02-04_13-13-20.png,Switchgrass_VS16_D_I APPL 60,0.928668009969188,2.0006148060783744
Switchgrass,RGB1,VS16_D_I APPL 60,2023-01-23 13:34:16,1,3,1,2023-01-23_RgbImage_2023-01-23_13-34-15.png,Switchgrass_VS16_D_I APPL 60,0.9237572748709427,2.078428152948618
Switchgrass,RGB2,VS16_D_I APPL 60,2023-02-04 13:11:22,1,3,1,2023-02-4_RgbImage_2023-02-04_13-11-21.png,Switchgrass_VS16_D_I APPL 60,0.8490475193651973,0.8773631383664906
Switchgrass,RGB2,VS16_D_I APPL 60,2023-01-23 13:32:16,1,3,1,2023-01-23_RgbImage_2023-01-23_13-32-15.png,Switchgrass_VS16_D_I APPL 60,0.897528579583585,0.9134957357309759
Switchgrass,RGB1,AP13_D_I APPL 261,2022-12-15 11:40:59,1,3,2,2022-12-15_RgbImage_2022-12-15_11-40-58.png,Switchgrass_AP13_D_I APPL 261,0.9534319884758473,2.034246625844389
Switchgrass,RGB2,AP13_D_I APPL 261,2022-12-15 11:39:41,1,3,2,2022-12-15_RgbImage_2022-12-15_11-39-41.png,Switchgrass_AP13_D_I APPL 261,0.9443745459061121,0.8848607642576098
Switchgrass,RGB1,J215.A_WW_I APPL 131,2022-12-06 15:17:05,1,3,2,2022-12-6_RgbImage_2022-12-06_15-17-04.png,Switchgrass_J215.A_WW_I APPL 131,0.9170256078709295,1.995189558248967
Switchgrass,RGB2,J215.A_WW_I APPL 131,2022-12-06 15:15:03,1,3,2,2022-12-6_RgbImage_2022-12-06_15-15-03.png,Switchgrass_J215.A_WW_I APPL 131,0.8980050971105017,0.977114706300199
Switchgrass,RGB1,J477.B_D_T3.16.2023_I APPL 68,2023-04-02 10:51:30,1,3,2,2023-04-2_RgbImage_2023-04-02_10-51-29.png,Switchgrass_J477.B_D_T3.16.2023_I APPL 68,0.9335887611758515,2.0270739239640534
Switchgrass,RGB2,J477.B_D_T3.16.2023_I APPL 68,2023-04-02 10:50:48,1,3,2,2023-04-2_RgbImage_2023-04-02_10-50-48.png,Switchgrass_J477.B_D_T3.16.2023_I APPL 68,0.9164022394637549,0.8788142814300954
Switchgrass,RGB1,J182.A_WW_T3.13.2023_I APPL 385,2023-03-30 07:26:15,1,3,3,2023-03-30_RgbImage_2023-03-30_07-26-14.png,Switchgrass_J182.A_WW_T3.13.2023_I APPL 385,0.9255190576704093,2.0327455969527364
Switchgrass,RGB2,J182.A_WW_T3.13.2023_I APPL 385,2023-03-30 07:25:32,1,3,3,2023-03-30_RgbImage_2023-03-30_07-25-32.png,Switchgrass_J182.A_WW_T3.13.2023_I APPL 385,0.9061672609188024,1.2069912101142108
Switchgrass,RGB1,J215.A_WW_I APPL 221,2022-11-25 14:20:42,1,3,3,2022-11-25_RgbImage_2022-11-25_14-20-42.png,Switchgrass_J215.A_WW_I APPL 221,0.9410051140415919,1.9917596820741892
Switchgrass,RGB2,J215.A_WW_I APPL 221,2022-11-25 14:20:03,1,3,3,2022-11-25_RgbImage_2022-11-25_14-20-03.png,Switchgrass_J215.A_WW_I APPL 221,0.9161065939766859,1.0730337765999138
Switchgrass,RGB1,J335.A_WW_T3.13.2023_I APPL 383,2023-04-06 07:42:46,1,3,3,2023-04-6_RgbImage_2023-04-06_07-42-46.png,Switchgrass_J335.A_WW_T3.13.2023_I APPL 383,0.9446892834500262,2.189580055885017
Switchgrass,RGB2,J335.A_WW_T3.13.2023_I APPL 383,2023-04-06 07:42:05,1,3,3,2023-04-6_RgbImage_2023-04-06_07-42-05.png,Switchgrass_J335.A_WW_T3.13.2023_I APPL 383,0.9345118400922221,0.9830900030210614
Switchgrass,RGB1,J502.A_D_T3.15.2023_I APPL 148,2023-04-24 12:47:58,1,3,3,2023-04-24_RgbImage_2023-04-24_12-47-58.png,Switchgrass_J502.A_D_T3.15.2023_I APPL 148,0.9339740959979608,1.9950236240401864
Switchgrass,RGB2,J502.A_D_T3.15.2023_I APPL 148,2023-04-24 12:47:17,1,3,3,2023-04-24_RgbImage_2023-04-24_12-47-17.png,Switchgrass_J502.A_D_T3.15.2023_I APPL 148,0.9134234952550145,0.9151747510768473
Switchgrass,RGB1,J461.B_D_T3.13.2023_I APPL 295,2023-04-28 18:24:03,1,3,4,2023-04-28_RgbImage_2023-04-28_18-24-03.png,Switchgrass_J461.B_D_T3.13.2023_I APPL 295,0.9585140470575187,2.223356199916452
Switchgrass,RGB2,J461.B_D_T3.13.2023_I APPL 295,2023-04-28 18:23:26,1,3,4,2023-04-28_RgbImage_2023-04-28_18-23-25.png,Switchgrass_J461.B_D_T3.13.2023_I APPL 295,0.9439486727352382,0.8831808469258249
Switchgrass,RGB1,J498.B_D_T3.14.2023_I APPL 257,2023-05-05 11:14:04,1,3,4,2023-05-5_RgbImage_2023-05-05_11-14-04.png,Switchgrass_J498.B_D_T3.14.2023_I APPL 257,0.9545455328043921,2.087561171967536
Switchgrass,RGB2,J498.B_D_T3.14.2023_I APPL 257,2023-05-05 11:13:26,1,3,4,2023-05-5_RgbImage_2023-05-05_11-13-25.png,Switchgrass_J498.B_D_T3.14.2023_I APPL 257,0.9462406290227648,0.9212804459966719
Switchgrass,RGB1,J502.A_D_T3.15.2023_I APPL 148,2023-04-08 12:50:25,1,3,4,2023-04-8_RgbImage_2023-04-08_12-50-24.png,Switchgrass_J502.A_D_T3.15.2023_I APPL 148,0.91622503320418,1.964844562113285
Switchgrass,RGB2,J502.A_D_T3.15.2023_I APPL 148,2023-04-08 12:49:44,1,3,4,2023-04-8_RgbImage_2023-04-08_12-49-43.png,Switchgrass_J502.A_D_T3.15.2023_I APPL 148,0.914797647011686,0.9406579839996994
Switchgrass,RGB1,VS16_D_I APPL 2,2022-11-30 11:35:01,1,3,4,2022-11-30_RgbImage_2022-11-30_11-35-01.png,Switchgrass_VS16_D_I APPL 2,0.9576664693457573,2.0434839809313416
Switchgrass,RGB2,VS16_D_I APPL 2,2022-11-30 11:32:59,1,3,4,2022-11-30_RgbImage_2022-11-30_11-32-58.png,Switchgrass_VS16_D_I APPL 2,0.9709193154511402,0.9730440187267959
Switchgrass,RGB1,J026.B_WW_T3.16.2023_I APPL 20,2023-04-10 16:41:58,1,4,0,2023-04-10_RgbImage_2023-04-10_16-41-58.png,Switchgrass_J026.B_WW_T3.16.2023_I APPL 20,0.960493301599228,2.2604445251636207
Switchgrass,RGB2,J026.B_WW_T3.16.2023_I APPL 20,2023-04-10 16:41:20,1,4,0,2023-04-10_RgbImage_2023-04-10_16-41-19.png,Switchgrass_J026.B_WW_T3.16.2023_I APPL 20,0.9194347192081268,0.9764400203712285
Switchgrass,RGB1,J279.A_D_T3.12.2023_I APPL 397,2023-04-26 17:05:20,1,4,0,2023-04-26_RgbImage_2023-04-26_17-05-19.png,Switchgrass_J279.A_D_T3.12.2023_I APPL 397,0.9412111833036797,2.018741619773209
Switchgrass,RGB2,J279.A_D_T3.12.2023_I APPL 397,2023-04-26 17:04:40,1,4,0,2023-04-26_RgbImage_2023-04-26_17-04-39.png,Switchgrass_J279.A_D_T3.12.2023_I APPL 397,0.9251393669340934,0.9184096571989357
Switchgrass,RGB1,J317.A_D_I APPL 6,2022-12-17 10:27:23,1,4,0,2022-12-17_RgbImage_2022-12-17_10-27-22.png,Switchgrass_J317.A_D_I APPL 6,0.9525309215774951,2.0756275984458625
Switchgrass,RGB2,J317.A_D_I APPL 6,2022-12-17 10:26:09,1,4,0,2022-12-17_RgbImage_2022-12-17_10-26-08.png,Switchgrass_J317.A_D_I APPL 6,0.9552089786541786,0.9181039188988507
Switchgrass,RGB1,J614.B_D_T3.14.2023_I APPL 230,2023-04-22 14:40:18,1,4,0,2023-04-22_RgbImage_2023-04-22_14-40-17.png,Switchgrass_J614.B_D_T3.14.2023_I APPL 230,0.9396055278113615,2.0390509199351072
Switchgrass,RGB2,J614.B_D_T3.14.2023_I APPL 230,2023-04-22 14:39:40,1,4,0,2023-04-22_RgbImage_2023-04-22_14-39-39.png,Switchgrass_J614.B_D_T3.14.2023_I APPL 230,0.9271248180527176,0.9327306053601205
Switchgrass,RGB1,J008.D_WW_I APPL 15,2022-11-30 10:19:15,1,4,1,2022-11-30_RgbImage_2022-11-30_10-19-15.png,Switchgrass_J008.D_WW_I APPL 15,0.9691594288239783,1.9518717932514846
Switchgrass,RGB1,J008.D_WW_I APPL 15,2022-11-29 10:19:17,1,4,1,2022-11-29_RgbImage_2022-11-29_10-19-17.png,Switchgrass_J008.D_WW_I APPL 15,0.9729556088929319,2.101233461871743
Switchgrass,RGB2,J008.D_WW_I APPL 15,2022-11-30 10:18:30,1,4,1,2022-11-30_RgbImage_2022-11-30_10-18-30.png,Switchgrass_J008.D_WW_I APPL 15,0.961529062663809,0.8905923222191632
Switchgrass,RGB2,J008.D_WW_I APPL 15,2022-11-29 10:18:31,1,4,1,2022-11-29_RgbImage_2022-11-29_10-18-31.png,Switchgrass_J008.D_WW_I APPL 15,0.957351691089541,0.920740535017103
Switchgrass,RGB1,J317.A_WW_I APPL 225,2022-12-11 14:50:54,1,4,1,2022-12-11_RgbImage_2022-12-11_14-50-53.png,Switchgrass_J317.A_WW_I APPL 225,0.9543149666846661,2.0598741713911295
Switchgrass,RGB2,J317.A_WW_I APPL 225,2022-12-11 14:48:56,1,4,1,2022-12-11_RgbImage_2022-12-11_14-48-55.png,Switchgrass_J317.A_WW_I APPL 225,0.93600325123584,0.8873354331590235
Switchgrass,RGB1,J008.D_D_I APPL 338,2022-12-15 11:57:21,1,4,2,2022-12-15_RgbImage_2022-12-15_11-57-21.png,Switchgrass_J008.D_D_I APPL 338,0.9470503968338388,2.033930227160454
Switchgrass,RGB2,J008.D_D_I APPL 338,2022-12-15 11:56:01,1,4,2,2022-12-15_RgbImage_2022-12-15_11-56-00.png,Switchgrass_J008.D_D_I APPL 338,0.9725585842452462,0.9365432430058718
Switchgrass,RGB1,J303.A_WW_T3.15.2023_I APPL 152,2023-04-24 12:14:21,1,4,2,2023-04-24_RgbImage_2023-04-24_12-14-21.png,Switchgrass_J303.A_WW_T3.15.2023_I APPL 152,0.9525057974307146,1.9824807718396187
Switchgrass,RGB2,J303.A_WW_T3.15.2023_I APPL 152,2023-04-24 12:13:44,1,4,2,2023-04-24_RgbImage_2023-04-24_12-13-44.png,Switchgrass_J303.A_WW_T3.15.2023_I APPL 152,0.8968975418451484,0.9077569297514856
Switchgrass,RGB1,J586.A_WW_T3.14.2023_I APPL 215,2023-04-07 16:34:22,1,4,2,2023-04-7_RgbImage_2023-04-07_16-34-22.png,Switchgrass_J586.A_WW_T3.14.2023_I APPL 215,0.9650703582784496,2.0472830049693584
Switchgrass,RGB2,J586.A_WW_T3.14.2023_I APPL 215,2023-04-07 16:33:47,1,4,2,2023-04-7_RgbImage_2023-04-07_16-33-47.png,Switchgrass_J586.A_WW_T3.14.2023_I APPL 215,0.9419923702184068,0.9201960698701441
Switchgrass,RGB1,J248.A_WW_T3.13.2023_I APPL 368,2023-03-30 09:31:27,1,4,3,2023-03-30_RgbImage_2023-03-30_09-31-26.png,Switchgrass_J248.A_WW_T3.13.2023_I APPL 368,0.9481908397307851,2.0352248470298946
Switchgrass,RGB1,J248.A_WW_T3.13.2023_I APPL 368,2023-04-06 09:30:54,1,4,3,2023-04-6_RgbImage_2023-04-06_09-30-53.png,Switchgrass_J248.A_WW_T3.13.2023_I APPL 368,0.9385412622590398,1.9759407569654286
Switchgrass,RGB2,J248.A_WW_T3.13.2023_I APPL 368,2023-03-30 09:30:49,1,4,3,2023-03-30_RgbImage_2023-03-30_09-30-48.png,Switchgrass_J248.A_WW_T3.13.2023_I APPL 368,0.9055823388398958,0.904259146656841
Switchgrass,RGB2,J248.A_WW_T3.13.2023_I APPL 368,2023-04-06 09:30:17,1,4,3,2023-04-6_RgbImage_2023-04-06_09-30-17.png,Switchgrass_J248.A_WW_T3.13.2023_I APPL 368,0.909460086196682,0.9526430880650878
Switchgrass,RGB1,J587.B_WW_T3.15.2023_I APPL 164,2023-04-16 10:52:01,1,4,3,2023-04-16_RgbImage_2023-04-16_10-52-00.png,Switchgrass_J587.B_WW_T3.15.2023_I APPL 164,0.9635091576457127,1.9605271331965923
Switchgrass,RGB2,J587.B_WW_T3.15.2023_I APPL 164,2023-04-16 10:51:25,1,4,3,2023-04-16_RgbImage_2023-04-16_10-51-25.png,Switchgrass_J587.B_WW_T3.15.2023_I APPL 164,0.955421250662967,0.9147035251371562
Switchgrass,RGB1,VS16_D_I APPL 2,2022-11-27 11:34:38,1,4,3,2022-11-27_RgbImage_2022-11-27_11-34-38.png,Switchgrass_VS16_D_I APPL 2,0.9336341347459785,2.097948099952191
Switchgrass,RGB2,VS16_D_I APPL 2,2022-11-27 11:33:18,1,4,3,2022-11-27_RgbImage_2022-11-27_11-33-17.png,Switchgrass_VS16_D_I APPL 2,0.9731939269230494,0.8788257092237473
Switchgrass,RGB1,VS16_WW_I APPL 10,2022-12-17 11:49:10,1,4,4,2022-12-17_RgbImage_2022-12-17_11-49-09.png,Switchgrass_VS16_WW_I APPL 10,0.9398920189356218,1.911997756920755
Switchgrass,RGB1,VS16_WW_I APPL 10,2022-12-16 11:49:10,1,4,4,2022-12-16_RgbImage_2022-12-16_11-49-10.png,Switchgrass_VS16_WW_I APPL 10,0.9541658716997761,1.9565193662419915
Switchgrass,RGB2,VS16_WW_I APPL 10,2022-12-17 11:47:49,1,4,4,2022-12-17_RgbImage_2022-12-17_11-47-49.png,Switchgrass_VS16_WW_I APPL 10,0.9672749881982539,0.9591918010264635
Switchgrass,RGB2,VS16_WW_I APPL 10,2022-12-16 11:47:51,1,4,4,2022-12-16_RgbImage_2022-12-16_11-47-50.png,Switchgrass_VS16_WW_I APPL 10,0.9643099579507941,0.9190627061761916
Switchgrass,RGB1,AP13_WW_I APPL 133,2022-12-30 13:52:09,2,0,0,2022-12-30_RgbImage_2022-12-30_13-52-09.png,Switchgrass_AP13_WW_I APPL 133,0.9550224509360652,2.0685664978809655
Switchgrass,RGB2,AP13_WW_I APPL 133,2022-12-30 13:50:51,2,0,0,2022-12-30_RgbImage_2022-12-30_13-50-50.png,Switchgrass_AP13_WW_I APPL 133,0.9527103724488206,0.9034917559474707
Switchgrass,RGB1,J250.C_D_T3.13.2023_I APPL 358,2023-04-06 10:39:04,2,0,0,2023-04-6_RgbImage_2023-04-06_10-39-04.png,Switchgrass_J250.C_D_T3.13.2023_I APPL 358,0.9519832181830219,2.0487450612708926
Switchgrass,RGB2,J250.C_D_T3.13.2023_I APPL 358,2023-04-06 10:38:23,2,0,0,2023-04-6_RgbImage_2023-04-06_10-38-23.png,Switchgrass_J250.C_D_T3.13.2023_I APPL 358,0.9573646444880434,0.9148428975604475
Switchgrass,RGB1,J458.C_D_T3.15.2023_I APPL 120,2023-04-16 16:07:58,2,0,1,2023-04-16_RgbImage_2023-04-16_16-07-58.png,Switchgrass_J458.C_D_T3.15.2023_I APPL 120,0.9570056606456795,1.9176630591973662
Switchgrass,RGB2,J458.C_D_T3.15.2023_I APPL 120,2023-04-16 16:07:23,2,0,1,2023-04-16_RgbImage_2023-04-16_16-07-22.png,Switchgrass_J458.C_D_T3.15.2023_I APPL 120,0.9282268981565298,0.9683101922273636
Switchgrass,RGB1,J466.A_WW_T3.15.2023_I APPL 107,2023-04-24 17:54:55,2,0,1,2023-04-24_RgbImage_2023-04-24_17-54-54.png,Switchgrass_J466.A_WW_T3.15.2023_I APPL 107,0.9614969035084601,1.9650551448576152
Switchgrass,RGB2,J466.A_WW_T3.15.2023_I APPL 107,2023-04-24 17:54:22,2,0,1,2023-04-24_RgbImage_2023-04-24_17-54-21.png,Switchgrass_J466.A_WW_T3.15.2023_I APPL 107,0.9381007480323394,0.9295694716274738
Switchgrass,RGB1,J598.B_WW_T3.14.2023_I APPL 238,2023-04-15 13:35:02,2,0,1,2023-04-15_RgbImage_2023-04-15_13-35-02.png,Switchgrass_J598.B_WW_T3.14.2023_I APPL 238,0.9620088974272447,2.117999762762338
Switchgrass,RGB2,J598.B_WW_T3.14.2023_I APPL 238,2023-04-15 13:34:33,2,0,1,2023-04-15_RgbImage_2023-04-15_13-34-32.png,Switchgrass_J598.B_WW_T3.14.2023_I APPL 238,0.9064691536108141,0.8922655801288784
Switchgrass,RGB1,J602.A_D_T3.14.2023_I APPL 288,2023-04-22 07:28:51,2,0,2,2023-04-22_RgbImage_2023-04-22_07-28-50.png,Switchgrass_J602.A_D_T3.14.2023_I APPL 288,0.9648944042117721,2.0254474096000195
Switchgrass,RGB2,J602.A_D_T3.14.2023_I APPL 288,2023-04-22 07:28:14,2,0,2,2023-04-22_RgbImage_2023-04-22_07-28-14.png,Switchgrass_J602.A_D_T3.14.2023_I APPL 288,0.9389717715508245,0.9166184859350324
Switchgrass,RGB1,J215.A_WW_I APPL 152,2022-12-30 13:44:01,2,0,3,2022-12-30_RgbImage_2022-12-30_13-44-00.png,Switchgrass_J215.A_WW_I APPL 152,0.9688015168931506,1.9859447521157563
Switchgrass,RGB2,J215.A_WW_I APPL 152,2022-12-30 13:42:44,2,0,3,2022-12-30_RgbImage_2022-12-30_13-42-43.png,Switchgrass_J215.A_WW_I APPL 152,0.9638099154437649,0.8727366058155894
Switchgrass,RGB1,J502.C_WW_T3.13.2023_I APPL 291,2023-04-06 19:04:24,2,0,3,2023-04-6_RgbImage_2023-04-06_19-04-23.png,Switchgrass_J502.C_WW_T3.13.2023_I APPL 291,0.938465201714664,2.0902136769145727
Switchgrass,RGB2,J502.C_WW_T3.13.2023_I APPL 291,2023-04-06 19:03:44,2,0,3,2023-04-6_RgbImage_2023-04-06_19-03-43.png,Switchgrass_J502.C_WW_T3.13.2023_I APPL 291,0.9369176178710806,0.8871579729020596
Switchgrass,RGB1,J609.A_WW_T3.15.2023_I APPL 125,2023-04-30 15:41:07,2,0,3,2023-04-30_RgbImage_2023-04-30_15-41-07.png,Switchgrass_J609.A_WW_T3.15.2023_I APPL 125,0.969560111440196,2.0340638323687017
Switchgrass,RGB2,J609.A_WW_T3.15.2023_I APPL 125,2023-04-30 15:40:32,2,0,3,2023-04-30_RgbImage_2023-04-30_15-40-32.png,Switchgrass_J609.A_WW_T3.15.2023_I APPL 125,0.9379019400239036,0.9446264617145061
Switchgrass,RGB1,J618.A_D_T3.14.2023_I APPL 243,2023-04-29 13:09:19,2,0,3,2023-04-29_RgbImage_2023-04-29_13-09-19.png,Switchgrass_J618.A_D_T3.14.2023_I APPL 243,0.9274738713443804,1.899685658980161
Switchgrass,RGB2,J618.A_D_T3.14.2023_I APPL 243,2023-04-29 13:08:38,2,0,3,2023-04-29_RgbImage_2023-04-29_13-08-38.png,Switchgrass_J618.A_D_T3.14.2023_I APPL 243,0.9096770430288749,0.9049639203585684
Switchgrass,RGB1,J181.A_WW_T3.13.2023_I APPL 310,2023-05-04 21:11:39,2,0,4,2023-05-4_RgbImage_2023-05-04_21-11-39.png,Switchgrass_J181.A_WW_T3.13.2023_I APPL 310,0.9707406986800892,2.0745992339216173
Switchgrass,RGB2,J181.A_WW_T3.13.2023_I APPL 310,2023-05-04 21:11:05,2,0,4,2023-05-4_RgbImage_2023-05-04_21-11-04.png,Switchgrass_J181.A_WW_T3.13.2023_I APPL 310,0.9565527717712604,1.059854777995497
Switchgrass,RGB1,J182.A_WW_T3.13.2023_I APPL 385,2023-04-28 07:26:03,2,0,4,2023-04-28_RgbImage_2023-04-28_07-26-03.png,Switchgrass_J182.A_WW_T3.13.2023_I APPL 385,0.9585172808996902,1.9954782868735492
Switchgrass,RGB2,J182.A_WW_T3.13.2023_I APPL 385,2023-04-28 07:25:28,2,0,4,2023-04-28_RgbImage_2023-04-28_07-25-27.png,Switchgrass_J182.A_WW_T3.13.2023_I APPL 385,0.9469309743204243,0.969670943915844
Switchgrass,RGB1,AP13_WW_I APPL 133,2023-01-07 13:56:34,2,1,0,2023-01-7_RgbImage_2023-01-07_13-56-34.png,Switchgrass_AP13_WW_I APPL 133,0.9483370729076175,1.9467108412645757
Switchgrass,RGB2,AP13_WW_I APPL 133,2023-01-07 13:55:24,2,1,0,2023-01-7_RgbImage_2023-01-07_13-55-23.png,Switchgrass_AP13_WW_I APPL 133,0.9326892611858822,0.9629134880378842
Switchgrass,RGB1,J251.B_D_T3.12.2023_I APPL 438,2023-04-05 14:27:51,2,1,0,2023-04-5_RgbImage_2023-04-05_14-27-50.png,Switchgrass_J251.B_D_T3.12.2023_I APPL 438,0.964949728257648,1.9960642750374973
Switchgrass,RGB2,J251.B_D_T3.12.2023_I APPL 438,2023-04-05 14:27:18,2,1,0,2023-04-5_RgbImage_2023-04-05_14-27-18.png,Switchgrass_J251.B_D_T3.12.2023_I APPL 438,0.9146898052329954,1.0033163488842547
Switchgrass,RGB1,J418.A_D_T3.15.2023_I APPL 150,2023-04-24 12:31:05,2,1,0,2023-04-24_RgbImage_2023-04-24_12-31-05.png,Switchgrass_J418.A_D_T3.15.2023_I APPL 150,0.9599621936228033,2.015412467997521
Switchgrass,RGB2,J418.A_D_T3.15.2023_I APPL 150,2023-04-24 12:30:30,2,1,0,2023-04-24_RgbImage_2023-04-24_12-30-29.png,Switchgrass_J418.A_D_T3.15.2023_I APPL 150,0.943448053720352,0.9972358220256865
Switchgrass,RGB1,J008.D_Xtra_I APPL 122,2022-12-16 17:17:46,2,1,1,2022-12-16_RgbImage_2022-12-16_17-17-46.png,Switchgrass_J008.D_Xtra_I APPL 122,0.955256916996212,1.9571132492274046
Switchgrass,RGB2,J008.D_Xtra_I APPL 122,2022-12-16 17:16:27,2,1,1,2022-12-16_RgbImage_2022-12-16_17-16-27.png,Switchgrass_J008.D_Xtra_I APPL 122,0.9688605048605023,0.8936955849640071
Switchgrass,RGB1,J009.C_WW_T3.15.2023_I APPL 155,2023-04-01 11:53:11,2,1,1,2023-04-1_RgbImage_2023-04-01_11-53-10.png,Switchgrass_J009.C_WW_T3.15.2023_I APPL 155,0.9672888179418854,2.079133247025311
Switchgrass,RGB2,J009.C_WW_T3.15.2023_I APPL 155,2023-04-01 11:52:37,2,1,1,2023-04-1_RgbImage_2023-04-01_11-52-37.png,Switchgrass_J009.C_WW_T3.15.2023_I APPL 155,0.9277432625785027,0.8713614270091057
Switchgrass,RGB1,J271.A_D_T3.13.2023_I APPL 298,2023-04-28 17:59:12,2,1,1,2023-04-28_RgbImage_2023-04-28_17-59-11.png,Switchgrass_J271.A_D_T3.13.2023_I APPL 298,0.9483423237402511,1.9871964897029102
Switchgrass,RGB2,J271.A_D_T3.13.2023_I APPL 298,2023-04-28 17:58:35,2,1,1,2023-04-28_RgbImage_2023-04-28_17-58-34.png,Switchgrass_J271.A_D_T3.13.2023_I APPL 298,0.9420098541761237,0.9185494971461594
Switchgrass,RGB1,J312.A_WW_T3.12.2023_I APPL 486,2023-04-26 11:16:38,2,1,2,2023-04-26_RgbImage_2023-04-26_11-16-37.png,Switchgrass_J312.A_WW_T3.12.2023_I APPL 486,0.9550148822117008,1.9720278191380203
Switchgrass,RGB2,J312.A_WW_T3.12.2023_I APPL 486,2023-04-26 11:16:04,2,1,2,2023-04-26_RgbImage_2023-04-26_11-16-03.png,Switchgrass_J312.A_WW_T3.12.2023_I APPL 486,0.9350476612726207,0.8965375581756234
Switchgrass,RGB1,J317.A_WW_I APPL 262,2022-12-21 13:01:30,2,1,2,2022-12-21_RgbImage_2022-12-21_13-01-29.png,Switchgrass_J317.A_WW_I APPL 262,0.9571339613925293,2.0312482798472047
Switchgrass,RGB2,J317.A_WW_I APPL 262,2022-12-21 13:00:54,2,1,2,2022-12-21_RgbImage_2022-12-21_13-00-53.png,Switchgrass_J317.A_WW_I APPL 262,0.9523730292669325,0.8962241648696363
Switchgrass,RGB1,J458.C_D_T3.15.2023_I APPL 120,2023-04-30 16:05:58,2,1,2,2023-04-30_RgbImage_2023-04-30_16-05-57.png,Switchgrass_J458.C_D_T3.15.2023_I APPL 120,0.979575731542,2.002656219061464
Switchgrass,RGB2,J458.C_D_T3.15.2023_I APPL 120,2023-04-30 16:05:24,2,1,2,2023-04-30_RgbImage_2023-04-30_16-05-23.png,Switchgrass_J458.C_D_T3.15.2023_I APPL 120,0.933191554002988,0.9406488002277911
Switchgrass,RGB1,J601.B_D_T3.16.2023_I APPL 44,2023-05-02 13:52:03,2,1,2,2023-05-2_RgbImage_2023-05-02_13-52-03.png,Switchgrass_J601.B_D_T3.16.2023_I APPL 44,0.9666631855240628,2.388883464038372
Switchgrass,RGB2,J601.B_D_T3.16.2023_I APPL 44,2023-05-02 13:51:27,2,1,2,2023-05-2_RgbImage_2023-05-02_13-51-27.png,Switchgrass_J601.B_D_T3.16.2023_I APPL 44,0.941636263128908,0.9021922801621258
Switchgrass,RGB1,J215.A_D_I APPL 146,2023-01-01 14:38:26,2,1,3,2023-01-1_RgbImage_2023-01-01_14-38-25.png,Switchgrass_J215.A_D_I APPL 146,0.905256388022079,1.9346419731155038
Switchgrass,RGB2,J215.A_D_I APPL 146,2023-01-01 14:36:29,2,1,3,2023-01-1_RgbImage_2023-01-01_14-36-29.png,Switchgrass_J215.A_D_I APPL 146,0.9199289735167937,0.9008066901005805
Switchgrass,RGB1,J215.A_D_I APPL 4,2022-12-12 10:44:38,2,1,3,2022-12-12_RgbImage_2022-12-12_10-44-37.png,Switchgrass_J215.A_D_I APPL 4,0.9522401451965817,1.9467383129522204
Switchgrass,RGB1,J215.A_D_I APPL 4,2022-12-02 10:44:32,2,1,3,2022-12-2_RgbImage_2022-12-02_10-44-31.png,Switchgrass_J215.A_D_I APPL 4,0.9480110503520575,1.9622003980912268
Switchgrass,RGB2,J215.A_D_I APPL 4,2022-12-12 10:42:36,2,1,3,2022-12-12_RgbImage_2022-12-12_10-42-36.png,Switchgrass_J215.A_D_I APPL 4,0.9582132088915879,0.9063900061883032
Switchgrass,RGB2,J215.A_D_I APPL 4,2022-12-02 10:43:13,2,1,3,2022-12-2_RgbImage_2022-12-02_10-43-13.png,Switchgrass_J215.A_D_I APPL 4,0.9138126863047936,0.8925490071997046
Switchgrass,RGB1,J215.A_WW_I APPL 131,2022-12-20 15:29:21,2,1,3,2022-12-20_RgbImage_2022-12-20_15-29-20.png,Switchgrass_J215.A_WW_I APPL 131,0.9618561603870648,1.9314164333045483
Switchgrass,RGB2,J215.A_WW_I APPL 131,2022-12-20 15:28:01,2,1,3,2022-12-20_RgbImage_2022-12-20_15-28-01.png,Switchgrass_J215.A_WW_I APPL 131,0.9457603609373018,0.884110881946981
Switchgrass,RGB1,J215.A_WW_I APPL 152,2022-12-16 13:52:22,2,1,4,2022-12-16_RgbImage_2022-12-16_13-52-21.png,Switchgrass_J215.A_WW_I APPL 152,0.9662878246693539,1.9806911488994956
Switchgrass,RGB2,J215.A_WW_I APPL 152,2022-12-16 13:51:45,2,1,4,2022-12-16_RgbImage_2022-12-16_13-51-45.png,Switchgrass_J215.A_WW_I APPL 152,0.9523647006506356,0.8825135822407901
Switchgrass,RGB1,VS16_D_I APPL 402,2023-01-06 11:05:46,2,1,4,2023-01-6_RgbImage_2023-01-06_11-05-45.png,Switchgrass_VS16_D_I APPL 402,0.9614485981309444,1.9838406150229275
Switchgrass,RGB2,VS16_D_I APPL 402,2023-01-06 11:05:12,2,1,4,2023-01-6_RgbImage_2023-01-06_11-05-12.png,Switchgrass_VS16_D_I APPL 402,0.9259999580953088,0.8990616402588785
Switchgrass,RGB1,VS16_WW_I APPL 10,2022-12-29 15:57:15,2,1,4,2022-12-29_RgbImage_2022-12-29_15-57-15.png,Switchgrass_VS16_WW_I APPL 10,0.9672599860518011,1.9262385442852974
Switchgrass,RGB2,VS16_WW_I APPL 10,2022-12-29 15:56:40,2,1,4,2022-12-29_RgbImage_2022-12-29_15-56-40.png,Switchgrass_VS16_WW_I APPL 10,0.9577056409472775,0.8916166028939188
Switchgrass,RGB1,VS16_Xtra_I APPL 129,2023-01-02 17:35:06,2,1,4,2023-01-2_RgbImage_2023-01-02_17-35-05.png,Switchgrass_VS16_Xtra_I APPL 129,0.9595352737710587,1.9731923011131585
Switchgrass,RGB2,VS16_Xtra_I APPL 129,2023-01-02 17:33:46,2,1,4,2023-01-2_RgbImage_2023-01-02_17-33-46.png,Switchgrass_VS16_Xtra_I APPL 129,0.9584525255692855,0.8785849851556122
Switchgrass,RGB1,J001.B_D_T3.13.2023_I APPL 375,2023-04-14 13:27:22,2,2,0,2023-04-14_RgbImage_2023-04-14_13-27-22.png,Switchgrass_J001.B_D_T3.13.2023_I APPL 375,0.9566491950984198,1.9864509091712534
Switchgrass,RGB2,J001.B_D_T3.13.2023_I APPL 375,2023-04-14 13:26:52,2,2,0,2023-04-14_RgbImage_2023-04-14_13-26-52.png,Switchgrass_J001.B_D_T3.13.2023_I APPL 375,0.9146965105170154,0.893839396070689
Switchgrass,RGB1,J008.D_Xtra_I APPL 122,2022-12-31 17:11:32,2,2,0,2022-12-31_RgbImage_2022-12-31_17-11-31.png,Switchgrass_J008.D_Xtra_I APPL 122,0.9657416411100889,1.9139184900559485
Switchgrass,RGB2,J008.D_Xtra_I APPL 122,2022-12-31 17:10:21,2,2,0,2022-12-31_RgbImage_2022-12-31_17-10-21.png,Switchgrass_J008.D_Xtra_I APPL 122,0.9609260840688209,0.8764570611529052
Switchgrass,RGB1,J276.A_D_T3.12.2023_I APPL 426,2023-04-05 16:06:52,2,2,0,2023-04-5_RgbImage_2023-04-05_16-06-52.png,Switchgrass_J276.A_D_T3.12.2023_I APPL 426,0.9674127483677654,2.0356801287271082
Switchgrass,RGB2,J276.A_D_T3.12.2023_I APPL 426,2023-04-05 16:06:15,2,2,0,2023-04-5_RgbImage_2023-04-05_16-06-14.png,Switchgrass_J276.A_D_T3.12.2023_I APPL 426,0.9582656624018262,0.8996739182621241
Switchgrass,RGB1,J003.F_D_T3.14.2023_I APPL 256,2023-04-15 11:22:18,2,2,1,2023-04-15_RgbImage_2023-04-15_11-22-18.png,Switchgrass_J003.F_D_T3.14.2023_I APPL 256,0.9566045827008111,2.03192349569872
Switchgrass,RGB2,J003.F_D_T3.14.2023_I APPL 256,2023-04-15 11:21:42,2,2,1,2023-04-15_RgbImage_2023-04-15_11-21-42.png,Switchgrass_J003.F_D_T3.14.2023_I APPL 256,0.9437294265573832,0.9124328722245991
Switchgrass,RGB1,J008.D_D_I APPL 125,2022-12-19 16:43:27,2,2,1,2022-12-19_RgbImage_2022-12-19_16-43-27.png,Switchgrass_J008.D_D_I APPL 125,0.9685017101966431,2.3630373356863856
Switchgrass,RGB2,J008.D_D_I APPL 125,2022-12-19 16:42:12,2,2,1,2022-12-19_RgbImage_2022-12-19_16-42-11.png,Switchgrass_J008.D_D_I APPL 125,0.9629095286166616,0.9296571593731642
Switchgrass,RGB1,J018.B_D_T3.13.2023_I APPL 345,2023-04-28 12:21:45,2,2,1,2023-04-28_RgbImage_2023-04-28_12-21-44.png,Switchgrass_J018.B_D_T3.13.2023_I APPL 345,0.9642106611994996,2.082870975136757
Switchgrass,RGB2,J018.B_D_T3.13.2023_I APPL 345,2023-04-28 12:21:11,2,2,1,2023-04-28_RgbImage_2023-04-28_12-21-11.png,Switchgrass_J018.B_D_T3.13.2023_I APPL 345,0.9426327929328014,0.8970961640588939
Switchgrass,RGB1,J317.A_D_I APPL 132,2022-12-30 20:14:40,2,2,1,2022-12-30_RgbImage_2022-12-30_20-14-40.png,Switchgrass_J317.A_D_I APPL 132,0.9558672229879221,2.0685812369920313
Switchgrass,RGB2,J317.A_D_I APPL 132,2022-12-30 20:12:45,2,2,1,2022-12-30_RgbImage_2022-12-30_20-12-45.png,Switchgrass_J317.A_D_I APPL 132,0.9533300020869047,0.9600707129575312
Switchgrass,RGB1,J215.A_D_I APPL 146,2023-01-05 14:37:57,2,2,2,2023-01-5_RgbImage_2023-01-05_14-37-57.png,Switchgrass_J215.A_D_I APPL 146,0.9476765926831776,2.282854821998626
Switchgrass,RGB2,J215.A_D_I APPL 146,2023-01-05 14:36:02,2,2,2,2023-01-5_RgbImage_2023-01-05_14-36-02.png,Switchgrass_J215.A_D_I APPL 146,0.8986417987613134,0.8735913620330393
Switchgrass,RGB1,J250.A_WW_T3.13.2023_I APPL 320,2023-04-14 20:11:18,2,2,2,2023-04-14_RgbImage_2023-04-14_20-11-18.png,Switchgrass_J250.A_WW_T3.13.2023_I APPL 320,0.9759765815785125,1.9257775018922985
Switchgrass,RGB2,J250.A_WW_T3.13.2023_I APPL 320,2023-04-14 20:10:44,2,2,2,2023-04-14_RgbImage_2023-04-14_20-10-43.png,Switchgrass_J250.A_WW_T3.13.2023_I APPL 320,0.9377106355880108,0.9007268687710166
Switchgrass,RGB1,J215.A_D_I APPL 4,2022-12-10 10:44:47,2,2,3,2022-12-10_RgbImage_2022-12-10_10-44-46.png,Switchgrass_J215.A_D_I APPL 4,0.9651618223047592,1.9533357177861035
Switchgrass,RGB2,J215.A_D_I APPL 4,2022-12-10 10:42:46,2,2,3,2022-12-10_RgbImage_2022-12-10_10-42-45.png,Switchgrass_J215.A_D_I APPL 4,0.9658169973626474,0.8726999876089394
Switchgrass,RGB1,J215.A_Xtra_I APPL 138,2022-12-31 17:19:50,2,2,3,2022-12-31_RgbImage_2022-12-31_17-19-49.png,Switchgrass_J215.A_Xtra_I APPL 138,0.9585041552223339,1.8980422420427203
Switchgrass,RGB2,J215.A_Xtra_I APPL 138,2022-12-31 17:18:31,2,2,3,2022-12-31_RgbImage_2022-12-31_17-18-31.png,Switchgrass_J215.A_Xtra_I APPL 138,0.9471398927124707,0.8885482819750905
Switchgrass,RGB1,J327.A_D_T3.12.2023_I APPL 503,2023-04-12 09:14:07,2,2,3,2023-04-12_RgbImage_2023-04-12_09-14-06.png,Switchgrass_J327.A_D_T3.12.2023_I APPL 503,0.943987461865915,1.9317574291490018
Switchgrass,RGB2,J327.A_D_T3.12.2023_I APPL 503,2023-04-12 09:13:30,2,2,3,2023-04-12_RgbImage_2023-04-12_09-13-29.png,Switchgrass_J327.A_D_T3.12.2023_I APPL 503,0.9532630783047961,0.9110915563069284
Switchgrass,RGB1,VS16_D_I APPL 124,2022-12-29 20:59:13,2,2,3,2022-12-29_RgbImage_2022-12-29_20-59-12.png,Switchgrass_VS16_D_I APPL 124,0.9558337547183468,1.9487869972363114
Switchgrass,RGB2,VS16_D_I APPL 124,2022-12-29 20:57:14,2,2,3,2022-12-29_RgbImage_2022-12-29_20-57-13.png,Switchgrass_VS16_D_I APPL 124,0.9558214976134926,0.8844525991007686
Switchgrass,RGB1,J003.D_WW_T3.13.2023_I APPL 363,2023-04-14 15:07:08,2,2,4,2023-04-14_RgbImage_2023-04-14_15-07-07.png,Switchgrass_J003.D_WW_T3.13.2023_I APPL 363,0.9712803221552053,1.9524103091098368
Switchgrass,RGB2,J003.D_WW_T3.13.2023_I APPL 363,2023-04-14 15:06:33,2,2,4,2023-04-14_RgbImage_2023-04-14_15-06-33.png,Switchgrass_J003.D_WW_T3.13.2023_I APPL 363,0.9689412015623399,0.9018885563127697
Switchgrass,RGB1,J215.A_D_I APPL 121,2022-12-17 16:27:41,2,2,4,2022-12-17_RgbImage_2022-12-17_16-27-40.png,Switchgrass_J215.A_D_I APPL 121,0.9587206225449677,1.8950085761025548
Switchgrass,RGB2,J215.A_D_I APPL 121,2022-12-17 16:27:05,2,2,4,2022-12-17_RgbImage_2022-12-17_16-27-05.png,Switchgrass_J215.A_D_I APPL 121,0.9403283539052666,0.9286522888578475
Switchgrass,RGB1,J215.A_WW_I APPL 221,2022-12-11 14:17:32,2,2,4,2022-12-11_RgbImage_2022-12-11_14-17-32.png,Switchgrass_J215.A_WW_I APPL 221,0.9551431911164323,1.928629265166819
Switchgrass,RGB2,J215.A_WW_I APPL 221,2022-12-11 14:16:12,2,2,4,2022-12-11_RgbImage_2022-12-11_14-16-12.png,Switchgrass_J215.A_WW_I APPL 221,0.9438790623246323,0.8966445405967534
Switchgrass,RGB1,J618.A_WW_T3.14.2023_I APPL 255,2023-05-05 11:30:24,2,2,4,2023-05-5_RgbImage_2023-05-05_11-30-24.png,Switchgrass_J618.A_WW_T3.14.2023_I APPL 255,0.9407519733131071,1.9717835481278598
Switchgrass,RGB2,J618.A_WW_T3.14.2023_I APPL 255,2023-05-05 11:29:50,2,2,4,2023-05-5_RgbImage_2023-05-05_11-29-49.png,Switchgrass_J618.A_WW_T3.14.2023_I APPL 255,0.9075588806468439,0.903989939019084
Switchgrass,RGB1,J008.D_D_I APPL 5,2023-01-27 10:34:47,2,3,0,2023-01-27_RgbImage_2023-01-27_10-34-47.png,Switchgrass_J008.D_D_I APPL 5,0.9631457767545224,1.904904767870903
Switchgrass,RGB2,J008.D_D_I APPL 5,2023-01-27 10:33:02,2,3,0,2023-01-27_RgbImage_2023-01-27_10-33-02.png,Switchgrass_J008.D_D_I APPL 5,0.9562457545734517,0.9245265577919781
Switchgrass,RGB1,J296.A_D_T3.12.2023_I APPL 485,2023-04-26 11:24:43,2,3,0,2023-04-26_RgbImage_2023-04-26_11-24-42.png,Switchgrass_J296.A_D_T3.12.2023_I APPL 485,0.9530048236397871,2.0273920889012516
Switchgrass,RGB2,J296.A_D_T3.12.2023_I APPL 485,2023-04-26 11:24:10,2,3,0,2023-04-26_RgbImage_2023-04-26_11-24-10.png,Switchgrass_J296.A_D_T3.12.2023_I APPL 485,0.8975053181206674,0.9019535277038813
Switchgrass,RGB1,J317.A_D_I APPL 103,2022-12-29 15:09:19,2,3,1,2022-12-29_RgbImage_2022-12-29_15-09-19.png,Switchgrass_J317.A_D_I APPL 103,0.9663006066039734,2.0838901521638036
Switchgrass,RGB2,J317.A_D_I APPL 103,2022-12-29 15:08:09,2,3,1,2022-12-29_RgbImage_2022-12-29_15-08-09.png,Switchgrass_J317.A_D_I APPL 103,0.9356186335750922,0.9036365109495819
Switchgrass,RGB1,AP13_D_I APPL 261,2022-12-18 11:40:00,2,3,2,2022-12-18_RgbImage_2022-12-18_11-40-00.png,Switchgrass_AP13_D_I APPL 261,0.9608781311568912,1.9574566599912941
Switchgrass,RGB2,AP13_D_I APPL 261,2022-12-18 11:39:25,2,3,2,2022-12-18_RgbImage_2022-12-18_11-39-25.png,Switchgrass_AP13_D_I APPL 261,0.9325711619230013,0.9812961746938527
Switchgrass,RGB1,J003.D_WW_T3.13.2023_I APPL 363,2023-04-06 10:14:14,2,3,2,2023-04-6_RgbImage_2023-04-06_10-14-14.png,Switchgrass_J003.D_WW_T3.13.2023_I APPL 363,0.97443150987225,1.9937107567675412
Switchgrass,RGB2,J003.D_WW_T3.13.2023_I APPL 363,2023-04-06 10:13:37,2,3,2,2023-04-6_RgbImage_2023-04-06_10-13-37.png,Switchgrass_J003.D_WW_T3.13.2023_I APPL 363,0.9521773586015586,0.9091961230151355
Switchgrass,RGB1,J022.B_D_T3.13.2023_I APPL 371,2023-05-04 13:40:32,2,3,2,2023-05-4_RgbImage_2023-05-04_13-40-32.png,Switchgrass_J022.B_D_T3.13.2023_I APPL 371,0.9693752237244828,2.0582637889310718
Switchgrass,RGB2,J022.B_D_T3.13.2023_I APPL 371,2023-05-04 13:39:58,2,3,2,2023-05-4_RgbImage_2023-05-04_13-39-58.png,Switchgrass_J022.B_D_T3.13.2023_I APPL 371,0.9470860278459972,0.9283955530263484
Switchgrass,RGB1,J307.A_WW_T3.14.2023_I APPL 273,2023-05-05 09:17:23,2,3,3,2023-05-5_RgbImage_2023-05-05_09-17-22.png,Switchgrass_J307.A_WW_T3.14.2023_I APPL 273,0.9828995961861441,1.923964214976877
Switchgrass,RGB2,J307.A_WW_T3.14.2023_I APPL 273,2023-05-05 09:16:47,2,3,3,2023-05-5_RgbImage_2023-05-05_09-16-46.png,Switchgrass_J307.A_WW_T3.14.2023_I APPL 273,0.9776841852059186,0.9702249020338058
Switchgrass,RGB1,J613.A_WW_T3.16.2023_I APPL 12,2023-04-10 17:48:33,2,3,3,2023-04-10_RgbImage_2023-04-10_17-48-32.png,Switchgrass_J613.A_WW_T3.16.2023_I APPL 12,0.9685915296873483,1.9147885362617671
Switchgrass,RGB2,J613.A_WW_T3.16.2023_I APPL 12,2023-04-10 17:47:58,2,3,3,2023-04-10_RgbImage_2023-04-10_17-47-57.png,Switchgrass_J613.A_WW_T3.16.2023_I APPL 12,0.9416831361908162,0.8989660008810461
Switchgrass,RGB1,VS16_D_I APPL 2,2022-12-09 11:33:10,2,3,3,2022-12-9_RgbImage_2022-12-09_11-33-10.png,Switchgrass_VS16_D_I APPL 2,0.9631084714584781,2.079644424840808
Switchgrass,RGB2,VS16_D_I APPL 2,2022-12-09 11:31:55,2,3,3,2022-12-9_RgbImage_2022-12-09_11-31-55.png,Switchgrass_VS16_D_I APPL 2,0.9562997301179519,1.1057204590179026
Switchgrass,RGB1,J215.A_WW_I APPL 221,2022-12-16 14:18:02,2,3,4,2022-12-16_RgbImage_2022-12-16_14-18-02.png,Switchgrass_J215.A_WW_I APPL 221,0.9562857219422088,2.2237530667334795
Switchgrass,RGB2,J215.A_WW_I APPL 221,2022-12-16 14:16:01,2,3,4,2022-12-16_RgbImage_2022-12-16_14-16-01.png,Switchgrass_J215.A_WW_I APPL 221,0.9452797679551489,0.9321258962154388
Switchgrass,RGB1,J248.A_WW_T3.13.2023_I APPL 368,2023-04-13 09:30:47,2,3,4,2023-04-13_RgbImage_2023-04-13_09-30-47.png,Switchgrass_J248.A_WW_T3.13.2023_I APPL 368,0.9593465264088642,1.9927684357389808
Switchgrass,RGB2,J248.A_WW_T3.13.2023_I APPL 368,2023-04-13 09:30:11,2,3,4,2023-04-13_RgbImage_2023-04-13_09-30-11.png,Switchgrass_J248.A_WW_T3.13.2023_I APPL 368,0.9102569296465283,0.973298423923552
Switchgrass,RGB1,J502.A_WW_T3.15.2023_I APPL 112,2023-05-06 17:12:22,2,3,4,2023-05-6_RgbImage_2023-05-06_17-12-22.png,Switchgrass_J502.A_WW_T3.15.2023_I APPL 112,0.9685205407237856,1.9932907628826797
Switchgrass,RGB2,J502.A_WW_T3.15.2023_I APPL 112,2023-05-06 17:11:47,2,3,4,2023-05-6_RgbImage_2023-05-06_17-11-47.png,Switchgrass_J502.A_WW_T3.15.2023_I APPL 112,0.9220974205567475,0.9291582056321204
Switchgrass,RGB1,J586.A_WW_T3.14.2023_I APPL 215,2023-04-22 16:27:49,2,3,4,2023-04-22_RgbImage_2023-04-22_16-27-48.png,Switchgrass_J586.A_WW_T3.14.2023_I APPL 215,0.9618866922573068,2.1078679682686925
Switchgrass,RGB2,J586.A_WW_T3.14.2023_I APPL 215,2023-04-22 16:27:18,2,3,4,2023-04-22_RgbImage_2023-04-22_16-27-18.png,Switchgrass_J586.A_WW_T3.14.2023_I APPL 215,0.9525087227635455,0.9298923742026091
Switchgrass,RGB1,J008.D_D_I APPL 5,2023-02-03 10:34:42,2,4,0,2023-02-3_RgbImage_2023-02-03_10-34-41.png,Switchgrass_J008.D_D_I APPL 5,0.9477756802369987,1.9311715122312307
Switchgrass,RGB2,J008.D_D_I APPL 5,2023-02-03 10:32:57,2,4,0,2023-02-3_RgbImage_2023-02-03_10-32-57.png,Switchgrass_J008.D_D_I APPL 5,0.9550702342099754,0.972843524068594
Switchgrass,RGB1,J016.A_D_T3.13.2023_I APPL 373,2023-04-13 08:49:06,2,4,0,2023-04-13_RgbImage_2023-04-13_08-49-05.png,Switchgrass_J016.A_D_T3.13.2023_I APPL 373,0.9641846066528629,2.2004425330087543
Switchgrass,RGB2,J016.A_D_T3.13.2023_I APPL 373,2023-04-13 08:48:34,2,4,0,2023-04-13_RgbImage_2023-04-13_08-48-33.png,Switchgrass_J016.A_D_T3.13.2023_I APPL 373,0.9281684575976004,1.1290497090667486
Switchgrass,RGB1,J614.C_D_T3.16.2023_I APPL 77,2023-04-25 09:34:09,2,4,0,2023-04-25_RgbImage_2023-04-25_09-34-09.png,Switchgrass_J614.C_D_T3.16.2023_I APPL 77,0.9467557714947223,1.9724553488194942
Switchgrass,RGB2,J614.C_D_T3.16.2023_I APPL 77,2023-04-25 09:33:35,2,4,0,2023-04-25_RgbImage_2023-04-25_09-33-34.png,Switchgrass_J614.C_D_T3.16.2023_I APPL 77,0.8934314904848539,0.9472247851081192
Switchgrass,RGB1,PTCL-32_D_T3.15.2023_I APPL 133,2023-04-24 14:35:52,2,4,0,2023-04-24_RgbImage_2023-04-24_14-35-51.png,Switchgrass_PTCL-32_D_T3.15.2023_I APPL 133,0.9612881727478835,2.264095986261964
Switchgrass,RGB2,PTCL-32_D_T3.15.2023_I APPL 133,2023-04-24 14:35:17,2,4,0,2023-04-24_RgbImage_2023-04-24_14-35-17.png,Switchgrass_PTCL-32_D_T3.15.2023_I APPL 133,0.9186848745487066,0.9473778950050473
Switchgrass,RGB1,AP13_WW_I APPL 133,2023-02-05 15:12:48,2,4,1,2023-02-5_RgbImage_2023-02-05_15-12-47.png,Switchgrass_AP13_WW_I APPL 133,0.9304296636609886,1.928523755632341
Switchgrass,RGB2,AP13_WW_I APPL 133,2023-02-05 15:12:23,2,4,1,2023-02-5_RgbImage_2023-02-05_15-12-23.png,Switchgrass_AP13_WW_I APPL 133,0.780293967733347,0.9121306920424104
Switchgrass,RGB1,J296.A_D_T3.12.2023_I APPL 485,2023-05-03 11:24:20,2,4,1,2023-05-3_RgbImage_2023-05-03_11-24-19.png,Switchgrass_J296.A_D_T3.12.2023_I APPL 485,0.9603488210470468,1.9313814593479037
Switchgrass,RGB2,J296.A_D_T3.12.2023_I APPL 485,2023-05-03 11:23:44,2,4,1,2023-05-3_RgbImage_2023-05-03_11-23-44.png,Switchgrass_J296.A_D_T3.12.2023_I APPL 485,0.9417953566182715,0.9449285338632762
Switchgrass,RGB1,J317.A_D_I APPL 6,2022-12-16 10:27:28,2,4,1,2022-12-16_RgbImage_2022-12-16_10-27-28.png,Switchgrass_J317.A_D_I APPL 6,0.9695877243649788,1.957277201116085
Switchgrass,RGB2,J317.A_D_I APPL 6,2022-12-16 10:26:13,2,4,1,2022-12-16_RgbImage_2022-12-16_10-26-13.png,Switchgrass_J317.A_D_I APPL 6,0.9513046340329838,0.901412766892463
Switchgrass,RGB1,J004.B_WW_T3.12.2023_I APPL 400,2023-04-12 16:45:06,2,4,2,2023-04-12_RgbImage_2023-04-12_16-45-06.png,Switchgrass_J004.B_WW_T3.12.2023_I APPL 400,0.95160331183396,1.8964860709384084
Switchgrass,RGB2,J004.B_WW_T3.12.2023_I APPL 400,2023-04-12 16:44:32,2,4,2,2023-04-12_RgbImage_2023-04-12_16-44-32.png,Switchgrass_J004.B_WW_T3.12.2023_I APPL 400,0.9287318142565312,0.9209718471392989
Switchgrass,RGB1,J006.C_D_T3.13.2023_I APPL 316,2023-04-20 15:48:23,2,4,2,2023-04-20_RgbImage_2023-04-20_15-48-23.png,Switchgrass_J006.C_D_T3.13.2023_I APPL 316,0.9502729084183897,1.911379690747708
Switchgrass,RGB2,J006.C_D_T3.13.2023_I APPL 316,2023-04-20 15:47:47,2,4,2,2023-04-20_RgbImage_2023-04-20_15-47-46.png,Switchgrass_J006.C_D_T3.13.2023_I APPL 316,0.9123180926702755,0.9513409780338407
Switchgrass,RGB1,J587.A_D_T3.14.2023_I APPL 259,2023-04-22 10:57:00,2,4,3,2023-04-22_RgbImage_2023-04-22_10-57-00.png,Switchgrass_J587.A_D_T3.14.2023_I APPL 259,0.9630671170950912,1.9622298162430525
Switchgrass,RGB2,J587.A_D_T3.14.2023_I APPL 259,2023-04-22 10:56:21,2,4,3,2023-04-22_RgbImage_2023-04-22_10-56-21.png,Switchgrass_J587.A_D_T3.14.2023_I APPL 259,0.9156865925869264,0.8934195637702942
Switchgrass,RGB1,J587.A_WW_T3.14.2023_I APPL 203,2023-04-15 18:08:03,2,4,4,2023-04-15_RgbImage_2023-04-15_18-08-02.png,Switchgrass_J587.A_WW_T3.14.2023_I APPL 203,0.9552298122336781,2.0361133301630616
Switchgrass,RGB2,J587.A_WW_T3.14.2023_I APPL 203,2023-04-15 18:07:29,2,4,4,2023-04-15_RgbImage_2023-04-15_18-07-28.png,Switchgrass_J587.A_WW_T3.14.2023_I APPL 203,0.9537159131574019,0.9059076546691358
Switchgrass,RGB1,J588.B_WW_T3.14.2023_I APPL 284,2023-04-29 08:02:09,2,4,4,2023-04-29_RgbImage_2023-04-29_08-02-08.png,Switchgrass_J588.B_WW_T3.14.2023_I APPL 284,0.9574332679180525,1.9135539019480348
Switchgrass,RGB2,J588.B_WW_T3.14.2023_I APPL 284,2023-04-29 08:01:34,2,4,4,2023-04-29_RgbImage_2023-04-29_08-01-33.png,Switchgrass_J588.B_WW_T3.14.2023_I APPL 284,0.9678100734377626,0.9175663688220084
Switchgrass,RGB1,VS16_D_I APPL 2,2022-12-04 11:33:40,2,4,4,2022-12-4_RgbImage_2022-12-04_11-33-40.png,Switchgrass_VS16_D_I APPL 2,0.9582093940234236,1.9282242502085865
Switchgrass,RGB2,VS16_D_I APPL 2,2022-12-04 11:32:22,2,4,4,2022-12-4_RgbImage_2022-12-04_11-32-21.png,Switchgrass_VS16_D_I APPL 2,0.9689383700365803,0.8864882290363312
Switchgrass,RGB1,J322.A_WW_T3.12.2023_I APPL 519,2023-04-26 07:02:51,3,0,0,2023-04-26_RgbImage_2023-04-26_07-02-50.png,Switchgrass_J322.A_WW_T3.12.2023_I APPL 519,0.9624122668245524,1.92411446897313
Switchgrass,RGB2,J322.A_WW_T3.12.2023_I APPL 519,2023-04-26 07:02:16,3,0,0,2023-04-26_RgbImage_2023-04-26_07-02-16.png,Switchgrass_J322.A_WW_T3.12.2023_I APPL 519,0.9538681643766604,0.8955730847083032
Switchgrass,RGB1,J005.A_D_T3.13.2023_I APPL 315,2023-04-20 15:56:31,3,0,1,2023-04-20_RgbImage_2023-04-20_15-56-30.png,Switchgrass_J005.A_D_T3.13.2023_I APPL 315,0.9609917207484786,1.9397303252480924
Switchgrass,RGB2,J005.A_D_T3.13.2023_I APPL 315,2023-04-20 15:55:57,3,0,1,2023-04-20_RgbImage_2023-04-20_15-55-57.png,Switchgrass_J005.A_D_T3.13.2023_I APPL 315,0.9255983007600511,0.990413153078407
Switchgrass,RGB1,J241.A_WW_T3.12.2023_I APPL 412,2023-05-03 15:19:54,3,0,1,2023-05-3_RgbImage_2023-05-03_15-19-53.png,Switchgrass_J241.A_WW_T3.12.2023_I APPL 412,0.9733067872611957,2.3012403259053826
Switchgrass,RGB2,J241.A_WW_T3.12.2023_I APPL 412,2023-05-03 15:19:24,3,0,1,2023-05-3_RgbImage_2023-05-03_15-19-23.png,Switchgrass_J241.A_WW_T3.12.2023_I APPL 412,0.9529529582014211,1.0104130483232439
Switchgrass,RGB1,J317.A_D_I APPL 123,2023-01-07 16:53:00,3,0,1,2023-01-7_RgbImage_2023-01-07_16-53-00.png,Switchgrass_J317.A_D_I APPL 123,0.9596610969325123,1.9701194018125534
Switchgrass,RGB1,J317.A_D_I APPL 123,2023-01-08 16:52:42,3,0,1,2023-01-8_RgbImage_2023-01-08_16-52-41.png,Switchgrass_J317.A_D_I APPL 123,0.9500270027760324,1.9373102895915508
Switchgrass,RGB2,J317.A_D_I APPL 123,2023-01-07 16:52:29,3,0,1,2023-01-7_RgbImage_2023-01-07_16-52-29.png,Switchgrass_J317.A_D_I APPL 123,0.8807582467619265,0.8988955477252603
Switchgrass,RGB2,J317.A_D_I APPL 123,2023-01-08 16:52:11,3,0,1,2023-01-8_RgbImage_2023-01-08_16-52-10.png,Switchgrass_J317.A_D_I APPL 123,0.8792895899965895,0.9029586696997285
Switchgrass,RGB1,J250.C_D_T3.13.2023_I APPL 358,2023-03-23 10:39:05,3,0,2,2023-03-23_RgbImage_2023-03-23_10-39-04.png,Switchgrass_J250.C_D_T3.13.2023_I APPL 358,0.9230471021532372,1.9712307937443256
Switchgrass,RGB2,J250.C_D_T3.13.2023_I APPL 358,2023-03-23 10:38:22,3,0,2,2023-03-23_RgbImage_2023-03-23_10-38-21.png,Switchgrass_J250.C_D_T3.13.2023_I APPL 358,0.9363393993447562,0.879046939779073
Switchgrass,RGB1,J503.C_WW_T3.15.2023_I APPL 187,2023-04-08 07:58:11,3,0,2,2023-04-8_RgbImage_2023-04-08_07-58-10.png,Switchgrass_J503.C_WW_T3.15.2023_I APPL 187,0.970384218765106,1.9633767041377723
Switchgrass,RGB2,J503.C_WW_T3.15.2023_I APPL 187,2023-04-08 07:57:41,3,0,2,2023-04-8_RgbImage_2023-04-08_07-57-40.png,Switchgrass_J503.C_WW_T3.15.2023_I APPL 187,0.948910987069637,0.8925172779709101
Switchgrass,RGB1,J585.B_D_T3.16.2023_I APPL 52,2023-05-02 12:45:46,3,0,2,2023-05-2_RgbImage_2023-05-02_12-45-46.png,Switchgrass_J585.B_D_T3.16.2023_I APPL 52,0.9448793378082021,1.9366868399083614
Switchgrass,RGB2,J585.B_D_T3.16.2023_I APPL 52,2023-05-02 12:45:15,3,0,2,2023-05-2_RgbImage_2023-05-02_12-45-15.png,Switchgrass_J585.B_D_T3.16.2023_I APPL 52,0.9004121289351324,0.9053081823512912
Switchgrass,RGB1,J215.A_D_I APPL 130,2023-01-03 14:05:57,3,0,3,2023-01-3_RgbImage_2023-01-03_14-05-57.png,Switchgrass_J215.A_D_I APPL 130,0.9618301000974738,1.9782477910630405
Switchgrass,RGB1,J215.A_D_I APPL 130,2023-01-11 14:03:44,3,0,3,2023-01-11_RgbImage_2023-01-11_14-03-43.png,Switchgrass_J215.A_D_I APPL 130,0.9604588213727437,1.983035743702203
Switchgrass,RGB2,J215.A_D_I APPL 130,2023-01-03 14:04:04,3,0,3,2023-01-3_RgbImage_2023-01-03_14-04-04.png,Switchgrass_J215.A_D_I APPL 130,0.9326746057402429,0.9185513309203088
Switchgrass,RGB2,J215.A_D_I APPL 130,2023-01-11 14:02:28,3,0,3,2023-01-11_RgbImage_2023-01-11_14-02-28.png,Switchgrass_J215.A_D_I APPL 130,0.9530268749793044,0.8935226988978684
Switchgrass,RGB1,J215.A_WW_I APPL 152,2023-01-07 13:48:37,3,0,3,2023-01-7_RgbImage_2023-01-07_13-48-36.png,Switchgrass_J215.A_WW_I APPL 152,0.9531466743376218,1.9316279161721468
Switchgrass,RGB1,J215.A_WW_I APPL 152,2023-01-09 13:48:23,3,0,3,2023-01-9_RgbImage_2023-01-09_13-48-22.png,Switchgrass_J215.A_WW_I APPL 152,0.9517389419513965,1.9012168161571026
Switchgrass,RGB2,J215.A_WW_I APPL 152,2023-01-07 13:47:23,3,0,3,2023-01-7_RgbImage_2023-01-07_13-47-23.png,Switchgrass_J215.A_WW_I APPL 152,0.9530181880926611,0.9215552709065378
Switchgrass,RGB2,J215.A_WW_I APPL 152,2023-01-09 13:47:10,3,0,3,2023-01-9_RgbImage_2023-01-09_13-47-10.png,Switchgrass_J215.A_WW_I APPL 152,0.9507135235738655,0.9180917222984135
Switchgrass,RGB1,J215.A_D_I APPL 121,2022-12-31 16:23:25,3,0,4,2022-12-31_RgbImage_2022-12-31_16-23-25.png,Switchgrass_J215.A_D_I APPL 121,0.9576611454799864,2.0130664939060807
Switchgrass,RGB1,J215.A_D_I APPL 121,2023-01-03 16:22:06,3,0,4,2023-01-3_RgbImage_2023-01-03_16-22-06.png,Switchgrass_J215.A_D_I APPL 121,0.9629296838649825,2.0148891611024737
Switchgrass,RGB1,J215.A_D_I APPL 121,2023-01-01 16:23:15,3,0,4,2023-01-1_RgbImage_2023-01-01_16-23-14.png,Switchgrass_J215.A_D_I APPL 121,0.9609121499546629,2.1445201891474426
Switchgrass,RGB2,J215.A_D_I APPL 121,2022-12-31 16:22:10,3,0,4,2022-12-31_RgbImage_2022-12-31_16-22-10.png,Switchgrass_J215.A_D_I APPL 121,0.945683398729143,0.9743951479904354
Switchgrass,RGB2,J215.A_D_I APPL 121,2023-01-03 16:21:33,3,0,4,2023-01-3_RgbImage_2023-01-03_16-21-33.png,Switchgrass_J215.A_D_I APPL 121,0.9427130391025214,1.064806351903826
Switchgrass,RGB2,J215.A_D_I APPL 121,2023-01-01 16:22:00,3,0,4,2023-01-1_RgbImage_2023-01-01_16-22-00.png,Switchgrass_J215.A_D_I APPL 121,0.9408486704250799,1.09143085218966
Switchgrass,RGB1,J502.C_WW_T3.13.2023_I APPL 291,2023-04-20 18:57:40,3,0,4,2023-04-20_RgbImage_2023-04-20_18-57-40.png,Switchgrass_J502.C_WW_T3.13.2023_I APPL 291,0.9713786527083434,1.969406234100461
Switchgrass,RGB2,J502.C_WW_T3.13.2023_I APPL 291,2023-04-20 18:57:02,3,0,4,2023-04-20_RgbImage_2023-04-20_18-57-02.png,Switchgrass_J502.C_WW_T3.13.2023_I APPL 291,0.9628292394199968,0.9140784339979291
Switchgrass,RGB1,J008.D_Xtra_I APPL 122,2023-01-01 17:11:18,3,1,0,2023-01-1_RgbImage_2023-01-01_17-11-18.png,Switchgrass_J008.D_Xtra_I APPL 122,0.9619890151356975,1.9940152233466506
Switchgrass,RGB2,J008.D_Xtra_I APPL 122,2023-01-01 17:10:08,3,1,0,2023-01-1_RgbImage_2023-01-01_17-10-08.png,Switchgrass_J008.D_Xtra_I APPL 122,0.9575296191130253,0.9008287531323731
Switchgrass,RGB1,J008.D_D_I APPL 125,2023-01-05 16:38:10,3,1,1,2023-01-5_RgbImage_2023-01-05_16-38-09.png,Switchgrass_J008.D_D_I APPL 125,0.9687528905416953,1.9617709778249264
Switchgrass,RGB2,J008.D_D_I APPL 125,2023-01-05 16:37:02,3,1,1,2023-01-5_RgbImage_2023-01-05_16-37-01.png,Switchgrass_J008.D_D_I APPL 125,0.9565879898160933,0.8902792958542705
Switchgrass,RGB1,J300.A_D_T3.13.2023_I APPL 319,2023-04-14 20:19:31,3,1,1,2023-04-14_RgbImage_2023-04-14_20-19-30.png,Switchgrass_J300.A_D_T3.13.2023_I APPL 319,0.9755487177891596,1.9268991947174072
Switchgrass,RGB2,J300.A_D_T3.13.2023_I APPL 319,2023-04-14 20:18:55,3,1,1,2023-04-14_RgbImage_2023-04-14_20-18-54.png,Switchgrass_J300.A_D_T3.13.2023_I APPL 319,0.9378787273050362,0.9126436519436538
Switchgrass,RGB1,J317.A_D_I APPL 123,2023-01-10 16:52:07,3,1,1,2023-01-10_RgbImage_2023-01-10_16-52-07.png,Switchgrass_J317.A_D_I APPL 123,0.9609058412043711,1.9393365210853517
Switchgrass,RGB2,J317.A_D_I APPL 123,2023-01-10 16:51:37,3,1,1,2023-01-10_RgbImage_2023-01-10_16-51-37.png,Switchgrass_J317.A_D_I APPL 123,0.9064896980179745,0.9367369851097465
Switchgrass,RGB1,J215.A_D_I APPL 146,2023-01-25 14:01:15,3,1,2,2023-01-25_RgbImage_2023-01-25_14-01-15.png,Switchgrass_J215.A_D_I APPL 146,0.9693407694168006,1.9669740656390786
Switchgrass,RGB1,J215.A_D_I APPL 146,2023-01-23 14:22:29,3,1,2,2023-01-23_RgbImage_2023-01-23_14-22-29.png,Switchgrass_J215.A_D_I APPL 146,0.9658382141449803,1.9922904730774462
Switchgrass,RGB1,J215.A_D_I APPL 146,2023-01-20 14:03:15,3,1,2,2023-01-20_RgbImage_2023-01-20_14-03-15.png,Switchgrass_J215.A_D_I APPL 146,0.9561560069623013,1.9859606050886214
Switchgrass,RGB2,J215.A_D_I APPL 146,2023-01-25 14:00:44,3,1,2,2023-01-25_RgbImage_2023-01-25_14-00-44.png,Switchgrass_J215.A_D_I APPL 146,0.9442977257065629,0.8936147033236921
Switchgrass,RGB2,J215.A_D_I APPL 146,2023-01-23 14:20:36,3,1,2,2023-01-23_RgbImage_2023-01-23_14-20-35.png,Switchgrass_J215.A_D_I APPL 146,0.938143825450487,0.8796328967437148
Switchgrass,RGB2,J215.A_D_I APPL 146,2023-01-20 14:01:21,3,1,2,2023-01-20_RgbImage_2023-01-20_14-01-21.png,Switchgrass_J215.A_D_I APPL 146,0.9380599442151712,0.9366243937984109
Switchgrass,RGB1,J250.A_WW_T3.13.2023_I APPL 320,2023-05-04 19:49:39,3,1,2,2023-05-4_RgbImage_2023-05-04_19-49-38.png,Switchgrass_J250.A_WW_T3.13.2023_I APPL 320,0.9662062463749436,1.9411132400855422
Switchgrass,RGB2,J250.A_WW_T3.13.2023_I APPL 320,2023-05-04 19:49:06,3,1,2,2023-05-4_RgbImage_2023-05-04_19-49-05.png,Switchgrass_J250.A_WW_T3.13.2023_I APPL 320,0.9409245031442373,0.8896762859076262
Switchgrass,RGB1,J215.A_D_I APPL 4,2022-12-20 11:00:01,3,1,3,2022-12-20_RgbImage_2022-12-20_11-00-01.png,Switchgrass_J215.A_D_I APPL 4,0.9590668000119806,1.935152370017022
Switchgrass,RGB2,J215.A_D_I APPL 4,2022-12-20 10:58:05,3,1,3,2022-12-20_RgbImage_2022-12-20_10-58-04.png,Switchgrass_J215.A_D_I APPL 4,0.9535726610448609,0.8937575831077993
Switchgrass,RGB1,J215.A_WW_I APPL 131,2023-01-19 15:07:28,3,1,3,2023-01-19_RgbImage_2023-01-19_15-07-27.png,Switchgrass_J215.A_WW_I APPL 131,0.9565231340703446,1.953595892060548
Switchgrass,RGB2,J215.A_WW_I APPL 131,2023-01-19 15:05:37,3,1,3,2023-01-19_RgbImage_2023-01-19_15-05-36.png,Switchgrass_J215.A_WW_I APPL 131,0.9547201418247807,0.8828587359748781
Switchgrass,RGB1,J601.B_D_T3.16.2023_I APPL 44,2023-05-07 13:51:43,3,1,3,2023-05-7_RgbImage_2023-05-07_13-51-42.png,Switchgrass_J601.B_D_T3.16.2023_I APPL 44,0.9697779661337304,2.152159814722836
Switchgrass,RGB2,J601.B_D_T3.16.2023_I APPL 44,2023-05-07 13:51:08,3,1,3,2023-05-7_RgbImage_2023-05-07_13-51-07.png,Switchgrass_J601.B_D_T3.16.2023_I APPL 44,0.9526288456139282,1.04854802088812
Switchgrass,RGB1,J609.A_D_T3.15.2023_I APPL 147,2023-05-06 12:55:48,3,1,3,2023-05-6_RgbImage_2023-05-06_12-55-47.png,Switchgrass_J609.A_D_T3.15.2023_I APPL 147,0.9651089185544505,2.2480231379158795
Switchgrass,RGB2,J609.A_D_T3.15.2023_I APPL 147,2023-05-06 12:55:16,3,1,3,2023-05-6_RgbImage_2023-05-06_12-55-15.png,Switchgrass_J609.A_D_T3.15.2023_I APPL 147,0.9417949244561272,0.9648390910588205
Switchgrass,RGB1,J215.A_D_I APPL 121,2022-12-30 21:02:03,3,1,4,2022-12-30_RgbImage_2022-12-30_21-02-03.png,Switchgrass_J215.A_D_I APPL 121,0.9723535060538235,2.221611900255084
Switchgrass,RGB2,J215.A_D_I APPL 121,2022-12-30 21:01:30,3,1,4,2022-12-30_RgbImage_2022-12-30_21-01-29.png,Switchgrass_J215.A_D_I APPL 121,0.934862994547856,1.1270411722362041
Switchgrass,RGB1,J215.A_WW_I APPL 136,2022-12-21 16:33:49,3,1,4,2022-12-21_RgbImage_2022-12-21_16-33-49.png,Switchgrass_J215.A_WW_I APPL 136,0.9779898239511192,1.9799946248531342
Switchgrass,RGB2,J215.A_WW_I APPL 136,2022-12-21 16:33:15,3,1,4,2022-12-21_RgbImage_2022-12-21_16-33-14.png,Switchgrass_J215.A_WW_I APPL 136,0.9551572484678368,0.9796132338233292
Switchgrass,RGB1,J215.A_WW_I APPL 221,2022-12-30 19:25:21,3,1,4,2022-12-30_RgbImage_2022-12-30_19-25-21.png,Switchgrass_J215.A_WW_I APPL 221,0.9663283769963347,2.1242942078970373
Switchgrass,RGB2,J215.A_WW_I APPL 221,2022-12-30 19:24:06,3,1,4,2022-12-30_RgbImage_2022-12-30_19-24-06.png,Switchgrass_J215.A_WW_I APPL 221,0.9618000576570657,1.0780519358813763
Switchgrass,RGB1,VS16_D_I APPL 402,2023-01-10 11:05:11,3,1,4,2023-01-10_RgbImage_2023-01-10_11-05-10.png,Switchgrass_VS16_D_I APPL 402,0.9586020504580457,2.0540358279831707
Switchgrass,RGB2,VS16_D_I APPL 402,2023-01-10 11:04:38,3,1,4,2023-01-10_RgbImage_2023-01-10_11-04-38.png,Switchgrass_VS16_D_I APPL 402,0.9379728229896572,0.901876354124397
Switchgrass,RGB1,AP13_WW_I APPL 133,2023-01-27 15:13:36,3,2,0,2023-01-27_RgbImage_2023-01-27_15-13-35.png,Switchgrass_AP13_WW_I APPL 133,0.9667745822939737,1.9094712538644671
Switchgrass,RGB2,AP13_WW_I APPL 133,2023-01-27 15:11:51,3,2,0,2023-01-27_RgbImage_2023-01-27_15-11-50.png,Switchgrass_AP13_WW_I APPL 133,0.9358016604792684,0.8893021591939032
Switchgrass,RGB1,J003.B_WW_T3.13.2023_I APPL 292,2023-04-20 18:49:23,3,2,1,2023-04-20_RgbImage_2023-04-20_18-49-23.png,Switchgrass_J003.B_WW_T3.13.2023_I APPL 292,0.9589916918233051,1.984102631919086
Switchgrass,RGB2,J003.B_WW_T3.13.2023_I APPL 292,2023-04-20 18:48:50,3,2,1,2023-04-20_RgbImage_2023-04-20_18-48-50.png,Switchgrass_J003.B_WW_T3.13.2023_I APPL 292,0.9613148322927271,0.8857280719093978
Switchgrass,RGB1,J317.A_WW_I APPL 262,2023-01-22 12:56:29,3,2,1,2023-01-22_RgbImage_2023-01-22_12-56-29.png,Switchgrass_J317.A_WW_I APPL 262,0.9774001558881346,1.9200896103866398
Switchgrass,RGB2,J317.A_WW_I APPL 262,2023-01-22 12:56:03,3,2,1,2023-01-22_RgbImage_2023-01-22_12-56-02.png,Switchgrass_J317.A_WW_I APPL 262,0.9430573479679419,0.918723707087338
Switchgrass,RGB1,J621.A_WW_T3.16.2023_I APPL 55,2023-05-02 12:20:32,3,2,1,2023-05-2_RgbImage_2023-05-02_12-20-32.png,Switchgrass_J621.A_WW_T3.16.2023_I APPL 55,0.9464761120773555,1.9196211751550436
Switchgrass,RGB2,J621.A_WW_T3.16.2023_I APPL 55,2023-05-02 12:20:03,3,2,1,2023-05-2_RgbImage_2023-05-02_12-20-03.png,Switchgrass_J621.A_WW_T3.16.2023_I APPL 55,0.9310549068476753,0.8970137387514114
Switchgrass,RGB1,J215.A_D_I APPL 146,2023-02-02 14:01:30,3,2,2,2023-02-2_RgbImage_2023-02-02_14-01-30.png,Switchgrass_J215.A_D_I APPL 146,0.9511523431661104,1.900830657221377
Switchgrass,RGB1,J215.A_D_I APPL 146,2023-02-04 14:01:15,3,2,2,2023-02-4_RgbImage_2023-02-04_14-01-14.png,Switchgrass_J215.A_D_I APPL 146,0.9440272744391947,1.9072461370378733
Switchgrass,RGB2,J215.A_D_I APPL 146,2023-02-02 13:59:43,3,2,2,2023-02-2_RgbImage_2023-02-02_13-59-43.png,Switchgrass_J215.A_D_I APPL 146,0.9210870142776308,0.9025016757659614
Switchgrass,RGB2,J215.A_D_I APPL 146,2023-02-04 13:59:27,3,2,2,2023-02-4_RgbImage_2023-02-04_13-59-26.png,Switchgrass_J215.A_D_I APPL 146,0.9239891423135193,0.9343174421228468
Switchgrass,RGB1,J535.A_WW_T3.16.2023_I APPL 6,2023-05-02 18:44:34,3,2,2,2023-05-2_RgbImage_2023-05-02_18-44-34.png,Switchgrass_J535.A_WW_T3.16.2023_I APPL 6,0.9698824366141517,1.9747473429888487
Switchgrass,RGB2,J535.A_WW_T3.16.2023_I APPL 6,2023-05-02 18:44:00,3,2,2,2023-05-2_RgbImage_2023-05-02_18-44-00.png,Switchgrass_J535.A_WW_T3.16.2023_I APPL 6,0.9553457270329331,0.9170449241064489
Switchgrass,RGB1,J005.A_WW_T3.13.2023_I APPL 378,2023-04-13 08:07:19,3,2,3,2023-04-13_RgbImage_2023-04-13_08-07-18.png,Switchgrass_J005.A_WW_T3.13.2023_I APPL 378,0.972177723452417,2.0099280322901905
Switchgrass,RGB2,J005.A_WW_T3.13.2023_I APPL 378,2023-04-13 08:06:46,3,2,3,2023-04-13_RgbImage_2023-04-13_08-06-45.png,Switchgrass_J005.A_WW_T3.13.2023_I APPL 378,0.9453537422513504,0.9071165323257446
Switchgrass,RGB1,J215.A_WW_I APPL 131,2023-01-07 15:41:23,3,2,3,2023-01-7_RgbImage_2023-01-07_15-41-22.png,Switchgrass_J215.A_WW_I APPL 131,0.9618623377970094,1.9960573259741068
Switchgrass,RGB2,J215.A_WW_I APPL 131,2023-01-07 15:40:10,3,2,3,2023-01-7_RgbImage_2023-01-07_15-40-09.png,Switchgrass_J215.A_WW_I APPL 131,0.9456928881030694,0.9019588199444115
Switchgrass,RGB1,J503.C_D_T3.15.2023_I APPL 166,2023-05-06 10:34:52,3,2,3,2023-05-6_RgbImage_2023-05-06_10-34-51.png,Switchgrass_J503.C_D_T3.15.2023_I APPL 166,0.9765766315062486,2.0831413376145065
Switchgrass,RGB2,J503.C_D_T3.15.2023_I APPL 166,2023-05-06 10:34:19,3,2,3,2023-05-6_RgbImage_2023-05-06_10-34-18.png,Switchgrass_J503.C_D_T3.15.2023_I APPL 166,0.9201114953883459,0.9205487882718444
Switchgrass,RGB1,VS16_Xtra_I APPL 129,2023-01-22 17:28:39,3,2,3,2023-01-22_RgbImage_2023-01-22_17-28-38.png,Switchgrass_VS16_Xtra_I APPL 129,0.9616974407098854,2.216565178707242
Switchgrass,RGB2,VS16_Xtra_I APPL 129,2023-01-22 17:28:10,3,2,3,2023-01-22_RgbImage_2023-01-22_17-28-09.png,Switchgrass_VS16_Xtra_I APPL 129,0.9395752657988685,0.9781214129179716
Switchgrass,RGB1,J585.B_WW_T3.16.2023_I APPL 92,2023-05-07 07:44:56,3,2,4,2023-05-7_RgbImage_2023-05-07_07-44-55.png,Switchgrass_J585.B_WW_T3.16.2023_I APPL 92,0.9712058919041816,2.203817596193403
Switchgrass,RGB2,J585.B_WW_T3.16.2023_I APPL 92,2023-05-07 07:44:26,3,2,4,2023-05-7_RgbImage_2023-05-07_07-44-26.png,Switchgrass_J585.B_WW_T3.16.2023_I APPL 92,0.8976409852133251,0.8486379142850637
Switchgrass,RGB1,VS16_D_I APPL 2,2022-12-31 11:30:14,3,2,4,2022-12-31_RgbImage_2022-12-31_11-30-14.png,Switchgrass_VS16_D_I APPL 2,0.9684033010331354,2.029058842919767
Switchgrass,RGB2,VS16_D_I APPL 2,2022-12-31 11:29:43,3,2,4,2022-12-31_RgbImage_2022-12-31_11-29-42.png,Switchgrass_VS16_D_I APPL 2,0.9450305994200489,0.8704181239008904
Switchgrass,RGB1,J251.B_D_T3.12.2023_I APPL 438,2023-04-26 12:05:07,3,3,0,2023-04-26_RgbImage_2023-04-26_12-05-06.png,Switchgrass_J251.B_D_T3.12.2023_I APPL 438,0.950122181518468,2.0236734109930694
Switchgrass,RGB2,J251.B_D_T3.12.2023_I APPL 438,2023-04-26 12:04:36,3,3,0,2023-04-26_RgbImage_2023-04-26_12-04-35.png,Switchgrass_J251.B_D_T3.12.2023_I APPL 438,0.8993258516195746,0.852001984603703
Switchgrass,RGB1,J279.A_WW_T3.12.2023_I APPL 391,2023-04-26 17:54:17,3,3,0,2023-04-26_RgbImage_2023-04-26_17-54-16.png,Switchgrass_J279.A_WW_T3.12.2023_I APPL 391,0.9571178941495528,2.0594955813139677
Switchgrass,RGB2,J279.A_WW_T3.12.2023_I APPL 391,2023-04-26 17:53:50,3,3,0,2023-04-26_RgbImage_2023-04-26_17-53-49.png,Switchgrass_J279.A_WW_T3.12.2023_I APPL 391,0.9325551615976114,0.8934892867691815
Switchgrass,RGB1,J317.A_D_I APPL 6,2023-01-31 10:27:06,3,3,0,2023-01-31_RgbImage_2023-01-31_10-27-05.png,Switchgrass_J317.A_D_I APPL 6,0.9651987094427408,2.0164942760020494
Switchgrass,RGB2,J317.A_D_I APPL 6,2023-01-31 10:25:20,3,3,0,2023-01-31_RgbImage_2023-01-31_10-25-19.png,Switchgrass_J317.A_D_I APPL 6,0.921799502060926,0.9143033511936665
Switchgrass,RGB1,J251.B_WW_T3.12.2023_I APPL 518,2023-04-12 07:10:50,3,3,1,2023-04-12_RgbImage_2023-04-12_07-10-49.png,Switchgrass_J251.B_WW_T3.12.2023_I APPL 518,0.9521279278977649,2.034026646055281
Switchgrass,RGB2,J251.B_WW_T3.12.2023_I APPL 518,2023-04-12 07:10:22,3,3,1,2023-04-12_RgbImage_2023-04-12_07-10-21.png,Switchgrass_J251.B_WW_T3.12.2023_I APPL 518,0.9271355530619333,0.8741899561136961
Switchgrass,RGB1,J317.A_D_I APPL 103,2023-01-19 10:56:59,3,3,1,2023-01-19_RgbImage_2023-01-19_10-56-58.png,Switchgrass_J317.A_D_I APPL 103,0.9654514940758009,2.0034902398474514
Switchgrass,RGB2,J317.A_D_I APPL 103,2023-01-19 10:56:31,3,3,1,2023-01-19_RgbImage_2023-01-19_10-56-30.png,Switchgrass_J317.A_D_I APPL 103,0.9349201128556999,0.883769148029387
Switchgrass,RGB1,AP13_D_I APPL 261,2023-01-07 11:37:49,3,3,2,2023-01-7_RgbImage_2023-01-07_11-37-49.png,Switchgrass_AP13_D_I APPL 261,0.9590448543401204,1.9863103781826794
Switchgrass,RGB2,AP13_D_I APPL 261,2023-01-07 11:37:19,3,3,2,2023-01-7_RgbImage_2023-01-07_11-37-18.png,Switchgrass_AP13_D_I APPL 261,0.9503866315574305,0.8916434468701482
Switchgrass,RGB1,J226.A_WW_T3.13.2023_I APPL 294,2023-04-14 23:29:31,3,3,2,2023-04-14_RgbImage_2023-04-14_23-29-31.png,Switchgrass_J226.A_WW_T3.13.2023_I APPL 294,0.9648960419196105,1.9568919050507247
Switchgrass,RGB2,J226.A_WW_T3.13.2023_I APPL 294,2023-04-14 23:29:02,3,3,2,2023-04-14_RgbImage_2023-04-14_23-29-01.png,Switchgrass_J226.A_WW_T3.13.2023_I APPL 294,0.9280555085465289,0.8935387902893126
Switchgrass,RGB1,J317.A_D_I APPL 103,2023-01-02 10:57:28,3,3,2,2023-01-2_RgbImage_2023-01-02_10-57-27.png,Switchgrass_J317.A_D_I APPL 103,0.9593906139410945,1.923828590195626
Switchgrass,RGB2,J317.A_D_I APPL 103,2023-01-02 10:56:59,3,3,2,2023-01-2_RgbImage_2023-01-02_10-56-59.png,Switchgrass_J317.A_D_I APPL 103,0.9175900912382956,0.8916123970411718
Switchgrass,RGB1,J317.A_WW_I APPL 351,2023-01-05 10:51:06,3,3,2,2023-01-5_RgbImage_2023-01-05_10-51-06.png,Switchgrass_J317.A_WW_I APPL 351,0.9722299803161086,1.8987822849303484
Switchgrass,RGB2,J317.A_WW_I APPL 351,2023-01-05 10:49:15,3,3,2,2023-01-5_RgbImage_2023-01-05_10-49-15.png,Switchgrass_J317.A_WW_I APPL 351,0.9690066078686643,0.9781658868305385
Switchgrass,RGB1,J018.B_WW_T3.13.2023_I APPL 293,2023-04-28 18:40:14,3,3,3,2023-04-28_RgbImage_2023-04-28_18-40-13.png,Switchgrass_J018.B_WW_T3.13.2023_I APPL 293,0.9705501637349042,2.284971226938069
Switchgrass,RGB2,J018.B_WW_T3.13.2023_I APPL 293,2023-04-28 18:39:38,3,3,3,2023-04-28_RgbImage_2023-04-28_18-39-38.png,Switchgrass_J018.B_WW_T3.13.2023_I APPL 293,0.9761077052530496,1.1058323220349848
Switchgrass,RGB1,J018.C_WW_T3.15.2023_I APPL 185,2023-04-16 08:14:35,3,3,3,2023-04-16_RgbImage_2023-04-16_08-14-34.png,Switchgrass_J018.C_WW_T3.15.2023_I APPL 185,0.9733963996328051,2.0016032019630075
Switchgrass,RGB2,J018.C_WW_T3.15.2023_I APPL 185,2023-04-16 08:14:02,3,3,3,2023-04-16_RgbImage_2023-04-16_08-14-01.png,Switchgrass_J018.C_WW_T3.15.2023_I APPL 185,0.9536287861353581,0.9200458680279553
Switchgrass,RGB1,J215.A_Xtra_I APPL 138,2023-01-19 17:14:23,3,3,3,2023-01-19_RgbImage_2023-01-19_17-14-23.png,Switchgrass_J215.A_Xtra_I APPL 138,0.9343521495483428,1.9978502257727087
Switchgrass,RGB2,J215.A_Xtra_I APPL 138,2023-01-19 17:13:10,3,3,3,2023-01-19_RgbImage_2023-01-19_17-13-10.png,Switchgrass_J215.A_Xtra_I APPL 138,0.9475725099089466,0.900299692992121
Switchgrass,RGB1,J587.C_WW_T3.16.2023_I APPL 58,2023-04-25 11:55:43,3,3,3,2023-04-25_RgbImage_2023-04-25_11-55-43.png,Switchgrass_J587.C_WW_T3.16.2023_I APPL 58,0.9582554669479997,1.9728610580787063
Switchgrass,RGB2,J587.C_WW_T3.16.2023_I APPL 58,2023-04-25 11:55:11,3,3,3,2023-04-25_RgbImage_2023-04-25_11-55-10.png,Switchgrass_J587.C_WW_T3.16.2023_I APPL 58,0.9597501067790232,0.8996247770264745
Switchgrass,RGB1,J585.A_WW_T3.14.2023_I APPL 268,2023-05-05 09:59:11,3,3,4,2023-05-5_RgbImage_2023-05-05_09-59-11.png,Switchgrass_J585.A_WW_T3.14.2023_I APPL 268,0.9544963338695941,1.9900375651195645
Switchgrass,RGB2,J585.A_WW_T3.14.2023_I APPL 268,2023-05-05 09:58:39,3,3,4,2023-05-5_RgbImage_2023-05-05_09-58-38.png,Switchgrass_J585.A_WW_T3.14.2023_I APPL 268,0.943140232057094,0.9165010759606957
Switchgrass,RGB1,J587.B_WW_T3.15.2023_I APPL 164,2023-05-06 10:51:21,3,3,4,2023-05-6_RgbImage_2023-05-06_10-51-21.png,Switchgrass_J587.B_WW_T3.15.2023_I APPL 164,0.9807320381635714,2.053355201613158
Switchgrass,RGB2,J587.B_WW_T3.15.2023_I APPL 164,2023-05-06 10:50:49,3,3,4,2023-05-6_RgbImage_2023-05-06_10-50-49.png,Switchgrass_J587.B_WW_T3.15.2023_I APPL 164,0.9628592222362267,0.8998364470899105
Switchgrass,RGB1,J008.D_D_I APPL 338,2023-01-23 12:13:19,3,4,0,2023-01-23_RgbImage_2023-01-23_12-13-19.png,Switchgrass_J008.D_D_I APPL 338,0.964440534005188,1.9862089147791266
Switchgrass,RGB2,J008.D_D_I APPL 338,2023-01-23 12:12:09,3,4,0,2023-01-23_RgbImage_2023-01-23_12-12-09.png,Switchgrass_J008.D_D_I APPL 338,0.9609975474896827,0.8904868001118302
Switchgrass,RGB1,J317.A_D_I APPL 6,2023-01-21 10:27:14,3,4,0,2023-01-21_RgbImage_2023-01-21_10-27-14.png,Switchgrass_J317.A_D_I APPL 6,0.9608344358344667,1.931448969990015
Switchgrass,RGB2,J317.A_D_I APPL 6,2023-01-21 10:25:26,3,4,0,2023-01-21_RgbImage_2023-01-21_10-25-26.png,Switchgrass_J317.A_D_I APPL 6,0.9233805913680498,0.8992754658684134
Switchgrass,RGB1,J008.D_D_I APPL 338,2023-02-09 11:51:56,3,4,1,2023-02-9_RgbImage_2023-02-09_11-51-55.png,Switchgrass_J008.D_D_I APPL 338,0.9793291708624964,1.8966064201667905
Switchgrass,RGB2,J008.D_D_I APPL 338,2023-02-09 11:51:28,3,4,1,2023-02-9_RgbImage_2023-02-09_11-51-27.png,Switchgrass_J008.D_D_I APPL 338,0.9626927079336449,0.8960059536620975
Switchgrass,RGB1,J317.A_D_I APPL 103,2023-02-02 10:57:54,3,4,1,2023-02-2_RgbImage_2023-02-02_10-57-53.png,Switchgrass_J317.A_D_I APPL 103,0.9505662614923973,1.937802170868963
Switchgrass,RGB2,J317.A_D_I APPL 103,2023-02-02 10:56:09,3,4,1,2023-02-2_RgbImage_2023-02-02_10-56-09.png,Switchgrass_J317.A_D_I APPL 103,0.8979056240741475,0.8970467522740364
Switchgrass,RGB1,J247.A_D_T3.12.2023_I APPL 411,2023-04-12 15:31:39,3,4,2,2023-04-12_RgbImage_2023-04-12_15-31-38.png,Switchgrass_J247.A_D_T3.12.2023_I APPL 411,0.9576657158867767,2.0124858589842916
Switchgrass,RGB2,J247.A_D_T3.12.2023_I APPL 411,2023-04-12 15:31:03,3,4,2,2023-04-12_RgbImage_2023-04-12_15-31-03.png,Switchgrass_J247.A_D_T3.12.2023_I APPL 411,0.9679136637320154,0.8948831520974636
Switchgrass,RGB1,AP13_WW_I APPL 142,2022-12-08 14:01:33,3,4,3,2022-12-8_RgbImage_2022-12-08_14-01-32.png,Switchgrass_AP13_WW_I APPL 142,0.9684559643256174,1.929947159718722
Switchgrass,RGB2,AP13_WW_I APPL 142,2022-12-08 14:00:59,3,4,3,2022-12-8_RgbImage_2022-12-08_14-00-59.png,Switchgrass_AP13_WW_I APPL 142,0.9552518767486254,0.9974840739741921
Switchgrass,RGB1,J009.C_D_T3.15.2023_I APPL 175,2023-05-06 09:20:33,3,4,3,2023-05-6_RgbImage_2023-05-06_09-20-32.png,Switchgrass_J009.C_D_T3.15.2023_I APPL 175,0.9777219026625067,2.185238359030336
Switchgrass,RGB2,J009.C_D_T3.15.2023_I APPL 175,2023-05-06 09:20:02,3,4,3,2023-05-6_RgbImage_2023-05-06_09-20-02.png,Switchgrass_J009.C_D_T3.15.2023_I APPL 175,0.9413912138047906,1.1521816761232913
Switchgrass,RGB1,J318.A_WW_T3.12.2023_I APPL 407,2023-04-12 16:03:56,3,4,3,2023-04-12_RgbImage_2023-04-12_16-03-56.png,Switchgrass_J318.A_WW_T3.12.2023_I APPL 407,0.9567940176841039,2.022205024957657
Switchgrass,RGB2,J318.A_WW_T3.12.2023_I APPL 407,2023-04-12 16:03:29,3,4,3,2023-04-12_RgbImage_2023-04-12_16-03-29.png,Switchgrass_J318.A_WW_T3.12.2023_I APPL 407,0.9616708586392899,0.9066315749660134
Switchgrass,RGB1,J251.A_WW_T3.16.2023_I APPL 48,2023-05-02 13:18:41,3,4,4,2023-05-2_RgbImage_2023-05-02_13-18-41.png,Switchgrass_J251.A_WW_T3.16.2023_I APPL 48,0.9544357731834089,2.016108328010887
Switchgrass,RGB2,J251.A_WW_T3.16.2023_I APPL 48,2023-05-02 13:18:09,3,4,4,2023-05-2_RgbImage_2023-05-02_13-18-09.png,Switchgrass_J251.A_WW_T3.16.2023_I APPL 48,0.9521240767241199,0.8970921277068555
Switchgrass,RGB1,Rambo 5_WW_T3.15.2023_I APPL 189,2023-05-06 07:41:21,3,4,4,2023-05-6_RgbImage_2023-05-06_07-41-21.png,Switchgrass_Rambo 5_WW_T3.15.2023_I APPL 189,0.9691744980100067,2.0090427887625992
Switchgrass,RGB2,Rambo 5_WW_T3.15.2023_I APPL 189,2023-05-06 07:40:50,3,4,4,2023-05-6_RgbImage_2023-05-06_07-40-50.png,Switchgrass_Rambo 5_WW_T3.15.2023_I APPL 189,0.9529001108121317,0.9141917298547924
Switchgrass,RGB1,VS16_D_I APPL 2,2023-02-07 11:28:24,3,4,4,2023-02-7_RgbImage_2023-02-07_11-28-23.png,Switchgrass_VS16_D_I APPL 2,0.9703599965198886,2.045720887836069
Switchgrass,RGB1,VS16_D_I APPL 2,2023-02-05 11:30:15,3,4,4,2023-02-5_RgbImage_2023-02-05_11-30-14.png,Switchgrass_VS16_D_I APPL 2,0.9677043569859944,2.004514397121966
Switchgrass,RGB2,VS16_D_I APPL 2,2023-02-07 11:27:56,3,4,4,2023-02-7_RgbImage_2023-02-07_11-27-56.png,Switchgrass_VS16_D_I APPL 2,0.950439303182362,0.9775001290254295
Switchgrass,RGB2,VS16_D_I APPL 2,2023-02-05 11:29:47,3,4,4,2023-02-5_RgbImage_2023-02-05_11-29-47.png,Switchgrass_VS16_D_I APPL 2,0.9580156225358614,0.8913999856449664
Switchgrass,RGB1,J001.B_WW_T3.13.2023_I APPL 349,2023-04-14 16:53:53,4,0,0,2023-04-14_RgbImage_2023-04-14_16-53-52.png,Switchgrass_J001.B_WW_T3.13.2023_I APPL 349,0.9612887056484365,1.9695134293287992
Switchgrass,RGB2,J001.B_WW_T3.13.2023_I APPL 349,2023-04-14 16:53:26,4,0,0,2023-04-14_RgbImage_2023-04-14_16-53-26.png,Switchgrass_J001.B_WW_T3.13.2023_I APPL 349,0.9482502425157068,0.8748256689868867
Switchgrass,RGB1,J008.D_D_I APPL 125,2023-01-06 16:38:16,4,0,0,2023-01-6_RgbImage_2023-01-06_16-38-16.png,Switchgrass_J008.D_D_I APPL 125,0.9599515038920781,1.9844838548451662
Switchgrass,RGB1,J008.D_D_I APPL 125,2023-01-07 16:37:45,4,0,0,2023-01-7_RgbImage_2023-01-07_16-37-44.png,Switchgrass_J008.D_D_I APPL 125,0.9691416855635895,1.9800676140002906
Switchgrass,RGB2,J008.D_D_I APPL 125,2023-01-06 16:37:08,4,0,0,2023-01-6_RgbImage_2023-01-06_16-37-08.png,Switchgrass_J008.D_D_I APPL 125,0.9522826031389598,0.8945269091054797
Switchgrass,RGB2,J008.D_D_I APPL 125,2023-01-07 16:36:37,4,0,0,2023-01-7_RgbImage_2023-01-07_16-36-36.png,Switchgrass_J008.D_D_I APPL 125,0.9553600591130438,0.8827328798361123
Switchgrass,RGB1,J215.A_Xtra_I APPL 138,2023-01-28 17:12:51,4,0,0,2023-01-28_RgbImage_2023-01-28_17-12-51.png,Switchgrass_J215.A_Xtra_I APPL 138,0.9589697315925375,1.9498042641207576
Switchgrass,RGB2,J215.A_Xtra_I APPL 138,2023-01-28 17:11:03,4,0,0,2023-01-28_RgbImage_2023-01-28_17-11-03.png,Switchgrass_J215.A_Xtra_I APPL 138,0.9438794763611524,0.8916999530047178
Switchgrass,RGB1,J005.A_D_T3.13.2023_I APPL 315,2023-05-04 20:30:18,4,0,1,2023-05-4_RgbImage_2023-05-04_20-30-18.png,Switchgrass_J005.A_D_T3.13.2023_I APPL 315,0.9761162928595939,1.9867278570309281
Switchgrass,RGB2,J005.A_D_T3.13.2023_I APPL 315,2023-05-04 20:29:47,4,0,1,2023-05-4_RgbImage_2023-05-04_20-29-46.png,Switchgrass_J005.A_D_T3.13.2023_I APPL 315,0.9464369774116937,0.9069717479869723
Switchgrass,RGB1,J215.A_WW_I APPL 152,2023-01-22 13:46:50,4,0,1,2023-01-22_RgbImage_2023-01-22_13-46-50.png,Switchgrass_J215.A_WW_I APPL 152,0.9545728631324594,1.9704979909583926
Switchgrass,RGB1,J215.A_WW_I APPL 152,2023-01-23 14:06:30,4,0,1,2023-01-23_RgbImage_2023-01-23_14-06-29.png,Switchgrass_J215.A_WW_I APPL 152,0.9565756567567428,2.128464643843472
Switchgrass,RGB2,J215.A_WW_I APPL 152,2023-01-22 13:45:03,4,0,1,2023-01-22_RgbImage_2023-01-22_13-45-02.png,Switchgrass_J215.A_WW_I APPL 152,0.9298009743327608,1.1418216689489782
Switchgrass,RGB2,J215.A_WW_I APPL 152,2023-01-23 14:04:45,4,0,1,2023-01-23_RgbImage_2023-01-23_14-04-45.png,Switchgrass_J215.A_WW_I APPL 152,0.9376246322731722,1.0796867981553078
Switchgrass,RGB1,J215.A_D_I APPL 121,2023-01-09 16:20:56,4,0,2,2023-01-9_RgbImage_2023-01-09_16-20-55.png,Switchgrass_J215.A_D_I APPL 121,0.9644373851036608,2.1204357352107763
Switchgrass,RGB2,J215.A_D_I APPL 121,2023-01-09 16:20:24,4,0,2,2023-01-9_RgbImage_2023-01-09_16-20-24.png,Switchgrass_J215.A_D_I APPL 121,0.9463018263965014,0.9178300178609788
Switchgrass,RGB1,J215.A_D_I APPL 130,2023-01-19 15:23:06,4,0,2,2023-01-19_RgbImage_2023-01-19_15-23-06.png,Switchgrass_J215.A_D_I APPL 130,0.957447576703994,2.4847072470001876
Switchgrass,RGB2,J215.A_D_I APPL 130,2023-01-19 15:21:15,4,0,2,2023-01-19_RgbImage_2023-01-19_15-21-15.png,Switchgrass_J215.A_D_I APPL 130,0.9476165213024813,0.9389216569252312
Switchgrass,RGB1,J215.A_D_I APPL 146,2023-01-29 14:01:16,4,0,2,2023-01-29_RgbImage_2023-01-29_14-01-15.png,Switchgrass_J215.A_D_I APPL 146,0.960696606004534,1.9856984210200608
Switchgrass,RGB2,J215.A_D_I APPL 146,2023-01-29 14:00:05,4,0,2,2023-01-29_RgbImage_2023-01-29_14-00-05.png,Switchgrass_J215.A_D_I APPL 146,0.9242429291080415,0.9281049259006977
Switchgrass,RGB1,J215.A_WW_I APPL 131,2023-01-25 15:06:31,4,0,2,2023-01-25_RgbImage_2023-01-25_15-06-31.png,Switchgrass_J215.A_WW_I APPL 131,0.962403349832062,1.9953178688883781
Switchgrass,RGB2,J215.A_WW_I APPL 131,2023-01-25 15:04:40,4,0,2,2023-01-25_RgbImage_2023-01-25_15-04-40.png,Switchgrass_J215.A_WW_I APPL 131,0.9618971730504452,0.9077228987589478
Switchgrass,RGB1,J215.A_WW_I APPL 221,2023-01-06 14:45:27,4,0,3,2023-01-6_RgbImage_2023-01-06_14-45-27.png,Switchgrass_J215.A_WW_I APPL 221,0.964626522608081,2.004531240090728
Switchgrass,RGB2,J215.A_WW_I APPL 221,2023-01-06 14:44:10,4,0,3,2023-01-6_RgbImage_2023-01-06_14-44-10.png,Switchgrass_J215.A_WW_I APPL 221,0.9588299904442711,0.9365499620325863
Switchgrass,RGB1,J461.C_WW_T3.15.2023_I APPL 136,2023-05-06 14:10:18,4,0,3,2023-05-6_RgbImage_2023-05-06_14-10-18.png,Switchgrass_J461.C_WW_T3.15.2023_I APPL 136,0.9766552725272237,2.042936814017594
Switchgrass,RGB2,J461.C_WW_T3.15.2023_I APPL 136,2023-05-06 14:09:48,4,0,3,2023-05-6_RgbImage_2023-05-06_14-09-47.png,Switchgrass_J461.C_WW_T3.15.2023_I APPL 136,0.9247061422484091,0.9152408731169999
Switchgrass,RGB1,VS16_D_I APPL 402,2023-02-09 11:04:20,4,0,3,2023-02-9_RgbImage_2023-02-09_11-04-20.png,Switchgrass_VS16_D_I APPL 402,0.9620809979757098,2.049577069003135
Switchgrass,RGB2,VS16_D_I APPL 402,2023-02-09 11:03:53,4,0,3,2023-02-9_RgbImage_2023-02-09_11-03-53.png,Switchgrass_VS16_D_I APPL 402,0.936628364432638,0.9136261702515185
Switchgrass,RGB1,J215.A_WW_I APPL 221,2023-01-10 14:44:16,4,0,4,2023-01-10_RgbImage_2023-01-10_14-44-16.png,Switchgrass_J215.A_WW_I APPL 221,0.9687198534416048,1.988347589969635
Switchgrass,RGB2,J215.A_WW_I APPL 221,2023-01-10 14:43:02,4,0,4,2023-01-10_RgbImage_2023-01-10_14-43-01.png,Switchgrass_J215.A_WW_I APPL 221,0.9566364759771454,0.8753750780597329
Switchgrass,RGB1,J323.A_WW_T3.13.2023_I APPL 367,2023-04-20 09:38:39,4,0,4,2023-04-20_RgbImage_2023-04-20_09-38-39.png,Switchgrass_J323.A_WW_T3.13.2023_I APPL 367,0.9644132218620438,1.9803152028471231
Switchgrass,RGB1,J323.A_WW_T3.13.2023_I APPL 367,2023-04-28 09:38:14,4,0,4,2023-04-28_RgbImage_2023-04-28_09-38-14.png,Switchgrass_J323.A_WW_T3.13.2023_I APPL 367,0.96967978017003,1.969820479862392
Switchgrass,RGB2,J323.A_WW_T3.13.2023_I APPL 367,2023-04-20 09:38:05,4,0,4,2023-04-20_RgbImage_2023-04-20_09-38-04.png,Switchgrass_J323.A_WW_T3.13.2023_I APPL 367,0.9504777331737392,0.9096401636488736
Switchgrass,RGB2,J323.A_WW_T3.13.2023_I APPL 367,2023-04-28 09:37:42,4,0,4,2023-04-28_RgbImage_2023-04-28_09-37-42.png,Switchgrass_J323.A_WW_T3.13.2023_I APPL 367,0.9477979988501921,0.9218430272303522
Switchgrass,RGB1,J340.A_WW_T3.13.2023_I APPL 306,2023-05-04 21:44:01,4,0,4,2023-05-4_RgbImage_2023-05-04_21-44-00.png,Switchgrass_J340.A_WW_T3.13.2023_I APPL 306,0.9764105922144161,1.9203873947262764
Switchgrass,RGB2,J340.A_WW_T3.13.2023_I APPL 306,2023-05-04 21:43:27,4,0,4,2023-05-4_RgbImage_2023-05-04_21-43-27.png,Switchgrass_J340.A_WW_T3.13.2023_I APPL 306,0.9579024642239342,0.8833451569080353
Switchgrass,RGB1,AP13_WW_I APPL 142,2023-01-21 13:54:54,4,1,0,2023-01-21_RgbImage_2023-01-21_13-54-53.png,Switchgrass_AP13_WW_I APPL 142,0.9714868581079191,1.9890328268520534
Switchgrass,RGB1,AP13_WW_I APPL 142,2023-01-22 13:54:49,4,1,0,2023-01-22_RgbImage_2023-01-22_13-54-48.png,Switchgrass_AP13_WW_I APPL 142,0.9704563600937295,2.0391018739901483
Switchgrass,RGB2,AP13_WW_I APPL 142,2023-01-21 13:53:04,4,1,0,2023-01-21_RgbImage_2023-01-21_13-53-04.png,Switchgrass_AP13_WW_I APPL 142,0.9493949152389156,1.0614603571593761
Switchgrass,RGB2,AP13_WW_I APPL 142,2023-01-22 13:52:59,4,1,0,2023-01-22_RgbImage_2023-01-22_13-52-59.png,Switchgrass_AP13_WW_I APPL 142,0.9415265908925983,0.9130568639375269
Switchgrass,RGB1,J008.D_D_I APPL 125,2023-01-08 16:37:26,4,1,1,2023-01-8_RgbImage_2023-01-08_16-37-25.png,Switchgrass_J008.D_D_I APPL 125,0.9536291713912631,2.506262954324484
Switchgrass,RGB2,J008.D_D_I APPL 125,2023-01-08 16:36:18,4,1,1,2023-01-8_RgbImage_2023-01-08_16-36-18.png,Switchgrass_J008.D_D_I APPL 125,0.9568481440255591,0.8922908511012793
Switchgrass,RGB1,J250.C_D_T3.13.2023_I APPL 358,2023-05-04 15:11:05,4,1,1,2023-05-4_RgbImage_2023-05-04_15-11-05.png,Switchgrass_J250.C_D_T3.13.2023_I APPL 358,0.9639793775398655,2.117563503794372
Switchgrass,RGB2,J250.C_D_T3.13.2023_I APPL 358,2023-05-04 15:10:35,4,1,1,2023-05-4_RgbImage_2023-05-04_15-10-34.png,Switchgrass_J250.C_D_T3.13.2023_I APPL 358,0.9536384428104744,1.1641564890742302
Switchgrass,RGB1,J330.A_WW_T3.12.2023_I APPL 396,2023-04-26 17:13:22,4,1,1,2023-04-26_RgbImage_2023-04-26_17-13-22.png,Switchgrass_J330.A_WW_T3.12.2023_I APPL 396,0.9624720268565303,2.2236576611176133
Switchgrass,RGB2,J330.A_WW_T3.12.2023_I APPL 396,2023-04-26 17:12:51,4,1,1,2023-04-26_RgbImage_2023-04-26_17-12-51.png,Switchgrass_J330.A_WW_T3.12.2023_I APPL 396,0.9486767911421621,0.8913395521230996
Switchgrass,RGB1,J215.A_D_I APPL 146,2023-02-08 14:01:09,4,1,2,2023-02-8_RgbImage_2023-02-08_14-01-08.png,Switchgrass_J215.A_D_I APPL 146,0.949247870957526,1.9865149962715805
Switchgrass,RGB2,J215.A_D_I APPL 146,2023-02-08 13:59:21,4,1,2,2023-02-8_RgbImage_2023-02-08_13-59-21.png,Switchgrass_J215.A_D_I APPL 146,0.9112009515806377,0.8949117762967944
Switchgrass,RGB1,J215.A_D_I APPL 4,2023-01-11 10:41:39,4,1,2,2023-01-11_RgbImage_2023-01-11_10-41-39.png,Switchgrass_J215.A_D_I APPL 4,0.9756654298359445,1.9994710418395698
Switchgrass,RGB2,J215.A_D_I APPL 4,2023-01-11 10:41:11,4,1,2,2023-01-11_RgbImage_2023-01-11_10-41-10.png,Switchgrass_J215.A_D_I APPL 4,0.9491778462525299,0.9331916640512645
Switchgrass,RGB1,J215.A_WW_I APPL 131,2023-01-27 15:05:55,4,1,2,2023-01-27_RgbImage_2023-01-27_15-05-54.png,Switchgrass_J215.A_WW_I APPL 131,0.9646271965924427,2.0461041131056845
Switchgrass,RGB1,J215.A_WW_I APPL 131,2023-02-09 15:04:31,4,1,2,2023-02-9_RgbImage_2023-02-09_15-04-31.png,Switchgrass_J215.A_WW_I APPL 131,0.9634009420967463,1.974574679043144
Switchgrass,RGB2,J215.A_WW_I APPL 131,2023-01-27 15:04:04,4,1,2,2023-01-27_RgbImage_2023-01-27_15-04-03.png,Switchgrass_J215.A_WW_I APPL 131,0.9555312594632672,0.9481061631813645
Switchgrass,RGB2,J215.A_WW_I APPL 131,2023-02-09 15:02:47,4,1,2,2023-02-9_RgbImage_2023-02-09_15-02-47.png,Switchgrass_J215.A_WW_I APPL 131,0.9366649589135466,0.9060062328353524
Switchgrass,RGB1,J215.A_D_I APPL 4,2023-01-25 10:41:21,4,1,3,2023-01-25_RgbImage_2023-01-25_10-41-20.png,Switchgrass_J215.A_D_I APPL 4,0.9797105450025767,1.9726110468618572
Switchgrass,RGB2,J215.A_D_I APPL 4,2023-01-25 10:40:53,4,1,3,2023-01-25_RgbImage_2023-01-25_10-40-53.png,Switchgrass_J215.A_D_I APPL 4,0.9510242762715281,0.8979432792402804
Switchgrass,RGB1,J215.A_WW_I APPL 136,2023-01-19 16:26:09,4,1,3,2023-01-19_RgbImage_2023-01-19_16-26-08.png,Switchgrass_J215.A_WW_I APPL 136,0.9728998865665838,1.9978813268244267
Switchgrass,RGB2,J215.A_WW_I APPL 136,2023-01-19 16:25:44,4,1,3,2023-01-19_RgbImage_2023-01-19_16-25-43.png,Switchgrass_J215.A_WW_I APPL 136,0.9509512001758609,0.9074815926142037
Switchgrass,RGB1,J215.A_WW_I APPL 221,2023-01-28 14:09:00,4,1,3,2023-01-28_RgbImage_2023-01-28_14-09-00.png,Switchgrass_J215.A_WW_I APPL 221,0.9732064304566982,1.982468435075134
Switchgrass,RGB2,J215.A_WW_I APPL 221,2023-01-28 14:07:56,4,1,3,2023-01-28_RgbImage_2023-01-28_14-07-56.png,Switchgrass_J215.A_WW_I APPL 221,0.9337511825686802,0.8836660329252481
Switchgrass,RGB1,VS16_D_I APPL 124,2023-01-21 16:41:46,4,1,3,2023-01-21_RgbImage_2023-01-21_16-41-46.png,Switchgrass_VS16_D_I APPL 124,0.970732309396282,2.012504864949733
Switchgrass,RGB2,VS16_D_I APPL 124,2023-01-21 16:40:40,4,1,3,2023-01-21_RgbImage_2023-01-21_16-40-40.png,Switchgrass_VS16_D_I APPL 124,0.938446877674394,0.8848675950430334
Switchgrass,RGB1,J215.A_D_I APPL 4,2022-12-30 10:42:10,4,1,4,2022-12-30_RgbImage_2022-12-30_10-42-10.png,Switchgrass_J215.A_D_I APPL 4,0.9779648541155213,2.0193231073208153
Switchgrass,RGB2,J215.A_D_I APPL 4,2022-12-30 10:41:37,4,1,4,2022-12-30_RgbImage_2022-12-30_10-41-36.png,Switchgrass_J215.A_D_I APPL 4,0.967654648763194,0.8820541868917644
Switchgrass,RGB1,J215.A_WW_I APPL 221,2023-02-05 14:09:58,4,1,4,2023-02-5_RgbImage_2023-02-05_14-09-57.png,Switchgrass_J215.A_WW_I APPL 221,0.968974955614652,2.0351499719545245
Switchgrass,RGB2,J215.A_WW_I APPL 221,2023-02-05 14:08:52,4,1,4,2023-02-5_RgbImage_2023-02-05_14-08-52.png,Switchgrass_J215.A_WW_I APPL 221,0.9401749037277961,0.8795114788226783
Switchgrass,RGB1,VS16_D_I APPL 2,2023-01-10 11:29:28,4,1,4,2023-01-10_RgbImage_2023-01-10_11-29-27.png,Switchgrass_VS16_D_I APPL 2,0.9744322861104435,2.152716771233827
Switchgrass,RGB2,VS16_D_I APPL 2,2023-01-10 11:28:56,4,1,4,2023-01-10_RgbImage_2023-01-10_11-28-56.png,Switchgrass_VS16_D_I APPL 2,0.9611476519385379,1.0454835989512503
Switchgrass,RGB1,VS16_WW_I APPL 10,2023-01-23 12:06:08,4,1,4,2023-01-23_RgbImage_2023-01-23_12-06-08.png,Switchgrass_VS16_WW_I APPL 10,0.9657447701229784,2.101009245030582
Switchgrass,RGB2,VS16_WW_I APPL 10,2023-01-23 12:04:14,4,1,4,2023-01-23_RgbImage_2023-01-23_12-04-14.png,Switchgrass_VS16_WW_I APPL 10,0.9418563762657023,0.9239651490934193
Switchgrass,RGB1,AP13_D_I APPL 261,2023-01-20 11:38:18,4,2,0,2023-01-20_RgbImage_2023-01-20_11-38-17.png,Switchgrass_AP13_D_I APPL 261,0.944478811473452,2.0317428996786475
Switchgrass,RGB2,AP13_D_I APPL 261,2023-01-20 11:36:29,4,2,0,2023-01-20_RgbImage_2023-01-20_11-36-29.png,Switchgrass_AP13_D_I APPL 261,0.948445459947166,0.9050893997773528
Switchgrass,RGB1,AP13_WW_I APPL 142,2023-02-04 13:52:48,4,2,0,2023-02-4_RgbImage_2023-02-04_13-52-47.png,Switchgrass_AP13_WW_I APPL 142,0.969856492716109,2.0788458199240267
Switchgrass,RGB2,AP13_WW_I APPL 142,2023-02-04 13:51:44,4,2,0,2023-02-4_RgbImage_2023-02-04_13-51-43.png,Switchgrass_AP13_WW_I APPL 142,0.9464641036441658,0.8760134046897292
Switchgrass,RGB1,J317.A_D_I APPL 123,2023-02-04 16:46:31,4,2,0,2023-02-4_RgbImage_2023-02-04_16-46-30.png,Switchgrass_J317.A_D_I APPL 123,0.9661262072727829,2.05821839813143
Switchgrass,RGB2,J317.A_D_I APPL 123,2023-02-04 16:46:08,4,2,0,2023-02-4_RgbImage_2023-02-04_16-46-07.png,Switchgrass_J317.A_D_I APPL 123,0.9007573150518318,0.900900409091264
Switchgrass,RGB1,AP13_WW_I APPL 142,2023-01-27 13:52:51,4,2,1,2023-01-27_RgbImage_2023-01-27_13-52-50.png,Switchgrass_AP13_WW_I APPL 142,0.9707102558148167,2.04816504009068
Switchgrass,RGB2,AP13_WW_I APPL 142,2023-01-27 13:52:26,4,2,1,2023-01-27_RgbImage_2023-01-27_13-52-25.png,Switchgrass_AP13_WW_I APPL 142,0.9467158297668239,0.8804189749062061
Switchgrass,RGB1,J317.A_Xtra_I APPL 137,2023-01-19 17:21:27,4,2,1,2023-01-19_RgbImage_2023-01-19_17-21-27.png,Switchgrass_J317.A_Xtra_I APPL 137,0.9639877475310343,1.9948875061236322
Switchgrass,RGB2,J317.A_Xtra_I APPL 137,2023-01-19 17:21:01,4,2,1,2023-01-19_RgbImage_2023-01-19_17-21-01.png,Switchgrass_J317.A_Xtra_I APPL 137,0.9409328310878329,0.8689775122329593
Switchgrass,RGB1,J215.A_Xtra_I APPL 138,2023-01-21 17:13:48,4,2,2,2023-01-21_RgbImage_2023-01-21_17-13-47.png,Switchgrass_J215.A_Xtra_I APPL 138,0.9680445797740459,1.9846693072468042
Switchgrass,RGB2,J215.A_Xtra_I APPL 138,2023-01-21 17:12:35,4,2,2,2023-01-21_RgbImage_2023-01-21_17-12-35.png,Switchgrass_J215.A_Xtra_I APPL 138,0.9514469272697532,0.8764013489708304
Switchgrass,RGB1,J308.A_WW_T3.12.2023_I APPL 498,2023-04-26 09:38:46,4,2,2,2023-04-26_RgbImage_2023-04-26_09-38-46.png,Switchgrass_J308.A_WW_T3.12.2023_I APPL 498,0.9628528873784054,1.9767079437151551
Switchgrass,RGB2,J308.A_WW_T3.12.2023_I APPL 498,2023-04-26 09:38:20,4,2,2,2023-04-26_RgbImage_2023-04-26_09-38-20.png,Switchgrass_J308.A_WW_T3.12.2023_I APPL 498,0.9429031527257056,0.8694177642464638
Switchgrass,RGB1,J215.A_D_I APPL 130,2023-01-23 15:40:47,4,2,3,2023-01-23_RgbImage_2023-01-23_15-40-47.png,Switchgrass_J215.A_D_I APPL 130,0.9756769466845854,1.9969872673973441
Switchgrass,RGB2,J215.A_D_I APPL 130,2023-01-23 15:40:18,4,2,3,2023-01-23_RgbImage_2023-01-23_15-40-17.png,Switchgrass_J215.A_D_I APPL 130,0.9514535746439927,0.8717004600912333
Switchgrass,RGB1,J215.A_WW_I APPL 152,2023-02-04 13:44:15,4,2,3,2023-02-4_RgbImage_2023-02-04_13-44-15.png,Switchgrass_J215.A_WW_I APPL 152,0.9543678243916675,1.9141584183089435
Switchgrass,RGB1,J215.A_WW_I APPL 152,2023-02-05 13:45:57,4,2,3,2023-02-5_RgbImage_2023-02-05_13-45-56.png,Switchgrass_J215.A_WW_I APPL 152,0.9592978302555623,1.9560365988872945
Switchgrass,RGB2,J215.A_WW_I APPL 152,2023-02-04 13:43:50,4,2,3,2023-02-4_RgbImage_2023-02-04_13-43-49.png,Switchgrass_J215.A_WW_I APPL 152,0.9422785071767751,0.8918922068551183
Switchgrass,RGB2,J215.A_WW_I APPL 152,2023-02-05 13:45:31,4,2,3,2023-02-5_RgbImage_2023-02-05_13-45-31.png,Switchgrass_J215.A_WW_I APPL 152,0.9349604190539542,0.8966702511534095
Switchgrass,RGB1,J613.A_WW_T3.16.2023_I APPL 12,2023-05-02 17:53:58,4,2,3,2023-05-2_RgbImage_2023-05-02_17-53-57.png,Switchgrass_J613.A_WW_T3.16.2023_I APPL 12,0.9785676506387607,1.993799570016563
Switchgrass,RGB2,J613.A_WW_T3.16.2023_I APPL 12,2023-05-02 17:53:30,4,2,3,2023-05-2_RgbImage_2023-05-02_17-53-30.png,Switchgrass_J613.A_WW_T3.16.2023_I APPL 12,0.9621715220824931,0.8786685848608613
Switchgrass,RGB1,J215.A_WW_I APPL 136,2023-01-29 16:24:03,4,2,4,2023-01-29_RgbImage_2023-01-29_16-24-02.png,Switchgrass_J215.A_WW_I APPL 136,0.970407377021726,1.9832262569107115
Switchgrass,RGB2,J215.A_WW_I APPL 136,2023-01-29 16:23:40,4,2,4,2023-01-29_RgbImage_2023-01-29_16-23-40.png,Switchgrass_J215.A_WW_I APPL 136,0.9470245071471949,0.8894882430322468
Switchgrass,RGB1,VS16_D_I APPL 2,2023-01-04 11:30:07,4,2,4,2023-01-4_RgbImage_2023-01-04_11-30-06.png,Switchgrass_VS16_D_I APPL 2,0.9717441568254584,2.0224854280240834
Switchgrass,RGB2,VS16_D_I APPL 2,2023-01-04 11:29:35,4,2,4,2023-01-4_RgbImage_2023-01-04_11-29-34.png,Switchgrass_VS16_D_I APPL 2,0.9553337144700547,0.8924140948802233
Switchgrass,RGB1,VS16_WW_I APPL 10,2023-02-09 11:45:27,4,2,4,2023-02-9_RgbImage_2023-02-09_11-45-26.png,Switchgrass_VS16_WW_I APPL 10,0.9654272484501232,1.9475522581487894
Switchgrass,RGB2,VS16_WW_I APPL 10,2023-02-09 11:43:35,4,2,4,2023-02-9_RgbImage_2023-02-09_11-43-35.png,Switchgrass_VS16_WW_I APPL 10,0.9573226644543167,0.9537760741077363
Switchgrass,RGB1,J317.A_WW_I APPL 225,2023-01-27 14:40:46,4,3,0,2023-01-27_RgbImage_2023-01-27_14-40-46.png,Switchgrass_J317.A_WW_I APPL 225,0.9680787605627855,1.944723378866911
Switchgrass,RGB2,J317.A_WW_I APPL 225,2023-01-27 14:39:43,4,3,0,2023-01-27_RgbImage_2023-01-27_14-39-42.png,Switchgrass_J317.A_WW_I APPL 225,0.9232941411668885,0.918664236087352
Switchgrass,RGB1,J317.A_WW_I APPL 351,2023-01-11 10:49:25,4,3,0,2023-01-11_RgbImage_2023-01-11_10-49-25.png,Switchgrass_J317.A_WW_I APPL 351,0.9746990524625881,2.0807626540772617
Switchgrass,RGB2,J317.A_WW_I APPL 351,2023-01-11 10:49:01,4,3,0,2023-01-11_RgbImage_2023-01-11_10-49-00.png,Switchgrass_J317.A_WW_I APPL 351,0.9464800723101,0.8975650742650032
Switchgrass,RGB1,J317.A_Xtra_I APPL 137,2023-01-29 17:19:42,4,3,0,2023-01-29_RgbImage_2023-01-29_17-19-41.png,Switchgrass_J317.A_Xtra_I APPL 137,0.9627265053966368,1.9695310043171048
Switchgrass,RGB2,J317.A_Xtra_I APPL 137,2023-01-29 17:18:36,4,3,0,2023-01-29_RgbImage_2023-01-29_17-18-36.png,Switchgrass_J317.A_Xtra_I APPL 137,0.947415791352662,0.8738509472459555
Switchgrass,RGB1,AP13_WW_I APPL 142,2023-01-07 14:28:50,4,3,1,2023-01-7_RgbImage_2023-01-07_14-28-49.png,Switchgrass_AP13_WW_I APPL 142,0.9702399392407335,2.121694264933467
Switchgrass,RGB2,AP13_WW_I APPL 142,2023-01-07 14:27:38,4,3,1,2023-01-7_RgbImage_2023-01-07_14-27-38.png,Switchgrass_AP13_WW_I APPL 142,0.9479231184897579,0.9018873958848417
Switchgrass,RGB1,J317.A_WW_I APPL 351,2023-01-06 10:51:12,4,3,1,2023-01-6_RgbImage_2023-01-06_10-51-12.png,Switchgrass_J317.A_WW_I APPL 351,0.9653602732439106,2.0892675248906016
Switchgrass,RGB2,J317.A_WW_I APPL 351,2023-01-06 10:49:23,4,3,1,2023-01-6_RgbImage_2023-01-06_10-49-22.png,Switchgrass_J317.A_WW_I APPL 351,0.9608191641164885,0.9013838637620211
Switchgrass,RGB1,J317.A_Xtra_I APPL 137,2023-01-09 17:24:42,4,3,1,2023-01-9_RgbImage_2023-01-09_17-24-41.png,Switchgrass_J317.A_Xtra_I APPL 137,0.9687844359810286,2.0421313219703734
Switchgrass,RGB2,J317.A_Xtra_I APPL 137,2023-01-09 17:24:15,4,3,1,2023-01-9_RgbImage_2023-01-09_17-24-15.png,Switchgrass_J317.A_Xtra_I APPL 137,0.9511397065802139,0.8700716211460531
Switchgrass,RGB1,J215.A_D_I APPL 121,2023-01-26 17:13:11,4,3,2,2023-01-26_RgbImage_2023-01-26_17-13-10.png,Switchgrass_J215.A_D_I APPL 121,0.9705770722134447,2.0817676540464163
Switchgrass,RGB2,J215.A_D_I APPL 121,2023-01-26 17:12:43,4,3,2,2023-01-26_RgbImage_2023-01-26_17-12-42.png,Switchgrass_J215.A_D_I APPL 121,0.9417169435175805,0.9025294100865722
Switchgrass,RGB1,J215.A_WW_I APPL 152,2023-02-08 13:44:09,4,3,2,2023-02-8_RgbImage_2023-02-08_13-44-08.png,Switchgrass_J215.A_WW_I APPL 152,0.9586522037385399,2.0904777529649436
Switchgrass,RGB2,J215.A_WW_I APPL 152,2023-02-08 13:43:44,4,3,2,2023-02-8_RgbImage_2023-02-08_13-43-43.png,Switchgrass_J215.A_WW_I APPL 152,0.9397633836873379,0.9335413263179362
Switchgrass,RGB1,J215.A_Xtra_I APPL 138,2023-02-02 17:11:28,4,3,2,2023-02-2_RgbImage_2023-02-02_17-11-27.png,Switchgrass_J215.A_Xtra_I APPL 138,0.9489549132993961,1.9831485711038113
Switchgrass,RGB2,J215.A_Xtra_I APPL 138,2023-02-02 17:10:21,4,3,2,2023-02-2_RgbImage_2023-02-02_17-10-21.png,Switchgrass_J215.A_Xtra_I APPL 138,0.9336770726842446,0.9895723359659314
Switchgrass,RGB1,J216.A_WW_T3.14.2023_I APPL 209,2023-04-29 17:32:50,4,3,2,2023-04-29_RgbImage_2023-04-29_17-32-49.png,Switchgrass_J216.A_WW_T3.14.2023_I APPL 209,0.9539176551646372,1.9655844019725919
Switchgrass,RGB2,J216.A_WW_T3.14.2023_I APPL 209,2023-04-29 17:32:19,4,3,2,2023-04-29_RgbImage_2023-04-29_17-32-19.png,Switchgrass_J216.A_WW_T3.14.2023_I APPL 209,0.9682874154845569,0.9076970610767603
Switchgrass,RGB1,J215.A_D_I APPL 121,2023-02-02 16:15:56,4,3,3,2023-02-2_RgbImage_2023-02-02_16-15-56.png,Switchgrass_J215.A_D_I APPL 121,0.9650876264034438,2.0836419477127492
Switchgrass,RGB2,J215.A_D_I APPL 121,2023-02-02 16:15:30,4,3,3,2023-02-2_RgbImage_2023-02-02_16-15-29.png,Switchgrass_J215.A_D_I APPL 121,0.935052070824175,0.8830461916513741
Switchgrass,RGB1,J215.A_D_I APPL 130,2023-02-05 15:20:47,4,3,3,2023-02-5_RgbImage_2023-02-05_15-20-46.png,Switchgrass_J215.A_D_I APPL 130,0.963075962127361,2.059009876102209
Switchgrass,RGB2,J215.A_D_I APPL 130,2023-02-05 15:20:15,4,3,3,2023-02-5_RgbImage_2023-02-05_15-20-14.png,Switchgrass_J215.A_D_I APPL 130,0.9430184089047358,0.9705112567171454
Switchgrass,RGB1,J215.A_WW_I APPL 152,2023-02-09 13:44:09,4,3,3,2023-02-9_RgbImage_2023-02-09_13-44-09.png,Switchgrass_J215.A_WW_I APPL 152,0.9603712616932579,2.0048671062104404
Switchgrass,RGB2,J215.A_WW_I APPL 152,2023-02-09 13:43:45,4,3,3,2023-02-9_RgbImage_2023-02-09_13-43-44.png,Switchgrass_J215.A_WW_I APPL 152,0.935721226427261,0.9176914277486503
Switchgrass,RGB1,VS16_D_I APPL 2,2023-01-28 11:28:44,4,3,3,2023-01-28_RgbImage_2023-01-28_11-28-43.png,Switchgrass_VS16_D_I APPL 2,0.9729724697094413,2.0543815651908517
Switchgrass,RGB2,VS16_D_I APPL 2,2023-01-28 11:28:15,4,3,3,2023-01-28_RgbImage_2023-01-28_11-28-14.png,Switchgrass_VS16_D_I APPL 2,0.9529881678480042,0.9425132088363171
Switchgrass,RGB1,J215.A_D_I APPL 130,2023-01-28 15:19:52,4,3,4,2023-01-28_RgbImage_2023-01-28_15-19-51.png,Switchgrass_J215.A_D_I APPL 130,0.9675666756358328,1.8969633178785443
Switchgrass,RGB2,J215.A_D_I APPL 130,2023-01-28 15:19:24,4,3,4,2023-01-28_RgbImage_2023-01-28_15-19-23.png,Switchgrass_J215.A_D_I APPL 130,0.9435863378594359,0.990296415053308
Switchgrass,RGB1,VS16_D_I APPL 124,2023-02-08 16:39:43,4,3,4,2023-02-8_RgbImage_2023-02-08_16-39-43.png,Switchgrass_VS16_D_I APPL 124,0.9625308636826407,1.9295636471360922
Switchgrass,RGB1,VS16_D_I APPL 124,2023-02-07 16:40:20,4,3,4,2023-02-7_RgbImage_2023-02-07_16-40-19.png,Switchgrass_VS16_D_I APPL 124,0.9686853198467851,2.0450940751470625
Switchgrass,RGB2,VS16_D_I APPL 124,2023-02-08 16:38:36,4,3,4,2023-02-8_RgbImage_2023-02-08_16-38-36.png,Switchgrass_VS16_D_I APPL 124,0.9443499247786931,0.913436422124505
Switchgrass,RGB2,VS16_D_I APPL 124,2023-02-07 16:39:12,4,3,4,2023-02-7_RgbImage_2023-02-07_16-39-12.png,Switchgrass_VS16_D_I APPL 124,0.9334302139209646,0.8961300211958587
Switchgrass,RGB1,VS16_D_I APPL 2,2023-01-29 11:28:42,4,3,4,2023-01-29_RgbImage_2023-01-29_11-28-42.png,Switchgrass_VS16_D_I APPL 2,0.9712981480353142,2.0696257269009948
Switchgrass,RGB2,VS16_D_I APPL 2,2023-01-29 11:28:14,4,3,4,2023-01-29_RgbImage_2023-01-29_11-28-13.png,Switchgrass_VS16_D_I APPL 2,0.9628643994152121,0.8992190011776984
Switchgrass,RGB1,J317.A_D_I APPL 6,2023-02-03 10:25:40,4,4,0,2023-02-3_RgbImage_2023-02-03_10-25-40.png,Switchgrass_J317.A_D_I APPL 6,0.9607426383728332,2.0107126575894654
Switchgrass,RGB1,J317.A_D_I APPL 6,2023-02-05 10:25:40,4,4,0,2023-02-5_RgbImage_2023-02-05_10-25-39.png,Switchgrass_J317.A_D_I APPL 6,0.9717067713589506,2.0320053067989647
Switchgrass,RGB2,J317.A_D_I APPL 6,2023-02-03 10:25:18,4,4,0,2023-02-3_RgbImage_2023-02-03_10-25-17.png,Switchgrass_J317.A_D_I APPL 6,0.924525005538511,0.8785673025995493
Switchgrass,RGB2,J317.A_D_I APPL 6,2023-02-05 10:25:17,4,4,0,2023-02-5_RgbImage_2023-02-05_10-25-17.png,Switchgrass_J317.A_D_I APPL 6,0.928555869427789,0.906576381996274
Switchgrass,RGB1,J247.A_WW_T3.12.2023_I APPL 509,2023-04-26 08:24:52,4,4,1,2023-04-26_RgbImage_2023-04-26_08-24-51.png,Switchgrass_J247.A_WW_T3.12.2023_I APPL 509,0.9679316263158223,2.083712713327259
Switchgrass,RGB2,J247.A_WW_T3.12.2023_I APPL 509,2023-04-26 08:24:25,4,4,1,2023-04-26_RgbImage_2023-04-26_08-24-25.png,Switchgrass_J247.A_WW_T3.12.2023_I APPL 509,0.9451520397714918,0.9278995580971241
Switchgrass,RGB1,J317.A_D_I APPL 132,2023-02-09 14:55:17,4,4,2,2023-02-9_RgbImage_2023-02-09_14-55-17.png,Switchgrass_J317.A_D_I APPL 132,0.968983795134136,1.94717424409464
Switchgrass,RGB2,J317.A_D_I APPL 132,2023-02-09 14:54:55,4,4,2,2023-02-9_RgbImage_2023-02-09_14-54-55.png,Switchgrass_J317.A_D_I APPL 132,0.9043561584902147,1.002361916936934
Switchgrass,RGB1,J317.A_WW_I APPL 351,2023-01-22 10:49:42,4,4,2,2023-01-22_RgbImage_2023-01-22_10-49-41.png,Switchgrass_J317.A_WW_I APPL 351,0.9751708977596837,1.9711298779584467
Switchgrass,RGB2,J317.A_WW_I APPL 351,2023-01-22 10:48:37,4,4,2,2023-01-22_RgbImage_2023-01-22_10-48-36.png,Switchgrass_J317.A_WW_I APPL 351,0.9235117470412753,0.9337609009817243
Switchgrass,RGB1,J023.B_WW_T3.12.2023_I APPL 491,2023-04-26 10:36:03,4,4,3,2023-04-26_RgbImage_2023-04-26_10-36-02.png,Switchgrass_J023.B_WW_T3.12.2023_I APPL 491,0.9667011074204915,1.9905844507738948
Switchgrass,RGB2,J023.B_WW_T3.12.2023_I APPL 491,2023-04-26 10:35:38,4,4,3,2023-04-26_RgbImage_2023-04-26_10-35-38.png,Switchgrass_J023.B_WW_T3.12.2023_I APPL 491,0.93784973020406,0.9219439183361828
Switchgrass,RGB1,J216.A_WW_T3.14.2023_I APPL 209,2023-05-05 17:33:09,4,4,3,2023-05-5_RgbImage_2023-05-05_17-33-09.png,Switchgrass_J216.A_WW_T3.14.2023_I APPL 209,0.9626437383071188,1.9407209330238402
Switchgrass,RGB2,J216.A_WW_T3.14.2023_I APPL 209,2023-05-05 17:32:40,4,4,3,2023-05-5_RgbImage_2023-05-05_17-32-40.png,Switchgrass_J216.A_WW_T3.14.2023_I APPL 209,0.9391281773443987,0.8981913686729968
Switchgrass,RGB1,J215.A_D_I APPL 121,2023-02-08 16:15:47,4,4,4,2023-02-8_RgbImage_2023-02-08_16-15-47.png,Switchgrass_J215.A_D_I APPL 121,0.9669924418834251,2.0663185650482774
Switchgrass,RGB1,J215.A_D_I APPL 121,2023-02-09 16:15:44,4,4,4,2023-02-9_RgbImage_2023-02-09_16-15-43.png,Switchgrass_J215.A_D_I APPL 121,0.9671443840304894,1.9456767323426902
Switchgrass,RGB2,J215.A_D_I APPL 121,2023-02-08 16:15:21,4,4,4,2023-02-8_RgbImage_2023-02-08_16-15-20.png,Switchgrass_J215.A_D_I APPL 121,0.9430621037839881,0.9957353486679494
Switchgrass,RGB2,J215.A_D_I APPL 121,2023-02-09 16:15:19,4,4,4,2023-02-9_RgbImage_2023-02-09_16-15-18.png,Switchgrass_J215.A_D_I APPL 121,0.9338739477071568,0.935583536978811
Switchgrass,RGB1,J215.A_D_I APPL 130,2023-02-07 15:19:48,4,4,4,2023-02-7_RgbImage_2023-02-07_15-19-47.png,Switchgrass_J215.A_D_I APPL 130,0.9646565763572287,1.9672247041016817
Switchgrass,RGB2,J215.A_D_I APPL 130,2023-02-07 15:19:15,4,4,4,2023-02-7_RgbImage_2023-02-07_15-19-15.png,Switchgrass_J215.A_D_I APPL 130,0.9389413602487807,0.9867646573111415
Switchgrass,RGB1,VS16_D_I APPL 2,2023-02-08 11:29:49,4,4,4,2023-02-8_RgbImage_2023-02-08_11-29-48.png,Switchgrass_VS16_D_I APPL 2,0.9648395860673756,2.0612850575707853
Switchgrass,RGB2,VS16_D_I APPL 2,2023-02-08 11:27:59,4,4,4,2023-02-8_RgbImage_2023-02-08_11-27-59.png,Switchgrass_VS16_D_I APPL 2,0.9568477987688273,0.9078694470226765
