Species,Modality,Plant ID,Date,PC1,PC2,PC3,File Name,Group,Dice,Time (s)
Poplar,RGB1,49_BESC-4+Na_R1_I APPL 518,2023-09-22 11:12:44,0,0,0,2023-09-22_RgbImage_2023-09-22_11-12-44.png,Poplar_49_BESC-4+Na_R1_I APPL 518,0.9771024453792936,14.876391055993736
Poplar,RGB2,49_BESC-4+Na_R1_I APPL 518,2023-09-22 11:12:03,0,0,0,2023-09-22_RgbImage_2023-09-22_11-12-02.png,Poplar_49_BESC-4+Na_R1_I APPL 518,0.9960888367916304,3.322891808114946
Poplar,RGB1,WELC-27-3,2024-04-10 16:10:25,0,0,0,2024-04-10_RgbImage_2024-04-10_16-10-25.png,Poplar_WELC-27-3,0.9770376393335819,3.2121651521883905
Poplar,RGB2,WELC-27-3,2024-04-10 16:09:43,0,0,0,2024-04-10_RgbImage_2024-04-10_16-09-42.png,Poplar_WELC-27-3,0.990495681223116,1.5049516488797963
Poplar,RGB1,27_GW-9914+K_R3_IV APPL 108,2023-09-22 09:47:29,0,0,1,2023-09-22_RgbImage_2023-09-22_09-47-29.png,Poplar_27_GW-9914+K_R3_IV APPL 108,0.9817955145649492,3.232611105311662
Poplar,RGB2,27_GW-9914+K_R3_IV APPL 108,2023-09-22 09:46:49,0,0,1,2023-09-22_RgbImage_2023-09-22_09-46-48.png,Poplar_27_GW-9914+K_R3_IV APPL 108,0.9913991518505811,1.4916104469448328
Poplar,RGB1,61 52-225 R5,2023-10-09 18:19:05,0,0,1,2023-10-9_RgbImage_2023-10-09_18-19-05.png,Poplar_61 52-225 R5,0.9662218479599386,3.132783370092511
Poplar,RGB2,61 52-225 R5,2023-10-09 18:18:21,0,0,1,2023-10-9_RgbImage_2023-10-09_18-18-20.png,Poplar_61 52-225 R5,0.9927058606623599,1.5002770735882223
Poplar,RGB1,68_YALE-27-3+Na_R2_I APPL 368,2023-09-15 15:57:18,0,0,1,2023-09-15_RgbImage_2023-09-15_15-57-17.png,Poplar_68_YALE-27-3+Na_R2_I APPL 368,0.9877164960593585,3.264929385855794
Poplar,RGB2,68_YALE-27-3+Na_R2_I APPL 368,2023-09-15 15:56:36,0,0,1,2023-09-15_RgbImage_2023-09-15_15-56-36.png,Poplar_68_YALE-27-3+Na_R2_I APPL 368,0.9941127333210171,1.485745929647237
Poplar,RGB1,20 LILB_26-1 R4,2023-10-09 19:38:45,0,0,2,2023-10-9_RgbImage_2023-10-09_19-38-44.png,Poplar_20 LILB_26-1 R4,0.9684830633287055,3.1639357367530465
Poplar,RGB2,20 LILB_26-1 R4,2023-10-09 19:38:00,0,0,2,2023-10-9_RgbImage_2023-10-09_19-38-00.png,Poplar_20 LILB_26-1 R4,0.9878657218588807,1.5471505234017968
Poplar,RGB1,5_GW-9588-C_R5_I APPL 224,2023-09-15 16:40:54,0,0,2,2023-09-15_RgbImage_2023-09-15_16-40-54.png,Poplar_5_GW-9588-C_R5_I APPL 224,0.9850343893246335,7.348108250647783
Poplar,RGB2,5_GW-9588-C_R5_I APPL 224,2023-09-15 16:40:10,0,0,2,2023-09-15_RgbImage_2023-09-15_16-40-10.png,Poplar_5_GW-9588-C_R5_I APPL 224,0.9951760161356451,1.9673242657445371
Poplar,RGB1,68 LILB_26-1 R7,2023-10-07 07:09:35,0,0,2,2023-10-7_RgbImage_2023-10-07_07-09-35.png,Poplar_68 LILB_26-1 R7,0.9516456454473811,3.1197342700324953
Poplar,RGB2,68 LILB_26-1 R7,2023-10-07 07:08:51,0,0,2,2023-10-7_RgbImage_2023-10-07_07-08-51.png,Poplar_68 LILB_26-1 R7,0.9878988040716532,1.4470511437393725
Poplar,RGB1,1_GW-9588-C_R1_I APPL 398,2023-09-25 17:56:31,0,0,3,2023-09-25_RgbImage_2023-09-25_17-56-30.png,Poplar_1_GW-9588-C_R1_I APPL 398,0.9839525145886359,3.118226178921759
Poplar,RGB2,1_GW-9588-C_R1_I APPL 398,2023-09-25 17:55:50,0,0,3,2023-09-25_RgbImage_2023-09-25_17-55-50.png,Poplar_1_GW-9588-C_R1_I APPL 398,0.9949629017944411,1.462540538981557
Poplar,RGB1,3_GW-9588-C_R3_I APPL 412,2023-09-22 09:26:14,0,0,3,2023-09-22_RgbImage_2023-09-22_09-26-14.png,Poplar_3_GW-9588-C_R3_I APPL 412,0.979838709677439,3.078949793241918
Poplar,RGB2,3_GW-9588-C_R3_I APPL 412,2023-09-22 09:25:34,0,0,3,2023-09-22_RgbImage_2023-09-22_09-25-33.png,Poplar_3_GW-9588-C_R3_I APPL 412,0.9944141901848923,1.4678829689510167
Poplar,RGB1,46_BESC-4+K_R4_IV APPL 114,2023-09-25 19:21:52,0,0,3,2023-09-25_RgbImage_2023-09-25_19-21-51.png,Poplar_46_BESC-4+K_R4_IV APPL 114,0.9796723356832011,3.1350322728976607
Poplar,RGB2,46_BESC-4+K_R4_IV APPL 114,2023-09-25 19:21:12,0,0,3,2023-09-25_RgbImage_2023-09-25_19-21-12.png,Poplar_46_BESC-4+K_R4_IV APPL 114,0.9956470006653731,1.519852363038808
Poplar,RGB1,5_GW-9588-C_R5_I APPL 224,2023-09-18 12:39:15,0,0,3,2023-09-18_RgbImage_2023-09-18_12-39-14.png,Poplar_5_GW-9588-C_R5_I APPL 224,0.9817433347777708,3.0888124089688063
Poplar,RGB2,5_GW-9588-C_R5_I APPL 224,2023-09-18 12:38:32,0,0,3,2023-09-18_RgbImage_2023-09-18_12-38-32.png,Poplar_5_GW-9588-C_R5_I APPL 224,0.9953997755046351,1.4922579932026565
Poplar,RGB1,81 FL-0012 R3,2023-10-28 15:32:41,0,0,4,2023-10-28_RgbImage_2023-10-28_15-32-41.png,Poplar_81 FL-0012 R3,0.9855262799544106,3.1930798278190196
Poplar,RGB1,81 FL-0012 R3,2023-10-29 10:18:44,0,0,4,2023-10-29_RgbImage_2023-10-29_10-18-44.png,Poplar_81 FL-0012 R3,0.9883541833641553,3.1564268823713064
Poplar,RGB2,81 FL-0012 R3,2023-10-28 15:31:57,0,0,4,2023-10-28_RgbImage_2023-10-28_15-31-56.png,Poplar_81 FL-0012 R3,0.9916235710815916,1.5032439627684653
Poplar,RGB2,81 FL-0012 R3,2023-10-29 10:18:01,0,0,4,2023-10-29_RgbImage_2023-10-29_10-18-00.png,Poplar_81 FL-0012 R3,0.9919300966081296,1.4509563278406858
Poplar,RGB1,354_BESC-1098_1,2024-06-01 10:41:59,0,1,0,2024-06-1_RgbImage_2024-06-01_10-41-58.png,Poplar_354_BESC-1098_1,0.9825034075661413,3.130968940909952
Poplar,RGB2,354_BESC-1098_1,2024-06-01 10:41:21,0,1,0,2024-06-1_RgbImage_2024-06-01_10-41-20.png,Poplar_354_BESC-1098_1,0.9898419272591392,1.46892126230523
Poplar,RGB1,BESC-1147,2024-04-09 13:54:43,0,1,0,2024-04-9_RgbImage_2024-04-09_13-54-42.png,Poplar_BESC-1147,0.980749332443338,3.1592171881347895
Poplar,RGB2,BESC-1147,2024-04-09 13:54:00,0,1,0,2024-04-9_RgbImage_2024-04-09_13-53-59.png,Poplar_BESC-1147,0.9927419836032403,1.4669573795981705
Poplar,RGB1,BESC-906,2024-04-09 09:56:33,0,1,0,2024-04-9_RgbImage_2024-04-09_09-56-32.png,Poplar_BESC-906,0.9822657641980835,3.054659829940647
Poplar,RGB2,BESC-906,2024-04-09 09:55:53,0,1,0,2024-04-9_RgbImage_2024-04-09_09-55-53.png,Poplar_BESC-906,0.9959252089827036,1.4321649903431535
Poplar,RGB1,GW-2283,2024-04-17 13:21:05,0,1,0,2024-04-17_RgbImage_2024-04-17_13-21-05.png,Poplar_GW-2283,0.9835687965455303,3.136402514297515
Poplar,RGB2,GW-2283,2024-04-17 13:20:26,0,1,0,2024-04-17_RgbImage_2024-04-17_13-20-26.png,Poplar_GW-2283,0.9920580707517679,1.441945122089237
Poplar,RGB1,11 Besc-801 R8,2023-10-21 21:56:01,0,1,1,2023-10-21_RgbImage_2023-10-21_21-56-01.png,Poplar_11 Besc-801 R8,0.9853708394615411,3.112101119942963
Poplar,RGB2,11 Besc-801 R8,2023-10-21 21:55:20,0,1,1,2023-10-21_RgbImage_2023-10-21_21-55-19.png,Poplar_11 Besc-801 R8,0.9932365108367168,1.4499248778447509
Poplar,RGB1,22_GW-9914-C_R4_I APPL 197,2023-09-25 19:00:42,0,1,1,2023-09-25_RgbImage_2023-09-25_19-00-41.png,Poplar_22_GW-9914-C_R4_I APPL 197,0.9764812171049198,3.061047316994518
Poplar,RGB2,22_GW-9914-C_R4_I APPL 197,2023-09-25 19:00:01,0,1,1,2023-09-25_RgbImage_2023-09-25_19-00-01.png,Poplar_22_GW-9914-C_R4_I APPL 197,0.9924432507659868,1.447703578043729
Poplar,RGB1,57_52-225_R2_FS,2024-05-10 13:35:26,0,1,1,2024-05-10_RgbImage_2024-05-10_13-35-25.png,Poplar_57_52-225_R2_FS,0.9831331858766252,3.2203578809276223
Poplar,RGB2,57_52-225_R2_FS,2024-05-10 13:34:44,0,1,1,2024-05-10_RgbImage_2024-05-10_13-34-43.png,Poplar_57_52-225_R2_FS,0.9904321493585561,1.479603377636522
Poplar,RGB1,CHWJ-27-1,2024-04-07 14:17:57,0,1,1,2024-04-7_RgbImage_2024-04-07_14-17-56.png,Poplar_CHWJ-27-1,0.9790189846342693,3.04924772772938
Poplar,RGB2,CHWJ-27-1,2024-04-07 14:17:16,0,1,1,2024-04-7_RgbImage_2024-04-07_14-17-15.png,Poplar_CHWJ-27-1,0.9949009987382932,1.500681548845023
Poplar,RGB1,27_BESC 24_R6_PM,2024-05-10 14:47:33,0,1,2,2024-05-10_RgbImage_2024-05-10_14-47-32.png,Poplar_27_BESC 24_R6_PM,0.9861215375462048,3.1714127962477505
Poplar,RGB2,27_BESC 24_R6_PM,2024-05-10 14:46:53,0,1,2,2024-05-10_RgbImage_2024-05-10_14-46-53.png,Poplar_27_BESC 24_R6_PM,0.9941437490660832,1.460622403305024
Poplar,RGB1,35 GW-9898 R1,2023-10-22 13:56:33,0,1,2,2023-10-22_RgbImage_2023-10-22_13-56-32.png,Poplar_35 GW-9898 R1,0.9838076558516832,3.105379872955382
Poplar,RGB2,35 GW-9898 R1,2023-10-22 13:55:51,0,1,2,2023-10-22_RgbImage_2023-10-22_13-55-50.png,Poplar_35 GW-9898 R1,0.9906989455035605,1.475119500886649
Poplar,RGB1,51_BESC-4+Na_R3_I APPL 391,2023-09-15 18:36:14,0,1,3,2023-09-15_RgbImage_2023-09-15_18-36-14.png,Poplar_51_BESC-4+Na_R3_I APPL 391,0.9846096856034232,3.1581201339140534
Poplar,RGB2,51_BESC-4+Na_R3_I APPL 391,2023-09-15 18:35:32,0,1,3,2023-09-15_RgbImage_2023-09-15_18-35-32.png,Poplar_51_BESC-4+Na_R3_I APPL 391,0.9960954056701785,1.4877883628942072
Poplar,RGB1,4_ILL-101_R1_FS,2024-05-10 16:50:38,0,1,4,2024-05-10_RgbImage_2024-05-10_16-50-37.png,Poplar_4_ILL-101_R1_FS,0.9908271071631853,3.0846040439791977
Poplar,RGB2,4_ILL-101_R1_FS,2024-05-10 16:49:56,0,1,4,2024-05-10_RgbImage_2024-05-10_16-49-55.png,Poplar_4_ILL-101_R1_FS,0.9910847786465441,1.4721399582922459
Poplar,RGB1,64_YALE-27-3+K_R4_IV APPL 120,2023-09-18 13:22:16,0,1,4,2023-09-18_RgbImage_2023-09-18_13-22-15.png,Poplar_64_YALE-27-3+K_R4_IV APPL 120,0.9841751697592669,3.169388839043677
Poplar,RGB2,64_YALE-27-3+K_R4_IV APPL 120,2023-09-18 13:21:35,0,1,4,2023-09-18_RgbImage_2023-09-18_13-21-34.png,Poplar_64_YALE-27-3+K_R4_IV APPL 120,0.9952595691278014,1.4569007968530059
Poplar,RGB1,99_D-124_R4_FS,2024-05-13 08:59:49,0,1,4,2024-05-13_RgbImage_2024-05-13_08-59-48.png,Poplar_99_D-124_R4_FS,0.9873154549658765,3.05012866621837
Poplar,RGB2,99_D-124_R4_FS,2024-05-13 08:59:07,0,1,4,2024-05-13_RgbImage_2024-05-13_08-59-07.png,Poplar_99_D-124_R4_FS,0.9866531033137501,1.4764120746403933
Poplar,RGB1,BESC-154,2024-03-27 15:00:58,0,2,0,2024-03-27_RgbImage_2024-03-27_15-00-57.png,Poplar_BESC-154,0.9697726589422985,3.175824507139623
Poplar,RGB2,BESC-154,2024-03-27 15:00:16,0,2,0,2024-03-27_RgbImage_2024-03-27_15-00-16.png,Poplar_BESC-154,0.992949066281437,1.479972275905311
Poplar,RGB1,VNDL-27-5,2024-03-29 06:48:54,0,2,0,2024-03-29_RgbImage_2024-03-29_06-48-53.png,Poplar_VNDL-27-5,0.9785466519204374,3.1048415559343994
Poplar,RGB2,VNDL-27-5,2024-03-29 06:48:08,0,2,0,2024-03-29_RgbImage_2024-03-29_06-48-07.png,Poplar_VNDL-27-5,0.9914148964346482,1.5040669897571206
Poplar,RGB1,68 LILB_26-1 R7,2023-10-21 13:19:09,0,2,1,2023-10-21_RgbImage_2023-10-21_13-19-08.png,Poplar_68 LILB_26-1 R7,0.9706689930668503,3.137705559376627
Poplar,RGB2,68 LILB_26-1 R7,2023-10-21 13:18:26,0,2,1,2023-10-21_RgbImage_2023-10-21_13-18-25.png,Poplar_68 LILB_26-1 R7,0.9891556264758821,1.4682073229923844
Poplar,RGB1,BESC-250,2024-04-02 12:29:08,0,2,1,2024-04-2_RgbImage_2024-04-02_12-29-08.png,Poplar_BESC-250,0.981965205628888,3.0472398940473795
Poplar,RGB2,BESC-250,2024-04-02 12:28:26,0,2,1,2024-04-2_RgbImage_2024-04-02_12-28-25.png,Poplar_BESC-250,0.9941125248560693,1.4667077991180122
Poplar,RGB1,HRSO-27-2,2024-03-26 12:40:55,0,2,1,2024-03-26_RgbImage_2024-03-26_12-40-55.png,Poplar_HRSO-27-2,0.9803492728240136,3.1569410362280905
Poplar,RGB2,HRSO-27-2,2024-03-26 12:40:13,0,2,1,2024-03-26_RgbImage_2024-03-26_12-40-13.png,Poplar_HRSO-27-2,0.9915172599922466,1.4786039190366864
Poplar,RGB1,35_GW-9914+Na_R5_I APPL 167,2023-10-13 10:02:49,0,2,2,2023-10-13_RgbImage_2023-10-13_10-02-48.png,Poplar_35_GW-9914+Na_R5_I APPL 167,0.9823967490757588,3.096752041950822
Poplar,RGB2,35_GW-9914+Na_R5_I APPL 167,2023-10-13 10:02:03,0,2,2,2023-10-13_RgbImage_2023-10-13_10-02-03.png,Poplar_35_GW-9914+Na_R5_I APPL 167,0.9883604026144488,1.4574474804103374
Poplar,RGB1,414_CHWH-27-4_2,2024-06-02 08:18:45,0,2,2,2024-06-2_RgbImage_2024-06-02_08-18-45.png,Poplar_414_CHWH-27-4_2,0.9795151841454848,3.169962293934077
Poplar,RGB2,414_CHWH-27-4_2,2024-06-02 08:18:05,0,2,2,2024-06-2_RgbImage_2024-06-02_08-18-05.png,Poplar_414_CHWH-27-4_2,0.987449811483123,1.4792174589820206
Poplar,RGB1,SKWA-24-5,2024-03-31 13:09:04,0,2,2,2024-03-31_RgbImage_2024-03-31_13-09-04.png,Poplar_SKWA-24-5,0.9813251068318684,3.0775895840488374
Poplar,RGB2,SKWA-24-5,2024-03-31 13:08:22,0,2,2,2024-03-31_RgbImage_2024-03-31_13-08-21.png,Poplar_SKWA-24-5,0.9950726908679499,1.4766893601045012
Poplar,RGB1,29 CMBF_28-5 R1,2023-12-21 10:21:51,0,2,3,2023-12-21_RgbImage_2023-12-21_10-21-51.png,Poplar_29 CMBF_28-5 R1,0.9896141180444447,3.138971261680126
Poplar,RGB2,29 CMBF_28-5 R1,2023-12-21 10:21:08,0,2,3,2023-12-21_RgbImage_2023-12-21_10-21-07.png,Poplar_29 CMBF_28-5 R1,0.9959200989397766,1.4546328890137374
Poplar,RGB1,8_GW-9588+K_R2_IV APPL 101,2023-09-15 16:19:06,0,2,3,2023-09-15_RgbImage_2023-09-15_16-19-05.png,Poplar_8_GW-9588+K_R2_IV APPL 101,0.9820536225150892,3.052180865779519
Poplar,RGB2,8_GW-9588+K_R2_IV APPL 101,2023-09-15 16:18:23,0,2,3,2023-09-15_RgbImage_2023-09-15_16-18-23.png,Poplar_8_GW-9588+K_R2_IV APPL 101,0.9924612821636334,1.5138421822339296
Poplar,RGB1,49_BESC-4+Na_R1_I APPL 518,2023-09-15 14:30:43,0,2,4,2023-09-15_RgbImage_2023-09-15_14-30-43.png,Poplar_49_BESC-4+Na_R1_I APPL 518,0.9767433942672006,3.2101407758891582
Poplar,RGB2,49_BESC-4+Na_R1_I APPL 518,2023-09-15 14:29:59,0,2,4,2023-09-15_RgbImage_2023-09-15_14-29-58.png,Poplar_49_BESC-4+Na_R1_I APPL 518,0.9951282348932264,1.4978097002021968
Poplar,RGB1,60 Besc-801 R6,2023-12-21 09:53:40,0,2,4,2023-12-21_RgbImage_2023-12-21_09-53-39.png,Poplar_60 Besc-801 R6,0.979836899814167,3.0683584618382156
Poplar,RGB2,60 Besc-801 R6,2023-12-21 09:52:56,0,2,4,2023-12-21_RgbImage_2023-12-21_09-52-56.png,Poplar_60 Besc-801 R6,0.9921215641145944,1.4813438700512052
Poplar,RGB1,BESC-182,2024-04-03 11:40:27,0,3,0,2024-04-3_RgbImage_2024-04-03_11-40-27.png,Poplar_BESC-182,0.9794469692643686,3.1376353478990495
Poplar,RGB2,BESC-182,2024-04-03 11:39:45,0,3,0,2024-04-3_RgbImage_2024-04-03_11-39-45.png,Poplar_BESC-182,0.9874711430559889,1.4756722766906023
Poplar,RGB1,GW-9877,2024-03-31 18:46:11,0,3,0,2024-03-31_RgbImage_2024-03-31_18-46-10.png,Poplar_GW-9877,0.9784889445304377,3.0429960805922747
Poplar,RGB2,GW-9877,2024-03-31 18:45:28,0,3,0,2024-03-31_RgbImage_2024-03-31_18-45-28.png,Poplar_GW-9877,0.9926394827538941,1.460989979095757
Poplar,RGB1,17 Nisq-1 R2,2023-12-19 13:04:47,0,3,1,2023-12-19_RgbImage_2023-12-19_13-04-47.png,Poplar_17 Nisq-1 R2,0.9736417988045372,3.180725845042616
Poplar,RGB2,17 Nisq-1 R2,2023-12-19 13:04:04,0,3,1,2023-12-19_RgbImage_2023-12-19_13-04-03.png,Poplar_17 Nisq-1 R2,0.9926950308095658,1.503857925068587
Poplar,RGB1,BESC-190,2024-03-28 22:19:33,0,3,1,2024-03-28_RgbImage_2024-03-28_22-19-33.png,Poplar_BESC-190,0.9673060604588323,3.0862368629314005
Poplar,RGB2,BESC-190,2024-03-28 22:18:51,0,3,1,2024-03-28_RgbImage_2024-03-28_22-18-51.png,Poplar_BESC-190,0.9909500566090249,1.4782264162786305
Poplar,RGB1,BESC-312,2024-03-27 15:15:39,0,3,1,2024-03-27_RgbImage_2024-03-27_15-15-39.png,Poplar_BESC-312,0.9803395260013714,3.1612362880259752
Poplar,RGB2,BESC-312,2024-03-27 15:14:57,0,3,1,2024-03-27_RgbImage_2024-03-27_15-14-56.png,Poplar_BESC-312,0.9917153552436503,1.4622880718670785
Poplar,RGB1,BESC-77,2024-04-05 11:02:03,0,3,1,2024-04-5_RgbImage_2024-04-05_11-02-03.png,Poplar_BESC-77,0.9777786467754217,3.1007044659927487
Poplar,RGB2,BESC-77,2024-04-05 11:01:22,0,3,1,2024-04-5_RgbImage_2024-04-05_11-01-21.png,Poplar_BESC-77,0.9902897882204704,1.46713890414685
Poplar,RGB1,45 Nisq-1 R7,2023-12-21 12:14:55,0,3,2,2023-12-21_RgbImage_2023-12-21_12-14-55.png,Poplar_45 Nisq-1 R7,0.9816371144037812,3.121700420975685
Poplar,RGB2,45 Nisq-1 R7,2023-12-21 12:14:12,0,3,2,2023-12-21_RgbImage_2023-12-21_12-14-11.png,Poplar_45 Nisq-1 R7,0.9937776353621288,1.468490278813988
Poplar,RGB1,77 Besc-801 R7,2023-12-19 07:53:44,0,3,2,2023-12-19_RgbImage_2023-12-19_07-53-44.png,Poplar_77 Besc-801 R7,0.9685488862909247,3.0585984303615987
Poplar,RGB2,77 Besc-801 R7,2023-12-19 07:53:00,0,3,2,2023-12-19_RgbImage_2023-12-19_07-53-00.png,Poplar_77 Besc-801 R7,0.9877980228000547,1.4818818368948996
Poplar,RGB1,94_BESC 24_R3_FS,2024-05-07 15:04:19,0,3,2,2024-05-7_RgbImage_2024-05-07_15-04-18.png,Poplar_94_BESC 24_R3_FS,0.9791815268655205,3.177685377188027
Poplar,RGB2,94_BESC 24_R3_FS,2024-05-07 15:03:38,0,3,2,2024-05-7_RgbImage_2024-05-07_15-03-37.png,Poplar_94_BESC 24_R3_FS,0.9908414544692541,1.4720053342171013
Poplar,RGB1,54 52-225 R4,2023-12-27 09:10:52,0,3,3,2023-12-27_RgbImage_2023-12-27_09-10-51.png,Poplar_54 52-225 R4,0.973369964787576,3.099139478057623
Poplar,RGB2,54 52-225 R4,2023-12-27 09:10:08,0,3,3,2023-12-27_RgbImage_2023-12-27_09-10-08.png,Poplar_54 52-225 R4,0.9904843119738268,1.4778622980229557
Poplar,RGB1,65 Besc-801 R5,2023-12-27 06:28:47,0,3,3,2023-12-27_RgbImage_2023-12-27_06-28-46.png,Poplar_65 Besc-801 R5,0.9803935486161259,3.185909055173397
Poplar,RGB2,65 Besc-801 R5,2023-12-27 06:28:04,0,3,3,2023-12-27_RgbImage_2023-12-27_06-28-03.png,Poplar_65 Besc-801 R5,0.9937584636218223,1.4966356507502496
Poplar,RGB1,GW-2283,2024-03-28 14:50:22,0,3,3,2024-03-28_RgbImage_2024-03-28_14-50-22.png,Poplar_GW-2283,0.9772158090394384,3.13338556420058
Poplar,RGB2,GW-2283,2024-03-28 14:49:40,0,3,3,2024-03-28_RgbImage_2024-03-28_14-49-39.png,Poplar_GW-2283,0.9885345386528117,1.4629015340469778
Poplar,RGB1,GW-8585,2024-03-29 08:24:24,0,3,3,2024-03-29_RgbImage_2024-03-29_08-24-23.png,Poplar_GW-8585,0.9807219737554632,3.1554995137266815
Poplar,RGB2,GW-8585,2024-03-29 08:23:42,0,3,3,2024-03-29_RgbImage_2024-03-29_08-23-41.png,Poplar_GW-8585,0.9894545462748282,1.4838893730193377
Poplar,RGB1,35_GW-9914+Na_R5_I APPL 167,2023-09-27 06:55:13,0,3,4,2023-09-27_RgbImage_2023-09-27_06-55-13.png,Poplar_35_GW-9914+Na_R5_I APPL 167,0.970507873296159,3.0635661422275007
Poplar,RGB2,35_GW-9914+Na_R5_I APPL 167,2023-09-27 06:54:23,0,3,4,2023-09-27_RgbImage_2023-09-27_06-54-22.png,Poplar_35_GW-9914+Na_R5_I APPL 167,0.9916324375789737,1.5051522618159652
Poplar,RGB1,6 GW-9898 R4,2023-12-19 15:04:47,0,3,4,2023-12-19_RgbImage_2023-12-19_15-04-47.png,Poplar_6 GW-9898 R4,0.9725292765679595,3.1565239997580647
Poplar,RGB2,6 GW-9898 R4,2023-12-19 15:04:04,0,3,4,2023-12-19_RgbImage_2023-12-19_15-04-04.png,Poplar_6 GW-9898 R4,0.9888466871646776,1.468743609264493
Poplar,RGB1,BESC-1017,2024-03-27 10:14:42,0,4,0,2024-03-27_RgbImage_2024-03-27_10-14-41.png,Poplar_BESC-1017,0.9747779089273252,3.0710368365980685
Poplar,RGB2,BESC-1017,2024-03-27 10:13:59,0,4,0,2024-03-27_RgbImage_2024-03-27_10-13-58.png,Poplar_BESC-1017,0.9902398973701341,1.4646168360486627
Poplar,RGB1,BESC-111,2024-03-31 14:07:42,0,4,0,2024-03-31_RgbImage_2024-03-31_14-07-42.png,Poplar_BESC-111,0.977758732239522,3.1448757676407695
Poplar,RGB2,BESC-111,2024-03-31 14:06:59,0,4,0,2024-03-31_RgbImage_2024-03-31_14-06-59.png,Poplar_BESC-111,0.9756081479254126,1.4547642190009356
Poplar,RGB1,SQMC-25-4,2024-03-31 11:41:06,0,4,0,2024-03-31_RgbImage_2024-03-31_11-41-05.png,Poplar_SQMC-25-4,0.9705451543320655,3.1292639509774745
Poplar,RGB2,SQMC-25-4,2024-03-31 11:40:24,0,4,0,2024-03-31_RgbImage_2024-03-31_11-40-23.png,Poplar_SQMC-25-4,0.9711584746993118,1.4824620047584176
Poplar,RGB1,BESC-209,2024-03-28 08:51:07,0,4,1,2024-03-28_RgbImage_2024-03-28_08-51-06.png,Poplar_BESC-209,0.9711148648651088,3.1938656982965767
Poplar,RGB2,BESC-209,2024-03-28 08:50:25,0,4,1,2024-03-28_RgbImage_2024-03-28_08-50-24.png,Poplar_BESC-209,0.9903302606981816,1.4694402758032084
Poplar,RGB1,GW-9864,2024-03-26 14:38:27,0,4,1,2024-03-26_RgbImage_2024-03-26_14-38-26.png,Poplar_GW-9864,0.9701088055659699,3.0864182082004845
Poplar,RGB2,GW-9864,2024-03-26 14:37:44,0,4,1,2024-03-26_RgbImage_2024-03-26_14-37-44.png,Poplar_GW-9864,0.9876289196792138,1.4892660789191723
Poplar,RGB1,SLMB-28-2,2024-03-26 11:27:26,0,4,1,2024-03-26_RgbImage_2024-03-26_11-27-25.png,Poplar_SLMB-28-2,0.972030105777339,3.1443400946445763
Poplar,RGB2,SLMB-28-2,2024-03-26 11:26:43,0,4,1,2024-03-26_RgbImage_2024-03-26_11-26-43.png,Poplar_SLMB-28-2,0.9863033733965987,1.4695255560800433
Poplar,RGB1,SQMC-25-3,2024-04-04 12:17:19,0,4,1,2024-04-4_RgbImage_2024-04-04_12-17-18.png,Poplar_SQMC-25-3,0.9790665439057283,3.14901410182938
Poplar,RGB2,SQMC-25-3,2024-04-04 12:16:36,0,4,1,2024-04-4_RgbImage_2024-04-04_12-16-36.png,Poplar_SQMC-25-3,0.9869199663690857,1.5004507848061621
Poplar,RGB1,BESC-192,2024-03-26 18:55:55,0,4,2,2024-03-26_RgbImage_2024-03-26_18-55-54.png,Poplar_BESC-192,0.974971050304314,3.167130323126912
Poplar,RGB2,BESC-192,2024-03-26 18:55:13,0,4,2,2024-03-26_RgbImage_2024-03-26_18-55-12.png,Poplar_BESC-192,0.9740925027820737,1.4669718192890286
Poplar,RGB1,HARB-26-2,2024-03-28 15:34:18,0,4,2,2024-03-28_RgbImage_2024-03-28_15-34-18.png,Poplar_HARB-26-2,0.9809232561530108,3.1040185526944697
Poplar,RGB2,HARB-26-2,2024-03-28 15:33:34,0,4,2,2024-03-28_RgbImage_2024-03-28_15-33-34.png,Poplar_HARB-26-2,0.977280442572738,1.4565801131539047
Poplar,RGB1,23 93-968 R7,2023-12-19 13:47:08,0,4,3,2023-12-19_RgbImage_2023-12-19_13-47-08.png,Poplar_23 93-968 R7,0.965448372279193,3.1440228959545493
Poplar,RGB2,23 93-968 R7,2023-12-19 13:46:25,0,4,3,2023-12-19_RgbImage_2023-12-19_13-46-24.png,Poplar_23 93-968 R7,0.9852399057436239,1.4820744418539107
Poplar,RGB1,BESC-1091,2024-03-30 10:21:18,0,4,3,2024-03-30_RgbImage_2024-03-30_10-21-17.png,Poplar_BESC-1091,0.9761863020106331,3.129026362672448
Poplar,RGB2,BESC-1091,2024-03-30 10:20:35,0,4,3,2024-03-30_RgbImage_2024-03-30_10-20-35.png,Poplar_BESC-1091,0.9836166673430145,1.4567160489968956
Poplar,RGB1,WELC-27-1,2024-04-01 18:38:36,0,4,3,2024-04-1_RgbImage_2024-04-01_18-38-35.png,Poplar_WELC-27-1,0.9740248766310584,3.1590699939988554
Poplar,RGB2,WELC-27-1,2024-04-01 18:37:53,0,4,3,2024-04-1_RgbImage_2024-04-01_18-37-53.png,Poplar_WELC-27-1,0.9834469972853859,1.4806374250911176
Poplar,RGB1,16 FL-0165 R4,2023-12-21 12:57:20,0,4,4,2023-12-21_RgbImage_2023-12-21_12-57-20.png,Poplar_16 FL-0165 R4,0.9674937650603418,3.064936485607177
Poplar,RGB2,16 FL-0165 R4,2023-12-21 12:56:36,0,4,4,2023-12-21_RgbImage_2023-12-21_12-56-35.png,Poplar_16 FL-0165 R4,0.9727438685614296,1.4831085465848446
Poplar,RGB1,22 ILL-101 R7,2023-12-27 13:39:03,0,4,4,2023-12-27_RgbImage_2023-12-27_13-39-03.png,Poplar_22 ILL-101 R7,0.9711074350207096,3.1805075141601264
Poplar,RGB1,22 ILL-101 R7,2023-12-19 13:40:05,0,4,4,2023-12-19_RgbImage_2023-12-19_13-40-04.png,Poplar_22 ILL-101 R7,0.9564775208651707,3.196788755711168
Poplar,RGB2,22 ILL-101 R7,2023-12-27 13:38:20,0,4,4,2023-12-27_RgbImage_2023-12-27_13-38-19.png,Poplar_22 ILL-101 R7,0.9713324307631366,1.4843405070714653
Poplar,RGB2,22 ILL-101 R7,2023-12-19 13:39:21,0,4,4,2023-12-19_RgbImage_2023-12-19_13-39-21.png,Poplar_22 ILL-101 R7,0.9632229513209415,1.4568206979893148
Poplar,RGB1,42_BESC-4-C_R6_I APPL 435,2023-09-18 08:13:05,0,4,4,2023-09-18_RgbImage_2023-09-18_08-13-04.png,Poplar_42_BESC-4-C_R6_I APPL 435,0.9767521811543052,3.1250032582320273
Poplar,RGB2,42_BESC-4-C_R6_I APPL 435,2023-09-18 08:12:21,0,4,4,2023-09-18_RgbImage_2023-09-18_08-12-20.png,Poplar_42_BESC-4-C_R6_I APPL 435,0.9939846565151759,1.4876652229577303
Poplar,RGB1,74_WT717+Na_R2_I APPL 28,2023-09-15 14:52:10,1,0,0,2023-09-15_RgbImage_2023-09-15_14-52-10.png,Poplar_74_WT717+Na_R2_I APPL 28,0.9820672899187204,3.173555091023445
Poplar,RGB1,74_WT717+Na_R2_I APPL 28,2023-09-20 10:50:28,1,0,0,2023-09-20_RgbImage_2023-09-20_10-50-28.png,Poplar_74_WT717+Na_R2_I APPL 28,0.980726362301409,3.1520757116377354
Poplar,RGB2,74_WT717+Na_R2_I APPL 28,2023-09-15 14:51:40,1,0,0,2023-09-15_RgbImage_2023-09-15_14-51-40.png,Poplar_74_WT717+Na_R2_I APPL 28,0.9957541331001808,1.471820766106248
Poplar,RGB2,74_WT717+Na_R2_I APPL 28,2023-09-20 10:49:59,1,0,0,2023-09-20_RgbImage_2023-09-20_10-49-58.png,Poplar_74_WT717+Na_R2_I APPL 28,0.995637963198381,1.5039938129484653
Poplar,RGB1,BESC-407,2024-04-13 12:17:53,1,0,0,2024-04-13_RgbImage_2024-04-13_12-17-53.png,Poplar_BESC-407,0.9862576759175566,3.1608221270143986
Poplar,RGB2,BESC-407,2024-04-13 12:17:13,1,0,0,2024-04-13_RgbImage_2024-04-13_12-17-12.png,Poplar_BESC-407,0.9915430521615421,1.4652079651132226
Poplar,RGB1,GW-2045,2024-04-17 07:45:31,1,0,0,2024-04-17_RgbImage_2024-04-17_07-45-31.png,Poplar_GW-2045,0.9849792653405032,3.1569892107509077
Poplar,RGB2,GW-2045,2024-04-17 07:44:55,1,0,0,2024-04-17_RgbImage_2024-04-17_07-44-54.png,Poplar_GW-2045,0.9946637840805773,1.449773013126105
Poplar,RGB1,22_GW-9914-C_R4_I APPL 197,2023-10-06 16:06:44,1,0,1,2023-10-6_RgbImage_2023-10-06_16-06-44.png,Poplar_22_GW-9914-C_R4_I APPL 197,0.9756695547635531,3.164545255713165
Poplar,RGB2,22_GW-9914-C_R4_I APPL 197,2023-10-06 16:06:09,1,0,1,2023-10-6_RgbImage_2023-10-06_16-06-08.png,Poplar_22_GW-9914-C_R4_I APPL 197,0.9936643192501718,1.4760644808411598
Poplar,RGB1,BESC-394,2024-04-07 10:55:21,1,0,1,2024-04-7_RgbImage_2024-04-07_10-55-21.png,Poplar_BESC-394,0.9791079154517808,3.256994151044637
Poplar,RGB2,BESC-394,2024-04-07 10:54:43,1,0,1,2024-04-7_RgbImage_2024-04-07_10-54-43.png,Poplar_BESC-394,0.9952433457010627,1.485916175879538
Poplar,RGB1,BESC-813,2024-04-14 14:41:17,1,0,1,2024-04-14_RgbImage_2024-04-14_14-41-16.png,Poplar_BESC-813,0.9894708047136554,3.0711861019954085
Poplar,RGB2,BESC-813,2024-04-14 14:40:40,1,0,1,2024-04-14_RgbImage_2024-04-14_14-40-39.png,Poplar_BESC-813,0.9948514126120156,1.4766833800822496
Poplar,RGB1,GW-9845,2024-04-11 16:09:56,1,0,1,2024-04-11_RgbImage_2024-04-11_16-09-56.png,Poplar_GW-9845,0.9847805910120875,3.1696195006370544
Poplar,RGB2,GW-9845,2024-04-11 16:09:16,1,0,1,2024-04-11_RgbImage_2024-04-11_16-09-16.png,Poplar_GW-9845,0.9944122765293074,1.498222793918103
Poplar,RGB1,278_BESC-304_1,2024-05-26 14:23:50,1,0,2,2024-05-26_RgbImage_2024-05-26_14-23-50.png,Poplar_278_BESC-304_1,0.9795543235905947,3.0720273121260107
Poplar,RGB2,278_BESC-304_1,2024-05-26 14:23:11,1,0,2,2024-05-26_RgbImage_2024-05-26_14-23-10.png,Poplar_278_BESC-304_1,0.9907412598160404,1.4760203072801232
Poplar,RGB1,56_BESC 371_R6_PM,2024-05-07 18:56:19,1,0,2,2024-05-7_RgbImage_2024-05-07_18-56-19.png,Poplar_56_BESC 371_R6_PM,0.987352948411076,3.1847925879992545
Poplar,RGB2,56_BESC 371_R6_PM,2024-05-07 18:55:41,1,0,2,2024-05-7_RgbImage_2024-05-07_18-55-41.png,Poplar_56_BESC 371_R6_PM,0.9897429504737405,1.4619911629706621
Poplar,RGB1,9_GW-9588+K_R3_IV APPL 102,2023-09-27 09:58:25,1,0,2,2023-09-27_RgbImage_2023-09-27_09-58-25.png,Poplar_9_GW-9588+K_R3_IV APPL 102,0.9810577739180346,3.0526885488070548
Poplar,RGB2,9_GW-9588+K_R3_IV APPL 102,2023-09-27 09:57:46,1,0,2,2023-09-27_RgbImage_2023-09-27_09-57-45.png,Poplar_9_GW-9588+K_R3_IV APPL 102,0.9918139069847434,1.4748347960412502
Poplar,RGB1,11_GW-9588+K_R5_IV APPL 104,2023-10-02 13:56:27,1,0,3,2023-10-2_RgbImage_2023-10-02_13-56-27.png,Poplar_11_GW-9588+K_R5_IV APPL 104,0.9839187363751526,3.164139369968325
Poplar,RGB2,11_GW-9588+K_R5_IV APPL 104,2023-10-02 13:55:50,1,0,3,2023-10-2_RgbImage_2023-10-02_13-55-49.png,Poplar_11_GW-9588+K_R5_IV APPL 104,0.9942774285175181,1.4916111938655376
Poplar,RGB1,1_GW-9588-C_R1_I APPL 398,2023-10-02 15:06:46,1,0,3,2023-10-2_RgbImage_2023-10-02_15-06-45.png,Poplar_1_GW-9588-C_R1_I APPL 398,0.9849783120369364,3.088402551598847
Poplar,RGB2,1_GW-9588-C_R1_I APPL 398,2023-10-02 15:06:08,1,0,3,2023-10-2_RgbImage_2023-10-02_15-06-07.png,Poplar_1_GW-9588-C_R1_I APPL 398,0.9952900277924244,1.49232710711658
Poplar,RGB1,67_YALE-27-3+Na_R1_I APPL 189,2023-10-06 07:02:06,1,0,3,2023-10-6_RgbImage_2023-10-06_07-02-06.png,Poplar_67_YALE-27-3+Na_R1_I APPL 189,0.9842450734415567,3.2100651380605996
Poplar,RGB2,67_YALE-27-3+Na_R1_I APPL 189,2023-10-06 07:01:31,1,0,3,2023-10-6_RgbImage_2023-10-06_07-01-31.png,Poplar_67_YALE-27-3+Na_R1_I APPL 189,0.9950758001957393,1.4671127372421324
Poplar,RGB1,98_#1428_R1_PM,2024-05-13 08:52:29,1,0,3,2024-05-13_RgbImage_2024-05-13_08-52-28.png,Poplar_98_#1428_R1_PM,0.9917292481009882,3.0966876060701907
Poplar,RGB2,98_#1428_R1_PM,2024-05-13 08:51:51,1,0,3,2024-05-13_RgbImage_2024-05-13_08-51-51.png,Poplar_98_#1428_R1_PM,0.9973845818702388,1.4514940483495593
Poplar,RGB1,23 93-968 R7,2023-10-29 15:31:15,1,0,4,2023-10-29_RgbImage_2023-10-29_15-31-14.png,Poplar_23 93-968 R7,0.9906092735430403,3.1955405878834426
Poplar,RGB2,23 93-968 R7,2023-10-29 15:30:36,1,0,4,2023-10-29_RgbImage_2023-10-29_15-30-35.png,Poplar_23 93-968 R7,0.9892831080376814,1.4781358079053462
Poplar,RGB1,51_BESC-4+Na_R3_I APPL 391,2023-10-02 14:24:35,1,0,4,2023-10-2_RgbImage_2023-10-02_14-24-35.png,Poplar_51_BESC-4+Na_R3_I APPL 391,0.9859881038391884,3.0728255319409072
Poplar,RGB2,51_BESC-4+Na_R3_I APPL 391,2023-10-02 14:24:00,1,0,4,2023-10-2_RgbImage_2023-10-02_14-24-00.png,Poplar_51_BESC-4+Na_R3_I APPL 391,0.9960078756792949,1.4831246389076114
Poplar,RGB1,84_ILL-101_R2_PM,2024-05-13 07:11:30,1,0,4,2024-05-13_RgbImage_2024-05-13_07-11-30.png,Poplar_84_ILL-101_R2_PM,0.9939047941482245,3.18266169866547
Poplar,RGB2,84_ILL-101_R2_PM,2024-05-13 07:10:51,1,0,4,2024-05-13_RgbImage_2024-05-13_07-10-50.png,Poplar_84_ILL-101_R2_PM,0.9946694904893139,1.493541352916509
Poplar,RGB1,GW-2402,2024-04-18 15:35:10,1,1,0,2024-04-18_RgbImage_2024-04-18_15-35-09.png,Poplar_GW-2402,0.9750857896003817,3.094836717005819
Poplar,RGB2,GW-2402,2024-04-18 15:34:31,1,1,0,2024-04-18_RgbImage_2024-04-18_15-34-30.png,Poplar_GW-2402,0.9933171116213787,1.5092669436708093
Poplar,RGB1,GW-4606,2024-04-16 10:51:10,1,1,0,2024-04-16_RgbImage_2024-04-16_10-51-10.png,Poplar_GW-4606,0.983956214205006,3.1509693721309304
Poplar,RGB2,GW-4606,2024-04-16 10:50:34,1,1,0,2024-04-16_RgbImage_2024-04-16_10-50-33.png,Poplar_GW-4606,0.995225469723939,1.460724248085171
Poplar,RGB1,GW-9810,2024-04-19 10:14:35,1,1,0,2024-04-19_RgbImage_2024-04-19_10-14-35.png,Poplar_GW-9810,0.973523087644082,3.07847002428025
Poplar,RGB2,GW-9810,2024-04-19 10:13:54,1,1,0,2024-04-19_RgbImage_2024-04-19_10-13-53.png,Poplar_GW-9810,0.9887571894504995,1.4765398800373077
Poplar,RGB1,GW-9884,2024-04-21 15:06:06,1,1,0,2024-04-21_RgbImage_2024-04-21_15-06-06.png,Poplar_GW-9884,0.97649567088739,3.166594902984798
Poplar,RGB2,GW-9884,2024-04-21 15:05:28,1,1,0,2024-04-21_RgbImage_2024-04-21_15-05-28.png,Poplar_GW-9884,0.9915179153872267,1.4832319826819003
Poplar,RGB1,15_BESC 375_R2_FS,2024-05-06 18:46:51,1,1,1,2024-05-6_RgbImage_2024-05-06_18-46-50.png,Poplar_15_BESC 375_R2_FS,0.9787650767044903,3.077569060958922
Poplar,RGB2,15_BESC 375_R2_FS,2024-05-06 18:46:12,1,1,1,2024-05-6_RgbImage_2024-05-06_18-46-11.png,Poplar_15_BESC 375_R2_FS,0.9894263289218602,1.4824988157488406
Poplar,RGB1,350_KLNE-20-4_6,2024-05-27 11:32:50,1,1,1,2024-05-27_RgbImage_2024-05-27_11-32-49.png,Poplar_350_KLNE-20-4_6,0.9775942337536468,3.153305127751082
Poplar,RGB2,350_KLNE-20-4_6,2024-05-27 11:32:09,1,1,1,2024-05-27_RgbImage_2024-05-27_11-32-09.png,Poplar_350_KLNE-20-4_6,0.9915108231105179,1.4940487132407725
Poplar,RGB1,352_BESC-1166_8,2024-06-13 11:34:52,1,1,1,2024-06-13_RgbImage_2024-06-13_11-34-52.png,Poplar_352_BESC-1166_8,0.9790476138950676,3.1005629138089716
Poplar,RGB2,352_BESC-1166_8,2024-06-13 11:34:15,1,1,1,2024-06-13_RgbImage_2024-06-13_11-34-15.png,Poplar_352_BESC-1166_8,0.9878106248847596,1.476265290286392
Poplar,RGB1,304_BESC-44_4,2024-06-07 10:36:27,1,1,2,2024-06-7_RgbImage_2024-06-07_10-36-27.png,Poplar_304_BESC-44_4,0.9827194307136048,3.194164668209851
Poplar,RGB2,304_BESC-44_4,2024-06-07 10:35:50,1,1,2,2024-06-7_RgbImage_2024-06-07_10-35-49.png,Poplar_304_BESC-44_4,0.9947639902676434,1.4582477370277047
Poplar,RGB1,BESC-237,2024-04-07 15:15:34,1,1,2,2024-04-7_RgbImage_2024-04-07_15-15-33.png,Poplar_BESC-237,0.9862914826498596,3.070362146012485
Poplar,RGB2,BESC-237,2024-04-07 15:14:55,1,1,2,2024-04-7_RgbImage_2024-04-07_15-14-55.png,Poplar_BESC-237,0.9942120451010749,1.4871919890865684
Poplar,RGB1,GW-9811,2024-04-03 12:46:00,1,1,2,2024-04-3_RgbImage_2024-04-03_12-45-59.png,Poplar_GW-9811,0.9886553679822819,3.185573876835406
Poplar,RGB2,GW-9811,2024-04-03 12:45:22,1,1,2,2024-04-3_RgbImage_2024-04-03_12-45-21.png,Poplar_GW-9811,0.9955340577949755,1.5128130996599793
Poplar,RGB1,67_YALE-27-3+Na_R1_I APPL 189,2023-09-27 07:02:20,1,1,3,2023-09-27_RgbImage_2023-09-27_07-02-20.png,Poplar_67_YALE-27-3+Na_R1_I APPL 189,0.9838575378454938,3.071795626077801
Poplar,RGB2,67_YALE-27-3+Na_R1_I APPL 189,2023-09-27 07:01:42,1,1,3,2023-09-27_RgbImage_2023-09-27_07-01-41.png,Poplar_67_YALE-27-3+Na_R1_I APPL 189,0.9940950567606573,1.4702521627768874
Poplar,RGB1,BESC-394,2024-04-02 14:41:05,1,1,3,2024-04-2_RgbImage_2024-04-02_14-41-05.png,Poplar_BESC-394,0.9865047486065142,3.174227084033191
Poplar,RGB2,BESC-394,2024-04-02 14:40:27,1,1,3,2024-04-2_RgbImage_2024-04-02_14-40-26.png,Poplar_BESC-394,0.992126073577591,1.5027426201850176
Poplar,RGB1,20_D-124_R6_PM,2024-05-10 18:46:02,1,1,4,2024-05-10_RgbImage_2024-05-10_18-46-02.png,Poplar_20_D-124_R6_PM,0.992433955168907,3.07916060090065
Poplar,RGB2,20_D-124_R6_PM,2024-05-10 18:45:24,1,1,4,2024-05-10_RgbImage_2024-05-10_18-45-23.png,Poplar_20_D-124_R6_PM,0.9896624952035099,1.454153988044709
Poplar,RGB1,89_D-124_R1_PM,2024-05-03 07:48:27,1,1,4,2024-05-3_RgbImage_2024-05-03_07-48-27.png,Poplar_89_D-124_R1_PM,0.9896639948445761,3.142148927319795
Poplar,RGB2,89_D-124_R1_PM,2024-05-03 07:47:47,1,1,4,2024-05-3_RgbImage_2024-05-03_07-47-46.png,Poplar_89_D-124_R1_PM,0.9909610334491727,1.4952715849503875
Poplar,RGB1,GW-6952,2024-04-06 16:22:07,1,1,4,2024-04-6_RgbImage_2024-04-06_16-22-07.png,Poplar_GW-6952,0.9878398434864883,3.0478615663014352
Poplar,RGB2,GW-6952,2024-04-06 16:21:28,1,1,4,2024-04-6_RgbImage_2024-04-06_16-21-28.png,Poplar_GW-6952,0.9929263687854065,1.4849301232025027
Poplar,RGB1,15 CMBF_28-5 R6,2023-10-28 17:10:52,1,2,0,2023-10-28_RgbImage_2023-10-28_17-10-51.png,Poplar_15 CMBF_28-5 R6,0.9823342426574221,3.144342214334756
Poplar,RGB2,15 CMBF_28-5 R6,2023-10-28 17:10:11,1,2,0,2023-10-28_RgbImage_2023-10-28_17-10-11.png,Poplar_15 CMBF_28-5 R6,0.9952642712504856,1.5028183721005917
Poplar,RGB1,46_BESC 394_R2_FS,2024-05-10 12:15:56,1,2,0,2024-05-10_RgbImage_2024-05-10_12-15-56.png,Poplar_46_BESC 394_R2_FS,0.9751272471368475,3.0919705708511174
Poplar,RGB2,46_BESC 394_R2_FS,2024-05-10 12:15:18,1,2,0,2024-05-10_RgbImage_2024-05-10_12-15-17.png,Poplar_46_BESC 394_R2_FS,0.9936583710846878,1.4941297778859735
Poplar,RGB1,BESC-159,2024-04-12 07:38:50,1,2,0,2024-04-12_RgbImage_2024-04-12_07-38-50.png,Poplar_BESC-159,0.9827437392498013,3.1471309759654105
Poplar,RGB2,BESC-159,2024-04-12 07:38:13,1,2,0,2024-04-12_RgbImage_2024-04-12_07-38-12.png,Poplar_BESC-159,0.9920783309194131,1.4789979183115065
Poplar,RGB1,GLCB-26-1,2024-04-19 20:45:20,1,2,0,2024-04-19_RgbImage_2024-04-19_20-45-19.png,Poplar_GLCB-26-1,0.971582959158689,3.1575730782933533
Poplar,RGB2,GLCB-26-1,2024-04-19 20:44:41,1,2,0,2024-04-19_RgbImage_2024-04-19_20-44-40.png,Poplar_GLCB-26-1,0.9878146592737769,1.474181231111288
Poplar,RGB1,31 Nisq-1 R8,2023-11-05 12:55:56,1,2,1,2023-11-5_RgbImage_2023-11-05_12-55-55.png,Poplar_31 Nisq-1 R8,0.9776433068312489,3.1926126540638506
Poplar,RGB2,31 Nisq-1 R8,2023-11-05 12:55:20,1,2,1,2023-11-5_RgbImage_2023-11-05_12-55-20.png,Poplar_31 Nisq-1 R8,0.9932649097741413,1.4581322902813554
Poplar,RGB1,348_BESC-1231_5,2024-06-05 10:06:41,1,2,2,2024-06-5_RgbImage_2024-06-05_10-06-41.png,Poplar_348_BESC-1231_5,0.9844047923959305,3.068508601747453
Poplar,RGB2,348_BESC-1231_5,2024-06-05 10:06:03,1,2,2,2024-06-5_RgbImage_2024-06-05_10-06-03.png,Poplar_348_BESC-1231_5,0.9960957654740858,1.4792860532179475
Poplar,RGB1,GW-7980,2024-04-11 07:17:36,1,2,2,2024-04-11_RgbImage_2024-04-11_07-17-35.png,Poplar_GW-7980,0.9854739835296858,3.138162882067263
Poplar,RGB2,GW-7980,2024-04-11 07:16:59,1,2,2,2024-04-11_RgbImage_2024-04-11_07-16-59.png,Poplar_GW-7980,0.9960986789466822,1.486912792082876
Poplar,RGB1,GW-9967,2024-04-12 12:34:27,1,2,2,2024-04-12_RgbImage_2024-04-12_12-34-26.png,Poplar_GW-9967,0.9822169009163509,3.0819612969644368
Poplar,RGB2,GW-9967,2024-04-12 12:33:50,1,2,2,2024-04-12_RgbImage_2024-04-12_12-33-49.png,Poplar_GW-9967,0.9944956443216874,1.482778594829142
Poplar,RGB1,54 52-225 R4,2023-11-05 11:35:17,1,2,3,2023-11-5_RgbImage_2023-11-05_11-35-16.png,Poplar_54 52-225 R4,0.9719461980151932,3.1759671149775386
Poplar,RGB2,54 52-225 R4,2023-11-05 11:34:38,1,2,3,2023-11-5_RgbImage_2023-11-05_11-34-37.png,Poplar_54 52-225 R4,0.9924223948340255,1.480332211125642
Poplar,RGB1,55_YALE-27-3-C_R1_I APPL 489,2023-09-25 12:01:25,1,2,3,2023-09-25_RgbImage_2023-09-25_12-01-25.png,Poplar_55_YALE-27-3-C_R1_I APPL 489,0.9852730137592636,3.07497690198943
Poplar,RGB2,55_YALE-27-3-C_R1_I APPL 489,2023-09-25 12:00:46,1,2,3,2023-09-25_RgbImage_2023-09-25_12-00-45.png,Poplar_55_YALE-27-3-C_R1_I APPL 489,0.9951606129847377,1.4906739331781864
Poplar,RGB1,BESC-1099,2024-04-05 19:48:29,1,2,4,2024-04-5_RgbImage_2024-04-05_19-48-28.png,Poplar_BESC-1099,0.9819811636739862,3.1933332472108305
Poplar,RGB2,BESC-1099,2024-04-05 19:47:48,1,2,4,2024-04-5_RgbImage_2024-04-05_19-47-47.png,Poplar_BESC-1099,0.9947274515125821,1.5009929719381034
Poplar,RGB1,CHWH-27-3,2024-04-01 15:06:12,1,2,4,2024-04-1_RgbImage_2024-04-01_15-06-12.png,Poplar_CHWH-27-3,0.9830978066578788,3.1090914187952876
Poplar,RGB2,CHWH-27-3,2024-04-01 15:05:34,1,2,4,2024-04-1_RgbImage_2024-04-01_15-05-33.png,Poplar_CHWH-27-3,0.9937116309375612,1.4883807078003883
Poplar,RGB1,182_BESC-1096_5,2024-06-26 15:41:17,1,3,0,2024-06-26_RgbImage_2024-06-26_15-41-16.png,Poplar_182_BESC-1096_5,0.9787030721333756,3.137932437006384
Poplar,RGB2,182_BESC-1096_5,2024-06-26 15:40:39,1,3,0,2024-06-26_RgbImage_2024-06-26_15-40-38.png,Poplar_182_BESC-1096_5,0.9822327948275716,1.474143410101533
Poplar,RGB1,379_BESC-1143_1,2024-06-08 11:14:52,1,3,0,2024-06-8_RgbImage_2024-06-08_11-14-51.png,Poplar_379_BESC-1143_1,0.9818600091656519,3.0818671588785946
Poplar,RGB2,379_BESC-1143_1,2024-06-08 11:14:13,1,3,0,2024-06-8_RgbImage_2024-06-08_11-14-13.png,Poplar_379_BESC-1143_1,0.988888353053662,1.49227660195902
Poplar,RGB1,BESC-1158_34_9,2024-04-21 15:20:35,1,3,0,2024-04-21_RgbImage_2024-04-21_15-20-34.png,Poplar_BESC-1158_34_9,0.9845612787097481,3.177737982943654
Poplar,RGB2,BESC-1158_34_9,2024-04-21 15:19:53,1,3,0,2024-04-21_RgbImage_2024-04-21_15-19-52.png,Poplar_BESC-1158_34_9,0.9923356472093895,1.480819652788341
Poplar,RGB1,BESC-192,2024-04-10 18:41:43,1,3,0,2024-04-10_RgbImage_2024-04-10_18-41-42.png,Poplar_BESC-192,0.9775996711879874,3.0694711431860924
Poplar,RGB2,BESC-192,2024-04-10 18:41:01,1,3,0,2024-04-10_RgbImage_2024-04-10_18-41-01.png,Poplar_BESC-192,0.9856944116335559,1.826314358972013
Poplar,RGB1,114_BESC-354_6,2024-05-26 19:13:43,1,3,1,2024-05-26_RgbImage_2024-05-26_19-13-43.png,Poplar_114_BESC-354_6,0.979957650961712,3.2373580718412995
Poplar,RGB2,114_BESC-354_6,2024-05-26 19:13:07,1,3,1,2024-05-26_RgbImage_2024-05-26_19-13-06.png,Poplar_114_BESC-354_6,0.9943872847291418,1.482837778981775
Poplar,RGB1,BESC-819,2024-04-05 10:18:27,1,3,1,2024-04-5_RgbImage_2024-04-05_10-18-27.png,Poplar_BESC-819,0.9680480101940547,3.092378111090511
Poplar,RGB2,BESC-819,2024-04-05 10:17:47,1,3,1,2024-04-5_RgbImage_2024-04-05_10-17-47.png,Poplar_BESC-819,0.9929866693639802,1.4874546467326581
Poplar,RGB1,DEND-17-2,2024-03-30 18:24:27,1,3,1,2024-03-30_RgbImage_2024-03-30_18-24-26.png,Poplar_DEND-17-2,0.9789445986524261,3.1768866050988436
Poplar,RGB2,DEND-17-2,2024-03-30 18:23:50,1,3,1,2024-03-30_RgbImage_2024-03-30_18-23-49.png,Poplar_DEND-17-2,0.994059148732358,1.492647364269942
Poplar,RGB1,NHTB-27-4,2024-04-05 20:53:48,1,3,1,2024-04-5_RgbImage_2024-04-05_20-53-47.png,Poplar_NHTB-27-4,0.9743698067235983,3.057999304961413
Poplar,RGB2,NHTB-27-4,2024-04-05 20:53:10,1,3,1,2024-04-5_RgbImage_2024-04-05_20-53-09.png,Poplar_NHTB-27-4,0.9944175334748195,1.479513743892312
Poplar,RGB1,436_GW-9762_1,2024-06-21 12:11:31,1,3,2,2024-06-21_RgbImage_2024-06-21_12-11-31.png,Poplar_436_GW-9762_1,0.97971176033483,3.2553362818434834
Poplar,RGB2,436_GW-9762_1,2024-06-21 12:11:00,1,3,2,2024-06-21_RgbImage_2024-06-21_12-11-00.png,Poplar_436_GW-9762_1,0.9883332380758509,1.4667076827026904
Poplar,RGB1,GW-9833,2024-03-29 15:07:40,1,3,2,2024-03-29_RgbImage_2024-03-29_15-07-39.png,Poplar_GW-9833,0.9778877953146607,3.071058224886656
Poplar,RGB2,GW-9833,2024-03-29 15:06:59,1,3,2,2024-03-29_RgbImage_2024-03-29_15-06-59.png,Poplar_GW-9833,0.9883885425273724,1.494784263893962
Poplar,RGB1,94_BESC 24_R3_FS,2024-05-13 08:23:36,1,3,3,2024-05-13_RgbImage_2024-05-13_08-23-35.png,Poplar_94_BESC 24_R3_FS,0.9729780527439493,3.165872790850699
Poplar,RGB2,94_BESC 24_R3_FS,2024-05-13 08:22:56,1,3,3,2024-05-13_RgbImage_2024-05-13_08-22-56.png,Poplar_94_BESC 24_R3_FS,0.9933927818150122,1.4763057478703558
Poplar,RGB1,BESC-394,2024-03-28 12:16:40,1,3,3,2024-03-28_RgbImage_2024-03-28_12-16-40.png,Poplar_BESC-394,0.9748530742667614,3.051988060120493
Poplar,RGB2,BESC-394,2024-03-28 12:16:01,1,3,3,2024-03-28_RgbImage_2024-03-28_12-16-00.png,Poplar_BESC-394,0.9937104862010829,1.4893239722587168
Poplar,RGB1,109_BESC-14_4,2024-06-04 16:58:53,1,3,4,2024-06-4_RgbImage_2024-06-04_16-58-53.png,Poplar_109_BESC-14_4,0.9843817027796359,3.1457923175767064
Poplar,RGB2,109_BESC-14_4,2024-06-04 16:58:13,1,3,4,2024-06-4_RgbImage_2024-06-04_16-58-13.png,Poplar_109_BESC-14_4,0.9864177937939096,1.4780948320403695
Poplar,RGB1,361_BESC-321_3,2024-06-04 09:54:32,1,3,4,2024-06-4_RgbImage_2024-06-04_09-54-31.png,Poplar_361_BESC-321_3,0.9863893305070076,3.0831581111997366
Poplar,RGB2,361_BESC-321_3,2024-06-04 09:53:52,1,3,4,2024-06-4_RgbImage_2024-06-04_09-53-51.png,Poplar_361_BESC-321_3,0.9902007119611147,1.5089777391403913
Poplar,RGB1,461_BESC-1143_2,2024-06-04 09:27:08,1,3,4,2024-06-4_RgbImage_2024-06-04_09-27-08.png,Poplar_461_BESC-1143_2,0.9845473443302681,3.168252119794488
Poplar,RGB2,461_BESC-1143_2,2024-06-04 09:26:27,1,3,4,2024-06-4_RgbImage_2024-06-04_09-26-27.png,Poplar_461_BESC-1143_2,0.9901521905548133,1.4743141229264438
Poplar,RGB1,88_BESC-1043_4,2024-06-01 16:18:11,1,3,4,2024-06-1_RgbImage_2024-06-01_16-18-10.png,Poplar_88_BESC-1043_4,0.9761078499418163,3.080643787048757
Poplar,RGB2,88_BESC-1043_4,2024-06-01 16:17:31,1,3,4,2024-06-1_RgbImage_2024-06-01_16-17-31.png,Poplar_88_BESC-1043_4,0.9898404070308369,1.4934685872867703
Poplar,RGB1,103_BESC-856_2,2024-05-27 19:14:56,1,4,0,2024-05-27_RgbImage_2024-05-27_19-14-55.png,Poplar_103_BESC-856_2,0.9786869804706031,3.150209740269929
Poplar,RGB2,103_BESC-856_2,2024-05-27 19:14:15,1,4,0,2024-05-27_RgbImage_2024-05-27_19-14-14.png,Poplar_103_BESC-856_2,0.9876459097998069,1.4787415638566017
Poplar,RGB1,224_BESC-317_5,2024-06-03 15:13:29,1,4,0,2024-06-3_RgbImage_2024-06-03_15-13-29.png,Poplar_224_BESC-317_5,0.9839039634409198,3.1371240098960698
Poplar,RGB2,224_BESC-317_5,2024-06-03 15:12:50,1,4,0,2024-06-3_RgbImage_2024-06-03_15-12-50.png,Poplar_224_BESC-317_5,0.9926646506702648,1.4952493640594184
Poplar,RGB1,BESC-1158_34_9,2024-04-11 14:21:53,1,4,0,2024-04-11_RgbImage_2024-04-11_14-21-52.png,Poplar_BESC-1158_34_9,0.9730386156912039,3.1727420990355313
Poplar,RGB2,BESC-1158_34_9,2024-04-11 14:21:10,1,4,0,2024-04-11_RgbImage_2024-04-11_14-21-10.png,Poplar_BESC-1158_34_9,0.9850177524435306,1.4820931907743216
Poplar,RGB1,BESC-1240_38_2,2024-04-06 16:07:36,1,4,0,2024-04-6_RgbImage_2024-04-06_16-07-35.png,Poplar_BESC-1240_38_2,0.97971889126959,3.069112957920879
Poplar,RGB2,BESC-1240_38_2,2024-04-06 16:06:54,1,4,0,2024-04-6_RgbImage_2024-04-06_16-06-53.png,Poplar_BESC-1240_38_2,0.9923331146266345,1.462810814846307
Poplar,RGB1,17_BESC 394_R3_PM,2024-05-03 18:30:01,1,4,1,2024-05-3_RgbImage_2024-05-03_18-30-01.png,Poplar_17_BESC 394_R3_PM,0.9737090095372795,3.194530654232949
Poplar,RGB2,17_BESC 394_R3_PM,2024-05-03 18:29:22,1,4,1,2024-05-3_RgbImage_2024-05-03_18-29-21.png,Poplar_17_BESC 394_R3_PM,0.9911686165967557,1.4720595320686698
Poplar,RGB1,22_BESC-1126_2,2024-06-08 18:08:40,1,4,1,2024-06-8_RgbImage_2024-06-08_18-08-39.png,Poplar_22_BESC-1126_2,0.9808602337992255,3.116517912130803
Poplar,RGB2,22_BESC-1126_2,2024-06-08 18:08:01,1,4,1,2024-06-8_RgbImage_2024-06-08_18-08-01.png,Poplar_22_BESC-1126_2,0.9944586158053519,1.4664134569466114
Poplar,RGB1,391_BESC-1143_3,2024-06-11 07:56:58,1,4,1,2024-06-11_RgbImage_2024-06-11_07-56-58.png,Poplar_391_BESC-1143_3,0.9803212816552247,3.1822501360438764
Poplar,RGB2,391_BESC-1143_3,2024-06-11 07:56:21,1,4,1,2024-06-11_RgbImage_2024-06-11_07-56-20.png,Poplar_391_BESC-1143_3,0.9873684081497697,1.4625681666657329
Poplar,RGB1,424_BESC-117_6,2024-06-05 07:03:12,1,4,1,2024-06-5_RgbImage_2024-06-05_07-03-11.png,Poplar_424_BESC-117_6,0.9797684907020328,3.08433698117733
Poplar,RGB2,424_BESC-117_6,2024-06-05 07:02:32,1,4,1,2024-06-5_RgbImage_2024-06-05_07-02-32.png,Poplar_424_BESC-117_6,0.991591618669772,1.4941866253502667
Poplar,RGB1,BESC-1091,2024-04-24 10:13:27,1,4,2,2024-04-24_RgbImage_2024-04-24_10-13-26.png,Poplar_BESC-1091,0.9760567681295811,3.254894508048892
Poplar,RGB2,BESC-1091,2024-04-24 10:12:47,1,4,2,2024-04-24_RgbImage_2024-04-24_10-12-46.png,Poplar_BESC-1091,0.9867433114767049,1.4793601352721453
Poplar,RGB1,BESC-71,2024-04-02 18:35:21,1,4,2,2024-04-2_RgbImage_2024-04-02_18-35-20.png,Poplar_BESC-71,0.9818694731635167,3.0923812692053616
Poplar,RGB2,BESC-71,2024-04-02 18:34:41,1,4,2,2024-04-2_RgbImage_2024-04-02_18-34-41.png,Poplar_BESC-71,0.9908271022688093,1.4759473828598857
Poplar,RGB1,GW-8611,2024-03-31 18:09:22,1,4,2,2024-03-31_RgbImage_2024-03-31_18-09-22.png,Poplar_GW-8611,0.9836196859464925,3.1448484039865434
Poplar,RGB2,GW-8611,2024-03-31 18:08:42,1,4,2,2024-03-31_RgbImage_2024-03-31_18-08-42.png,Poplar_GW-8611,0.9942449229486703,1.475878981873393
Poplar,RGB1,GW-9969,2024-03-28 22:05:01,1,4,2,2024-03-28_RgbImage_2024-03-28_22-05-00.png,Poplar_GW-9969,0.9691047847469996,3.081753788050264
Poplar,RGB2,GW-9969,2024-03-28 22:04:21,1,4,2,2024-03-28_RgbImage_2024-03-28_22-04-21.png,Poplar_GW-9969,0.9918059009897009,1.5340165980160236
Poplar,RGB1,232_CHWH-27-4_4,2024-06-06 11:35:38,1,4,3,2024-06-6_RgbImage_2024-06-06_11-35-38.png,Poplar_232_CHWH-27-4_4,0.9780597155007182,3.129093567840755
Poplar,RGB2,232_CHWH-27-4_4,2024-06-06 11:34:59,1,4,3,2024-06-6_RgbImage_2024-06-06_11-34-58.png,Poplar_232_CHWH-27-4_4,0.9919519083244016,1.469833503011614
Poplar,RGB1,36_BESC 371_R3_FS,2024-05-03 15:56:51,1,4,3,2024-05-3_RgbImage_2024-05-03_15-56-51.png,Poplar_36_BESC 371_R3_FS,0.9762727548763603,3.15920699108392
Poplar,RGB2,36_BESC 371_R3_FS,2024-05-03 15:56:12,1,4,3,2024-05-3_RgbImage_2024-05-03_15-56-11.png,Poplar_36_BESC 371_R3_FS,0.9919956056762883,1.4997992869466543
Poplar,RGB1,432_BESC-1166_7,2024-05-27 09:01:42,1,4,3,2024-05-27_RgbImage_2024-05-27_09-01-42.png,Poplar_432_BESC-1166_7,0.9778470172541852,3.175618519075215
Poplar,RGB2,432_BESC-1166_7,2024-05-27 09:01:02,1,4,3,2024-05-27_RgbImage_2024-05-27_09-01-01.png,Poplar_432_BESC-1166_7,0.9852009668574551,1.4726223670877516
Poplar,RGB1,58_GW10999_R2_PM,2024-05-03 13:46:03,1,4,3,2024-05-3_RgbImage_2024-05-03_13-46-03.png,Poplar_58_GW10999_R2_PM,0.9816146114075782,3.0705969547852874
Poplar,RGB2,58_GW10999_R2_PM,2024-05-03 13:45:25,1,4,3,2024-05-3_RgbImage_2024-05-03_13-45-24.png,Poplar_58_GW10999_R2_PM,0.9940465769311952,1.4668102469295263
Poplar,RGB1,116_BESC-1043_8,2024-05-26 19:27:37,1,4,4,2024-05-26_RgbImage_2024-05-26_19-27-36.png,Poplar_116_BESC-1043_8,0.9905041314114997,3.1445064088329673
Poplar,RGB2,116_BESC-1043_8,2024-05-26 19:26:56,1,4,4,2024-05-26_RgbImage_2024-05-26_19-26-56.png,Poplar_116_BESC-1043_8,0.9934297026989803,1.486834284849465
Poplar,RGB1,370_BESC-1132_7,2024-05-26 12:33:54,1,4,4,2024-05-26_RgbImage_2024-05-26_12-33-53.png,Poplar_370_BESC-1132_7,0.9848600996551166,3.0780183048918843
Poplar,RGB2,370_BESC-1132_7,2024-05-26 12:33:12,1,4,4,2024-05-26_RgbImage_2024-05-26_12-33-11.png,Poplar_370_BESC-1132_7,0.9821851813252619,1.4787930720485747
Poplar,RGB1,92_CHX20-KO107+Na_R4_I APPL 351,2023-10-02 16:24:00,2,0,0,2023-10-2_RgbImage_2023-10-02_16-24-00.png,Poplar_92_CHX20-KO107+Na_R4_I APPL 351,0.9849128735130643,3.1630259011872113
Poplar,RGB2,92_CHX20-KO107+Na_R4_I APPL 351,2023-10-02 16:23:31,2,0,0,2023-10-2_RgbImage_2023-10-02_16-23-31.png,Poplar_92_CHX20-KO107+Na_R4_I APPL 351,0.994372185853734,1.488676096778363
Poplar,RGB1,74_WT717+Na_R2_I APPL 28,2023-11-10 15:20:20,2,0,1,2023-11-10_RgbImage_2023-11-10_15-20-19.png,Poplar_74_WT717+Na_R2_I APPL 28,0.9905949933885493,3.10729997465387
Poplar,RGB2,74_WT717+Na_R2_I APPL 28,2023-11-10 15:19:55,2,0,1,2023-11-10_RgbImage_2023-11-10_15-19-55.png,Poplar_74_WT717+Na_R2_I APPL 28,0.996663028678802,1.4728496260941029
Poplar,RGB1,90_CHX20-KO107+Na_R2_I APPL 392,2023-10-13 14:43:58,2,0,1,2023-10-13_RgbImage_2023-10-13_14-43-57.png,Poplar_90_CHX20-KO107+Na_R2_I APPL 392,0.9914768587505745,3.1871222890913486
Poplar,RGB2,90_CHX20-KO107+Na_R2_I APPL 392,2023-10-13 14:43:26,2,0,1,2023-10-13_RgbImage_2023-10-13_14-43-25.png,Poplar_90_CHX20-KO107+Na_R2_I APPL 392,0.9948045805756895,1.478777561802417
Poplar,RGB1,BESC-12,2024-04-15 17:44:58,2,0,1,2024-04-15_RgbImage_2024-04-15_17-44-58.png,Poplar_BESC-12,0.9861833106393022,3.086763428989798
Poplar,RGB2,BESC-12,2024-04-15 17:44:25,2,0,1,2024-04-15_RgbImage_2024-04-15_17-44-25.png,Poplar_BESC-12,0.9932878545354266,1.4969849763438106
Poplar,RGB1,25_GW-9914+K_R1_IV APPL 106,2023-10-06 15:17:53,2,0,2,2023-10-6_RgbImage_2023-10-06_15-17-52.png,Poplar_25_GW-9914+K_R1_IV APPL 106,0.9778824480508773,3.160887409001589
Poplar,RGB2,25_GW-9914+K_R1_IV APPL 106,2023-10-06 15:17:19,2,0,2,2023-10-6_RgbImage_2023-10-06_15-17-19.png,Poplar_25_GW-9914+K_R1_IV APPL 106,0.9929124847238981,1.4857657561078668
Poplar,RGB1,35_GW-9914+Na_R5_I APPL 167,2023-10-25 11:39:47,2,0,2,2023-10-25_RgbImage_2023-10-25_11-39-46.png,Poplar_35_GW-9914+Na_R5_I APPL 167,0.9722805598063003,3.055514529813081
Poplar,RGB2,35_GW-9914+Na_R5_I APPL 167,2023-10-25 11:39:04,2,0,2,2023-10-25_RgbImage_2023-10-25_11-39-03.png,Poplar_35_GW-9914+Na_R5_I APPL 167,0.9914877971251033,1.4746731030754745
Poplar,RGB1,63_YALE-27-3+K_R3_IV APPL 119,2023-10-02 09:08:17,2,0,2,2023-10-2_RgbImage_2023-10-02_09-08-16.png,Poplar_63_YALE-27-3+K_R3_IV APPL 119,0.9838448018294628,3.1999261174350977
Poplar,RGB2,63_YALE-27-3+K_R3_IV APPL 119,2023-10-02 09:07:42,2,0,2,2023-10-2_RgbImage_2023-10-02_09-07-41.png,Poplar_63_YALE-27-3+K_R3_IV APPL 119,0.9948105514294597,1.4841134222224355
Poplar,RGB1,78_CHX20-OE61+Na_R2_I APPL 491,2023-09-15 20:52:54,2,0,2,2023-09-15_RgbImage_2023-09-15_20-52-53.png,Poplar_78_CHX20-OE61+Na_R2_I APPL 491,0.9928375256546291,3.0639840220101178
Poplar,RGB2,78_CHX20-OE61+Na_R2_I APPL 491,2023-09-15 20:52:23,2,0,2,2023-09-15_RgbImage_2023-09-15_20-52-23.png,Poplar_78_CHX20-OE61+Na_R2_I APPL 491,0.9911281062341749,1.4816173329018056
Poplar,RGB1,31_GW-9914+Na_R1_I APPL 225,2023-10-04 14:37:46,2,0,3,2023-10-4_RgbImage_2023-10-04_14-37-46.png,Poplar_31_GW-9914+Na_R1_I APPL 225,0.9782673442945243,3.1556134880520403
Poplar,RGB2,31_GW-9914+Na_R1_I APPL 225,2023-10-04 14:37:10,2,0,3,2023-10-4_RgbImage_2023-10-04_14-37-10.png,Poplar_31_GW-9914+Na_R1_I APPL 225,0.9922362344333303,1.4674252201803029
Poplar,RGB1,63 93-968 R8,2023-11-23 10:03:16,2,0,3,2023-11-23_RgbImage_2023-11-23_10-03-16.png,Poplar_63 93-968 R8,0.9865453092668423,3.100269264075905
Poplar,RGB2,63 93-968 R8,2023-11-23 10:02:42,2,0,3,2023-11-23_RgbImage_2023-11-23_10-02-42.png,Poplar_63 93-968 R8,0.9935448405842683,1.4779343400150537
Poplar,RGB1,1_GW-9588-C_R1_I APPL 398,2023-10-18 19:54:10,2,0,4,2023-10-18_RgbImage_2023-10-18_19-54-09.png,Poplar_1_GW-9588-C_R1_I APPL 398,0.9876288906719719,3.1618055258877575
Poplar,RGB2,1_GW-9588-C_R1_I APPL 398,2023-10-18 19:53:38,2,0,4,2023-10-18_RgbImage_2023-10-18_19-53-38.png,Poplar_1_GW-9588-C_R1_I APPL 398,0.993932816699054,1.4732813821174204
Poplar,RGB1,48_BESC-4+K_R6_IV APPL 116,2023-10-13 11:32:02,2,0,4,2023-10-13_RgbImage_2023-10-13_11-32-02.png,Poplar_48_BESC-4+K_R6_IV APPL 116,0.9842608746936627,3.04079445078969
Poplar,RGB2,48_BESC-4+K_R6_IV APPL 116,2023-10-13 11:31:31,2,0,4,2023-10-13_RgbImage_2023-10-13_11-31-31.png,Poplar_48_BESC-4+K_R6_IV APPL 116,0.9917044804905139,1.461664651054889
Poplar,RGB1,49_BESC-4+Na_R1_I APPL 518,2023-10-11 10:22:39,2,0,4,2023-10-11_RgbImage_2023-10-11_10-22-38.png,Poplar_49_BESC-4+Na_R1_I APPL 518,0.9845536300488148,3.195826014969498
Poplar,RGB2,49_BESC-4+Na_R1_I APPL 518,2023-10-11 10:22:04,2,0,4,2023-10-11_RgbImage_2023-10-11_10-22-04.png,Poplar_49_BESC-4+Na_R1_I APPL 518,0.9945776009637709,1.4777793758548796
Poplar,RGB1,85_CHX20-KO54+Na_R1_I APPL 375,2023-09-16 14:21:02,2,1,0,2023-09-16_RgbImage_2023-09-16_14-21-02.png,Poplar_85_CHX20-KO54+Na_R1_I APPL 375,0.9849692003817502,3.0515856919810176
Poplar,RGB2,85_CHX20-KO54+Na_R1_I APPL 375,2023-09-16 14:20:28,2,1,0,2023-09-16_RgbImage_2023-09-16_14-20-28.png,Poplar_85_CHX20-KO54+Na_R1_I APPL 375,0.9928653151868232,1.4929451886564493
Poplar,RGB1,BESC-6,2024-05-01 08:20:19,2,1,0,2024-05-1_RgbImage_2024-05-01_08-20-18.png,Poplar_BESC-6,0.9841889132889923,3.167635127902031
Poplar,RGB2,BESC-6,2024-05-01 08:19:44,2,1,0,2024-05-1_RgbImage_2024-05-01_08-19-44.png,Poplar_BESC-6,0.9950328419326258,1.4651648867875338
Poplar,RGB1,LILB-26-3,2024-04-11 11:00:28,2,1,0,2024-04-11_RgbImage_2024-04-11_11-00-27.png,Poplar_LILB-26-3,0.9855854294401124,3.133219491224736
Poplar,RGB2,LILB-26-3,2024-04-11 10:59:51,2,1,0,2024-04-11_RgbImage_2024-04-11_10-59-50.png,Poplar_LILB-26-3,0.9949122474426402,1.4902483001351357
Poplar,RGB1,106_BESC 375_R1_FS,2024-05-24 19:13:23,2,1,1,2024-05-24_RgbImage_2024-05-24_19-13-23.png,Poplar_106_BESC 375_R1_FS,0.9859201374821827,3.1420242469757795
Poplar,RGB2,106_BESC 375_R1_FS,2024-05-24 19:12:49,2,1,1,2024-05-24_RgbImage_2024-05-24_19-12-48.png,Poplar_106_BESC 375_R1_FS,0.9926094768855734,1.4769531851634383
Poplar,RGB1,80_CHX20-OE61+Na_R4_I APPL 497,2023-09-16 07:44:11,2,1,1,2023-09-16_RgbImage_2023-09-16_07-44-11.png,Poplar_80_CHX20-OE61+Na_R4_I APPL 497,0.9844993401534955,3.0451787589117885
Poplar,RGB2,80_CHX20-OE61+Na_R4_I APPL 497,2023-09-16 07:43:41,2,1,1,2023-09-16_RgbImage_2023-09-16_07-43-40.png,Poplar_80_CHX20-OE61+Na_R4_I APPL 497,0.9918711411414309,1.4832618422806263
Poplar,RGB1,GW-9781,2024-04-22 12:08:47,2,1,1,2024-04-22_RgbImage_2024-04-22_12-08-46.png,Poplar_GW-9781,0.9910303264157907,3.154994438868016
Poplar,RGB2,GW-9781,2024-04-22 12:08:10,2,1,1,2024-04-22_RgbImage_2024-04-22_12-08-10.png,Poplar_GW-9781,0.9928360035125859,1.4761334848590195
Poplar,RGB1,157_KLND-20-1_6,2024-05-28 19:41:39,2,1,2,2024-05-28_RgbImage_2024-05-28_19-41-38.png,Poplar_157_KLND-20-1_6,0.9791712559775346,3.1144536221399903
Poplar,RGB2,157_KLND-20-1_6,2024-05-28 19:41:05,2,1,2,2024-05-28_RgbImage_2024-05-28_19-41-04.png,Poplar_157_KLND-20-1_6,0.9938412365981923,1.469855806324631
Poplar,RGB1,BESC-361_16_11,2024-04-10 09:54:44,2,1,2,2024-04-10_RgbImage_2024-04-10_09-54-43.png,Poplar_BESC-361_16_11,0.98632578498095,3.1957927215844393
Poplar,RGB2,BESC-361_16_11,2024-04-10 09:54:07,2,1,2,2024-04-10_RgbImage_2024-04-10_09-54-06.png,Poplar_BESC-361_16_11,0.9951750544067501,1.5006574001163244
Poplar,RGB1,BESC-74,2024-04-24 11:24:15,2,1,3,2024-04-24_RgbImage_2024-04-24_11-24-14.png,Poplar_BESC-74,0.990865827965245,3.0735696968622506
Poplar,RGB2,BESC-74,2024-04-24 11:23:39,2,1,3,2024-04-24_RgbImage_2024-04-24_11-23-38.png,Poplar_BESC-74,0.9960555539773304,1.467819056008011
Poplar,RGB1,GW-9763,2024-04-11 12:26:29,2,1,3,2024-04-11_RgbImage_2024-04-11_12-26-28.png,Poplar_GW-9763,0.9887246457165958,3.212901829741895
Poplar,RGB2,GW-9763,2024-04-11 12:25:53,2,1,3,2024-04-11_RgbImage_2024-04-11_12-25-53.png,Poplar_GW-9763,0.9942039295566363,1.459697041194886
Poplar,RGB1,208_BESC-1145_5,2024-06-27 17:13:41,2,1,4,2024-06-27_RgbImage_2024-06-27_17-13-40.png,Poplar_208_BESC-1145_5,0.991810610183711,3.082353303208947
Poplar,RGB2,208_BESC-1145_5,2024-06-27 17:13:03,2,1,4,2024-06-27_RgbImage_2024-06-27_17-13-03.png,Poplar_208_BESC-1145_5,0.993673411666184,1.480073164217174
Poplar,RGB1,41_BESC-4-C_R5_I APPL 219,2023-10-06 15:10:56,2,1,4,2023-10-6_RgbImage_2023-10-06_15-10-56.png,Poplar_41_BESC-4-C_R5_I APPL 219,0.9840063413164077,3.1795219108462334
Poplar,RGB2,41_BESC-4-C_R5_I APPL 219,2023-10-06 15:10:20,2,1,4,2023-10-6_RgbImage_2023-10-06_15-10-20.png,Poplar_41_BESC-4-C_R5_I APPL 219,0.9944814756765414,1.5167058417573571
Poplar,RGB1,71_YALE-27-3+Na_R5_I APPL 485,2023-10-13 10:57:17,2,1,4,2023-10-13_RgbImage_2023-10-13_10-57-16.png,Poplar_71_YALE-27-3+Na_R5_I APPL 485,0.9840183849571584,3.0648137531243265
Poplar,RGB2,71_YALE-27-3+Na_R5_I APPL 485,2023-10-13 10:56:46,2,1,4,2023-10-13_RgbImage_2023-10-13_10-56-45.png,Poplar_71_YALE-27-3+Na_R5_I APPL 485,0.9903346138098712,1.4743688590824604
Poplar,RGB1,155_BESC-304_7,2024-06-22 15:10:25,2,2,0,2024-06-22_RgbImage_2024-06-22_15-10-25.png,Poplar_155_BESC-304_7,0.9797354736800656,3.206888902001083
Poplar,RGB2,155_BESC-304_7,2024-06-22 15:10:00,2,2,0,2024-06-22_RgbImage_2024-06-22_15-09-59.png,Poplar_155_BESC-304_7,0.9867775296858287,1.4548129169270396
Poplar,RGB1,BESC-1174,2024-04-15 12:08:48,2,2,0,2024-04-15_RgbImage_2024-04-15_12-08-48.png,Poplar_BESC-1174,0.9876369365292139,3.0671307733282447
Poplar,RGB2,BESC-1174,2024-04-15 12:08:16,2,2,0,2024-04-15_RgbImage_2024-04-15_12-08-16.png,Poplar_BESC-1174,0.9959450876578803,1.469503931235522
Poplar,RGB1,24_GW10999_R4_FS,2024-05-20 14:18:52,2,2,1,2024-05-20_RgbImage_2024-05-20_14-18-51.png,Poplar_24_GW10999_R4_FS,0.9775240150879597,3.156296561937779
Poplar,RGB2,24_GW10999_R4_FS,2024-05-20 14:18:20,2,2,1,2024-05-20_RgbImage_2024-05-20_14-18-20.png,Poplar_24_GW10999_R4_FS,0.993407659442773,1.4602293772622943
Poplar,RGB1,286_BESC-1098_4,2024-06-12 15:48:09,2,2,1,2024-06-12_RgbImage_2024-06-12_15-48-09.png,Poplar_286_BESC-1098_4,0.9841215282803031,3.0708685908466578
Poplar,RGB2,286_BESC-1098_4,2024-06-12 15:47:33,2,2,1,2024-06-12_RgbImage_2024-06-12_15-47-33.png,Poplar_286_BESC-1098_4,0.9930030373313095,1.4738069172017276
Poplar,RGB1,348_BESC-1231_5,2024-06-21 13:07:32,2,2,1,2024-06-21_RgbImage_2024-06-21_13-07-32.png,Poplar_348_BESC-1231_5,0.982717080735697,3.2216685148887336
Poplar,RGB2,348_BESC-1231_5,2024-06-21 13:07:04,2,2,1,2024-06-21_RgbImage_2024-06-21_13-07-04.png,Poplar_348_BESC-1231_5,0.9949791414542141,1.4589028391055763
Poplar,RGB1,BESC-853,2024-04-16 12:52:19,2,2,1,2024-04-16_RgbImage_2024-04-16_12-52-19.png,Poplar_BESC-853,0.9847180783067191,3.075719431973994
Poplar,RGB2,BESC-853,2024-04-16 12:51:42,2,2,1,2024-04-16_RgbImage_2024-04-16_12-51-41.png,Poplar_BESC-853,0.9936645515364187,1.4650521147996187
Poplar,RGB1,140_BESC-44_8,2024-06-03 17:30:35,2,2,2,2024-06-3_RgbImage_2024-06-03_17-30-35.png,Poplar_140_BESC-44_8,0.980521939068817,3.158917186781764
Poplar,RGB2,140_BESC-44_8,2024-06-03 17:29:58,2,2,2,2024-06-3_RgbImage_2024-06-03_17-29-58.png,Poplar_140_BESC-44_8,0.9910409941839741,1.4842419549822807
Poplar,RGB1,151_GW-9806_6,2024-05-28 18:39:52,2,2,2,2024-05-28_RgbImage_2024-05-28_18-39-51.png,Poplar_151_GW-9806_6,0.9806329764181452,3.0863276082091033
Poplar,RGB2,151_GW-9806_6,2024-05-28 18:39:15,2,2,2,2024-05-28_RgbImage_2024-05-28_18-39-14.png,Poplar_151_GW-9806_6,0.9931526005115682,1.4647599831223488
Poplar,RGB1,193_GW-10986_5,2024-06-27 15:34:04,2,2,2,2024-06-27_RgbImage_2024-06-27_15-34-03.png,Poplar_193_GW-10986_5,0.9850599382647754,3.1512272781692445
Poplar,RGB2,193_GW-10986_5,2024-06-27 15:33:29,2,2,2,2024-06-27_RgbImage_2024-06-27_15-33-29.png,Poplar_193_GW-10986_5,0.9929009237988218,1.45695865387097
Poplar,RGB1,BESC-1006,2024-04-28 17:05:21,2,2,2,2024-04-28_RgbImage_2024-04-28_17-05-20.png,Poplar_BESC-1006,0.9895208979608969,3.1411840808577836
Poplar,RGB2,BESC-1006,2024-04-28 17:04:44,2,2,2,2024-04-28_RgbImage_2024-04-28_17-04-44.png,Poplar_BESC-1006,0.9950993925357392,1.4898215550929308
Poplar,RGB1,324_BESC-1166_4,2024-06-06 09:46:54,2,2,3,2024-06-6_RgbImage_2024-06-06_09-46-53.png,Poplar_324_BESC-1166_4,0.983571600536558,3.1314914361573756
Poplar,RGB2,324_BESC-1166_4,2024-06-06 09:46:15,2,2,3,2024-06-6_RgbImage_2024-06-06_09-46-15.png,Poplar_324_BESC-1166_4,0.9918241667822298,1.4750300799496472
Poplar,RGB1,455_BESC-284_2,2024-06-12 10:56:09,2,2,3,2024-06-12_RgbImage_2024-06-12_10-56-08.png,Poplar_455_BESC-284_2,0.9860120942075212,3.081833411939442
Poplar,RGB2,455_BESC-284_2,2024-06-12 10:55:33,2,2,3,2024-06-12_RgbImage_2024-06-12_10-55-32.png,Poplar_455_BESC-284_2,0.9959709618005428,1.5297664748504758
Poplar,RGB1,GW-2551,2024-04-17 08:35:35,2,2,3,2024-04-17_RgbImage_2024-04-17_08-35-34.png,Poplar_GW-2551,0.9885967930242985,3.141133826225996
Poplar,RGB2,GW-2551,2024-04-17 08:34:58,2,2,3,2024-04-17_RgbImage_2024-04-17_08-34-58.png,Poplar_GW-2551,0.9954410126941746,1.481151022017002
Poplar,RGB1,344_BESC-1145_4,2024-06-26 09:01:40,2,2,4,2024-06-26_RgbImage_2024-06-26_09-01-39.png,Poplar_344_BESC-1145_4,0.9889948836524777,3.086084198206663
Poplar,RGB2,344_BESC-1145_4,2024-06-26 09:01:04,2,2,4,2024-06-26_RgbImage_2024-06-26_09-01-03.png,Poplar_344_BESC-1145_4,0.9923096314970004,1.4648172310553491
Poplar,RGB1,70_YALE-27-3+Na_R4_I APPL 31,2023-10-11 11:11:08,2,2,4,2023-10-11_RgbImage_2023-10-11_11-11-07.png,Poplar_70_YALE-27-3+Na_R4_I APPL 31,0.9835033026390662,3.2152162669226527
Poplar,RGB2,70_YALE-27-3+Na_R4_I APPL 31,2023-10-11 11:10:35,2,2,4,2023-10-11_RgbImage_2023-10-11_11-10-35.png,Poplar_70_YALE-27-3+Na_R4_I APPL 31,0.9910825593749577,1.4741354980506003
Poplar,RGB1,GW-4530,2024-04-23 12:55:57,2,2,4,2024-04-23_RgbImage_2024-04-23_12-55-57.png,Poplar_GW-4530,0.9917637748065072,3.0664561898447573
Poplar,RGB2,GW-4530,2024-04-23 12:55:22,2,2,4,2024-04-23_RgbImage_2024-04-23_12-55-21.png,Poplar_GW-4530,0.9942892620372741,1.5155470417812467
Poplar,RGB1,35_BESC 375_R6_PM,2024-05-24 15:34:15,2,3,0,2024-05-24_RgbImage_2024-05-24_15-34-15.png,Poplar_35_BESC 375_R6_PM,0.9806496303607272,3.173848886974156
Poplar,RGB2,35_BESC 375_R6_PM,2024-05-24 15:33:40,2,3,0,2024-05-24_RgbImage_2024-05-24_15-33-40.png,Poplar_35_BESC 375_R6_PM,0.9905105461066355,1.458618292119354
Poplar,RGB1,GW-9907,2024-05-08 08:50:16,2,3,0,2024-05-8_RgbImage_2024-05-08_08-50-15.png,Poplar_GW-9907,0.9887998592495786,3.0701986849308014
Poplar,RGB2,GW-9907,2024-05-08 08:49:39,2,3,0,2024-05-8_RgbImage_2024-05-08_08-49-38.png,Poplar_GW-9907,0.9951591082645117,1.4758901558816433
Poplar,RGB1,251_CHWK-27-4_8,2024-06-21 14:57:13,2,3,1,2024-06-21_RgbImage_2024-06-21_14-57-12.png,Poplar_251_CHWK-27-4_8,0.981695405348826,3.1829499141313136
Poplar,RGB2,251_CHWK-27-4_8,2024-06-21 14:56:46,2,3,1,2024-06-21_RgbImage_2024-06-21_14-56-46.png,Poplar_251_CHWK-27-4_8,0.9919556302205457,1.4706534459255636
Poplar,RGB1,CHWH-27-3,2024-04-16 14:53:53,2,3,1,2024-04-16_RgbImage_2024-04-16_14-53-52.png,Poplar_CHWH-27-3,0.9861854354647718,3.062788817100227
Poplar,RGB2,CHWH-27-3,2024-04-16 14:53:20,2,3,1,2024-04-16_RgbImage_2024-04-16_14-53-19.png,Poplar_CHWH-27-3,0.9948423970573702,1.520561131183058
Poplar,RGB1,GW-7996,2024-04-17 13:28:13,2,3,1,2024-04-17_RgbImage_2024-04-17_13-28-13.png,Poplar_GW-7996,0.9857996047091327,3.1699325228109956
Poplar,RGB2,GW-7996,2024-04-17 13:27:38,2,3,1,2024-04-17_RgbImage_2024-04-17_13-27-38.png,Poplar_GW-7996,0.9937314515440886,1.4826461989432573
Poplar,RGB1,198_BESC-117_3,2024-06-08 14:38:57,2,3,2,2024-06-8_RgbImage_2024-06-08_14-38-56.png,Poplar_198_BESC-117_3,0.985000395667833,3.0724032539874315
Poplar,RGB2,198_BESC-117_3,2024-06-08 14:38:20,2,3,2,2024-06-8_RgbImage_2024-06-08_14-38-20.png,Poplar_198_BESC-117_3,0.9960788250337619,1.4711189051158726
Poplar,RGB1,BESC-107,2024-04-09 14:30:44,2,3,2,2024-04-9_RgbImage_2024-04-09_14-30-43.png,Poplar_BESC-107,0.9879280300644644,3.140070906840265
Poplar,RGB2,BESC-107,2024-04-09 14:30:09,2,3,2,2024-04-9_RgbImage_2024-04-09_14-30-08.png,Poplar_BESC-107,0.995468227154027,1.4647552240639925
Poplar,RGB1,BESC-48,2024-04-10 09:33:18,2,3,2,2024-04-10_RgbImage_2024-04-10_09-33-18.png,Poplar_BESC-48,0.9828416128471503,3.1309298146516085
Poplar,RGB2,BESC-48,2024-04-10 09:32:42,2,3,2,2024-04-10_RgbImage_2024-04-10_09-32-41.png,Poplar_BESC-48,0.9943015788767684,1.4851443017832935
Poplar,RGB1,311_BESC-847_1,2024-05-29 12:26:39,2,3,3,2024-05-29_RgbImage_2024-05-29_12-26-39.png,Poplar_311_BESC-847_1,0.9827355695649578,3.1776048387400806
Poplar,RGB2,311_BESC-847_1,2024-05-29 12:26:02,2,3,3,2024-05-29_RgbImage_2024-05-29_12-26-01.png,Poplar_311_BESC-847_1,0.9953475226496828,1.4713403140194714
Poplar,RGB1,400_BESC-1145_1,2024-05-29 10:50:47,2,3,3,2024-05-29_RgbImage_2024-05-29_10-50-46.png,Poplar_400_BESC-1145_1,0.9874620618824302,3.0435883961617947
Poplar,RGB2,400_BESC-1145_1,2024-05-29 10:50:08,2,3,3,2024-05-29_RgbImage_2024-05-29_10-50-08.png,Poplar_400_BESC-1145_1,0.9940050196859104,1.4736167681403458
Poplar,RGB1,GW-8585,2024-05-02 13:31:37,2,3,3,2024-05-2_RgbImage_2024-05-02_13-31-36.png,Poplar_GW-8585,0.9862360686356543,3.1571707068942487
Poplar,RGB2,GW-8585,2024-05-02 13:30:59,2,3,3,2024-05-2_RgbImage_2024-05-02_13-30-59.png,Poplar_GW-8585,0.9943640617248075,1.5085763628594577
Poplar,RGB1,43_BESC-1098_8,2024-06-15 15:47:08,2,3,4,2024-06-15_RgbImage_2024-06-15_15-47-08.png,Poplar_43_BESC-1098_8,0.9870153404661258,3.0905842781066895
Poplar,RGB2,43_BESC-1098_8,2024-06-15 15:46:34,2,3,4,2024-06-15_RgbImage_2024-06-15_15-46-34.png,Poplar_43_BESC-1098_8,0.9947750664127071,1.474906446877867
Poplar,RGB1,54 52-225 R4,2023-11-25 09:02:39,2,3,4,2023-11-25_RgbImage_2023-11-25_09-02-38.png,Poplar_54 52-225 R4,0.9807298500871418,3.1840299470350146
Poplar,RGB2,54 52-225 R4,2023-11-25 09:02:00,2,3,4,2023-11-25_RgbImage_2023-11-25_09-02-00.png,Poplar_54 52-225 R4,0.9922245211239463,1.4595019230619073
Poplar,RGB1,BESC-309,2024-04-02 13:42:22,2,3,4,2024-04-2_RgbImage_2024-04-02_13-42-22.png,Poplar_BESC-309,0.9854401597410853,3.0693521462380886
Poplar,RGB2,BESC-309,2024-04-02 13:41:45,2,3,4,2024-04-2_RgbImage_2024-04-02_13-41-45.png,Poplar_BESC-309,0.9930577091398091,1.4858488040044904
Poplar,RGB1,282_SLMB-28-4_2,2024-06-16 13:48:27,2,4,0,2024-06-16_RgbImage_2024-06-16_13-48-27.png,Poplar_282_SLMB-28-4_2,0.9769642546329295,3.220227772835642
Poplar,RGB2,282_SLMB-28-4_2,2024-06-16 13:47:53,2,4,0,2024-06-16_RgbImage_2024-06-16_13-47-52.png,Poplar_282_SLMB-28-4_2,0.9950577641634685,1.486131808720529
Poplar,RGB1,464_LILC-26-2_8,2024-05-30 09:35:20,2,4,0,2024-05-30_RgbImage_2024-05-30_09-35-20.png,Poplar_464_LILC-26-2_8,0.966409688878842,3.063087181188166
Poplar,RGB2,464_LILC-26-2_8,2024-05-30 09:34:41,2,4,0,2024-05-30_RgbImage_2024-05-30_09-34-40.png,Poplar_464_LILC-26-2_8,0.9878468618427733,1.474898851942271
Poplar,RGB1,CA-01-03,2024-05-08 10:44:34,2,4,0,2024-05-8_RgbImage_2024-05-08_10-44-33.png,Poplar_CA-01-03,0.9856045605943492,3.18308637291193
Poplar,RGB2,CA-01-03,2024-05-08 10:43:56,2,4,0,2024-05-8_RgbImage_2024-05-08_10-43-55.png,Poplar_CA-01-03,0.9916288409647193,1.4831901681609452
Poplar,RGB1,HOPF-27-3,2024-04-19 19:56:00,2,4,0,2024-04-19_RgbImage_2024-04-19_19-56-00.png,Poplar_HOPF-27-3,0.9783213894820576,3.093401624355465
Poplar,RGB2,HOPF-27-3,2024-04-19 19:55:27,2,4,0,2024-04-19_RgbImage_2024-04-19_19-55-26.png,Poplar_HOPF-27-3,0.9911745624431485,1.5054683377966285
Poplar,RGB1,150_BESC-1103_3,2024-06-14 13:53:10,2,4,1,2024-06-14_RgbImage_2024-06-14_13-53-10.png,Poplar_150_BESC-1103_3,0.9805818697477001,3.1961308550089598
Poplar,RGB2,150_BESC-1103_3,2024-06-14 13:52:33,2,4,1,2024-06-14_RgbImage_2024-06-14_13-52-32.png,Poplar_150_BESC-1103_3,0.9931327090186061,1.4585867319256067
Poplar,RGB1,258_BESC-1207_6,2024-06-26 12:40:56,2,4,1,2024-06-26_RgbImage_2024-06-26_12-40-56.png,Poplar_258_BESC-1207_6,0.9814312030244394,3.056695705745369
Poplar,RGB2,258_BESC-1207_6,2024-06-26 12:40:21,2,4,1,2024-06-26_RgbImage_2024-06-26_12-40-20.png,Poplar_258_BESC-1207_6,0.9908540123142121,1.5092369839549065
Poplar,RGB1,BESC-209,2024-05-02 13:09:59,2,4,1,2024-05-2_RgbImage_2024-05-02_13-09-58.png,Poplar_BESC-209,0.9813480694949627,3.205469231121242
Poplar,RGB2,BESC-209,2024-05-02 13:09:22,2,4,1,2024-05-2_RgbImage_2024-05-02_13-09-21.png,Poplar_BESC-209,0.9949091644846245,1.4888724307529628
Poplar,RGB1,105_LILC-26-2_1,2024-05-26 18:18:42,2,4,2,2024-05-26_RgbImage_2024-05-26_18-18-41.png,Poplar_105_LILC-26-2_1,0.9837046427040619,3.1256652027368546
Poplar,RGB2,105_LILC-26-2_1,2024-05-26 18:18:07,2,4,2,2024-05-26_RgbImage_2024-05-26_18-18-06.png,Poplar_105_LILC-26-2_1,0.990456869203265,1.4931230582296848
Poplar,RGB1,SQMC-25-4,2024-05-02 12:41:20,2,4,2,2024-05-2_RgbImage_2024-05-02_12-41-19.png,Poplar_SQMC-25-4,0.9724099756533767,3.252407432999462
Poplar,RGB2,SQMC-25-4,2024-05-02 12:40:43,2,4,2,2024-05-2_RgbImage_2024-05-02_12-40-42.png,Poplar_SQMC-25-4,0.9918113731899012,1.4715581769123673
Poplar,RGB1,109_BESC-14_4,2024-06-26 16:41:20,2,4,3,2024-06-26_RgbImage_2024-06-26_16-41-20.png,Poplar_109_BESC-14_4,0.9816129487867782,3.084648426156491
Poplar,RGB2,109_BESC-14_4,2024-06-26 16:40:45,2,4,3,2024-06-26_RgbImage_2024-06-26_16-40-44.png,Poplar_109_BESC-14_4,0.9920769805923136,1.477206315845251
Poplar,RGB1,131_BESC-1096_1,2024-06-30 20:05:41,2,4,3,2024-06-30_RgbImage_2024-06-30_20-05-40.png,Poplar_131_BESC-1096_1,0.9834033199921537,3.1705581578426063
Poplar,RGB2,131_BESC-1096_1,2024-06-30 20:05:04,2,4,3,2024-06-30_RgbImage_2024-06-30_20-05-03.png,Poplar_131_BESC-1096_1,0.9909076208460003,1.472537969239056
Poplar,RGB1,426_GW-9851_1,2024-06-01 07:16:45,2,4,3,2024-06-1_RgbImage_2024-06-01_07-16-44.png,Poplar_426_GW-9851_1,0.9830594061948381,3.0596495931968093
Poplar,RGB2,426_GW-9851_1,2024-06-01 07:16:08,2,4,3,2024-06-1_RgbImage_2024-06-01_07-16-07.png,Poplar_426_GW-9851_1,0.993452776200769,1.4776343749836087
Poplar,RGB1,432_BESC-1166_7,2024-06-21 11:51:02,2,4,3,2024-06-21_RgbImage_2024-06-21_11-51-02.png,Poplar_432_BESC-1166_7,0.9809213184379989,3.150567634962499
Poplar,RGB2,432_BESC-1166_7,2024-06-21 11:50:33,2,4,3,2024-06-21_RgbImage_2024-06-21_11-50-33.png,Poplar_432_BESC-1166_7,0.992562624742364,1.4844485074281693
Poplar,RGB1,211_BESC-56_7,2024-06-07 12:24:28,2,4,4,2024-06-7_RgbImage_2024-06-07_12-24-28.png,Poplar_211_BESC-56_7,0.9896222215446662,3.1378299118950963
Poplar,RGB2,211_BESC-56_7,2024-06-07 12:23:49,2,4,4,2024-06-7_RgbImage_2024-06-07_12-23-49.png,Poplar_211_BESC-56_7,0.9890413182888335,1.4812922007404268
Poplar,RGB1,374_BESC-321_5,2024-05-26 13:01:32,2,4,4,2024-05-26_RgbImage_2024-05-26_13-01-31.png,Poplar_374_BESC-321_5,0.9845959390638389,3.1837439979426563
Poplar,RGB2,374_BESC-321_5,2024-05-26 13:00:49,2,4,4,2024-05-26_RgbImage_2024-05-26_13-00-49.png,Poplar_374_BESC-321_5,0.9767687518506704,1.4787775473669171
Poplar,RGB1,BESC-1091,2024-05-09 08:43:16,2,4,4,2024-05-9_RgbImage_2024-05-09_08-43-16.png,Poplar_BESC-1091,0.9784603845271248,3.0906448531895876
Poplar,RGB2,BESC-1091,2024-05-09 08:42:38,2,4,4,2024-05-9_RgbImage_2024-05-09_08-42-37.png,Poplar_BESC-1091,0.9844922117205376,1.4885065997950733
Poplar,RGB1,BESC-1226,2024-04-11 17:07:11,2,4,4,2024-04-11_RgbImage_2024-04-11_17-07-10.png,Poplar_BESC-1226,0.9857144049198721,3.1794069088064134
Poplar,RGB2,BESC-1226,2024-04-11 17:06:33,2,4,4,2024-04-11_RgbImage_2024-04-11_17-06-33.png,Poplar_BESC-1226,0.9916278578594523,1.4976688520982862
Poplar,RGB1,88_CHX20-KO54+Na_R4_I APPL 45,2023-10-27 17:56:12,3,0,0,2023-10-27_RgbImage_2023-10-27_17-56-11.png,Poplar_88_CHX20-KO54+Na_R4_I APPL 45,0.9896881478828182,3.108271779026836
Poplar,RGB1,88_CHX20-KO54+Na_R4_I APPL 45,2023-11-01 17:50:21,3,0,0,2023-11-1_RgbImage_2023-11-01_17-50-20.png,Poplar_88_CHX20-KO54+Na_R4_I APPL 45,0.9929021268924648,3.1801948682405055
Poplar,RGB2,88_CHX20-KO54+Na_R4_I APPL 45,2023-10-27 17:55:42,3,0,0,2023-10-27_RgbImage_2023-10-27_17-55-41.png,Poplar_88_CHX20-KO54+Na_R4_I APPL 45,0.9956979636426037,1.4708139901049435
Poplar,RGB2,88_CHX20-KO54+Na_R4_I APPL 45,2023-11-01 17:49:50,3,0,0,2023-11-1_RgbImage_2023-11-01_17-49-50.png,Poplar_88_CHX20-KO54+Na_R4_I APPL 45,0.9974563019633429,1.48005929030478
Poplar,RGB1,BESC-426,2024-04-24 15:44:13,3,0,0,2024-04-24_RgbImage_2024-04-24_15-44-13.png,Poplar_BESC-426,0.9817047968766188,3.182422330137342
Poplar,RGB2,BESC-426,2024-04-24 15:43:44,3,0,0,2024-04-24_RgbImage_2024-04-24_15-43-44.png,Poplar_BESC-426,0.9933641300828835,1.49920426402241
Poplar,RGB1,74_WT717+Na_R2_I APPL 28,2023-11-01 15:36:15,3,0,1,2023-11-1_RgbImage_2023-11-01_15-36-15.png,Poplar_74_WT717+Na_R2_I APPL 28,0.9908707460426354,3.1947087878361344
Poplar,RGB2,74_WT717+Na_R2_I APPL 28,2023-11-01 15:35:51,3,0,1,2023-11-1_RgbImage_2023-11-01_15-35-50.png,Poplar_74_WT717+Na_R2_I APPL 28,0.9971208887302644,1.4946989272721112
Poplar,RGB1,92_CHX20-KO107+Na_R4_I APPL 351,2023-11-01 20:57:51,3,0,1,2023-11-1_RgbImage_2023-11-01_20-57-50.png,Poplar_92_CHX20-KO107+Na_R4_I APPL 351,0.9913598808167264,3.0903682610951364
Poplar,RGB2,92_CHX20-KO107+Na_R4_I APPL 351,2023-11-01 20:57:23,3,0,1,2023-11-1_RgbImage_2023-11-01_20-57-22.png,Poplar_92_CHX20-KO107+Na_R4_I APPL 351,0.9965147943668493,1.5047912481240928
Poplar,RGB1,2_GW-9588-C_R2_I APPL 213,2023-10-13 15:47:33,3,0,2,2023-10-13_RgbImage_2023-10-13_15-47-32.png,Poplar_2_GW-9588-C_R2_I APPL 213,0.986033533963258,3.168549151159823
Poplar,RGB2,2_GW-9588-C_R2_I APPL 213,2023-10-13 15:47:01,3,0,2,2023-10-13_RgbImage_2023-10-13_15-47-00.png,Poplar_2_GW-9588-C_R2_I APPL 213,0.9946570069625333,1.4663768312893808
Poplar,RGB1,45_BESC-4+K_R3_IV APPL 113,2023-11-01 19:23:59,3,0,2,2023-11-1_RgbImage_2023-11-01_19-23-59.png,Poplar_45_BESC-4+K_R3_IV APPL 113,0.9874951452259542,3.066409895196557
Poplar,RGB2,45_BESC-4+K_R3_IV APPL 113,2023-11-01 19:23:32,3,0,2,2023-11-1_RgbImage_2023-11-01_19-23-32.png,Poplar_45_BESC-4+K_R3_IV APPL 113,0.9934087988180926,1.507000904995948
Poplar,RGB1,59_52-225_R5_PM,2024-05-31 13:40:51,3,0,2,2024-05-31_RgbImage_2024-05-31_13-40-50.png,Poplar_59_52-225_R5_PM,0.9923970572289608,3.1944740447215736
Poplar,RGB2,59_52-225_R5_PM,2024-05-31 13:40:21,3,0,2,2024-05-31_RgbImage_2024-05-31_13-40-21.png,Poplar_59_52-225_R5_PM,0.9948017077551173,1.4963987618684769
Poplar,RGB1,BESC-345,2024-04-24 15:02:25,3,0,2,2024-04-24_RgbImage_2024-04-24_15-02-24.png,Poplar_BESC-345,0.9890803847607159,3.0790691091679037
Poplar,RGB2,BESC-345,2024-04-24 15:01:57,3,0,2,2024-04-24_RgbImage_2024-04-24_15-01-57.png,Poplar_BESC-345,0.9927518500336683,1.5170356878079474
Poplar,RGB1,3_GW-9588-C_R3_I APPL 412,2023-11-10 13:20:24,3,0,3,2023-11-10_RgbImage_2023-11-10_13-20-23.png,Poplar_3_GW-9588-C_R3_I APPL 412,0.9825227862722595,3.1656142929568887
Poplar,RGB2,3_GW-9588-C_R3_I APPL 412,2023-11-10 13:19:56,3,0,3,2023-11-10_RgbImage_2023-11-10_13-19-56.png,Poplar_3_GW-9588-C_R3_I APPL 412,0.9941826850010266,1.490275434218347
Poplar,RGB1,45_BESC-4+K_R3_IV APPL 113,2023-10-23 23:39:27,3,0,3,2023-10-23_RgbImage_2023-10-23_23-39-27.png,Poplar_45_BESC-4+K_R3_IV APPL 113,0.9807998367382069,3.1081447899341583
Poplar,RGB2,45_BESC-4+K_R3_IV APPL 113,2023-10-23 23:38:57,3,0,3,2023-10-23_RgbImage_2023-10-23_23-38-57.png,Poplar_45_BESC-4+K_R3_IV APPL 113,0.9896810593928623,1.5117132049053907
Poplar,RGB1,46_BESC-4+K_R4_IV APPL 114,2023-10-20 21:44:11,3,0,3,2023-10-20_RgbImage_2023-10-20_21-44-10.png,Poplar_46_BESC-4+K_R4_IV APPL 114,0.9853432821808529,3.171955021098256
Poplar,RGB2,46_BESC-4+K_R4_IV APPL 114,2023-10-20 21:43:43,3,0,3,2023-10-20_RgbImage_2023-10-20_21-43-43.png,Poplar_46_BESC-4+K_R4_IV APPL 114,0.9903585865550043,1.4985000127926469
Poplar,RGB1,63 93-968 R8,2023-11-25 10:03:04,3,0,3,2023-11-25_RgbImage_2023-11-25_10-03-03.png,Poplar_63 93-968 R8,0.9844299272405747,3.083566823042929
Poplar,RGB2,63 93-968 R8,2023-11-25 10:02:30,3,0,3,2023-11-25_RgbImage_2023-11-25_10-02-30.png,Poplar_63 93-968 R8,0.9927052926023077,1.4717865898273885
Poplar,RGB1,18_GW-9588+Na_R6_I APPL 92,2023-10-18 16:01:19,3,0,4,2023-10-18_RgbImage_2023-10-18_16-01-18.png,Poplar_18_GW-9588+Na_R6_I APPL 92,0.9889492885871043,3.125592036638409
Poplar,RGB2,18_GW-9588+Na_R6_I APPL 92,2023-10-18 16:00:47,3,0,4,2023-10-18_RgbImage_2023-10-18_16-00-47.png,Poplar_18_GW-9588+Na_R6_I APPL 92,0.9954776969127093,1.4812219077721238
Poplar,RGB1,9_GW-9588+K_R3_IV APPL 102,2023-10-25 14:35:57,3,0,4,2023-10-25_RgbImage_2023-10-25_14-35-56.png,Poplar_9_GW-9588+K_R3_IV APPL 102,0.9842848857932562,3.0577994268387556
Poplar,RGB1,9_GW-9588+K_R3_IV APPL 102,2023-10-18 14:53:00,3,0,4,2023-10-18_RgbImage_2023-10-18_14-53-00.png,Poplar_9_GW-9588+K_R3_IV APPL 102,0.9869938728225484,3.117772212717682
Poplar,RGB2,9_GW-9588+K_R3_IV APPL 102,2023-10-25 14:35:29,3,0,4,2023-10-25_RgbImage_2023-10-25_14-35-29.png,Poplar_9_GW-9588+K_R3_IV APPL 102,0.9900047876617825,1.4833780052140355
Poplar,RGB2,9_GW-9588+K_R3_IV APPL 102,2023-10-18 14:52:30,3,0,4,2023-10-18_RgbImage_2023-10-18_14-52-30.png,Poplar_9_GW-9588+K_R3_IV APPL 102,0.9943763967456131,1.4708583652973175
Poplar,RGB1,BESC-426,2024-04-28 10:06:25,3,1,0,2024-04-28_RgbImage_2024-04-28_10-06-25.png,Poplar_BESC-426,0.983062779865266,3.169242782983929
Poplar,RGB2,BESC-426,2024-04-28 10:05:57,3,1,0,2024-04-28_RgbImage_2024-04-28_10-05-57.png,Poplar_BESC-426,0.9941235861949049,1.488989694043994
Poplar,RGB1,BLCG-28-3,2024-04-16 09:39:42,3,1,0,2024-04-16_RgbImage_2024-04-16_09-39-42.png,Poplar_BLCG-28-3,0.9863036076570201,3.1330588343553245
Poplar,RGB2,BLCG-28-3,2024-04-16 09:39:10,3,1,0,2024-04-16_RgbImage_2024-04-16_09-39-09.png,Poplar_BLCG-28-3,0.9960289692336128,1.4735448332503438
Poplar,RGB1,DEND-17-2,2024-04-19 20:52:13,3,1,0,2024-04-19_RgbImage_2024-04-19_20-52-13.png,Poplar_DEND-17-2,0.9828497115583124,3.07274017482996
Poplar,RGB2,DEND-17-2,2024-04-19 20:51:44,3,1,0,2024-04-19_RgbImage_2024-04-19_20-51-43.png,Poplar_DEND-17-2,0.9926187893801748,1.4802460139617324
Poplar,RGB1,71_GW10999_R5_PM,2024-05-24 10:22:05,3,1,1,2024-05-24_RgbImage_2024-05-24_10-22-05.png,Poplar_71_GW10999_R5_PM,0.9824537217401775,3.172416262794286
Poplar,RGB2,71_GW10999_R5_PM,2024-05-24 10:21:37,3,1,1,2024-05-24_RgbImage_2024-05-24_10-21-37.png,Poplar_71_GW10999_R5_PM,0.995477924706071,1.4859960437752306
Poplar,RGB1,GW-9848,2024-04-19 18:30:58,3,1,1,2024-04-19_RgbImage_2024-04-19_18-30-57.png,Poplar_GW-9848,0.9763574577445665,3.0875438628718257
Poplar,RGB2,GW-9848,2024-04-19 18:30:23,3,1,1,2024-04-19_RgbImage_2024-04-19_18-30-23.png,Poplar_GW-9848,0.9940329907461966,1.469770709052682
Poplar,RGB1,113_BESC-45_5,2024-06-08 16:40:42,3,1,2,2024-06-8_RgbImage_2024-06-08_16-40-42.png,Poplar_113_BESC-45_5,0.9896705273383427,3.1987912789918482
Poplar,RGB2,113_BESC-45_5,2024-06-08 16:40:11,3,1,2,2024-06-8_RgbImage_2024-06-08_16-40-11.png,Poplar_113_BESC-45_5,0.996070414791465,1.486888360697776
Poplar,RGB1,319_CHWH-27-4_5,2024-06-30 11:14:32,3,1,2,2024-06-30_RgbImage_2024-06-30_11-14-31.png,Poplar_319_CHWH-27-4_5,0.986072353052599,3.095467292238027
Poplar,RGB2,319_CHWH-27-4_5,2024-06-30 11:14:03,3,1,2,2024-06-30_RgbImage_2024-06-30_11-14-02.png,Poplar_319_CHWH-27-4_5,0.9945213640325262,1.4858212741091847
Poplar,RGB1,80_BESC 371_R2_FS,2024-05-31 11:27:35,3,1,2,2024-05-31_RgbImage_2024-05-31_11-27-34.png,Poplar_80_BESC 371_R2_FS,0.9892183190987243,3.172360467724502
Poplar,RGB2,80_BESC 371_R2_FS,2024-05-31 11:27:05,3,1,2,2024-05-31_RgbImage_2024-05-31_11-27-04.png,Poplar_80_BESC 371_R2_FS,0.9933904122104985,1.4997064950875938
Poplar,RGB1,23_GW-9914-C_R5_I APPL 235,2023-10-27 16:28:36,3,1,3,2023-10-27_RgbImage_2023-10-27_16-28-35.png,Poplar_23_GW-9914-C_R5_I APPL 235,0.9815996177110322,3.0866743489168584
Poplar,RGB2,23_GW-9914-C_R5_I APPL 235,2023-10-27 16:28:07,3,1,3,2023-10-27_RgbImage_2023-10-27_16-28-06.png,Poplar_23_GW-9914-C_R5_I APPL 235,0.9917783848833425,1.4941064775921404
Poplar,RGB1,37_BESC-4-C_R1_I APPL 226,2023-10-11 13:43:46,3,1,3,2023-10-11_RgbImage_2023-10-11_13-43-46.png,Poplar_37_BESC-4-C_R1_I APPL 226,0.9880552643581233,3.1566971950232983
Poplar,RGB2,37_BESC-4-C_R1_I APPL 226,2023-10-11 13:43:14,3,1,3,2023-10-11_RgbImage_2023-10-11_13-43-13.png,Poplar_37_BESC-4-C_R1_I APPL 226,0.9932059290522933,1.4900808967649937
Poplar,RGB1,5_GW-9588-C_R5_I APPL 224,2023-10-11 12:27:37,3,1,3,2023-10-11_RgbImage_2023-10-11_12-27-37.png,Poplar_5_GW-9588-C_R5_I APPL 224,0.9899524251650037,3.121021385770291
Poplar,RGB2,5_GW-9588-C_R5_I APPL 224,2023-10-11 12:27:03,3,1,3,2023-10-11_RgbImage_2023-10-11_12-27-02.png,Poplar_5_GW-9588-C_R5_I APPL 224,0.989061905463222,1.4538070377893746
Poplar,RGB1,18_GW-9588+Na_R6_I APPL 92,2023-10-20 16:30:25,3,1,4,2023-10-20_RgbImage_2023-10-20_16-30-24.png,Poplar_18_GW-9588+Na_R6_I APPL 92,0.9908772404206824,3.1580239539034665
Poplar,RGB2,18_GW-9588+Na_R6_I APPL 92,2023-10-20 16:29:54,3,1,4,2023-10-20_RgbImage_2023-10-20_16-29-53.png,Poplar_18_GW-9588+Na_R6_I APPL 92,0.9934283944443356,1.4978558272123337
Poplar,RGB1,27_GW-9914+K_R3_IV APPL 108,2023-10-23 18:07:42,3,1,4,2023-10-23_RgbImage_2023-10-23_18-07-42.png,Poplar_27_GW-9914+K_R3_IV APPL 108,0.9784351796918591,3.1333801113069057
Poplar,RGB2,27_GW-9914+K_R3_IV APPL 108,2023-10-23 18:07:15,3,1,4,2023-10-23_RgbImage_2023-10-23_18-07-15.png,Poplar_27_GW-9914+K_R3_IV APPL 108,0.9941858440579606,1.474735253956169
Poplar,RGB1,63_YALE-27-3+K_R3_IV APPL 119,2023-10-23 18:14:28,3,1,4,2023-10-23_RgbImage_2023-10-23_18-14-28.png,Poplar_63_YALE-27-3+K_R3_IV APPL 119,0.9813775479728174,3.2157623041421175
Poplar,RGB2,63_YALE-27-3+K_R3_IV APPL 119,2023-10-23 18:14:00,3,1,4,2023-10-23_RgbImage_2023-10-23_18-14-00.png,Poplar_63_YALE-27-3+K_R3_IV APPL 119,0.9929624324927121,1.4594841310754418
Poplar,RGB1,129_GW-9851_2,2024-06-30 20:45:26,3,2,0,2024-06-30_RgbImage_2024-06-30_20-45-26.png,Poplar_129_GW-9851_2,0.9878925642038038,3.048754156101495
Poplar,RGB2,129_GW-9851_2,2024-06-30 20:44:58,3,2,0,2024-06-30_RgbImage_2024-06-30_20-44-58.png,Poplar_129_GW-9851_2,0.9941829084405511,1.4742936603724957
Poplar,RGB1,326_BESC-45_8,2024-06-22 11:46:01,3,2,0,2024-06-22_RgbImage_2024-06-22_11-46-01.png,Poplar_326_BESC-45_8,0.9778007285210042,3.161821714602411
Poplar,RGB2,326_BESC-45_8,2024-06-22 11:45:38,3,2,0,2024-06-22_RgbImage_2024-06-22_11-45-37.png,Poplar_326_BESC-45_8,0.9912960745359845,1.4643111261539161
Poplar,RGB1,GW-1984,2024-04-20 07:41:41,3,2,0,2024-04-20_RgbImage_2024-04-20_07-41-41.png,Poplar_GW-1984,0.9804156811209991,3.157207950949669
Poplar,RGB2,GW-1984,2024-04-20 07:41:08,3,2,0,2024-04-20_RgbImage_2024-04-20_07-41-07.png,Poplar_GW-1984,0.9924388993510657,1.4658606462180614
Poplar,RGB1,BESC-81,2024-04-18 14:37:45,3,2,1,2024-04-18_RgbImage_2024-04-18_14-37-45.png,Poplar_BESC-81,0.9837697524155725,3.1940055708400905
Poplar,RGB2,BESC-81,2024-04-18 14:37:12,3,2,1,2024-04-18_RgbImage_2024-04-18_14-37-11.png,Poplar_BESC-81,0.9911731335892761,1.4790651518851519
Poplar,RGB1,GW-552,2024-04-24 12:34:48,3,2,1,2024-04-24_RgbImage_2024-04-24_12-34-47.png,Poplar_GW-552,0.9871043585980359,3.0689535359852016
Poplar,RGB2,GW-552,2024-04-24 12:34:15,3,2,1,2024-04-24_RgbImage_2024-04-24_12-34-15.png,Poplar_GW-552,0.9945501914214179,1.4553004219196737
Poplar,RGB1,292_BESC-1142_2,2024-06-26 11:21:16,3,2,2,2024-06-26_RgbImage_2024-06-26_11-21-15.png,Poplar_292_BESC-1142_2,0.9889873335322779,3.205205296166241
Poplar,RGB2,292_BESC-1142_2,2024-06-26 11:20:46,3,2,2,2024-06-26_RgbImage_2024-06-26_11-20-45.png,Poplar_292_BESC-1142_2,0.9935136854072638,1.456477947998792
Poplar,RGB1,76_BESC-45_2,2024-06-10 17:05:46,3,2,2,2024-06-10_RgbImage_2024-06-10_17-05-46.png,Poplar_76_BESC-45_2,0.9825055997220796,3.1588171143084764
Poplar,RGB2,76_BESC-45_2,2024-06-10 17:05:16,3,2,2,2024-06-10_RgbImage_2024-06-10_17-05-16.png,Poplar_76_BESC-45_2,0.995955950076996,1.4538704878650606
Poplar,RGB1,25_GW-9919_3,2024-06-16 19:44:47,3,2,3,2024-06-16_RgbImage_2024-06-16_19-44-46.png,Poplar_25_GW-9919_3,0.982005685238056,3.198363800998777
Poplar,RGB2,25_GW-9919_3,2024-06-16 19:44:18,3,2,3,2024-06-16_RgbImage_2024-06-16_19-44-17.png,Poplar_25_GW-9919_3,0.9969279394996923,1.4682592106983066
Poplar,RGB1,407_BESC-1017_8,2024-06-14 07:29:52,3,2,3,2024-06-14_RgbImage_2024-06-14_07-29-52.png,Poplar_407_BESC-1017_8,0.9798019264254965,3.0865517877973616
Poplar,RGB2,407_BESC-1017_8,2024-06-14 07:29:19,3,2,3,2024-06-14_RgbImage_2024-06-14_07-29-18.png,Poplar_407_BESC-1017_8,0.9907432854131393,1.4796050223521888
Poplar,RGB1,70_D-124_R2_FS,2024-05-31 10:17:43,3,2,3,2024-05-31_RgbImage_2024-05-31_10-17-42.png,Poplar_70_D-124_R2_FS,0.9907096762115485,3.1364420508034527
Poplar,RGB2,70_D-124_R2_FS,2024-05-31 10:17:09,3,2,3,2024-05-31_RgbImage_2024-05-31_10-17-08.png,Poplar_70_D-124_R2_FS,0.9845507535289296,1.4493029820732772
Poplar,RGB1,BESC-153,2024-04-30 09:52:07,3,2,3,2024-04-30_RgbImage_2024-04-30_09-52-07.png,Poplar_BESC-153,0.992646810915475,3.0919004399329424
Poplar,RGB2,BESC-153,2024-04-30 09:51:36,3,2,3,2024-04-30_RgbImage_2024-04-30_09-51-35.png,Poplar_BESC-153,0.9958866500607433,1.483575819991529
Poplar,RGB1,35_GW-9914+Na_R5_I APPL 167,2023-11-13 12:13:55,3,2,4,2023-11-13_RgbImage_2023-11-13_12-13-54.png,Poplar_35_GW-9914+Na_R5_I APPL 167,0.9828556619385362,3.1650083791464567
Poplar,RGB1,35_GW-9914+Na_R5_I APPL 167,2023-11-08 11:39:33,3,2,4,2023-11-8_RgbImage_2023-11-08_11-39-33.png,Poplar_35_GW-9914+Na_R5_I APPL 167,0.9872757211868449,3.1851072888821363
Poplar,RGB2,35_GW-9914+Na_R5_I APPL 167,2023-11-13 12:13:18,3,2,4,2023-11-13_RgbImage_2023-11-13_12-13-17.png,Poplar_35_GW-9914+Na_R5_I APPL 167,0.9893019457690433,1.4872521101497114
Poplar,RGB2,35_GW-9914+Na_R5_I APPL 167,2023-11-08 11:38:55,3,2,4,2023-11-8_RgbImage_2023-11-08_11-38-54.png,Poplar_35_GW-9914+Na_R5_I APPL 167,0.9896634998029444,1.4301250749267638
Poplar,RGB1,334_KLND-20-1_4,2024-06-22 12:32:16,3,3,0,2024-06-22_RgbImage_2024-06-22_12-32-15.png,Poplar_334_KLND-20-1_4,0.981547736513321,3.2202345011755824
Poplar,RGB2,334_KLND-20-1_4,2024-06-22 12:31:55,3,3,0,2024-06-22_RgbImage_2024-06-22_12-31-55.png,Poplar_334_KLND-20-1_4,0.9881408564768256,1.4645904549397528
Poplar,RGB1,BESC-309,2024-05-07 11:57:25,3,3,0,2024-05-7_RgbImage_2024-05-07_11-57-25.png,Poplar_BESC-309,0.9835621071176631,3.2204788830131292
Poplar,RGB2,BESC-309,2024-05-07 11:56:51,3,3,0,2024-05-7_RgbImage_2024-05-07_11-56-50.png,Poplar_BESC-309,0.9910146528166952,1.458283580839634
Poplar,RGB1,BESC-906,2024-04-19 12:43:13,3,3,0,2024-04-19_RgbImage_2024-04-19_12-43-13.png,Poplar_BESC-906,0.982877868242282,3.1966848582960665
Poplar,RGB2,BESC-906,2024-04-19 12:42:37,3,3,0,2024-04-19_RgbImage_2024-04-19_12-42-37.png,Poplar_BESC-906,0.9924723002525621,1.4566240441054106
Poplar,RGB1,111_BESC-1170_1,2024-06-12 19:18:19,3,3,1,2024-06-12_RgbImage_2024-06-12_19-18-19.png,Poplar_111_BESC-1170_1,0.9814869609027191,3.1953022237867117
Poplar,RGB2,111_BESC-1170_1,2024-06-12 19:17:44,3,3,1,2024-06-12_RgbImage_2024-06-12_19-17-43.png,Poplar_111_BESC-1170_1,0.9938769020212993,1.4723335737362504
Poplar,RGB1,BESC-105,2024-04-23 11:37:38,3,3,1,2024-04-23_RgbImage_2024-04-23_11-37-37.png,Poplar_BESC-105,0.9853640159864248,3.208073568996042
Poplar,RGB2,BESC-105,2024-04-23 11:37:08,3,3,1,2024-04-23_RgbImage_2024-04-23_11-37-07.png,Poplar_BESC-105,0.9936510735858247,1.4786899727769196
Poplar,RGB1,BESC-261,2024-05-07 07:23:38,3,3,1,2024-05-7_RgbImage_2024-05-07_07-23-37.png,Poplar_BESC-261,0.9807521068958518,3.134502274915576
Poplar,RGB2,BESC-261,2024-05-07 07:23:06,3,3,1,2024-05-7_RgbImage_2024-05-07_07-23-06.png,Poplar_BESC-261,0.9913096598746777,1.468156117014587
Poplar,RGB1,GS-050-08_40_15,2024-04-30 15:58:26,3,3,1,2024-04-30_RgbImage_2024-04-30_15-58-25.png,Poplar_GS-050-08_40_15,0.9906813173955346,3.2229968742467463
Poplar,RGB2,GS-050-08_40_15,2024-04-30 15:57:55,3,3,1,2024-04-30_RgbImage_2024-04-30_15-57-54.png,Poplar_GS-050-08_40_15,0.9962043769421607,1.477466860320419
Poplar,RGB1,52_GW10999_R3_FS,2024-05-31 12:51:53,3,3,2,2024-05-31_RgbImage_2024-05-31_12-51-52.png,Poplar_52_GW10999_R3_FS,0.9853974296192269,3.1469491883181036
Poplar,RGB2,52_GW10999_R3_FS,2024-05-31 12:51:26,3,3,2,2024-05-31_RgbImage_2024-05-31_12-51-26.png,Poplar_52_GW10999_R3_FS,0.9958732096310494,1.4830060019157827
Poplar,RGB1,91_BESC-1142_6,2024-06-05 16:36:05,3,3,2,2024-06-5_RgbImage_2024-06-05_16-36-05.png,Poplar_91_BESC-1142_6,0.9903437572802806,3.215766073204577
Poplar,RGB2,91_BESC-1142_6,2024-06-05 16:35:30,3,3,2,2024-06-5_RgbImage_2024-06-05_16-35-29.png,Poplar_91_BESC-1142_6,0.9945018455883528,1.4769799797795713
Poplar,RGB1,BESC-320,2024-05-01 07:16:59,3,3,2,2024-05-1_RgbImage_2024-05-01_07-16-59.png,Poplar_BESC-320,0.9861080770336403,3.1383105451241136
Poplar,RGB2,BESC-320,2024-05-01 07:16:28,3,3,2,2024-05-1_RgbImage_2024-05-01_07-16-28.png,Poplar_BESC-320,0.9967663632390381,1.4559770212508738
Poplar,RGB1,388_BESC-1154_5,2024-06-07 08:26:57,3,3,3,2024-06-7_RgbImage_2024-06-07_08-26-56.png,Poplar_388_BESC-1154_5,0.9859961308136018,3.2169680763036013
Poplar,RGB2,388_BESC-1154_5,2024-06-07 08:26:24,3,3,3,2024-06-7_RgbImage_2024-06-07_08-26-24.png,Poplar_388_BESC-1154_5,0.9944380020709244,1.4648601049557328
Poplar,RGB1,450_BESC-1143_5,2024-06-16 08:52:08,3,3,3,2024-06-16_RgbImage_2024-06-16_08-52-07.png,Poplar_450_BESC-1143_5,0.9825394803737661,3.078475831076503
Poplar,RGB2,450_BESC-1143_5,2024-06-16 08:51:36,3,3,3,2024-06-16_RgbImage_2024-06-16_08-51-36.png,Poplar_450_BESC-1143_5,0.9963499745456471,1.4955903450027108
Poplar,RGB1,232_CHWH-27-4_4,2024-06-30 13:34:18,3,3,4,2024-06-30_RgbImage_2024-06-30_13-34-18.png,Poplar_232_CHWH-27-4_4,0.9859336796888011,3.1522145429626107
Poplar,RGB2,232_CHWH-27-4_4,2024-06-30 13:33:48,3,3,4,2024-06-30_RgbImage_2024-06-30_13-33-47.png,Poplar_232_CHWH-27-4_4,0.9950231566392256,1.4770904891192913
Poplar,RGB1,301_BESC-430_7,2024-06-11 09:25:27,3,3,4,2024-06-11_RgbImage_2024-06-11_09-25-27.png,Poplar_301_BESC-430_7,0.9880402680301142,3.0642140870913863
Poplar,RGB2,301_BESC-430_7,2024-06-11 09:24:53,3,3,4,2024-06-11_RgbImage_2024-06-11_09-24-52.png,Poplar_301_BESC-430_7,0.9954783914708208,1.4790402450598776
Poplar,RGB1,57_YALE-27-3-C_R3_I APPL 196,2023-10-18 14:32:29,3,3,4,2023-10-18_RgbImage_2023-10-18_14-32-28.png,Poplar_57_YALE-27-3-C_R3_I APPL 196,0.9812353900860513,3.1662004441022873
Poplar,RGB2,57_YALE-27-3-C_R3_I APPL 196,2023-10-18 14:31:59,3,3,4,2023-10-18_RgbImage_2023-10-18_14-31-58.png,Poplar_57_YALE-27-3-C_R3_I APPL 196,0.9911428575078198,1.469929990824312
Poplar,RGB1,70_YALE-27-3+Na_R4_I APPL 31,2023-10-25 15:50:09,3,3,4,2023-10-25_RgbImage_2023-10-25_15-50-09.png,Poplar_70_YALE-27-3+Na_R4_I APPL 31,0.9861051327068114,3.1180590079165995
Poplar,RGB2,70_YALE-27-3+Na_R4_I APPL 31,2023-10-25 15:49:41,3,3,4,2023-10-25_RgbImage_2023-10-25_15-49-40.png,Poplar_70_YALE-27-3+Na_R4_I APPL 31,0.9960035485483625,1.477850005030632
Poplar,RGB1,129_GW-9851_2,2024-06-23 15:39:39,3,4,0,2024-06-23_RgbImage_2024-06-23_15-39-39.png,Poplar_129_GW-9851_2,0.983600102762769,3.194808681961149
Poplar,RGB2,129_GW-9851_2,2024-06-23 15:39:17,3,4,0,2024-06-23_RgbImage_2024-06-23_15-39-16.png,Poplar_129_GW-9851_2,0.9942701359122881,1.4737759316340089
Poplar,RGB1,HOMB-21-3,2024-05-01 17:30:33,3,4,0,2024-05-1_RgbImage_2024-05-01_17-30-33.png,Poplar_HOMB-21-3,0.9810400774035831,3.160723109729588
Poplar,RGB2,HOMB-21-3,2024-05-01 17:30:00,3,4,0,2024-05-1_RgbImage_2024-05-01_17-30-00.png,Poplar_HOMB-21-3,0.9950270273192542,1.4554654941894114
Poplar,RGB1,110_BESC-1143_8,2024-06-26 16:47:55,3,4,1,2024-06-26_RgbImage_2024-06-26_16-47-55.png,Poplar_110_BESC-1143_8,0.9834750045406071,3.2358258799649775
Poplar,RGB2,110_BESC-1143_8,2024-06-26 16:47:25,3,4,1,2024-06-26_RgbImage_2024-06-26_16-47-24.png,Poplar_110_BESC-1143_8,0.9933460880754478,1.46437944797799
Poplar,RGB1,BESC-239,2024-04-23 09:23:43,3,4,1,2024-04-23_RgbImage_2024-04-23_09-23-43.png,Poplar_BESC-239,0.9879221168062102,3.121205505914986
Poplar,RGB2,BESC-239,2024-04-23 09:23:11,3,4,1,2024-04-23_RgbImage_2024-04-23_09-23-11.png,Poplar_BESC-239,0.9940043769226058,1.4612503410317004
Poplar,RGB1,GW-10987,2024-04-24 09:45:13,3,4,1,2024-04-24_RgbImage_2024-04-24_09-45-13.png,Poplar_GW-10987,0.9801472624107721,3.223384017124772
Poplar,RGB2,GW-10987,2024-04-24 09:44:41,3,4,1,2024-04-24_RgbImage_2024-04-24_09-44-41.png,Poplar_GW-10987,0.9918160812524437,1.4683739095926285
Poplar,RGB1,299_BESC-1132_8,2024-06-15 09:11:07,3,4,2,2024-06-15_RgbImage_2024-06-15_09-11-07.png,Poplar_299_BESC-1132_8,0.9869337233754547,3.115785149857402
Poplar,RGB2,299_BESC-1132_8,2024-06-15 09:10:33,3,4,2,2024-06-15_RgbImage_2024-06-15_09-10-32.png,Poplar_299_BESC-1132_8,0.9951996130183075,1.4885803419165313
Poplar,RGB1,341_BESC-1154_4,2024-06-26 10:55:05,3,4,2,2024-06-26_RgbImage_2024-06-26_10-55-04.png,Poplar_341_BESC-1154_4,0.9871610110795013,3.1917406017892063
Poplar,RGB2,341_BESC-1154_4,2024-06-26 10:54:34,3,4,2,2024-06-26_RgbImage_2024-06-26_10-54-33.png,Poplar_341_BESC-1154_4,0.9919458000707689,1.4660958019085228
Poplar,RGB1,BESC-35,2024-05-05 12:04:24,3,4,2,2024-05-5_RgbImage_2024-05-05_12-04-23.png,Poplar_BESC-35,0.9880883262742206,3.027654828969389
Poplar,RGB2,BESC-35,2024-05-05 12:03:49,3,4,2,2024-05-5_RgbImage_2024-05-05_12-03-49.png,Poplar_BESC-35,0.99453230483688,1.4617610769346356
Poplar,RGB1,GW-9769,2024-05-07 11:22:09,3,4,2,2024-05-7_RgbImage_2024-05-07_11-22-08.png,Poplar_GW-9769,0.9856361216821551,3.139945055823773
Poplar,RGB2,GW-9769,2024-05-07 11:21:36,3,4,2,2024-05-7_RgbImage_2024-05-07_11-21-36.png,Poplar_GW-9769,0.9948698856068117,1.492654635105282
Poplar,RGB1,134_BESC-847_3,2024-06-19 14:25:18,3,4,3,2024-06-19_RgbImage_2024-06-19_14-25-17.png,Poplar_134_BESC-847_3,0.9810285216634174,3.0754783051088452
Poplar,RGB2,134_BESC-847_3,2024-06-19 14:24:43,3,4,3,2024-06-19_RgbImage_2024-06-19_14-24-43.png,Poplar_134_BESC-847_3,0.9957349646734464,1.4644097751006484
Poplar,RGB1,330_BESC-1108_8,2024-06-18 10:23:42,3,4,3,2024-06-18_RgbImage_2024-06-18_10-23-42.png,Poplar_330_BESC-1108_8,0.9861236038795917,3.2318970216438174
Poplar,RGB2,330_BESC-1108_8,2024-06-18 10:23:08,3,4,3,2024-06-18_RgbImage_2024-06-18_10-23-07.png,Poplar_330_BESC-1108_8,0.9955880099860055,1.4458852605894208
Poplar,RGB1,92_BESC-284_8,2024-06-13 17:38:28,3,4,3,2024-06-13_RgbImage_2024-06-13_17-38-27.png,Poplar_92_BESC-284_8,0.9818676139913333,3.087486898060888
Poplar,RGB2,92_BESC-284_8,2024-06-13 17:37:59,3,4,3,2024-06-13_RgbImage_2024-06-13_17-37-59.png,Poplar_92_BESC-284_8,0.9952120641877559,1.4841455179266632
Poplar,RGB1,GW-11043,2024-05-07 11:36:17,3,4,4,2024-05-7_RgbImage_2024-05-07_11-36-17.png,Poplar_GW-11043,0.9883623644125145,3.1183857866562903
Poplar,RGB2,GW-11043,2024-05-07 11:35:43,3,4,4,2024-05-7_RgbImage_2024-05-07_11-35-42.png,Poplar_GW-11043,0.9930120347602073,1.4556154781021178
Poplar,RGB1,76_WT717+Na_R4_I APPL 373,2023-11-08 18:53:46,4,0,0,2023-11-8_RgbImage_2023-11-08_18-53-45.png,Poplar_76_WT717+Na_R4_I APPL 373,0.987958959630685,3.0343976067379117
Poplar,RGB2,76_WT717+Na_R4_I APPL 373,2023-11-08 18:53:21,4,0,0,2023-11-8_RgbImage_2023-11-08_18-53-21.png,Poplar_76_WT717+Na_R4_I APPL 373,0.9958062935420721,1.5177705399692059
Poplar,RGB1,86_CHX20-KO54+Na_R2_I APPL 233,2023-11-15 19:13:30,4,0,0,2023-11-15_RgbImage_2023-11-15_19-13-30.png,Poplar_86_CHX20-KO54+Na_R2_I APPL 233,0.9903994833332492,3.1309062391519547
Poplar,RGB2,86_CHX20-KO54+Na_R2_I APPL 233,2023-11-15 19:13:06,4,0,0,2023-11-15_RgbImage_2023-11-15_19-13-05.png,Poplar_86_CHX20-KO54+Na_R2_I APPL 233,0.9958519735875003,1.4797346680425107
Poplar,RGB1,BESC-418,2024-04-28 10:54:35,4,0,0,2024-04-28_RgbImage_2024-04-28_10-54-35.png,Poplar_BESC-418,0.9852417001034469,3.1200463557615876
Poplar,RGB2,BESC-418,2024-04-28 10:54:07,4,0,0,2024-04-28_RgbImage_2024-04-28_10-54-06.png,Poplar_BESC-418,0.9926802988466823,1.455758719239384
Poplar,RGB1,85_CHX20-KO54+Na_R1_I APPL 375,2023-11-10 18:33:30,4,0,1,2023-11-10_RgbImage_2023-11-10_18-33-30.png,Poplar_85_CHX20-KO54+Na_R1_I APPL 375,0.9910224851314625,3.225362127646804
Poplar,RGB2,85_CHX20-KO54+Na_R1_I APPL 375,2023-11-10 18:33:06,4,0,1,2023-11-10_RgbImage_2023-11-10_18-33-05.png,Poplar_85_CHX20-KO54+Na_R1_I APPL 375,0.9959414175614898,1.480254891794175
Poplar,RGB1,88_CHX20-KO54+Na_R4_I APPL 45,2023-11-08 17:33:47,4,0,1,2023-11-8_RgbImage_2023-11-08_17-33-47.png,Poplar_88_CHX20-KO54+Na_R4_I APPL 45,0.9913808151357882,3.0764714628458023
Poplar,RGB2,88_CHX20-KO54+Na_R4_I APPL 45,2023-11-08 17:33:18,4,0,1,2023-11-8_RgbImage_2023-11-08_17-33-18.png,Poplar_88_CHX20-KO54+Na_R4_I APPL 45,0.9942532780392157,1.4834204972721636
Poplar,RGB1,18_GW-9588+Na_R6_I APPL 92,2023-11-06 15:40:44,4,0,2,2023-11-6_RgbImage_2023-11-06_15-40-43.png,Poplar_18_GW-9588+Na_R6_I APPL 92,0.9862450728273497,3.1095004589296877
Poplar,RGB2,18_GW-9588+Na_R6_I APPL 92,2023-11-06 15:40:19,4,0,2,2023-11-6_RgbImage_2023-11-06_15-40-19.png,Poplar_18_GW-9588+Na_R6_I APPL 92,0.9933455196163901,1.4815398622304201
Poplar,RGB1,45_BESC-4+K_R3_IV APPL 113,2023-11-08 19:07:07,4,0,2,2023-11-8_RgbImage_2023-11-08_19-07-06.png,Poplar_45_BESC-4+K_R3_IV APPL 113,0.98475412221423,3.072874343022704
Poplar,RGB2,45_BESC-4+K_R3_IV APPL 113,2023-11-08 19:06:42,4,0,2,2023-11-8_RgbImage_2023-11-08_19-06-42.png,Poplar_45_BESC-4+K_R3_IV APPL 113,0.9895536984517544,1.463276732712984
Poplar,RGB1,46_BESC-4+K_R4_IV APPL 114,2023-11-01 21:04:31,4,0,2,2023-11-1_RgbImage_2023-11-01_21-04-31.png,Poplar_46_BESC-4+K_R4_IV APPL 114,0.9871170416003899,3.227534505072981
Poplar,RGB2,46_BESC-4+K_R4_IV APPL 114,2023-11-01 21:04:07,4,0,2,2023-11-1_RgbImage_2023-11-01_21-04-06.png,Poplar_46_BESC-4+K_R4_IV APPL 114,0.9937243192793734,1.4474826827645302
Poplar,RGB1,18_GW-9588+Na_R6_I APPL 92,2023-10-27 16:01:33,4,0,3,2023-10-27_RgbImage_2023-10-27_16-01-32.png,Poplar_18_GW-9588+Na_R6_I APPL 92,0.9833767497026269,3.1394870122894645
Poplar,RGB2,18_GW-9588+Na_R6_I APPL 92,2023-10-27 16:01:05,4,0,3,2023-10-27_RgbImage_2023-10-27_16-01-04.png,Poplar_18_GW-9588+Na_R6_I APPL 92,0.9935053885422608,1.4703655848279595
Poplar,RGB1,46_BESC-4+K_R4_IV APPL 114,2023-11-06 20:47:58,4,0,3,2023-11-6_RgbImage_2023-11-06_20-47-58.png,Poplar_46_BESC-4+K_R4_IV APPL 114,0.9774187877439806,3.1742159612476826
Poplar,RGB2,46_BESC-4+K_R4_IV APPL 114,2023-11-06 20:47:33,4,0,3,2023-11-6_RgbImage_2023-11-06_20-47-33.png,Poplar_46_BESC-4+K_R4_IV APPL 114,0.9925293405691783,1.4677949249744415
Poplar,RGB1,6_GW-9588-C_R6_I APPL 217,2023-11-01 19:37:24,4,0,3,2023-11-1_RgbImage_2023-11-01_19-37-24.png,Poplar_6_GW-9588-C_R6_I APPL 217,0.9904606831013267,3.0492174359969795
Poplar,RGB2,6_GW-9588-C_R6_I APPL 217,2023-11-01 19:36:58,4,0,3,2023-11-1_RgbImage_2023-11-01_19-36-58.png,Poplar_6_GW-9588-C_R6_I APPL 217,0.9909299042291662,1.494216007180512
Poplar,RGB1,9_GW-9588+K_R3_IV APPL 102,2023-11-03 14:49:20,4,0,3,2023-11-3_RgbImage_2023-11-03_14-49-19.png,Poplar_9_GW-9588+K_R3_IV APPL 102,0.9848927045266045,3.124790695961565
Poplar,RGB2,9_GW-9588+K_R3_IV APPL 102,2023-11-03 14:48:55,4,0,3,2023-11-3_RgbImage_2023-11-03_14-48-55.png,Poplar_9_GW-9588+K_R3_IV APPL 102,0.9896675222283235,1.4849716508761048
Poplar,RGB1,40_BESC-4-C_R4_I APPL 369,2023-10-25 17:31:44,4,0,4,2023-10-25_RgbImage_2023-10-25_17-31-43.png,Poplar_40_BESC-4-C_R4_I APPL 369,0.9828487268775973,3.1465348969213665
Poplar,RGB2,40_BESC-4-C_R4_I APPL 369,2023-10-25 17:31:16,4,0,4,2023-10-25_RgbImage_2023-10-25_17-31-16.png,Poplar_40_BESC-4-C_R4_I APPL 369,0.990949542961097,1.4505066787824035
Poplar,RGB1,63_YALE-27-3+K_R3_IV APPL 119,2023-11-01 14:02:44,4,0,4,2023-11-1_RgbImage_2023-11-01_14-02-43.png,Poplar_63_YALE-27-3+K_R3_IV APPL 119,0.9825979296555117,3.2102048518136144
Poplar,RGB2,63_YALE-27-3+K_R3_IV APPL 119,2023-11-01 14:02:19,4,0,4,2023-11-1_RgbImage_2023-11-01_14-02-19.png,Poplar_63_YALE-27-3+K_R3_IV APPL 119,0.9927090766345483,1.4736636811867356
Poplar,RGB1,9_GW-9588+K_R3_IV APPL 102,2023-11-01 14:49:27,4,0,4,2023-11-1_RgbImage_2023-11-01_14-49-27.png,Poplar_9_GW-9588+K_R3_IV APPL 102,0.9784400583551903,3.0340682649984956
Poplar,RGB2,9_GW-9588+K_R3_IV APPL 102,2023-11-01 14:49:03,4,0,4,2023-11-1_RgbImage_2023-11-01_14-49-02.png,Poplar_9_GW-9588+K_R3_IV APPL 102,0.9917276506325234,1.460278905928135
Poplar,RGB1,80_CHX20-OE61+Na_R4_I APPL 497,2023-11-03 12:41:58,4,1,0,2023-11-3_RgbImage_2023-11-03_12-41-57.png,Poplar_80_CHX20-OE61+Na_R4_I APPL 497,0.9898780520015968,3.1417999351397157
Poplar,RGB2,80_CHX20-OE61+Na_R4_I APPL 497,2023-11-03 12:41:33,4,1,0,2023-11-3_RgbImage_2023-11-03_12-41-33.png,Poplar_80_CHX20-OE61+Na_R4_I APPL 497,0.9977244682471106,1.4710564720444381
Poplar,RGB1,85_CHX20-KO54+Na_R1_I APPL 375,2023-10-23 13:30:25,4,1,0,2023-10-23_RgbImage_2023-10-23_13-30-24.png,Poplar_85_CHX20-KO54+Na_R1_I APPL 375,0.989183869758944,3.1253658239729702
Poplar,RGB2,85_CHX20-KO54+Na_R1_I APPL 375,2023-10-23 13:29:55,4,1,0,2023-10-23_RgbImage_2023-10-23_13-29-55.png,Poplar_85_CHX20-KO54+Na_R1_I APPL 375,0.9977134641091959,1.4858879931271076
Poplar,RGB1,BESC-336,2024-04-29 07:51:00,4,1,0,2024-04-29_RgbImage_2024-04-29_07-50-59.png,Poplar_BESC-336,0.9885338310962826,3.211308117955923
Poplar,RGB2,BESC-336,2024-04-29 07:50:31,4,1,0,2024-04-29_RgbImage_2024-04-29_07-50-30.png,Poplar_BESC-336,0.9930313417117911,1.504458372015506
Poplar,RGB1,22_GW-9914-C_R4_I APPL 197,2023-10-24 01:00:30,4,1,1,2023-10-24_RgbImage_2023-10-24_01-00-29.png,Poplar_22_GW-9914-C_R4_I APPL 197,0.9766096456674807,3.0566592873074114
Poplar,RGB2,22_GW-9914-C_R4_I APPL 197,2023-10-24 01:00:01,4,1,1,2023-10-24_RgbImage_2023-10-24_01-00-00.png,Poplar_22_GW-9914-C_R4_I APPL 197,0.9938526950496099,1.5086343879811466
Poplar,RGB1,55_YALE-27-3-C_R1_I APPL 489,2023-11-17 13:53:19,4,1,1,2023-11-17_RgbImage_2023-11-17_13-53-19.png,Poplar_55_YALE-27-3-C_R1_I APPL 489,0.986043545495935,3.1720150280743837
Poplar,RGB2,55_YALE-27-3-C_R1_I APPL 489,2023-11-17 13:52:55,4,1,1,2023-11-17_RgbImage_2023-11-17_13-52-54.png,Poplar_55_YALE-27-3-C_R1_I APPL 489,0.9961393915138849,1.4823176530189812
Poplar,RGB1,57_YALE-27-3-C_R3_I APPL 196,2023-11-01 14:29:25,4,1,1,2023-11-1_RgbImage_2023-11-01_14-29-24.png,Poplar_57_YALE-27-3-C_R3_I APPL 196,0.9845501526395443,3.118339117616415
Poplar,RGB2,57_YALE-27-3-C_R3_I APPL 196,2023-11-01 14:28:58,4,1,1,2023-11-1_RgbImage_2023-11-01_14-28-58.png,Poplar_57_YALE-27-3-C_R3_I APPL 196,0.9954084395129928,1.4870291599072516
Poplar,RGB1,BESC-400,2024-04-24 09:38:11,4,1,1,2024-04-24_RgbImage_2024-04-24_09-38-11.png,Poplar_BESC-400,0.9892159740892841,3.2132542468607426
Poplar,RGB2,BESC-400,2024-04-24 09:37:46,4,1,1,2024-04-24_RgbImage_2024-04-24_09-37-46.png,Poplar_BESC-400,0.9942524147072799,1.4813035852275789
Poplar,RGB1,22_GW-9914-C_R4_I APPL 197,2023-11-01 20:44:15,4,1,2,2023-11-1_RgbImage_2023-11-01_20-44-15.png,Poplar_22_GW-9914-C_R4_I APPL 197,0.9853374469123604,3.107049915008247
Poplar,RGB2,22_GW-9914-C_R4_I APPL 197,2023-11-01 20:43:49,4,1,2,2023-11-1_RgbImage_2023-11-01_20-43-49.png,Poplar_22_GW-9914-C_R4_I APPL 197,0.9923822396144799,1.4757734620943666
Poplar,RGB1,419_BESC-847_8,2024-06-14 08:50:23,4,1,2,2024-06-14_RgbImage_2024-06-14_08-50-22.png,Poplar_419_BESC-847_8,0.9839972534437036,3.1724558724090457
Poplar,RGB2,419_BESC-847_8,2024-06-14 08:49:53,4,1,2,2024-06-14_RgbImage_2024-06-14_08-49-53.png,Poplar_419_BESC-847_8,0.9959231687248348,1.4762240359559655
Poplar,RGB1,41_BESC-4-C_R5_I APPL 219,2023-11-18 11:33:42,4,1,2,2023-11-18_RgbImage_2023-11-18_11-33-41.png,Poplar_41_BESC-4-C_R5_I APPL 219,0.9874146332745164,3.158051387872547
Poplar,RGB2,41_BESC-4-C_R5_I APPL 219,2023-11-18 11:33:18,4,1,2,2023-11-18_RgbImage_2023-11-18_11-33-17.png,Poplar_41_BESC-4-C_R5_I APPL 219,0.9918005725431275,1.482975188177079
Poplar,RGB1,16_GW-9588+Na_R4_I APPL 49,2023-11-03 18:10:24,4,1,3,2023-11-3_RgbImage_2023-11-03_18-10-23.png,Poplar_16_GW-9588+Na_R4_I APPL 49,0.9840289252736908,3.2017484516836703
Poplar,RGB2,16_GW-9588+Na_R4_I APPL 49,2023-11-03 18:09:56,4,1,3,2023-11-3_RgbImage_2023-11-03_18-09-55.png,Poplar_16_GW-9588+Na_R4_I APPL 49,0.9949368043695062,1.4942614659667015
Poplar,RGB1,34_GW-9914+Na_R4_I APPL 323,2023-11-01 14:56:05,4,1,3,2023-11-1_RgbImage_2023-11-01_14-56-05.png,Poplar_34_GW-9914+Na_R4_I APPL 323,0.9751844372282006,3.110959395300597
Poplar,RGB2,34_GW-9914+Na_R4_I APPL 323,2023-11-01 14:55:41,4,1,3,2023-11-1_RgbImage_2023-11-01_14-55-41.png,Poplar_34_GW-9914+Na_R4_I APPL 323,0.9915779950313071,1.4738236172124743
Poplar,RGB1,6_GW-9588-C_R6_I APPL 217,2023-11-03 19:37:10,4,1,3,2023-11-3_RgbImage_2023-11-03_19-37-10.png,Poplar_6_GW-9588-C_R6_I APPL 217,0.9890112638005205,3.222401118837297
Poplar,RGB2,6_GW-9588-C_R6_I APPL 217,2023-11-03 19:36:44,4,1,3,2023-11-3_RgbImage_2023-11-03_19-36-44.png,Poplar_6_GW-9588-C_R6_I APPL 217,0.9883424747168841,1.4607902052812278
Poplar,RGB1,11_GW-9588+K_R5_IV APPL 104,2023-11-03 18:37:02,4,1,4,2023-11-3_RgbImage_2023-11-03_18-37-02.png,Poplar_11_GW-9588+K_R5_IV APPL 104,0.9868808842029595,3.0265849637798965
Poplar,RGB2,11_GW-9588+K_R5_IV APPL 104,2023-11-03 18:36:36,4,1,4,2023-11-3_RgbImage_2023-11-03_18-36-36.png,Poplar_11_GW-9588+K_R5_IV APPL 104,0.9916717501464671,1.455629558302462
Poplar,RGB1,49_BESC-4+Na_R1_I APPL 518,2023-10-27 15:21:13,4,1,4,2023-10-27_RgbImage_2023-10-27_15-21-13.png,Poplar_49_BESC-4+Na_R1_I APPL 518,0.9845292285105373,3.1525789606384933
Poplar,RGB2,49_BESC-4+Na_R1_I APPL 518,2023-10-27 15:20:44,4,1,4,2023-10-27_RgbImage_2023-10-27_15-20-44.png,Poplar_49_BESC-4+Na_R1_I APPL 518,0.9941679330846577,1.490744466893375
Poplar,RGB1,449_HARA-26-2_3,2024-06-24 07:14:07,4,2,0,2024-06-24_RgbImage_2024-06-24_07-14-07.png,Poplar_449_HARA-26-2_3,0.9880541925965004,3.132596854120493
Poplar,RGB2,449_HARA-26-2_3,2024-06-24 07:13:51,4,2,0,2024-06-24_RgbImage_2024-06-24_07-13-50.png,Poplar_449_HARA-26-2_3,0.986889943691408,1.4769615191034973
Poplar,RGB1,89_CHX20-KO107+Na_R1_I APPL 383,2023-10-23 13:03:15,4,2,0,2023-10-23_RgbImage_2023-10-23_13-03-14.png,Poplar_89_CHX20-KO107+Na_R1_I APPL 383,0.9876420876091099,3.1657793489284813
Poplar,RGB2,89_CHX20-KO107+Na_R1_I APPL 383,2023-10-23 13:02:48,4,2,0,2023-10-23_RgbImage_2023-10-23_13-02-48.png,Poplar_89_CHX20-KO107+Na_R1_I APPL 383,0.9971068876956961,1.4649523342959583
Poplar,RGB1,BESC-1019,2024-04-17 17:37:21,4,2,0,2024-04-17_RgbImage_2024-04-17_17-37-20.png,Poplar_BESC-1019,0.9892370094044913,3.046648235991597
Poplar,RGB2,BESC-1019,2024-04-17 17:36:53,4,2,0,2024-04-17_RgbImage_2024-04-17_17-36-52.png,Poplar_BESC-1019,0.9932278911313934,1.486838772892952
Poplar,RGB1,GW-7059,2024-04-24 08:20:34,4,2,0,2024-04-24_RgbImage_2024-04-24_08-20-33.png,Poplar_GW-7059,0.9821676506177149,3.2471039933152497
Poplar,RGB2,GW-7059,2024-04-24 08:20:06,4,2,0,2024-04-24_RgbImage_2024-04-24_08-20-05.png,Poplar_GW-7059,0.9946309097167962,1.459368135780096
Poplar,RGB1,57_YALE-27-3-C_R3_I APPL 196,2023-11-17 14:13:17,4,2,1,2023-11-17_RgbImage_2023-11-17_14-13-16.png,Poplar_57_YALE-27-3-C_R3_I APPL 196,0.9840811964318128,3.1277826707810163
Poplar,RGB2,57_YALE-27-3-C_R3_I APPL 196,2023-11-17 14:12:53,4,2,1,2023-11-17_RgbImage_2023-11-17_14-12-52.png,Poplar_57_YALE-27-3-C_R3_I APPL 196,0.993270928526181,1.4720237641595304
Poplar,RGB1,BESC-371,2024-05-07 12:25:25,4,2,1,2024-05-7_RgbImage_2024-05-07_12-25-25.png,Poplar_BESC-371,0.9905485188731482,3.1566247809678316
Poplar,RGB2,BESC-371,2024-05-07 12:24:56,4,2,1,2024-05-7_RgbImage_2024-05-07_12-24-56.png,Poplar_BESC-371,0.9909754723167813,1.4635699708014727
Poplar,RGB1,50_BESC-4+Na_R2_I APPL 172,2023-11-03 21:17:29,4,2,2,2023-11-3_RgbImage_2023-11-03_21-17-28.png,Poplar_50_BESC-4+Na_R2_I APPL 172,0.9859915711522353,3.1170379668474197
Poplar,RGB2,50_BESC-4+Na_R2_I APPL 172,2023-11-03 21:17:04,4,2,2,2023-11-3_RgbImage_2023-11-03_21-17-03.png,Poplar_50_BESC-4+Na_R2_I APPL 172,0.9907659957686493,1.4710445618256927
Poplar,RGB1,31_GW-9914+Na_R1_I APPL 225,2023-10-27 19:23:41,4,2,3,2023-10-27_RgbImage_2023-10-27_19-23-40.png,Poplar_31_GW-9914+Na_R1_I APPL 225,0.9834433342355395,3.219291429966688
Poplar,RGB2,31_GW-9914+Na_R1_I APPL 225,2023-10-27 19:23:14,4,2,3,2023-10-27_RgbImage_2023-10-27_19-23-14.png,Poplar_31_GW-9914+Na_R1_I APPL 225,0.9923205119987409,1.4839604408480227
Poplar,RGB1,33_GW-9914+Na_R3_I APPL 228,2023-11-01 16:16:27,4,2,3,2023-11-1_RgbImage_2023-11-01_16-16-26.png,Poplar_33_GW-9914+Na_R3_I APPL 228,0.9857129133557768,3.0719145461916924
Poplar,RGB2,33_GW-9914+Na_R3_I APPL 228,2023-11-01 16:16:02,4,2,3,2023-11-1_RgbImage_2023-11-01_16-16-01.png,Poplar_33_GW-9914+Na_R3_I APPL 228,0.9915361937719882,1.4823442650958896
Poplar,RGB1,34_GW-9914+Na_R4_I APPL 323,2023-10-20 15:29:01,4,2,3,2023-10-20_RgbImage_2023-10-20_15-29-01.png,Poplar_34_GW-9914+Na_R4_I APPL 323,0.9835379455412044,3.2671696902252734
Poplar,RGB2,34_GW-9914+Na_R4_I APPL 323,2023-10-20 15:28:34,4,2,3,2023-10-20_RgbImage_2023-10-20_15-28-34.png,Poplar_34_GW-9914+Na_R4_I APPL 323,0.9899043194036125,1.4599431436508894
Poplar,RGB1,3_GW-9588-C_R3_I APPL 412,2023-10-25 13:21:51,4,2,4,2023-10-25_RgbImage_2023-10-25_13-21-50.png,Poplar_3_GW-9588-C_R3_I APPL 412,0.9851131093393563,3.1104765431955457
Poplar,RGB2,3_GW-9588-C_R3_I APPL 412,2023-10-25 13:21:20,4,2,4,2023-10-25_RgbImage_2023-10-25_13-21-19.png,Poplar_3_GW-9588-C_R3_I APPL 412,0.9905961654312014,1.5039319111965597
Poplar,RGB1,51_BESC-4+Na_R3_I APPL 391,2023-10-18 19:13:03,4,2,4,2023-10-18_RgbImage_2023-10-18_19-13-02.png,Poplar_51_BESC-4+Na_R3_I APPL 391,0.9880755799624227,3.1789605203084648
Poplar,RGB2,51_BESC-4+Na_R3_I APPL 391,2023-10-18 19:12:33,4,2,4,2023-10-18_RgbImage_2023-10-18_19-12-33.png,Poplar_51_BESC-4+Na_R3_I APPL 391,0.9927828865210313,1.4713633549399674
Poplar,RGB1,343_BESC-1009_5,2024-06-17 10:12:05,4,3,0,2024-06-17_RgbImage_2024-06-17_10-12-04.png,Poplar_343_BESC-1009_5,0.9872610560773332,3.15405336022377
Poplar,RGB2,343_BESC-1009_5,2024-06-17 10:11:34,4,3,0,2024-06-17_RgbImage_2024-06-17_10-11-34.png,Poplar_343_BESC-1009_5,0.9962839104898987,1.4932558261789382
Poplar,RGB1,BESC-1019,2024-04-28 06:48:46,4,3,0,2024-04-28_RgbImage_2024-04-28_06-48-45.png,Poplar_BESC-1019,0.9845802790921382,3.1545765385963023
Poplar,RGB2,BESC-1019,2024-04-28 06:48:15,4,3,0,2024-04-28_RgbImage_2024-04-28_06-48-15.png,Poplar_BESC-1019,0.9931715472685156,1.4722831142134964
Poplar,RGB1,BESC-132,2024-04-22 13:47:08,4,3,0,2024-04-22_RgbImage_2024-04-22_13-47-08.png,Poplar_BESC-132,0.9870543564018636,3.0808866377919912
Poplar,RGB2,BESC-132,2024-04-22 13:46:38,4,3,0,2024-04-22_RgbImage_2024-04-22_13-46-38.png,Poplar_BESC-132,0.9937233176481469,1.4989281902089715
Poplar,RGB1,DENC-17-3,2024-04-23 10:19:59,4,3,0,2024-04-23_RgbImage_2024-04-23_10-19-58.png,Poplar_DENC-17-3,0.9873287814587599,3.2634169636294246
Poplar,RGB2,DENC-17-3,2024-04-23 10:19:28,4,3,0,2024-04-23_RgbImage_2024-04-23_10-19-28.png,Poplar_DENC-17-3,0.9932990073246739,1.502803336828947
Poplar,RGB1,328_BESC-856_3,2024-06-30 12:14:13,4,3,1,2024-06-30_RgbImage_2024-06-30_12-14-12.png,Poplar_328_BESC-856_3,0.9878619418377028,3.1070759426802397
Poplar,RGB2,328_BESC-856_3,2024-06-30 12:13:48,4,3,1,2024-06-30_RgbImage_2024-06-30_12-13-48.png,Poplar_328_BESC-856_3,0.992737105696634,1.4913394418545067
Poplar,RGB1,48_GW-9919_6,2024-06-23 16:10:15,4,3,1,2024-06-23_RgbImage_2024-06-23_16-10-14.png,Poplar_48_GW-9919_6,0.9871451408063656,3.1671428768895566
Poplar,RGB2,48_GW-9919_6,2024-06-23 16:09:56,4,3,1,2024-06-23_RgbImage_2024-06-23_16-09-55.png,Poplar_48_GW-9919_6,0.9943983436975384,1.4728197078220546
Poplar,RGB1,22_GW-9914-C_R4_I APPL 197,2023-11-13 21:01:19,4,3,2,2023-11-13_RgbImage_2023-11-13_21-01-18.png,Poplar_22_GW-9914-C_R4_I APPL 197,0.9827478116498432,3.1552561428397894
Poplar,RGB2,22_GW-9914-C_R4_I APPL 197,2023-11-13 21:00:54,4,3,2,2023-11-13_RgbImage_2023-11-13_21-00-54.png,Poplar_22_GW-9914-C_R4_I APPL 197,0.9859600684789663,1.4987336518242955
Poplar,RGB1,23_GW-9914-C_R5_I APPL 235,2023-11-03 16:22:55,4,3,2,2023-11-3_RgbImage_2023-11-03_16-22-55.png,Poplar_23_GW-9914-C_R5_I APPL 235,0.9823529818935769,3.1382429590448737
Poplar,RGB2,23_GW-9914-C_R5_I APPL 235,2023-11-03 16:22:29,4,3,2,2023-11-3_RgbImage_2023-11-03_16-22-28.png,Poplar_23_GW-9914-C_R5_I APPL 235,0.9908686295296263,1.4791228757239878
Poplar,RGB1,59_YALE-27-3-C_R5_I APPL 234,2023-11-10 16:53:35,4,3,2,2023-11-10_RgbImage_2023-11-10_16-53-34.png,Poplar_59_YALE-27-3-C_R5_I APPL 234,0.9741836560928923,3.107697758823633
Poplar,RGB2,59_YALE-27-3-C_R5_I APPL 234,2023-11-10 16:53:10,4,3,2,2023-11-10_RgbImage_2023-11-10_16-53-10.png,Poplar_59_YALE-27-3-C_R5_I APPL 234,0.9802870322180564,1.4760381528176367
Poplar,RGB1,23_GW-9914-C_R5_I APPL 235,2023-11-10 16:07:00,4,3,3,2023-11-10_RgbImage_2023-11-10_16-06-59.png,Poplar_23_GW-9914-C_R5_I APPL 235,0.9786740655095251,3.1435409248806536
Poplar,RGB2,23_GW-9914-C_R5_I APPL 235,2023-11-10 16:06:34,4,3,3,2023-11-10_RgbImage_2023-11-10_16-06-34.png,Poplar_23_GW-9914-C_R5_I APPL 235,0.9909314569996833,1.4553237399086356
Poplar,RGB1,31_GW-9914+Na_R1_I APPL 225,2023-11-06 19:01:03,4,3,3,2023-11-6_RgbImage_2023-11-06_19-01-03.png,Poplar_31_GW-9914+Na_R1_I APPL 225,0.9858597706395466,3.1525954636745155
Poplar,RGB2,31_GW-9914+Na_R1_I APPL 225,2023-11-06 19:00:39,4,3,3,2023-11-6_RgbImage_2023-11-06_19-00-39.png,Poplar_31_GW-9914+Na_R1_I APPL 225,0.9900387621212307,1.485293472185731
Poplar,RGB1,6_GW-9588-C_R6_I APPL 217,2023-11-15 19:20:08,4,3,3,2023-11-15_RgbImage_2023-11-15_19-20-08.png,Poplar_6_GW-9588-C_R6_I APPL 217,0.989183551879776,3.1594577077776194
Poplar,RGB2,6_GW-9588-C_R6_I APPL 217,2023-11-15 19:19:44,4,3,3,2023-11-15_RgbImage_2023-11-15_19-19-44.png,Poplar_6_GW-9588-C_R6_I APPL 217,0.9908777621365508,1.4814631300978363
Poplar,RGB1,71_YALE-27-3+Na_R5_I APPL 485,2023-11-08 12:33:28,4,3,3,2023-11-8_RgbImage_2023-11-08_12-33-27.png,Poplar_71_YALE-27-3+Na_R5_I APPL 485,0.9895414640308233,3.136813996825367
Poplar,RGB2,71_YALE-27-3+Na_R5_I APPL 485,2023-11-08 12:33:04,4,3,3,2023-11-8_RgbImage_2023-11-08_12-33-03.png,Poplar_71_YALE-27-3+Na_R5_I APPL 485,0.9945861289708409,1.488535582087934
Poplar,RGB1,31_GW-9914+Na_R1_I APPL 225,2023-10-20 19:55:09,4,3,4,2023-10-20_RgbImage_2023-10-20_19-55-08.png,Poplar_31_GW-9914+Na_R1_I APPL 225,0.9850295330923527,3.205591558944434
Poplar,RGB2,31_GW-9914+Na_R1_I APPL 225,2023-10-20 19:54:40,4,3,4,2023-10-20_RgbImage_2023-10-20_19-54-39.png,Poplar_31_GW-9914+Na_R1_I APPL 225,0.987787446555734,1.4916660003364086
Poplar,RGB1,3_GW-9588-C_R3_I APPL 412,2023-10-23 17:47:24,4,3,4,2023-10-23_RgbImage_2023-10-23_17-47-24.png,Poplar_3_GW-9588-C_R3_I APPL 412,0.9822117030747183,3.068289883900434
Poplar,RGB2,3_GW-9588-C_R3_I APPL 412,2023-10-23 17:46:53,4,3,4,2023-10-23_RgbImage_2023-10-23_17-46-52.png,Poplar_3_GW-9588-C_R3_I APPL 412,0.9900087002021842,1.4849559543654323
Poplar,RGB1,52_BESC-4+Na_R4_I APPL 347,2023-11-13 12:40:49,4,3,4,2023-11-13_RgbImage_2023-11-13_12-40-49.png,Poplar_52_BESC-4+Na_R4_I APPL 347,0.9891714981888156,3.26668192865327
Poplar,RGB2,52_BESC-4+Na_R4_I APPL 347,2023-11-13 12:40:24,4,3,4,2023-11-13_RgbImage_2023-11-13_12-40-24.png,Poplar_52_BESC-4+Na_R4_I APPL 347,0.9924133722872303,1.4739078260026872
Poplar,RGB1,64_YALE-27-3+K_R4_IV APPL 120,2023-10-20 18:33:15,4,3,4,2023-10-20_RgbImage_2023-10-20_18-33-14.png,Poplar_64_YALE-27-3+K_R4_IV APPL 120,0.9884911177289532,3.1078404490835965
Poplar,RGB2,64_YALE-27-3+K_R4_IV APPL 120,2023-10-20 18:32:46,4,3,4,2023-10-20_RgbImage_2023-10-20_18-32-45.png,Poplar_64_YALE-27-3+K_R4_IV APPL 120,0.9936531663566718,1.520721583161503
Poplar,RGB1,BESC-1226,2024-05-05 08:33:56,4,4,0,2024-05-5_RgbImage_2024-05-05_08-33-56.png,Poplar_BESC-1226,0.984108889611759,3.2078226967714727
Poplar,RGB2,BESC-1226,2024-05-05 08:33:26,4,4,0,2024-05-5_RgbImage_2024-05-05_08-33-25.png,Poplar_BESC-1226,0.9938736346379294,1.5024960548616946
Poplar,RGB1,NHTA-27-5,2024-04-28 09:32:08,4,4,0,2024-04-28_RgbImage_2024-04-28_09-32-07.png,Poplar_NHTA-27-5,0.9797906819716579,3.1127530969679356
Poplar,RGB2,NHTA-27-5,2024-04-28 09:31:40,4,4,0,2024-04-28_RgbImage_2024-04-28_09-31-39.png,Poplar_NHTA-27-5,0.9959263538601075,1.4973575212061405
Poplar,RGB1,231_BESC-97_1,2024-06-30 13:27:40,4,4,1,2024-06-30_RgbImage_2024-06-30_13-27-39.png,Poplar_231_BESC-97_1,0.9885894946622498,3.1559490440413356
Poplar,RGB2,231_BESC-97_1,2024-06-30 13:27:16,4,4,1,2024-06-30_RgbImage_2024-06-30_13-27-15.png,Poplar_231_BESC-97_1,0.9934873127486809,1.4888377133756876
Poplar,RGB1,BESC-1219,2024-05-07 07:58:56,4,4,1,2024-05-7_RgbImage_2024-05-07_07-58-56.png,Poplar_BESC-1219,0.9859676532708489,3.1286604618653655
Poplar,RGB2,BESC-1219,2024-05-07 07:58:23,4,4,1,2024-05-7_RgbImage_2024-05-07_07-58-22.png,Poplar_BESC-1219,0.9925119189952141,1.480401243083179
Poplar,RGB1,BESC-239,2024-05-07 09:23:03,4,4,1,2024-05-7_RgbImage_2024-05-07_09-23-02.png,Poplar_BESC-239,0.9868053501593952,3.2216349220834672
Poplar,RGB2,BESC-239,2024-05-07 09:22:33,4,4,1,2024-05-7_RgbImage_2024-05-07_09-22-32.png,Poplar_BESC-239,0.9941803359336598,1.4613752719014883
Poplar,RGB1,346_BESC-1108_2,2024-06-17 10:32:25,4,4,2,2024-06-17_RgbImage_2024-06-17_10-32-24.png,Poplar_346_BESC-1108_2,0.9850839019094378,3.0831892429850996
Poplar,RGB2,346_BESC-1108_2,2024-06-17 10:31:52,4,4,2,2024-06-17_RgbImage_2024-06-17_10-31-51.png,Poplar_346_BESC-1108_2,0.996286604271417,1.4864771901629865
Poplar,RGB1,450_BESC-1143_5,2024-06-26 07:28:22,4,4,2,2024-06-26_RgbImage_2024-06-26_07-28-22.png,Poplar_450_BESC-1143_5,0.9874164321766047,3.258199291303754
Poplar,RGB2,450_BESC-1143_5,2024-06-26 07:27:55,4,4,2,2024-06-26_RgbImage_2024-06-26_07-27-54.png,Poplar_450_BESC-1143_5,0.9952344738823315,1.4754117587581277
Poplar,RGB1,GW-7990,2024-04-28 11:28:55,4,4,2,2024-04-28_RgbImage_2024-04-28_11-28-55.png,Poplar_GW-7990,0.9914508319008267,3.082755191717297
Poplar,RGB2,GW-7990,2024-04-28 11:28:27,4,4,2,2024-04-28_RgbImage_2024-04-28_11-28-26.png,Poplar_GW-7990,0.9963425048876371,1.488631912972778
Poplar,RGB1,23_GW-9914-C_R5_I APPL 235,2023-11-13 16:41:27,4,4,3,2023-11-13_RgbImage_2023-11-13_16-41-26.png,Poplar_23_GW-9914-C_R5_I APPL 235,0.978567692256949,3.283122592139989
Poplar,RGB2,23_GW-9914-C_R5_I APPL 235,2023-11-13 16:41:01,4,4,3,2023-11-13_RgbImage_2023-11-13_16-41-01.png,Poplar_23_GW-9914-C_R5_I APPL 235,0.9850313867334577,1.467975930776447
Poplar,RGB1,33_GW-9914+Na_R3_I APPL 228,2023-11-15 16:00:15,4,4,3,2023-11-15_RgbImage_2023-11-15_16-00-14.png,Poplar_33_GW-9914+Na_R3_I APPL 228,0.9868941354486999,3.106460721231997
Poplar,RGB2,33_GW-9914+Na_R3_I APPL 228,2023-11-15 15:59:50,4,4,3,2023-11-15_RgbImage_2023-11-15_15-59-50.png,Poplar_33_GW-9914+Na_R3_I APPL 228,0.992362275990726,1.4779373947530985
Poplar,RGB1,59_YALE-27-3-C_R5_I APPL 234,2023-11-06 16:54:12,4,4,3,2023-11-6_RgbImage_2023-11-06_16-54-11.png,Poplar_59_YALE-27-3-C_R5_I APPL 234,0.9855902435254161,3.1608398710377514
Poplar,RGB1,59_YALE-27-3-C_R5_I APPL 234,2023-11-08 16:53:43,4,4,3,2023-11-8_RgbImage_2023-11-08_16-53-43.png,Poplar_59_YALE-27-3-C_R5_I APPL 234,0.9823824472233971,3.163027266971767
Poplar,RGB2,59_YALE-27-3-C_R5_I APPL 234,2023-11-06 16:53:46,4,4,3,2023-11-6_RgbImage_2023-11-06_16-53-46.png,Poplar_59_YALE-27-3-C_R5_I APPL 234,0.9837697882635287,1.4974456382915378
Poplar,RGB2,59_YALE-27-3-C_R5_I APPL 234,2023-11-08 16:53:18,4,4,3,2023-11-8_RgbImage_2023-11-08_16-53-18.png,Poplar_59_YALE-27-3-C_R5_I APPL 234,0.9860520158554862,1.457534280139953
Poplar,RGB1,26_GW-9914+K_R2_IV APPL 107,2023-11-17 14:53:09,4,4,4,2023-11-17_RgbImage_2023-11-17_14-53-09.png,Poplar_26_GW-9914+K_R2_IV APPL 107,0.9840865645429538,3.1884539490565658
Poplar,RGB2,26_GW-9914+K_R2_IV APPL 107,2023-11-17 14:52:45,4,4,4,2023-11-17_RgbImage_2023-11-17_14-52-45.png,Poplar_26_GW-9914+K_R2_IV APPL 107,0.9910196486467111,1.4856283660046756
Poplar,RGB1,34_GW-9914+Na_R4_I APPL 323,2023-11-15 14:40:14,4,4,4,2023-11-15_RgbImage_2023-11-15_14-40-14.png,Poplar_34_GW-9914+Na_R4_I APPL 323,0.9846141097626594,3.232650606893003
Poplar,RGB2,34_GW-9914+Na_R4_I APPL 323,2023-11-15 14:39:50,4,4,4,2023-11-15_RgbImage_2023-11-15_14-39-49.png,Poplar_34_GW-9914+Na_R4_I APPL 323,0.9920144401963752,1.4828576468862593
Poplar,RGB1,51_BESC-4+Na_R3_I APPL 391,2023-11-15 18:46:52,4,4,4,2023-11-15_RgbImage_2023-11-15_18-46-51.png,Poplar_51_BESC-4+Na_R3_I APPL 391,0.9905677715525336,3.08702864125371
Poplar,RGB2,51_BESC-4+Na_R3_I APPL 391,2023-11-15 18:46:27,4,4,4,2023-11-15_RgbImage_2023-11-15_18-46-27.png,Poplar_51_BESC-4+Na_R3_I APPL 391,0.9958424909107567,1.459108044859022
Switchgrass,RGB1,J020.B_WW_T3.12.2023_I APPL 399,2023-03-22 17:06:43,0,0,0,2023-03-22_RgbImage_2023-03-22_17-06-42.png,Switchgrass_J020.B_WW_T3.12.2023_I APPL 399,0.9498129946964506,3.204239664133638
Switchgrass,RGB2,J020.B_WW_T3.12.2023_I APPL 399,2023-03-22 17:05:59,0,0,0,2023-03-22_RgbImage_2023-03-22_17-05-59.png,Switchgrass_J020.B_WW_T3.12.2023_I APPL 399,0.965863547758817,1.4805241348221898
Switchgrass,RGB1,J326.A_D_T3.12.2023_I APPL 497,2023-03-29 09:49:40,0,0,0,2023-03-29_RgbImage_2023-03-29_09-49-39.png,Switchgrass_J326.A_D_T3.12.2023_I APPL 497,0.9384762359699432,3.1695654978975654
Switchgrass,RGB2,J326.A_D_T3.12.2023_I APPL 497,2023-03-29 09:48:57,0,0,0,2023-03-29_RgbImage_2023-03-29_09-48-57.png,Switchgrass_J326.A_D_T3.12.2023_I APPL 497,0.9628092381038298,1.483119921758771
Switchgrass,RGB1,J460.B_WW_T3.16.2023_I APPL 57,2023-03-26 12:07:33,0,0,0,2023-03-26_RgbImage_2023-03-26_12-07-33.png,Switchgrass_J460.B_WW_T3.16.2023_I APPL 57,0.946559229420528,3.0810547480359674
Switchgrass,RGB2,J460.B_WW_T3.16.2023_I APPL 57,2023-03-26 12:06:49,0,0,0,2023-03-26_RgbImage_2023-03-26_12-06-49.png,Switchgrass_J460.B_WW_T3.16.2023_I APPL 57,0.9401127997614797,1.496433845255524
Switchgrass,RGB1,AP13_WW_I APPL 133,2022-12-01 15:26:37,0,0,1,2022-12-1_RgbImage_2022-12-01_15-26-36.png,Switchgrass_AP13_WW_I APPL 133,0.942495126712659,3.208290151786059
Switchgrass,RGB2,AP13_WW_I APPL 133,2022-12-01 15:25:13,0,0,1,2022-12-1_RgbImage_2022-12-01_15-25-12.png,Switchgrass_AP13_WW_I APPL 133,0.9113647642767876,1.464240820147097
Switchgrass,RGB1,J250.A_D_T3.13.2023_I APPL 303,2023-03-31 00:36:51,0,0,1,2023-03-31_RgbImage_2023-03-31_00-36-51.png,Switchgrass_J250.A_D_T3.13.2023_I APPL 303,0.9588552188559115,3.0395296085625887
Switchgrass,RGB2,J250.A_D_T3.13.2023_I APPL 303,2023-03-31 00:36:08,0,0,1,2023-03-31_RgbImage_2023-03-31_00-36-08.png,Switchgrass_J250.A_D_T3.13.2023_I APPL 303,0.9603115041172022,1.5152720212936401
Switchgrass,RGB1,J469.C_WW_T3.14.2023_I APPL 214,2023-03-24 16:45:05,0,0,1,2023-03-24_RgbImage_2023-03-24_16-45-05.png,Switchgrass_J469.C_WW_T3.14.2023_I APPL 214,0.9282165496035449,3.2472581160254776
Switchgrass,RGB2,J469.C_WW_T3.14.2023_I APPL 214,2023-03-24 16:44:23,0,0,1,2023-03-24_RgbImage_2023-03-24_16-44-22.png,Switchgrass_J469.C_WW_T3.14.2023_I APPL 214,0.9280658121362095,1.4578755451366305
Switchgrass,RGB1,J458.B_WW_T3.14.2023_I APPL 252,2023-03-31 11:57:57,0,0,2,2023-03-31_RgbImage_2023-03-31_11-57-57.png,Switchgrass_J458.B_WW_T3.14.2023_I APPL 252,0.9112073417857373,3.072836379054934
Switchgrass,RGB2,J458.B_WW_T3.14.2023_I APPL 252,2023-03-31 11:57:15,0,0,2,2023-03-31_RgbImage_2023-03-31_11-57-14.png,Switchgrass_J458.B_WW_T3.14.2023_I APPL 252,0.959949336129456,1.4941039802506566
Switchgrass,RGB1,J591.A_D_T3.14.2023_I APPL 229,2023-04-07 14:53:00,0,0,2,2023-04-7_RgbImage_2023-04-07_14-52-59.png,Switchgrass_J591.A_D_T3.14.2023_I APPL 229,0.9515117915496818,3.2211568490602076
Switchgrass,RGB2,J591.A_D_T3.14.2023_I APPL 229,2023-04-07 14:52:17,0,0,2,2023-04-7_RgbImage_2023-04-07_14-52-16.png,Switchgrass_J591.A_D_T3.14.2023_I APPL 229,0.9415929203600633,1.488341175019741
Switchgrass,RGB1,4.4(1)_WW_T3.14.2023_I APPL 235,2023-03-24 14:05:25,0,0,3,2023-03-24_RgbImage_2023-03-24_14-05-24.png,Switchgrass_4.4(1)_WW_T3.14.2023_I APPL 235,0.8284820784425689,3.089755568187684
Switchgrass,RGB2,4.4(1)_WW_T3.14.2023_I APPL 235,2023-03-24 14:04:41,0,0,3,2023-03-24_RgbImage_2023-03-24_14-04-40.png,Switchgrass_4.4(1)_WW_T3.14.2023_I APPL 235,0.9394065590869648,1.516177772078663
Switchgrass,RGB1,J441.B_WW_T3.15.2023_I APPL 126,2023-03-25 15:44:09,0,0,3,2023-03-25_RgbImage_2023-03-25_15-44-08.png,Switchgrass_J441.B_WW_T3.15.2023_I APPL 126,0.9632757266318109,3.228762076701969
Switchgrass,RGB2,J441.B_WW_T3.15.2023_I APPL 126,2023-03-25 15:43:26,0,0,3,2023-03-25_RgbImage_2023-03-25_15-43-25.png,Switchgrass_J441.B_WW_T3.15.2023_I APPL 126,0.9077661147816699,1.480711217969656
Switchgrass,RGB1,J482.B_WW_T3.15.2023_I APPL 160,2023-03-25 11:12:45,0,0,3,2023-03-25_RgbImage_2023-03-25_11-12-45.png,Switchgrass_J482.B_WW_T3.15.2023_I APPL 160,0.9526410444292138,3.0691558308899403
Switchgrass,RGB2,J482.B_WW_T3.15.2023_I APPL 160,2023-03-25 11:12:02,0,0,3,2023-03-25_RgbImage_2023-03-25_11-12-01.png,Switchgrass_J482.B_WW_T3.15.2023_I APPL 160,0.9582936180136347,1.5307392040267587
Switchgrass,RGB1,J585.A_D_T3.14.2023_I APPL 218,2023-03-24 16:11:30,0,0,3,2023-03-24_RgbImage_2023-03-24_16-11-30.png,Switchgrass_J585.A_D_T3.14.2023_I APPL 218,0.9317568856095089,3.242659200914204
Switchgrass,RGB2,J585.A_D_T3.14.2023_I APPL 218,2023-03-24 16:10:49,0,0,3,2023-03-24_RgbImage_2023-03-24_16-10-48.png,Switchgrass_J585.A_D_T3.14.2023_I APPL 218,0.9604439200845257,1.4855538150295615
Switchgrass,RGB1,J340.A_D_T3.13.2023_I APPL 343,2023-04-06 12:43:07,0,0,4,2023-04-6_RgbImage_2023-04-06_12-43-06.png,Switchgrass_J340.A_D_T3.13.2023_I APPL 343,0.9497650799683242,3.098311794921756
Switchgrass,RGB2,J340.A_D_T3.13.2023_I APPL 343,2023-04-06 12:42:27,0,0,4,2023-04-6_RgbImage_2023-04-06_12-42-26.png,Switchgrass_J340.A_D_T3.13.2023_I APPL 343,0.9653623894735542,1.5080284960567951
Switchgrass,RGB1,J498.B_D_T3.14.2023_I APPL 257,2023-03-24 11:16:28,0,0,4,2023-03-24_RgbImage_2023-03-24_11-16-27.png,Switchgrass_J498.B_D_T3.14.2023_I APPL 257,0.9551880661489894,3.2716804700903594
Switchgrass,RGB2,J498.B_D_T3.14.2023_I APPL 257,2023-03-24 11:15:46,0,0,4,2023-03-24_RgbImage_2023-03-24_11-15-45.png,Switchgrass_J498.B_D_T3.14.2023_I APPL 257,0.9524114962389931,1.4712889450602233
Switchgrass,RGB1,J020.B_D_T3.12.2023_I APPL 403,2023-04-05 19:00:01,0,1,0,2023-04-5_RgbImage_2023-04-05_19-00-01.png,Switchgrass_J020.B_D_T3.12.2023_I APPL 403,0.9446711421181094,3.117373173125088
Switchgrass,RGB2,J020.B_D_T3.12.2023_I APPL 403,2023-04-05 18:59:21,0,1,0,2023-04-5_RgbImage_2023-04-05_18-59-21.png,Switchgrass_J020.B_D_T3.12.2023_I APPL 403,0.974198623794085,1.4862358351238072
Switchgrass,RGB1,J065.A_WW_T3.13.2023_I APPL 305,2023-03-23 17:30:35,0,1,0,2023-03-23_RgbImage_2023-03-23_17-30-35.png,Switchgrass_J065.A_WW_T3.13.2023_I APPL 305,0.9222106978926936,3.155066346284002
Switchgrass,RGB2,J065.A_WW_T3.13.2023_I APPL 305,2023-03-23 17:29:51,0,1,0,2023-03-23_RgbImage_2023-03-23_17-29-51.png,Switchgrass_J065.A_WW_T3.13.2023_I APPL 305,0.8485041375402597,1.4734619641676545
Switchgrass,RGB1,J306.C_D_T3.14.2023_I APPL 266,2023-04-15 10:15:47,0,1,0,2023-04-15_RgbImage_2023-04-15_10-15-47.png,Switchgrass_J306.C_D_T3.14.2023_I APPL 266,0.9561572427880576,3.111110341735184
Switchgrass,RGB1,J306.C_D_T3.14.2023_I APPL 266,2023-04-29 10:15:29,0,1,0,2023-04-29_RgbImage_2023-04-29_10-15-29.png,Switchgrass_J306.C_D_T3.14.2023_I APPL 266,0.9379498212328162,3.194306935183704
Switchgrass,RGB2,J306.C_D_T3.14.2023_I APPL 266,2023-04-15 10:15:06,0,1,0,2023-04-15_RgbImage_2023-04-15_10-15-06.png,Switchgrass_J306.C_D_T3.14.2023_I APPL 266,0.9560953736381563,1.476496210321784
Switchgrass,RGB2,J306.C_D_T3.14.2023_I APPL 266,2023-04-29 10:14:48,0,1,0,2023-04-29_RgbImage_2023-04-29_10-14-48.png,Switchgrass_J306.C_D_T3.14.2023_I APPL 266,0.9493088356376539,1.488379477057606
Switchgrass,RGB1,AP13_WW_I APPL 133,2023-02-09 15:12:39,0,1,1,2023-02-9_RgbImage_2023-02-09_15-12-38.png,Switchgrass_AP13_WW_I APPL 133,0.9669292774281345,3.2055915505625308
Switchgrass,RGB2,AP13_WW_I APPL 133,2023-02-09 15:10:40,0,1,1,2023-02-9_RgbImage_2023-02-09_15-10-39.png,Switchgrass_AP13_WW_I APPL 133,0.9668492686510836,1.5041211689822376
Switchgrass,RGB1,J297.A_D_T3.12.2023_I APPL 440,2023-03-22 11:56:31,0,1,1,2023-03-22_RgbImage_2023-03-22_11-56-31.png,Switchgrass_J297.A_D_T3.12.2023_I APPL 440,0.9432448452523049,3.2499288362450898
Switchgrass,RGB2,J297.A_D_T3.12.2023_I APPL 440,2023-03-22 11:55:50,0,1,1,2023-03-22_RgbImage_2023-03-22_11-55-50.png,Switchgrass_J297.A_D_T3.12.2023_I APPL 440,0.9445867114370841,1.4801750262267888
Switchgrass,RGB1,J484.A_D_T3.16.2023_I APPL 50,2023-03-26 13:06:30,0,1,1,2023-03-26_RgbImage_2023-03-26_13-06-30.png,Switchgrass_J484.A_D_T3.16.2023_I APPL 50,0.9042472218139371,3.119851778727025
Switchgrass,RGB2,J484.A_D_T3.16.2023_I APPL 50,2023-03-26 13:05:47,0,1,1,2023-03-26_RgbImage_2023-03-26_13-05-47.png,Switchgrass_J484.A_D_T3.16.2023_I APPL 50,0.9040496169397969,1.4958757599815726
Switchgrass,RGB1,J317.A_WW_I APPL 351,2022-11-29 10:53:39,0,1,2,2022-11-29_RgbImage_2022-11-29_10-53-38.png,Switchgrass_J317.A_WW_I APPL 351,0.965646880717017,3.224672175012529
Switchgrass,RGB2,J317.A_WW_I APPL 351,2022-11-29 10:51:35,0,1,2,2022-11-29_RgbImage_2022-11-29_10-51-34.png,Switchgrass_J317.A_WW_I APPL 351,0.9701796045816856,1.4967854297719896
Switchgrass,RGB1,J597.C_D_T3.15.2023_I APPL 186,2023-04-01 08:06:52,0,1,2,2023-04-1_RgbImage_2023-04-01_08-06-52.png,Switchgrass_J597.C_D_T3.15.2023_I APPL 186,0.9651745025605241,3.108560340013355
Switchgrass,RGB2,J597.C_D_T3.15.2023_I APPL 186,2023-04-01 08:06:11,0,1,2,2023-04-1_RgbImage_2023-04-01_08-06-11.png,Switchgrass_J597.C_D_T3.15.2023_I APPL 186,0.9601718334582771,1.4936834750697017
Switchgrass,RGB1,J190.A_D_T3.12.2023_I APPL 415,2023-04-05 17:21:05,0,1,3,2023-04-5_RgbImage_2023-04-05_17-21-05.png,Switchgrass_J190.A_D_T3.12.2023_I APPL 415,0.9325825165610051,3.2213671263307333
Switchgrass,RGB2,J190.A_D_T3.12.2023_I APPL 415,2023-04-05 17:20:24,0,1,3,2023-04-5_RgbImage_2023-04-05_17-20-24.png,Switchgrass_J190.A_D_T3.12.2023_I APPL 415,0.9460602047582122,1.4735921900719404
Switchgrass,RGB1,J215.A_Xtra_I APPL 138,2022-11-26 17:33:18,0,1,3,2022-11-26_RgbImage_2022-11-26_17-33-18.png,Switchgrass_J215.A_Xtra_I APPL 138,0.9000566893452365,3.0969674638472497
Switchgrass,RGB2,J215.A_Xtra_I APPL 138,2022-11-26 17:31:10,0,1,3,2022-11-26_RgbImage_2022-11-26_17-31-10.png,Switchgrass_J215.A_Xtra_I APPL 138,0.9068471015975187,1.502135784830898
Switchgrass,RGB1,J317.A_D_I APPL 123,2022-12-11 17:00:53,0,1,3,2022-12-11_RgbImage_2022-12-11_17-00-52.png,Switchgrass_J317.A_D_I APPL 123,0.955825324566306,3.262014726176858
Switchgrass,RGB2,J317.A_D_I APPL 123,2022-12-11 17:00:15,0,1,3,2022-12-11_RgbImage_2022-12-11_17-00-14.png,Switchgrass_J317.A_D_I APPL 123,0.9204980703426711,1.4757901448756456
Switchgrass,RGB1,J215.A_D_I APPL 146,2022-12-20 14:24:07,0,1,4,2022-12-20_RgbImage_2022-12-20_14-24-06.png,Switchgrass_J215.A_D_I APPL 146,0.9688157562496926,3.0717874369584024
Switchgrass,RGB1,J215.A_D_I APPL 146,2022-12-05 14:11:31,0,1,4,2022-12-5_RgbImage_2022-12-05_14-11-31.png,Switchgrass_J215.A_D_I APPL 146,0.9534865102892688,3.1442343569360673
Switchgrass,RGB2,J215.A_D_I APPL 146,2022-12-20 14:22:47,0,1,4,2022-12-20_RgbImage_2022-12-20_14-22-47.png,Switchgrass_J215.A_D_I APPL 146,0.9513112034465503,1.4840384288690984
Switchgrass,RGB2,J215.A_D_I APPL 146,2022-12-05 14:09:24,0,1,4,2022-12-5_RgbImage_2022-12-05_14-09-23.png,Switchgrass_J215.A_D_I APPL 146,0.890873697481865,1.5043031531386077
Switchgrass,RGB1,J483.C_WW_T3.14.2023_I APPL 250,2023-03-31 12:14:37,0,1,4,2023-03-31_RgbImage_2023-03-31_12-14-37.png,Switchgrass_J483.C_WW_T3.14.2023_I APPL 250,0.9542620532106586,3.234206110239029
Switchgrass,RGB2,J483.C_WW_T3.14.2023_I APPL 250,2023-03-31 12:13:56,0,1,4,2023-03-31_RgbImage_2023-03-31_12-13-56.png,Switchgrass_J483.C_WW_T3.14.2023_I APPL 250,0.9696176668161552,1.4891741289757192
Switchgrass,RGB1,J279.A_D_T3.12.2023_I APPL 397,2023-04-12 17:09:50,0,2,0,2023-04-12_RgbImage_2023-04-12_17-09-49.png,Switchgrass_J279.A_D_T3.12.2023_I APPL 397,0.9589909371801286,3.176323175895959
Switchgrass,RGB2,J279.A_D_T3.12.2023_I APPL 397,2023-04-12 17:09:09,0,2,0,2023-04-12_RgbImage_2023-04-12_17-09-09.png,Switchgrass_J279.A_D_T3.12.2023_I APPL 397,0.9628738914777522,1.5207037101499736
Switchgrass,RGB1,J321.A_D_T3.16.2023_I APPL 76,2023-03-26 09:44:34,0,2,0,2023-03-26_RgbImage_2023-03-26_09-44-34.png,Switchgrass_J321.A_D_T3.16.2023_I APPL 76,0.9472952623668686,3.1080501759424806
Switchgrass,RGB2,J321.A_D_T3.16.2023_I APPL 76,2023-03-26 09:43:52,0,2,0,2023-03-26_RgbImage_2023-03-26_09-43-51.png,Switchgrass_J321.A_D_T3.16.2023_I APPL 76,0.9640754573658911,1.4746960462071002
Switchgrass,RGB1,AP13_D_I APPL 261,2022-11-25 11:42:21,0,2,1,2022-11-25_RgbImage_2022-11-25_11-42-21.png,Switchgrass_AP13_D_I APPL 261,0.9351463785683417,3.156473577953875
Switchgrass,RGB2,AP13_D_I APPL 261,2022-11-25 11:41:39,0,2,1,2022-11-25_RgbImage_2022-11-25_11-41-38.png,Switchgrass_AP13_D_I APPL 261,0.750871388920017,1.4807236730121076
Switchgrass,RGB1,J272.A_D_T3.13.2023_I APPL 369,2023-03-23 09:23:53,0,2,1,2023-03-23_RgbImage_2023-03-23_09-23-52.png,Switchgrass_J272.A_D_T3.13.2023_I APPL 369,0.9530049787699436,3.1298780948854983
Switchgrass,RGB2,J272.A_D_T3.13.2023_I APPL 369,2023-03-23 09:23:12,0,2,1,2023-03-23_RgbImage_2023-03-23_09-23-11.png,Switchgrass_J272.A_D_T3.13.2023_I APPL 369,0.9557951589921585,1.4763573571108282
Switchgrass,RGB1,J615.A_WW_T3.14.2023_I APPL 247,2023-04-15 12:36:43,0,2,1,2023-04-15_RgbImage_2023-04-15_12-36-42.png,Switchgrass_J615.A_WW_T3.14.2023_I APPL 247,0.9719377442394784,3.270471875090152
Switchgrass,RGB2,J615.A_WW_T3.14.2023_I APPL 247,2023-04-15 12:36:02,0,2,1,2023-04-15_RgbImage_2023-04-15_12-36-01.png,Switchgrass_J615.A_WW_T3.14.2023_I APPL 247,0.9697523419704234,1.4895247421227396
Switchgrass,RGB1,J008.D_D_I APPL 338,2022-12-08 11:58:16,0,2,2,2022-12-8_RgbImage_2022-12-08_11-58-15.png,Switchgrass_J008.D_D_I APPL 338,0.9634286786725862,3.07784442929551
Switchgrass,RGB2,J008.D_D_I APPL 338,2022-12-08 11:56:53,0,2,2,2022-12-8_RgbImage_2022-12-08_11-56-53.png,Switchgrass_J008.D_D_I APPL 338,0.9763511727494286,1.4966929447837174
Switchgrass,RGB1,J215.A_WW_I APPL 21,2022-12-05 12:15:39,0,2,3,2022-12-5_RgbImage_2022-12-05_12-15-38.png,Switchgrass_J215.A_WW_I APPL 21,0.8813658823011905,3.289644192904234
Switchgrass,RGB2,J215.A_WW_I APPL 21,2022-12-05 12:13:31,0,2,3,2022-12-5_RgbImage_2022-12-05_12-13-30.png,Switchgrass_J215.A_WW_I APPL 21,0.8964057705232124,1.465534444898367
Switchgrass,RGB1,VS16_D_I APPL 124,2022-12-05 16:56:19,0,2,3,2022-12-5_RgbImage_2022-12-05_16-56-18.png,Switchgrass_VS16_D_I APPL 124,0.9361574540094627,3.189313504844904
Switchgrass,RGB2,VS16_D_I APPL 124,2022-12-05 16:54:13,0,2,3,2022-12-5_RgbImage_2022-12-05_16-54-13.png,Switchgrass_VS16_D_I APPL 124,0.9377141607344598,1.463309358805418
Switchgrass,RGB1,VS16_Xtra_I APPL 129,2022-12-21 17:39:29,0,2,3,2022-12-21_RgbImage_2022-12-21_17-39-28.png,Switchgrass_VS16_Xtra_I APPL 129,0.9704431666090167,3.1804414512589574
Switchgrass,RGB2,VS16_Xtra_I APPL 129,2022-12-21 17:38:10,0,2,3,2022-12-21_RgbImage_2022-12-21_17-38-10.png,Switchgrass_VS16_Xtra_I APPL 129,0.9556550040687778,1.4640953750349581
Switchgrass,RGB1,J215.A_WW_I APPL 131,2022-11-27 15:19:03,0,2,4,2022-11-27_RgbImage_2022-11-27_15-19-03.png,Switchgrass_J215.A_WW_I APPL 131,0.9367854057640941,3.1170714432373643
Switchgrass,RGB2,J215.A_WW_I APPL 131,2022-11-27 15:17:41,0,2,4,2022-11-27_RgbImage_2022-11-27_15-17-40.png,Switchgrass_J215.A_WW_I APPL 131,0.9244589628458321,1.478197327349335
Switchgrass,RGB1,J215.A_WW_I APPL 21,2022-12-09 12:15:00,0,2,4,2022-12-9_RgbImage_2022-12-09_12-14-59.png,Switchgrass_J215.A_WW_I APPL 21,0.9595897936776303,3.194109281990677
Switchgrass,RGB2,J215.A_WW_I APPL 21,2022-12-09 12:12:53,0,2,4,2022-12-9_RgbImage_2022-12-09_12-12-52.png,Switchgrass_J215.A_WW_I APPL 21,0.9265300260575997,1.460512911900878
Switchgrass,RGB1,J481.C_D_T3.15.2023_I APPL 118,2023-05-06 16:22:55,0,2,4,2023-05-6_RgbImage_2023-05-06_16-22-54.png,Switchgrass_J481.C_D_T3.15.2023_I APPL 118,0.963290186791252,3.1104604741558433
Switchgrass,RGB2,J481.C_D_T3.15.2023_I APPL 118,2023-05-06 16:22:15,0,2,4,2023-05-6_RgbImage_2023-05-06_16-22-14.png,Switchgrass_J481.C_D_T3.15.2023_I APPL 118,0.9553838789755563,1.5098043233156204
Switchgrass,RGB1,VS16_WW_I APPL 10,2022-11-27 11:51:14,0,2,4,2022-11-27_RgbImage_2022-11-27_11-51-13.png,Switchgrass_VS16_WW_I APPL 10,0.958749583750013,3.2745325919240713
Switchgrass,RGB2,VS16_WW_I APPL 10,2022-11-27 11:49:53,0,2,4,2022-11-27_RgbImage_2022-11-27_11-49-52.png,Switchgrass_VS16_WW_I APPL 10,0.9603252523731802,1.4792087078094482
Switchgrass,RGB1,J501.B_D_T3.14.2023_I APPL 279,2023-04-07 08:27:30,0,3,0,2023-04-7_RgbImage_2023-04-07_08-27-30.png,Switchgrass_J501.B_D_T3.14.2023_I APPL 279,0.9593096165276334,3.0620484547689557
Switchgrass,RGB1,J501.B_D_T3.14.2023_I APPL 279,2023-05-05 08:27:16,0,3,0,2023-05-5_RgbImage_2023-05-05_08-27-16.png,Switchgrass_J501.B_D_T3.14.2023_I APPL 279,0.9546663451041751,3.132404871750623
Switchgrass,RGB2,J501.B_D_T3.14.2023_I APPL 279,2023-04-07 08:26:50,0,3,0,2023-04-7_RgbImage_2023-04-07_08-26-49.png,Switchgrass_J501.B_D_T3.14.2023_I APPL 279,0.9446278382195761,1.4666847600601614
Switchgrass,RGB2,J501.B_D_T3.14.2023_I APPL 279,2023-05-05 08:26:37,0,3,0,2023-05-5_RgbImage_2023-05-05_08-26-37.png,Switchgrass_J501.B_D_T3.14.2023_I APPL 279,0.951099997109428,1.5287615237757564
Switchgrass,RGB1,VS16_D_I APPL 60,2022-11-27 13:23:43,0,3,0,2022-11-27_RgbImage_2022-11-27_13-23-42.png,Switchgrass_VS16_D_I APPL 60,0.9547059726717831,3.2775612380355597
Switchgrass,RGB1,VS16_D_I APPL 60,2022-12-01 13:23:02,0,3,0,2022-12-1_RgbImage_2022-12-01_13-23-02.png,Switchgrass_VS16_D_I APPL 60,0.9139093495493235,3.141054845880717
Switchgrass,RGB2,VS16_D_I APPL 60,2022-11-27 13:21:37,0,3,0,2022-11-27_RgbImage_2022-11-27_13-21-37.png,Switchgrass_VS16_D_I APPL 60,0.9488765578118404,1.4826664864085615
Switchgrass,RGB2,VS16_D_I APPL 60,2022-12-01 13:20:56,0,3,0,2022-12-1_RgbImage_2022-12-01_13-20-55.png,Switchgrass_VS16_D_I APPL 60,0.9449659652113287,1.5022159172222018
Switchgrass,RGB1,J215.A_D_I APPL 146,2022-11-27 14:12:44,0,3,1,2022-11-27_RgbImage_2022-11-27_14-12-44.png,Switchgrass_J215.A_D_I APPL 146,0.7416548014963369,3.1706358632072806
Switchgrass,RGB2,J215.A_D_I APPL 146,2022-11-27 14:11:19,0,3,1,2022-11-27_RgbImage_2022-11-27_14-11-19.png,Switchgrass_J215.A_D_I APPL 146,0.8149024247102884,1.5362871731631458
Switchgrass,RGB1,VS16_D_I APPL 402,2022-12-04 11:08:58,0,3,1,2022-12-4_RgbImage_2022-12-04_11-08-58.png,Switchgrass_VS16_D_I APPL 402,0.9232787633357117,3.2244860539212823
Switchgrass,RGB2,VS16_D_I APPL 402,2022-12-04 11:07:37,0,3,1,2022-12-4_RgbImage_2022-12-04_11-07-36.png,Switchgrass_VS16_D_I APPL 402,0.9275903614501452,1.4711757712066174
Switchgrass,RGB1,VS16_D_I APPL 60,2023-01-06 13:15:35,0,3,1,2023-01-6_RgbImage_2023-01-06_13-15-34.png,Switchgrass_VS16_D_I APPL 60,0.9549414471479081,3.105339962989092
Switchgrass,RGB2,VS16_D_I APPL 60,2023-01-06 13:14:54,0,3,1,2023-01-6_RgbImage_2023-01-06_13-14-54.png,Switchgrass_VS16_D_I APPL 60,0.9121583081060033,1.4937122790142894
Switchgrass,RGB1,J303.A_D_T3.15.2023_I APPL 144,2023-04-08 13:23:37,0,3,2,2023-04-8_RgbImage_2023-04-08_13-23-37.png,Switchgrass_J303.A_D_T3.15.2023_I APPL 144,0.9366563076631949,3.2673717541620135
Switchgrass,RGB1,J303.A_D_T3.15.2023_I APPL 144,2023-04-24 13:21:08,0,3,2,2023-04-24_RgbImage_2023-04-24_13-21-08.png,Switchgrass_J303.A_D_T3.15.2023_I APPL 144,0.9457239127418914,3.222357008140534
Switchgrass,RGB2,J303.A_D_T3.15.2023_I APPL 144,2023-04-08 13:22:57,0,3,2,2023-04-8_RgbImage_2023-04-08_13-22-56.png,Switchgrass_J303.A_D_T3.15.2023_I APPL 144,0.943464720381676,1.487802638206631
Switchgrass,RGB2,J303.A_D_T3.15.2023_I APPL 144,2023-04-24 13:20:28,0,3,2,2023-04-24_RgbImage_2023-04-24_13-20-28.png,Switchgrass_J303.A_D_T3.15.2023_I APPL 144,0.93074402669204,1.4411410647444427
Switchgrass,RGB1,VS16_D_I APPL 402,2022-11-25 11:09:53,0,3,2,2022-11-25_RgbImage_2022-11-25_11-09-52.png,Switchgrass_VS16_D_I APPL 402,0.8957677864662658,3.202941440977156
Switchgrass,RGB2,VS16_D_I APPL 402,2022-11-25 11:08:28,0,3,2,2022-11-25_RgbImage_2022-11-25_11-08-28.png,Switchgrass_VS16_D_I APPL 402,0.9427073463493962,1.4735171678476036
Switchgrass,RGB1,J215.A_WW_I APPL 21,2022-12-03 12:15:55,0,3,4,2022-12-3_RgbImage_2022-12-03_12-15-55.png,Switchgrass_J215.A_WW_I APPL 21,0.9096852128252906,3.2244410892017186
Switchgrass,RGB2,J215.A_WW_I APPL 21,2022-12-03 12:13:47,0,3,4,2022-12-3_RgbImage_2022-12-03_12-13-46.png,Switchgrass_J215.A_WW_I APPL 21,0.8964094397026057,1.4735242519527674
Switchgrass,RGB1,VS16_Xtra_I APPL 129,2022-12-20 17:55:55,0,3,4,2022-12-20_RgbImage_2022-12-20_17-55-54.png,Switchgrass_VS16_Xtra_I APPL 129,0.970688599177714,3.071035536006093
Switchgrass,RGB1,VS16_Xtra_I APPL 129,2022-12-18 17:40:39,0,3,4,2022-12-18_RgbImage_2022-12-18_17-40-38.png,Switchgrass_VS16_Xtra_I APPL 129,0.9523483451852134,3.1221420890651643
Switchgrass,RGB1,VS16_Xtra_I APPL 129,2022-12-14 17:41:49,0,3,4,2022-12-14_RgbImage_2022-12-14_17-41-48.png,Switchgrass_VS16_Xtra_I APPL 129,0.9517102135882951,3.093949387781322
Switchgrass,RGB2,VS16_Xtra_I APPL 129,2022-12-20 17:54:36,0,3,4,2022-12-20_RgbImage_2022-12-20_17-54-35.png,Switchgrass_VS16_Xtra_I APPL 129,0.9606022331131148,1.4852970708161592
Switchgrass,RGB2,VS16_Xtra_I APPL 129,2022-12-18 17:40:00,0,3,4,2022-12-18_RgbImage_2022-12-18_17-40-00.png,Switchgrass_VS16_Xtra_I APPL 129,0.9673516296605769,1.4972698660567403
Switchgrass,RGB2,VS16_Xtra_I APPL 129,2022-12-14 17:41:09,0,3,4,2022-12-14_RgbImage_2022-12-14_17-41-08.png,Switchgrass_VS16_Xtra_I APPL 129,0.9769769530083571,1.4728423221968114
Switchgrass,RGB1,J215.A_WW_I APPL 21,2022-11-25 12:17:06,0,4,0,2022-11-25_RgbImage_2022-11-25_12-17-06.png,Switchgrass_J215.A_WW_I APPL 21,0.9332741004057509,3.2203627093695104
Switchgrass,RGB2,J215.A_WW_I APPL 21,2022-11-25 12:14:59,0,4,0,2022-11-25_RgbImage_2022-11-25_12-14-58.png,Switchgrass_J215.A_WW_I APPL 21,0.8385548776418349,1.4689338733442128
Switchgrass,RGB1,VS16_D_I APPL 60,2022-12-30 13:16:52,0,4,0,2022-12-30_RgbImage_2022-12-30_13-16-51.png,Switchgrass_VS16_D_I APPL 60,0.9341562371074447,3.249763965141028
Switchgrass,RGB1,VS16_D_I APPL 60,2022-12-14 13:20:17,0,4,0,2022-12-14_RgbImage_2022-12-14_13-20-16.png,Switchgrass_VS16_D_I APPL 60,0.9420395002030891,3.2574035678990185
Switchgrass,RGB1,VS16_D_I APPL 60,2022-12-08 13:21:51,0,4,0,2022-12-8_RgbImage_2022-12-08_13-21-50.png,Switchgrass_VS16_D_I APPL 60,0.9413436293454411,3.2104938798584044
Switchgrass,RGB2,VS16_D_I APPL 60,2022-12-30 13:15:29,0,4,0,2022-12-30_RgbImage_2022-12-30_13-15-28.png,Switchgrass_VS16_D_I APPL 60,0.8987163656233318,1.5098584862425923
Switchgrass,RGB2,VS16_D_I APPL 60,2022-12-14 13:18:54,0,4,0,2022-12-14_RgbImage_2022-12-14_13-18-54.png,Switchgrass_VS16_D_I APPL 60,0.9479606188484799,1.4996480219997466
Switchgrass,RGB2,VS16_D_I APPL 60,2022-12-08 13:19:48,0,4,0,2022-12-8_RgbImage_2022-12-08_13-19-47.png,Switchgrass_VS16_D_I APPL 60,0.93342692478449,1.4902024450711906
Switchgrass,RGB1,J317.A_D_I APPL 123,2022-11-25 17:08:08,0,4,1,2022-11-25_RgbImage_2022-11-25_17-08-07.png,Switchgrass_J317.A_D_I APPL 123,0.9371940791432095,3.1994564421474934
Switchgrass,RGB1,J317.A_D_I APPL 123,2022-11-28 17:04:13,0,4,1,2022-11-28_RgbImage_2022-11-28_17-04-13.png,Switchgrass_J317.A_D_I APPL 123,0.9539974247935737,3.243473893031478
Switchgrass,RGB2,J317.A_D_I APPL 123,2022-11-25 17:06:43,0,4,1,2022-11-25_RgbImage_2022-11-25_17-06-43.png,Switchgrass_J317.A_D_I APPL 123,0.9159333965111712,1.503936078865081
Switchgrass,RGB2,J317.A_D_I APPL 123,2022-11-28 17:02:50,0,4,1,2022-11-28_RgbImage_2022-11-28_17-02-50.png,Switchgrass_J317.A_D_I APPL 123,0.9205541419313965,1.4610748840495944
Switchgrass,RGB1,VS16_D_I APPL 124,2022-11-25 17:00:29,0,4,1,2022-11-25_RgbImage_2022-11-25_17-00-29.png,Switchgrass_VS16_D_I APPL 124,0.8615153506843005,3.2157669686712325
Switchgrass,RGB2,VS16_D_I APPL 124,2022-11-25 16:58:21,0,4,1,2022-11-25_RgbImage_2022-11-25_16-58-20.png,Switchgrass_VS16_D_I APPL 124,0.8714228134335257,1.4654691028408706
Switchgrass,RGB1,VS16_D_I APPL 124,2022-11-26 16:59:48,0,4,2,2022-11-26_RgbImage_2022-11-26_16-59-48.png,Switchgrass_VS16_D_I APPL 124,0.9123042935441068,3.247697298415005
Switchgrass,RGB1,VS16_D_I APPL 124,2022-11-27 16:59:26,0,4,2,2022-11-27_RgbImage_2022-11-27_16-59-26.png,Switchgrass_VS16_D_I APPL 124,0.905841325204373,3.223340588156134
Switchgrass,RGB2,VS16_D_I APPL 124,2022-11-26 16:57:41,0,4,2,2022-11-26_RgbImage_2022-11-26_16-57-40.png,Switchgrass_VS16_D_I APPL 124,0.7718855219815297,1.5083830170333385
Switchgrass,RGB2,VS16_D_I APPL 124,2022-11-27 16:57:17,0,4,2,2022-11-27_RgbImage_2022-11-27_16-57-17.png,Switchgrass_VS16_D_I APPL 124,0.8766687295662038,1.4765011700801551
Switchgrass,RGB1,VS16_Xtra_I APPL 129,2022-11-29 17:47:58,0,4,2,2022-11-29_RgbImage_2022-11-29_17-47-57.png,Switchgrass_VS16_Xtra_I APPL 129,0.962304357413307,3.189925142098218
Switchgrass,RGB1,VS16_Xtra_I APPL 129,2022-11-25 19:20:05,0,4,2,2022-11-25_RgbImage_2022-11-25_19-20-04.png,Switchgrass_VS16_Xtra_I APPL 129,0.8809742647332319,3.148515802808106
Switchgrass,RGB2,VS16_Xtra_I APPL 129,2022-11-29 17:46:34,0,4,2,2022-11-29_RgbImage_2022-11-29_17-46-33.png,Switchgrass_VS16_Xtra_I APPL 129,0.8418691589080618,1.495358201675117
Switchgrass,RGB2,VS16_Xtra_I APPL 129,2022-11-25 19:18:34,0,4,2,2022-11-25_RgbImage_2022-11-25_19-18-34.png,Switchgrass_VS16_Xtra_I APPL 129,1.7123287641912177e-09,1.498714115936309
Switchgrass,RGB1,J003.F_D_T3.14.2023_I APPL 256,2023-03-24 11:24:56,0,4,3,2023-03-24_RgbImage_2023-03-24_11-24-56.png,Switchgrass_J003.F_D_T3.14.2023_I APPL 256,0.9561960253898556,3.1795806540176272
Switchgrass,RGB2,J003.F_D_T3.14.2023_I APPL 256,2023-03-24 11:24:13,0,4,3,2023-03-24_RgbImage_2023-03-24_11-24-13.png,Switchgrass_J003.F_D_T3.14.2023_I APPL 256,0.9152437131457244,1.4655683799646795
Switchgrass,RGB1,J008.D_D_I APPL 338,2022-11-27 11:58:53,0,4,3,2022-11-27_RgbImage_2022-11-27_11-58-53.png,Switchgrass_J008.D_D_I APPL 338,0.9633606861863586,3.182691015768796
Switchgrass,RGB1,J008.D_D_I APPL 338,2022-11-26 11:58:50,0,4,3,2022-11-26_RgbImage_2022-11-26_11-58-49.png,Switchgrass_J008.D_D_I APPL 338,0.9247850083453734,3.140440074726939
Switchgrass,RGB2,J008.D_D_I APPL 338,2022-11-27 11:58:11,0,4,3,2022-11-27_RgbImage_2022-11-27_11-58-10.png,Switchgrass_J008.D_D_I APPL 338,0.9376450564801451,1.4531927816569805
Switchgrass,RGB2,J008.D_D_I APPL 338,2022-11-26 11:58:08,0,4,3,2022-11-26_RgbImage_2022-11-26_11-58-07.png,Switchgrass_J008.D_D_I APPL 338,0.953818015550634,1.4487370681017637
Switchgrass,RGB1,J021.C_D_T3.15.2023_I APPL 177,2023-03-25 09:06:22,0,4,3,2023-03-25_RgbImage_2023-03-25_09-06-22.png,Switchgrass_J021.C_D_T3.15.2023_I APPL 177,0.9317203675780249,3.2205312070436776
Switchgrass,RGB2,J021.C_D_T3.15.2023_I APPL 177,2023-03-25 09:05:39,0,4,3,2023-03-25_RgbImage_2023-03-25_09-05-39.png,Switchgrass_J021.C_D_T3.15.2023_I APPL 177,6.035003013859381e-10,1.4643060229718685
Switchgrass,RGB1,J003.F_WW_T3.14.2023_I APPL 199,2023-04-07 18:30:51,0,4,4,2023-04-7_RgbImage_2023-04-07_18-30-50.png,Switchgrass_J003.F_WW_T3.14.2023_I APPL 199,0.9695090439329012,3.1703929542563856
Switchgrass,RGB1,J003.F_WW_T3.14.2023_I APPL 199,2023-03-24 18:34:29,0,4,4,2023-03-24_RgbImage_2023-03-24_18-34-28.png,Switchgrass_J003.F_WW_T3.14.2023_I APPL 199,0.9284617746502208,3.190694948192686
Switchgrass,RGB1,J003.F_WW_T3.14.2023_I APPL 199,2023-03-31 18:31:35,0,4,4,2023-03-31_RgbImage_2023-03-31_18-31-34.png,Switchgrass_J003.F_WW_T3.14.2023_I APPL 199,0.9477490508140031,3.1518185678869486
Switchgrass,RGB1,J003.F_WW_T3.14.2023_I APPL 199,2023-04-15 18:24:57,0,4,4,2023-04-15_RgbImage_2023-04-15_18-24-56.png,Switchgrass_J003.F_WW_T3.14.2023_I APPL 199,0.9562183847974501,3.1636647330597043
Switchgrass,RGB2,J003.F_WW_T3.14.2023_I APPL 199,2023-04-07 18:30:08,0,4,4,2023-04-7_RgbImage_2023-04-07_18-30-07.png,Switchgrass_J003.F_WW_T3.14.2023_I APPL 199,6.954102915887272e-10,1.4827715149149299
Switchgrass,RGB2,J003.F_WW_T3.14.2023_I APPL 199,2023-03-24 18:33:45,0,4,4,2023-03-24_RgbImage_2023-03-24_18-33-45.png,Switchgrass_J003.F_WW_T3.14.2023_I APPL 199,6.134969321389589e-10,1.4961713892407715
Switchgrass,RGB2,J003.F_WW_T3.14.2023_I APPL 199,2023-03-31 18:30:51,0,4,4,2023-03-31_RgbImage_2023-03-31_18-30-51.png,Switchgrass_J003.F_WW_T3.14.2023_I APPL 199,1.2787723768813653e-09,1.5001159766688943
Switchgrass,RGB2,J003.F_WW_T3.14.2023_I APPL 199,2023-04-15 18:24:13,0,4,4,2023-04-15_RgbImage_2023-04-15_18-24-12.png,Switchgrass_J003.F_WW_T3.14.2023_I APPL 199,2.844950212561892e-10,1.4978148369118571
Switchgrass,RGB1,AP13_WW_I APPL 133,2022-11-29 15:27:38,1,0,0,2022-11-29_RgbImage_2022-11-29_15-27-38.png,Switchgrass_AP13_WW_I APPL 133,0.9221645663569807,3.1566356238909066
Switchgrass,RGB2,AP13_WW_I APPL 133,2022-11-29 15:25:30,1,0,0,2022-11-29_RgbImage_2022-11-29_15-25-30.png,Switchgrass_AP13_WW_I APPL 133,0.9169044821358227,1.455058520194143
Switchgrass,RGB1,J235.A_WW_T3.13.2023_I APPL 332,2023-03-30 13:58:02,1,0,0,2023-03-30_RgbImage_2023-03-30_13-58-01.png,Switchgrass_J235.A_WW_T3.13.2023_I APPL 332,0.9693583599232063,3.2111767008900642
Switchgrass,RGB2,J235.A_WW_T3.13.2023_I APPL 332,2023-03-30 13:57:24,1,0,0,2023-03-30_RgbImage_2023-03-30_13-57-24.png,Switchgrass_J235.A_WW_T3.13.2023_I APPL 332,0.9587935051311708,1.4834520812146366
Switchgrass,RGB1,J249.C_D_T3.12.2023_I APPL 406,2023-03-29 16:19:53,1,0,0,2023-03-29_RgbImage_2023-03-29_16-19-53.png,Switchgrass_J249.C_D_T3.12.2023_I APPL 406,0.9760806174361923,3.277997083030641
Switchgrass,RGB2,J249.C_D_T3.12.2023_I APPL 406,2023-03-29 16:19:14,1,0,0,2023-03-29_RgbImage_2023-03-29_16-19-14.png,Switchgrass_J249.C_D_T3.12.2023_I APPL 406,0.9587348898826586,1.476996867917478
Switchgrass,RGB1,J211.A_D_T3.14.2023_I APPL 239,2023-03-31 13:30:13,1,0,1,2023-03-31_RgbImage_2023-03-31_13-30-12.png,Switchgrass_J211.A_D_T3.14.2023_I APPL 239,0.9558158782715379,3.2049831110052764
Switchgrass,RGB2,J211.A_D_T3.14.2023_I APPL 239,2023-03-31 13:29:31,1,0,1,2023-03-31_RgbImage_2023-03-31_13-29-31.png,Switchgrass_J211.A_D_T3.14.2023_I APPL 239,0.9638356051731755,1.469202321022749
Switchgrass,RGB1,J416.A_WW_T3.12.2023_I APPL 425,2023-03-29 13:58:46,1,0,1,2023-03-29_RgbImage_2023-03-29_13-58-45.png,Switchgrass_J416.A_WW_T3.12.2023_I APPL 425,0.9435287141693487,3.2536291629076004
Switchgrass,RGB2,J416.A_WW_T3.12.2023_I APPL 425,2023-03-29 13:58:06,1,0,1,2023-03-29_RgbImage_2023-03-29_13-58-05.png,Switchgrass_J416.A_WW_T3.12.2023_I APPL 425,0.9715640347992863,1.481698286253959
Switchgrass,RGB1,J215.A_WW_T3.16.2023_I APPL 33,2023-04-02 15:11:44,1,0,2,2023-04-2_RgbImage_2023-04-02_15-11-43.png,Switchgrass_J215.A_WW_T3.16.2023_I APPL 33,0.9754064511211926,3.0526807052083313
Switchgrass,RGB2,J215.A_WW_T3.16.2023_I APPL 33,2023-04-02 15:11:04,1,0,2,2023-04-2_RgbImage_2023-04-02_15-11-03.png,Switchgrass_J215.A_WW_T3.16.2023_I APPL 33,0.9582513171700107,1.4568301388062537
Switchgrass,RGB1,J461.C_WW_T3.15.2023_I APPL 136,2023-04-01 14:15:51,1,0,2,2023-04-1_RgbImage_2023-04-01_14-15-50.png,Switchgrass_J461.C_WW_T3.15.2023_I APPL 136,0.9541733246541956,3.196080431342125
Switchgrass,RGB2,J461.C_WW_T3.15.2023_I APPL 136,2023-04-01 14:15:11,1,0,2,2023-04-1_RgbImage_2023-04-01_14-15-10.png,Switchgrass_J461.C_WW_T3.15.2023_I APPL 136,0.9673286055692597,1.5272178556770086
Switchgrass,RGB1,J600.A_WW_T3.14.2023_I APPL 226,2023-03-31 15:19:15,1,0,2,2023-03-31_RgbImage_2023-03-31_15-19-14.png,Switchgrass_J600.A_WW_T3.14.2023_I APPL 226,0.962333474968446,3.1768121207132936
Switchgrass,RGB2,J600.A_WW_T3.14.2023_I APPL 226,2023-03-31 15:18:34,1,0,2,2023-03-31_RgbImage_2023-03-31_15-18-33.png,Switchgrass_J600.A_WW_T3.14.2023_I APPL 226,0.9826026732333852,1.4958882238715887
Switchgrass,RGB1,J181.A_WW_T3.13.2023_I APPL 310,2023-04-06 16:43:33,1,0,3,2023-04-6_RgbImage_2023-04-06_16-43-32.png,Switchgrass_J181.A_WW_T3.13.2023_I APPL 310,0.9564888384423412,3.3055843408219516
Switchgrass,RGB2,J181.A_WW_T3.13.2023_I APPL 310,2023-04-06 16:42:51,1,0,3,2023-04-6_RgbImage_2023-04-06_16-42-50.png,Switchgrass_J181.A_WW_T3.13.2023_I APPL 310,0.9574179393181842,1.4804542842321098
Switchgrass,RGB1,J322.A_D_T3.12.2023_I APPL 424,2023-03-29 14:07:09,1,0,3,2023-03-29_RgbImage_2023-03-29_14-07-08.png,Switchgrass_J322.A_D_T3.12.2023_I APPL 424,0.9395195423109327,3.065043206792325
Switchgrass,RGB2,J322.A_D_T3.12.2023_I APPL 424,2023-03-29 14:06:27,1,0,3,2023-03-29_RgbImage_2023-03-29_14-06-26.png,Switchgrass_J322.A_D_T3.12.2023_I APPL 424,0.9372858855779239,1.4649482578970492
Switchgrass,RGB1,J446.B_D_T3.12.2023_I APPL 413,2023-03-29 15:22:04,1,0,3,2023-03-29_RgbImage_2023-03-29_15-22-03.png,Switchgrass_J446.B_D_T3.12.2023_I APPL 413,0.9721718969365658,3.187398996204138
Switchgrass,RGB2,J446.B_D_T3.12.2023_I APPL 413,2023-03-29 15:21:20,1,0,3,2023-03-29_RgbImage_2023-03-29_15-21-20.png,Switchgrass_J446.B_D_T3.12.2023_I APPL 413,0.9778898835984126,1.5041906498372555
Switchgrass,RGB1,J585.A_WW_T3.14.2023_I APPL 268,2023-04-07 09:59:30,1,0,3,2023-04-7_RgbImage_2023-04-07_09-59-30.png,Switchgrass_J585.A_WW_T3.14.2023_I APPL 268,0.9592694443006687,3.119869674090296
Switchgrass,RGB2,J585.A_WW_T3.14.2023_I APPL 268,2023-04-07 09:58:52,1,0,3,2023-04-7_RgbImage_2023-04-07_09-58-51.png,Switchgrass_J585.A_WW_T3.14.2023_I APPL 268,0.9722465197964955,1.4769530249759555
Switchgrass,RGB1,J340.A_D_T3.13.2023_I APPL 343,2023-04-28 12:38:02,1,0,4,2023-04-28_RgbImage_2023-04-28_12-38-02.png,Switchgrass_J340.A_D_T3.13.2023_I APPL 343,0.9436442753406001,3.1803670818917453
Switchgrass,RGB2,J340.A_D_T3.13.2023_I APPL 343,2023-04-28 12:37:23,1,0,4,2023-04-28_RgbImage_2023-04-28_12-37-23.png,Switchgrass_J340.A_D_T3.13.2023_I APPL 343,0.9711310632297776,1.4842764311470091
Switchgrass,RGB1,J466.A_D_T3.15.2023_I APPL 173,2023-04-08 09:38:14,1,0,4,2023-04-8_RgbImage_2023-04-08_09-38-13.png,Switchgrass_J466.A_D_T3.15.2023_I APPL 173,0.9556688740397143,3.0944354170933366
Switchgrass,RGB2,J466.A_D_T3.15.2023_I APPL 173,2023-04-08 09:37:36,1,0,4,2023-04-8_RgbImage_2023-04-08_09-37-35.png,Switchgrass_J466.A_D_T3.15.2023_I APPL 173,0.9481255291286613,1.5194561420939863
Switchgrass,RGB1,J482.C_WW_T3.15.2023_I APPL 103,2023-04-01 18:36:02,1,0,4,2023-04-1_RgbImage_2023-04-01_18-36-01.png,Switchgrass_J482.C_WW_T3.15.2023_I APPL 103,0.9669699182294667,3.235251748934388
Switchgrass,RGB2,J482.C_WW_T3.15.2023_I APPL 103,2023-04-01 18:35:22,1,0,4,2023-04-1_RgbImage_2023-04-01_18-35-21.png,Switchgrass_J482.C_WW_T3.15.2023_I APPL 103,0.9663006578544112,1.466646528802812
Switchgrass,RGB1,AP13_WW_I APPL 133,2022-12-15 15:23:38,1,1,0,2022-12-15_RgbImage_2022-12-15_15-23-37.png,Switchgrass_AP13_WW_I APPL 133,0.9642128685337262,3.090612179134041
Switchgrass,RGB1,AP13_WW_I APPL 133,2022-12-21 15:21:53,1,1,0,2022-12-21_RgbImage_2022-12-21_15-21-52.png,Switchgrass_AP13_WW_I APPL 133,0.9552105354886589,3.235279500950128
Switchgrass,RGB2,AP13_WW_I APPL 133,2022-12-15 15:21:33,1,1,0,2022-12-15_RgbImage_2022-12-15_15-21-32.png,Switchgrass_AP13_WW_I APPL 133,0.9625558988803109,1.4839819925837219
Switchgrass,RGB2,AP13_WW_I APPL 133,2022-12-21 15:19:49,1,1,0,2022-12-21_RgbImage_2022-12-21_15-19-49.png,Switchgrass_AP13_WW_I APPL 133,0.9665130302024895,1.512986901216209
Switchgrass,RGB1,J341.A_D_T3.14.2023_I APPL 248,2023-04-07 12:31:15,1,1,0,2023-04-7_RgbImage_2023-04-07_12-31-15.png,Switchgrass_J341.A_D_T3.14.2023_I APPL 248,0.9660744401304014,3.2171127148903906
Switchgrass,RGB2,J341.A_D_T3.14.2023_I APPL 248,2023-04-07 12:30:36,1,1,0,2023-04-7_RgbImage_2023-04-07_12-30-36.png,Switchgrass_J341.A_D_T3.14.2023_I APPL 248,0.9493235434091418,1.506475341040641
Switchgrass,RGB1,J008.D_Xtra_I APPL 122,2022-12-19 17:16:27,1,1,1,2022-12-19_RgbImage_2022-12-19_17-16-26.png,Switchgrass_J008.D_Xtra_I APPL 122,0.9777294126930587,3.2250500307418406
Switchgrass,RGB2,J008.D_Xtra_I APPL 122,2022-12-19 17:15:08,1,1,1,2022-12-19_RgbImage_2022-12-19_17-15-07.png,Switchgrass_J008.D_Xtra_I APPL 122,0.983282933834643,1.4979668539017439
Switchgrass,RGB1,J209.A_D_T3.16.2023_I APPL 14,2023-04-02 17:34:52,1,1,1,2023-04-2_RgbImage_2023-04-02_17-34-52.png,Switchgrass_J209.A_D_T3.16.2023_I APPL 14,0.9754585480466006,3.1043218499980867
Switchgrass,RGB2,J209.A_D_T3.16.2023_I APPL 14,2023-04-02 17:34:11,1,1,1,2023-04-2_RgbImage_2023-04-02_17-34-11.png,Switchgrass_J209.A_D_T3.16.2023_I APPL 14,0.9452679447840504,1.4926165286451578
Switchgrass,RGB1,J652.A_WW_T3.15.2023_I APPL 129,2023-04-08 15:12:12,1,1,1,2023-04-8_RgbImage_2023-04-08_15-12-12.png,Switchgrass_J652.A_WW_T3.15.2023_I APPL 129,0.9612426230228357,3.1587273799814284
Switchgrass,RGB2,J652.A_WW_T3.15.2023_I APPL 129,2023-04-08 15:11:32,1,1,1,2023-04-8_RgbImage_2023-04-08_15-11-32.png,Switchgrass_J652.A_WW_T3.15.2023_I APPL 129,0.9792352647252461,1.4910074560903013
Switchgrass,RGB1,J020.C_WW_T3.12.2023_I APPL 496,2023-04-12 09:55:42,1,1,2,2023-04-12_RgbImage_2023-04-12_09-55-42.png,Switchgrass_J020.C_WW_T3.12.2023_I APPL 496,0.9630628052330333,3.1097441208548844
Switchgrass,RGB2,J020.C_WW_T3.12.2023_I APPL 496,2023-04-12 09:55:00,1,1,2,2023-04-12_RgbImage_2023-04-12_09-55-00.png,Switchgrass_J020.C_WW_T3.12.2023_I APPL 496,0.9548127882854921,1.5093808029778302
Switchgrass,RGB1,J458.C_D_T3.15.2023_I APPL 120,2023-04-08 16:10:40,1,1,2,2023-04-8_RgbImage_2023-04-08_16-10-39.png,Switchgrass_J458.C_D_T3.15.2023_I APPL 120,0.9445941064599825,3.2348965969868004
Switchgrass,RGB2,J458.C_D_T3.15.2023_I APPL 120,2023-04-08 16:10:00,1,1,2,2023-04-8_RgbImage_2023-04-08_16-10-00.png,Switchgrass_J458.C_D_T3.15.2023_I APPL 120,0.9599617994763829,1.485382592305541
Switchgrass,RGB1,J576.A_WW_T3.14.2023_I APPL 263,2023-03-31 10:42:10,1,1,2,2023-03-31_RgbImage_2023-03-31_10-42-09.png,Switchgrass_J576.A_WW_T3.14.2023_I APPL 263,0.9599159535979425,3.1278690276667476
Switchgrass,RGB2,J576.A_WW_T3.14.2023_I APPL 263,2023-03-31 10:41:30,1,1,2,2023-03-31_RgbImage_2023-03-31_10-41-29.png,Switchgrass_J576.A_WW_T3.14.2023_I APPL 263,0.9579558202973903,1.4751607761718333
Switchgrass,RGB1,J008.D_D_I APPL 5,2022-11-30 10:37:07,1,1,3,2022-11-30_RgbImage_2022-11-30_10-37-07.png,Switchgrass_J008.D_D_I APPL 5,0.9270876899501118,3.286728221923113
Switchgrass,RGB2,J008.D_D_I APPL 5,2022-11-30 10:35:00,1,1,3,2022-11-30_RgbImage_2022-11-30_10-35-00.png,Switchgrass_J008.D_D_I APPL 5,0.9723286925994132,1.4789035026915371
Switchgrass,RGB1,J327.A_WW_T3.12.2023_I APPL 418,2023-03-29 14:40:20,1,1,3,2023-03-29_RgbImage_2023-03-29_14-40-20.png,Switchgrass_J327.A_WW_T3.12.2023_I APPL 418,0.9668556195497436,3.094496934209019
Switchgrass,RGB2,J327.A_WW_T3.12.2023_I APPL 418,2023-03-29 14:39:45,1,1,3,2023-03-29_RgbImage_2023-03-29_14-39-44.png,Switchgrass_J327.A_WW_T3.12.2023_I APPL 418,0.9715688406924676,1.4790720297023654
Switchgrass,RGB1,J458.B_WW_T3.14.2023_I APPL 252,2023-04-22 11:54:58,1,1,3,2023-04-22_RgbImage_2023-04-22_11-54-58.png,Switchgrass_J458.B_WW_T3.14.2023_I APPL 252,0.9669629230632175,3.2337291100993752
Switchgrass,RGB2,J458.B_WW_T3.14.2023_I APPL 252,2023-04-22 11:54:24,1,1,3,2023-04-22_RgbImage_2023-04-22_11-54-23.png,Switchgrass_J458.B_WW_T3.14.2023_I APPL 252,0.9591956355113318,1.4873839253559709
Switchgrass,RGB1,J586.B_WW_T3.16.2023_I APPL 63,2023-04-17 11:31:22,1,1,3,2023-04-17_RgbImage_2023-04-17_11-31-22.png,Switchgrass_J586.B_WW_T3.16.2023_I APPL 63,0.952599074849767,3.087063279002905
Switchgrass,RGB2,J586.B_WW_T3.16.2023_I APPL 63,2023-04-17 11:30:43,1,1,3,2023-04-17_RgbImage_2023-04-17_11-30-42.png,Switchgrass_J586.B_WW_T3.16.2023_I APPL 63,0.9707054733448368,1.4849288649857044
Switchgrass,RGB1,J182.A_WW_T3.13.2023_I APPL 385,2023-04-20 07:26:07,1,1,4,2023-04-20_RgbImage_2023-04-20_07-26-07.png,Switchgrass_J182.A_WW_T3.13.2023_I APPL 385,0.9568506048773697,3.2123431167565286
Switchgrass,RGB2,J182.A_WW_T3.13.2023_I APPL 385,2023-04-20 07:25:29,1,1,4,2023-04-20_RgbImage_2023-04-20_07-25-28.png,Switchgrass_J182.A_WW_T3.13.2023_I APPL 385,0.9603396647606162,1.4651980502530932
Switchgrass,RGB1,J215.A_WW_I APPL 152,2022-12-15 13:53:38,1,1,4,2022-12-15_RgbImage_2022-12-15_13-53-38.png,Switchgrass_J215.A_WW_I APPL 152,0.9599503698701922,3.1564021231606603
Switchgrass,RGB1,J215.A_WW_I APPL 152,2022-12-06 13:55:05,1,1,4,2022-12-6_RgbImage_2022-12-06_13-55-04.png,Switchgrass_J215.A_WW_I APPL 152,0.9456582102740576,3.1929786670953035
Switchgrass,RGB2,J215.A_WW_I APPL 152,2022-12-15 13:51:37,1,1,4,2022-12-15_RgbImage_2022-12-15_13-51-37.png,Switchgrass_J215.A_WW_I APPL 152,0.9647146784395503,1.5074034738354385
Switchgrass,RGB2,J215.A_WW_I APPL 152,2022-12-06 13:53:04,1,1,4,2022-12-6_RgbImage_2022-12-06_13-53-04.png,Switchgrass_J215.A_WW_I APPL 152,0.9533602907306477,1.5018469402566552
Switchgrass,RGB1,J477.B_WW_T3.16.2023_I APPL 38,2023-04-10 14:27:24,1,1,4,2023-04-10_RgbImage_2023-04-10_14-27-24.png,Switchgrass_J477.B_WW_T3.16.2023_I APPL 38,0.9745157909129357,3.242226595059037
Switchgrass,RGB2,J477.B_WW_T3.16.2023_I APPL 38,2023-04-10 14:26:45,1,1,4,2023-04-10_RgbImage_2023-04-10_14-26-45.png,Switchgrass_J477.B_WW_T3.16.2023_I APPL 38,0.9770846208844736,1.4880463788285851
Switchgrass,RGB1,J235.A_D_T3.13.2023_I APPL 297,2023-04-14 23:05:00,1,2,0,2023-04-14_RgbImage_2023-04-14_23-04-59.png,Switchgrass_J235.A_D_T3.13.2023_I APPL 297,0.9656881611328874,3.2249898482114077
Switchgrass,RGB2,J235.A_D_T3.13.2023_I APPL 297,2023-04-14 23:04:19,1,2,0,2023-04-14_RgbImage_2023-04-14_23-04-18.png,Switchgrass_J235.A_D_T3.13.2023_I APPL 297,0.9538512326972896,1.4869623580016196
Switchgrass,RGB1,J251.B_WW_T3.12.2023_I APPL 518,2023-04-05 09:31:13,1,2,0,2023-04-5_RgbImage_2023-04-05_09-31-12.png,Switchgrass_J251.B_WW_T3.12.2023_I APPL 518,0.9847785371624467,3.07098814798519
Switchgrass,RGB2,J251.B_WW_T3.12.2023_I APPL 518,2023-04-05 09:30:38,1,2,0,2023-04-5_RgbImage_2023-04-05_09-30-37.png,Switchgrass_J251.B_WW_T3.12.2023_I APPL 518,0.9743725347614319,1.480169815942645
Switchgrass,RGB1,J587.C_D_T3.16.2023_I APPL 37,2023-04-10 14:35:46,1,2,0,2023-04-10_RgbImage_2023-04-10_14-35-46.png,Switchgrass_J587.C_D_T3.16.2023_I APPL 37,0.9545591663242876,3.171782572288066
Switchgrass,RGB2,J587.C_D_T3.16.2023_I APPL 37,2023-04-10 14:35:06,1,2,0,2023-04-10_RgbImage_2023-04-10_14-35-05.png,Switchgrass_J587.C_D_T3.16.2023_I APPL 37,0.9736257572359568,1.4842265658080578
Switchgrass,RGB1,J306.A_WW_T3.12.2023_I APPL 437,2023-04-12 12:14:51,1,2,1,2023-04-12_RgbImage_2023-04-12_12-14-51.png,Switchgrass_J306.A_WW_T3.12.2023_I APPL 437,0.9324962738816449,3.0980114890262485
Switchgrass,RGB2,J306.A_WW_T3.12.2023_I APPL 437,2023-04-12 12:14:12,1,2,1,2023-04-12_RgbImage_2023-04-12_12-14-11.png,Switchgrass_J306.A_WW_T3.12.2023_I APPL 437,0.9722912327080674,1.5011894572526217
Switchgrass,RGB1,J621.C_WW_T3.16.2023_I APPL 73,2023-04-17 10:07:22,1,2,1,2023-04-17_RgbImage_2023-04-17_10-07-22.png,Switchgrass_J621.C_WW_T3.16.2023_I APPL 73,0.9287861175692096,3.175970250274986
Switchgrass,RGB2,J621.C_WW_T3.16.2023_I APPL 73,2023-04-17 10:06:45,1,2,1,2023-04-17_RgbImage_2023-04-17_10-06-44.png,Switchgrass_J621.C_WW_T3.16.2023_I APPL 73,0.9620998087203418,1.4874604512006044
Switchgrass,RGB1,Rambo 5_D_T3.15.2023_I APPL 138,2023-04-16 13:55:15,1,2,1,2023-04-16_RgbImage_2023-04-16_13-55-15.png,Switchgrass_Rambo 5_D_T3.15.2023_I APPL 138,0.9387733001234606,3.103606487158686
Switchgrass,RGB2,Rambo 5_D_T3.15.2023_I APPL 138,2023-04-16 13:54:36,1,2,1,2023-04-16_RgbImage_2023-04-16_13-54-36.png,Switchgrass_Rambo 5_D_T3.15.2023_I APPL 138,0.9719699594180814,1.5115824658423662
Switchgrass,RGB1,AP13_D_I APPL 261,2022-12-06 11:41:05,1,2,2,2022-12-6_RgbImage_2022-12-06_11-41-04.png,Switchgrass_AP13_D_I APPL 261,0.9579562242111871,3.2371505391784012
Switchgrass,RGB2,AP13_D_I APPL 261,2022-12-06 11:40:26,1,2,2,2022-12-6_RgbImage_2022-12-06_11-40-25.png,Switchgrass_AP13_D_I APPL 261,0.9524369724915197,1.498219212051481
Switchgrass,RGB1,J008.D_Xtra_I APPL 122,2022-12-08 17:19:01,1,2,2,2022-12-8_RgbImage_2022-12-08_17-19-00.png,Switchgrass_J008.D_Xtra_I APPL 122,0.9462894860919727,3.1574137969873846
Switchgrass,RGB2,J008.D_Xtra_I APPL 122,2022-12-08 17:18:22,1,2,2,2022-12-8_RgbImage_2022-12-08_17-18-21.png,Switchgrass_J008.D_Xtra_I APPL 122,0.9736031449379803,1.4669060399755836
Switchgrass,RGB1,J306.B_WW_T3.12.2023_I APPL 517,2023-03-29 07:19:54,1,2,2,2023-03-29_RgbImage_2023-03-29_07-19-53.png,Switchgrass_J306.B_WW_T3.12.2023_I APPL 517,0.9670264809708289,3.232124456204474
Switchgrass,RGB2,J306.B_WW_T3.12.2023_I APPL 517,2023-03-29 07:19:14,1,2,2,2023-03-29_RgbImage_2023-03-29_07-19-14.png,Switchgrass_J306.B_WW_T3.12.2023_I APPL 517,0.9478220396991222,1.5218662591651082
Switchgrass,RGB1,J215.A_D_I APPL 121,2022-11-30 16:33:11,1,2,3,2022-11-30_RgbImage_2022-11-30_16-33-11.png,Switchgrass_J215.A_D_I APPL 121,0.9364088031577501,3.141114231199026
Switchgrass,RGB2,J215.A_D_I APPL 121,2022-11-30 16:31:50,1,2,3,2022-11-30_RgbImage_2022-11-30_16-31-50.png,Switchgrass_J215.A_D_I APPL 121,0.9374016135387471,1.5016520409844816
Switchgrass,RGB1,J215.A_D_I APPL 4,2022-11-30 10:45:17,1,2,3,2022-11-30_RgbImage_2022-11-30_10-45-16.png,Switchgrass_J215.A_D_I APPL 4,0.9744344374351122,3.274189115036279
Switchgrass,RGB2,J215.A_D_I APPL 4,2022-11-30 10:43:17,1,2,3,2022-11-30_RgbImage_2022-11-30_10-43-16.png,Switchgrass_J215.A_D_I APPL 4,0.9582171141806509,1.4654052732512355
Switchgrass,RGB1,J215.A_WW_I APPL 131,2022-12-11 15:14:55,1,2,3,2022-12-11_RgbImage_2022-12-11_15-14-55.png,Switchgrass_J215.A_WW_I APPL 131,0.9550643265044668,3.15599053632468
Switchgrass,RGB2,J215.A_WW_I APPL 131,2022-12-11 15:13:36,1,2,3,2022-12-11_RgbImage_2022-12-11_15-13-35.png,Switchgrass_J215.A_WW_I APPL 131,0.9628971423713415,1.4931418616324663
Switchgrass,RGB1,J618.A_WW_T3.14.2023_I APPL 255,2023-04-15 11:30:34,1,2,3,2023-04-15_RgbImage_2023-04-15_11-30-33.png,Switchgrass_J618.A_WW_T3.14.2023_I APPL 255,0.9646990241596658,3.251263710670173
Switchgrass,RGB2,J618.A_WW_T3.14.2023_I APPL 255,2023-04-15 11:29:56,1,2,3,2023-04-15_RgbImage_2023-04-15_11-29-56.png,Switchgrass_J618.A_WW_T3.14.2023_I APPL 255,0.9630021701160791,1.4655427830293775
Switchgrass,RGB1,J215.A_D_I APPL 121,2022-11-27 16:33:59,1,2,4,2022-11-27_RgbImage_2022-11-27_16-33-59.png,Switchgrass_J215.A_D_I APPL 121,0.9036836823883754,3.0709805339574814
Switchgrass,RGB1,J215.A_D_I APPL 121,2022-12-08 16:30:26,1,2,4,2022-12-8_RgbImage_2022-12-08_16-30-25.png,Switchgrass_J215.A_D_I APPL 121,0.9265803503429808,3.2114125988446176
Switchgrass,RGB2,J215.A_D_I APPL 121,2022-11-27 16:32:39,1,2,4,2022-11-27_RgbImage_2022-11-27_16-32-39.png,Switchgrass_J215.A_D_I APPL 121,0.9489994395551214,1.4600401790812612
Switchgrass,RGB2,J215.A_D_I APPL 121,2022-12-08 16:29:07,1,2,4,2022-12-8_RgbImage_2022-12-08_16-29-07.png,Switchgrass_J215.A_D_I APPL 121,0.9242093190385942,1.4869193071499467
Switchgrass,RGB1,J215.A_WW_I APPL 21,2022-12-11 12:14:41,1,2,4,2022-12-11_RgbImage_2022-12-11_12-14-41.png,Switchgrass_J215.A_WW_I APPL 21,0.947716201226361,3.1663727648556232
Switchgrass,RGB2,J215.A_WW_I APPL 21,2022-12-11 12:12:36,1,2,4,2022-12-11_RgbImage_2022-12-11_12-12-35.png,Switchgrass_J215.A_WW_I APPL 21,0.9417469843013528,1.4665135177783668
Switchgrass,RGB1,VS16_D_I APPL 124,2022-12-15 16:53:50,1,2,4,2022-12-15_RgbImage_2022-12-15_16-53-50.png,Switchgrass_VS16_D_I APPL 124,0.9466490671314943,3.1589032630436122
Switchgrass,RGB2,VS16_D_I APPL 124,2022-12-15 16:51:46,1,2,4,2022-12-15_RgbImage_2022-12-15_16-51-45.png,Switchgrass_VS16_D_I APPL 124,0.9631034959785834,1.4485518587753177
Switchgrass,RGB1,J008.B_WW_T3.13.2023_I APPL 330,2023-04-14 19:05:41,1,3,0,2023-04-14_RgbImage_2023-04-14_19-05-41.png,Switchgrass_J008.B_WW_T3.13.2023_I APPL 330,0.9764279281414978,3.0691405748948455
Switchgrass,RGB2,J008.B_WW_T3.13.2023_I APPL 330,2023-04-14 19:05:10,1,3,0,2023-04-14_RgbImage_2023-04-14_19-05-10.png,Switchgrass_J008.B_WW_T3.13.2023_I APPL 330,0.9429955058701122,1.4741979870013893
Switchgrass,RGB1,J484.A_D_T3.16.2023_I APPL 50,2023-04-17 13:02:39,1,3,0,2023-04-17_RgbImage_2023-04-17_13-02-39.png,Switchgrass_J484.A_D_T3.16.2023_I APPL 50,0.9380481367736211,3.1734415288083255
Switchgrass,RGB2,J484.A_D_T3.16.2023_I APPL 50,2023-04-17 13:02:00,1,3,0,2023-04-17_RgbImage_2023-04-17_13-01-59.png,Switchgrass_J484.A_D_T3.16.2023_I APPL 50,0.9491396495652458,1.462689507752657
Switchgrass,RGB1,J587.C_D_T3.16.2023_I APPL 37,2023-04-17 14:33:58,1,3,0,2023-04-17_RgbImage_2023-04-17_14-33-57.png,Switchgrass_J587.C_D_T3.16.2023_I APPL 37,0.9499161838664976,3.0947935758158565
Switchgrass,RGB2,J587.C_D_T3.16.2023_I APPL 37,2023-04-17 14:33:20,1,3,0,2023-04-17_RgbImage_2023-04-17_14-33-19.png,Switchgrass_J587.C_D_T3.16.2023_I APPL 37,0.9263730448805308,1.484821000136435
Switchgrass,RGB1,AP13_D_I APPL 261,2022-12-16 11:40:58,1,3,1,2022-12-16_RgbImage_2022-12-16_11-40-58.png,Switchgrass_AP13_D_I APPL 261,0.9706763328468976,3.2027627946808934
Switchgrass,RGB2,AP13_D_I APPL 261,2022-12-16 11:39:42,1,3,1,2022-12-16_RgbImage_2022-12-16_11-39-42.png,Switchgrass_AP13_D_I APPL 261,0.9524497312470731,1.455257838126272
Switchgrass,RGB1,J216.A_WW_T3.14.2023_I APPL 209,2023-04-15 17:18:06,1,3,1,2023-04-15_RgbImage_2023-04-15_17-18-05.png,Switchgrass_J216.A_WW_T3.14.2023_I APPL 209,0.9791636553519636,3.1214781259186566
Switchgrass,RGB2,J216.A_WW_T3.14.2023_I APPL 209,2023-04-15 17:17:33,1,3,1,2023-04-15_RgbImage_2023-04-15_17-17-32.png,Switchgrass_J216.A_WW_T3.14.2023_I APPL 209,0.9713741690391363,1.487460610922426
Switchgrass,RGB1,VS16_D_I APPL 60,2023-02-04 13:13:21,1,3,1,2023-02-4_RgbImage_2023-02-04_13-13-20.png,Switchgrass_VS16_D_I APPL 60,0.9524379544174792,3.166311568580568
Switchgrass,RGB1,VS16_D_I APPL 60,2023-01-23 13:34:16,1,3,1,2023-01-23_RgbImage_2023-01-23_13-34-15.png,Switchgrass_VS16_D_I APPL 60,0.9613688212931953,3.215172987896949
Switchgrass,RGB2,VS16_D_I APPL 60,2023-02-04 13:11:22,1,3,1,2023-02-4_RgbImage_2023-02-04_13-11-21.png,Switchgrass_VS16_D_I APPL 60,0.9210131678966186,1.4838884267956018
Switchgrass,RGB2,VS16_D_I APPL 60,2023-01-23 13:32:16,1,3,1,2023-01-23_RgbImage_2023-01-23_13-32-15.png,Switchgrass_VS16_D_I APPL 60,0.9198495119554804,1.437753353267908
Switchgrass,RGB1,AP13_D_I APPL 261,2022-12-15 11:40:59,1,3,2,2022-12-15_RgbImage_2022-12-15_11-40-58.png,Switchgrass_AP13_D_I APPL 261,0.9690851056200227,3.1357323159463704
Switchgrass,RGB2,AP13_D_I APPL 261,2022-12-15 11:39:41,1,3,2,2022-12-15_RgbImage_2022-12-15_11-39-41.png,Switchgrass_AP13_D_I APPL 261,0.9576832235904158,1.470272653736174
Switchgrass,RGB1,J215.A_WW_I APPL 131,2022-12-06 15:17:05,1,3,2,2022-12-6_RgbImage_2022-12-06_15-17-04.png,Switchgrass_J215.A_WW_I APPL 131,0.9494875749477583,3.2096713869832456
Switchgrass,RGB2,J215.A_WW_I APPL 131,2022-12-06 15:15:03,1,3,2,2022-12-6_RgbImage_2022-12-06_15-15-03.png,Switchgrass_J215.A_WW_I APPL 131,0.931400930779226,1.456070083193481
Switchgrass,RGB1,J477.B_D_T3.16.2023_I APPL 68,2023-04-02 10:51:30,1,3,2,2023-04-2_RgbImage_2023-04-02_10-51-29.png,Switchgrass_J477.B_D_T3.16.2023_I APPL 68,0.9539075436364464,3.153634742833674
Switchgrass,RGB2,J477.B_D_T3.16.2023_I APPL 68,2023-04-02 10:50:48,1,3,2,2023-04-2_RgbImage_2023-04-02_10-50-48.png,Switchgrass_J477.B_D_T3.16.2023_I APPL 68,0.9647411342087208,1.4689999190159142
Switchgrass,RGB1,J182.A_WW_T3.13.2023_I APPL 385,2023-03-30 07:26:15,1,3,3,2023-03-30_RgbImage_2023-03-30_07-26-14.png,Switchgrass_J182.A_WW_T3.13.2023_I APPL 385,0.953685849897032,3.258615472353995
Switchgrass,RGB2,J182.A_WW_T3.13.2023_I APPL 385,2023-03-30 07:25:32,1,3,3,2023-03-30_RgbImage_2023-03-30_07-25-32.png,Switchgrass_J182.A_WW_T3.13.2023_I APPL 385,0.9588305598977874,1.4992960379458964
Switchgrass,RGB1,J215.A_WW_I APPL 221,2022-11-25 14:20:42,1,3,3,2022-11-25_RgbImage_2022-11-25_14-20-42.png,Switchgrass_J215.A_WW_I APPL 221,0.9475905656463146,3.2108636908233166
Switchgrass,RGB2,J215.A_WW_I APPL 221,2022-11-25 14:20:03,1,3,3,2022-11-25_RgbImage_2022-11-25_14-20-03.png,Switchgrass_J215.A_WW_I APPL 221,0.9522397052359688,1.4826953108422458
Switchgrass,RGB1,J335.A_WW_T3.13.2023_I APPL 383,2023-04-06 07:42:46,1,3,3,2023-04-6_RgbImage_2023-04-06_07-42-46.png,Switchgrass_J335.A_WW_T3.13.2023_I APPL 383,0.9600734577500336,3.1621240829117596
Switchgrass,RGB2,J335.A_WW_T3.13.2023_I APPL 383,2023-04-06 07:42:05,1,3,3,2023-04-6_RgbImage_2023-04-06_07-42-05.png,Switchgrass_J335.A_WW_T3.13.2023_I APPL 383,0.9651665236726439,1.493820695206523
Switchgrass,RGB1,J502.A_D_T3.15.2023_I APPL 148,2023-04-24 12:47:58,1,3,3,2023-04-24_RgbImage_2023-04-24_12-47-58.png,Switchgrass_J502.A_D_T3.15.2023_I APPL 148,0.9508129739349523,3.244876326061785
Switchgrass,RGB2,J502.A_D_T3.15.2023_I APPL 148,2023-04-24 12:47:17,1,3,3,2023-04-24_RgbImage_2023-04-24_12-47-17.png,Switchgrass_J502.A_D_T3.15.2023_I APPL 148,0.9456203988559986,1.483849264215678
Switchgrass,RGB1,J461.B_D_T3.13.2023_I APPL 295,2023-04-28 18:24:03,1,3,4,2023-04-28_RgbImage_2023-04-28_18-24-03.png,Switchgrass_J461.B_D_T3.13.2023_I APPL 295,0.9685630347608591,3.15524340281263
Switchgrass,RGB2,J461.B_D_T3.13.2023_I APPL 295,2023-04-28 18:23:26,1,3,4,2023-04-28_RgbImage_2023-04-28_18-23-25.png,Switchgrass_J461.B_D_T3.13.2023_I APPL 295,0.9607571809388062,1.4798320578411222
Switchgrass,RGB1,J498.B_D_T3.14.2023_I APPL 257,2023-05-05 11:14:04,1,3,4,2023-05-5_RgbImage_2023-05-05_11-14-04.png,Switchgrass_J498.B_D_T3.14.2023_I APPL 257,0.9627068008719937,3.2617978993803263
Switchgrass,RGB2,J498.B_D_T3.14.2023_I APPL 257,2023-05-05 11:13:26,1,3,4,2023-05-5_RgbImage_2023-05-05_11-13-25.png,Switchgrass_J498.B_D_T3.14.2023_I APPL 257,0.9607089472561036,1.5057659386657178
Switchgrass,RGB1,J502.A_D_T3.15.2023_I APPL 148,2023-04-08 12:50:25,1,3,4,2023-04-8_RgbImage_2023-04-08_12-50-24.png,Switchgrass_J502.A_D_T3.15.2023_I APPL 148,0.9482728762312564,3.133819248061627
Switchgrass,RGB2,J502.A_D_T3.15.2023_I APPL 148,2023-04-08 12:49:44,1,3,4,2023-04-8_RgbImage_2023-04-08_12-49-43.png,Switchgrass_J502.A_D_T3.15.2023_I APPL 148,0.9559102435707394,1.4882154078222811
Switchgrass,RGB1,VS16_D_I APPL 2,2022-11-30 11:35:01,1,3,4,2022-11-30_RgbImage_2022-11-30_11-35-01.png,Switchgrass_VS16_D_I APPL 2,0.9733470607992394,3.23523930599913
Switchgrass,RGB2,VS16_D_I APPL 2,2022-11-30 11:32:59,1,3,4,2022-11-30_RgbImage_2022-11-30_11-32-58.png,Switchgrass_VS16_D_I APPL 2,0.975741451972325,1.4775385716930032
Switchgrass,RGB1,J026.B_WW_T3.16.2023_I APPL 20,2023-04-10 16:41:58,1,4,0,2023-04-10_RgbImage_2023-04-10_16-41-58.png,Switchgrass_J026.B_WW_T3.16.2023_I APPL 20,0.9736287058023815,3.122304468881339
Switchgrass,RGB2,J026.B_WW_T3.16.2023_I APPL 20,2023-04-10 16:41:20,1,4,0,2023-04-10_RgbImage_2023-04-10_16-41-19.png,Switchgrass_J026.B_WW_T3.16.2023_I APPL 20,0.9736101733065101,1.520497261080891
Switchgrass,RGB1,J279.A_D_T3.12.2023_I APPL 397,2023-04-26 17:05:20,1,4,0,2023-04-26_RgbImage_2023-04-26_17-05-19.png,Switchgrass_J279.A_D_T3.12.2023_I APPL 397,0.9583033616268745,3.2059718118980527
Switchgrass,RGB2,J279.A_D_T3.12.2023_I APPL 397,2023-04-26 17:04:40,1,4,0,2023-04-26_RgbImage_2023-04-26_17-04-39.png,Switchgrass_J279.A_D_T3.12.2023_I APPL 397,0.9604952638072917,1.4631710080429912
Switchgrass,RGB1,J317.A_D_I APPL 6,2022-12-17 10:27:23,1,4,0,2022-12-17_RgbImage_2022-12-17_10-27-22.png,Switchgrass_J317.A_D_I APPL 6,0.9625650120888675,3.1471436209976673
Switchgrass,RGB2,J317.A_D_I APPL 6,2022-12-17 10:26:09,1,4,0,2022-12-17_RgbImage_2022-12-17_10-26-08.png,Switchgrass_J317.A_D_I APPL 6,0.9755113216982085,1.4701007399708033
Switchgrass,RGB1,J614.B_D_T3.14.2023_I APPL 230,2023-04-22 14:40:18,1,4,0,2023-04-22_RgbImage_2023-04-22_14-40-17.png,Switchgrass_J614.B_D_T3.14.2023_I APPL 230,0.9567793484008291,3.255258435383439
Switchgrass,RGB2,J614.B_D_T3.14.2023_I APPL 230,2023-04-22 14:39:40,1,4,0,2023-04-22_RgbImage_2023-04-22_14-39-39.png,Switchgrass_J614.B_D_T3.14.2023_I APPL 230,0.9556752998438809,1.5179664460010827
Switchgrass,RGB1,J008.D_WW_I APPL 15,2022-11-30 10:19:15,1,4,1,2022-11-30_RgbImage_2022-11-30_10-19-15.png,Switchgrass_J008.D_WW_I APPL 15,0.9698649626533437,3.130921179894358
Switchgrass,RGB1,J008.D_WW_I APPL 15,2022-11-29 10:19:17,1,4,1,2022-11-29_RgbImage_2022-11-29_10-19-17.png,Switchgrass_J008.D_WW_I APPL 15,0.9811651067842272,3.1711548771709204
Switchgrass,RGB2,J008.D_WW_I APPL 15,2022-11-30 10:18:30,1,4,1,2022-11-30_RgbImage_2022-11-30_10-18-30.png,Switchgrass_J008.D_WW_I APPL 15,0.9820078901417121,1.511299251113087
Switchgrass,RGB2,J008.D_WW_I APPL 15,2022-11-29 10:18:31,1,4,1,2022-11-29_RgbImage_2022-11-29_10-18-31.png,Switchgrass_J008.D_WW_I APPL 15,0.9785891191462696,1.481038108933717
Switchgrass,RGB1,J317.A_WW_I APPL 225,2022-12-11 14:50:54,1,4,1,2022-12-11_RgbImage_2022-12-11_14-50-53.png,Switchgrass_J317.A_WW_I APPL 225,0.9644403253540589,3.2148327748291194
Switchgrass,RGB2,J317.A_WW_I APPL 225,2022-12-11 14:48:56,1,4,1,2022-12-11_RgbImage_2022-12-11_14-48-55.png,Switchgrass_J317.A_WW_I APPL 225,0.9530266460562661,1.5415672860108316
Switchgrass,RGB1,J008.D_D_I APPL 338,2022-12-15 11:57:21,1,4,2,2022-12-15_RgbImage_2022-12-15_11-57-21.png,Switchgrass_J008.D_D_I APPL 338,0.9659638512629554,3.23606986599043
Switchgrass,RGB2,J008.D_D_I APPL 338,2022-12-15 11:56:01,1,4,2,2022-12-15_RgbImage_2022-12-15_11-56-00.png,Switchgrass_J008.D_D_I APPL 338,0.9780757842833554,1.4466107790358365
Switchgrass,RGB1,J303.A_WW_T3.15.2023_I APPL 152,2023-04-24 12:14:21,1,4,2,2023-04-24_RgbImage_2023-04-24_12-14-21.png,Switchgrass_J303.A_WW_T3.15.2023_I APPL 152,0.9582485009065742,3.1295662890188396
Switchgrass,RGB2,J303.A_WW_T3.15.2023_I APPL 152,2023-04-24 12:13:44,1,4,2,2023-04-24_RgbImage_2023-04-24_12-13-44.png,Switchgrass_J303.A_WW_T3.15.2023_I APPL 152,0.9231508748026006,1.447185775730759
Switchgrass,RGB1,J586.A_WW_T3.14.2023_I APPL 215,2023-04-07 16:34:22,1,4,2,2023-04-7_RgbImage_2023-04-07_16-34-22.png,Switchgrass_J586.A_WW_T3.14.2023_I APPL 215,0.9727999655151095,3.1642820830456913
Switchgrass,RGB2,J586.A_WW_T3.14.2023_I APPL 215,2023-04-07 16:33:47,1,4,2,2023-04-7_RgbImage_2023-04-07_16-33-47.png,Switchgrass_J586.A_WW_T3.14.2023_I APPL 215,0.9606992258095497,1.5082722790539265
Switchgrass,RGB1,J248.A_WW_T3.13.2023_I APPL 368,2023-03-30 09:31:27,1,4,3,2023-03-30_RgbImage_2023-03-30_09-31-26.png,Switchgrass_J248.A_WW_T3.13.2023_I APPL 368,0.9649291170994787,3.076317885890603
Switchgrass,RGB1,J248.A_WW_T3.13.2023_I APPL 368,2023-04-06 09:30:54,1,4,3,2023-04-6_RgbImage_2023-04-06_09-30-53.png,Switchgrass_J248.A_WW_T3.13.2023_I APPL 368,0.9492749430812476,3.1229473841376603
Switchgrass,RGB2,J248.A_WW_T3.13.2023_I APPL 368,2023-03-30 09:30:49,1,4,3,2023-03-30_RgbImage_2023-03-30_09-30-48.png,Switchgrass_J248.A_WW_T3.13.2023_I APPL 368,0.9606457868956096,1.480688194744289
Switchgrass,RGB2,J248.A_WW_T3.13.2023_I APPL 368,2023-04-06 09:30:17,1,4,3,2023-04-6_RgbImage_2023-04-06_09-30-17.png,Switchgrass_J248.A_WW_T3.13.2023_I APPL 368,0.9577318020973572,1.4655313198454678
Switchgrass,RGB1,J587.B_WW_T3.15.2023_I APPL 164,2023-04-16 10:52:01,1,4,3,2023-04-16_RgbImage_2023-04-16_10-52-00.png,Switchgrass_J587.B_WW_T3.15.2023_I APPL 164,0.9702197788452382,3.1523088361136615
Switchgrass,RGB2,J587.B_WW_T3.15.2023_I APPL 164,2023-04-16 10:51:25,1,4,3,2023-04-16_RgbImage_2023-04-16_10-51-25.png,Switchgrass_J587.B_WW_T3.15.2023_I APPL 164,0.964296446267858,1.4902791609056294
Switchgrass,RGB1,VS16_D_I APPL 2,2022-11-27 11:34:38,1,4,3,2022-11-27_RgbImage_2022-11-27_11-34-38.png,Switchgrass_VS16_D_I APPL 2,0.9574156776869109,3.1335798259824514
Switchgrass,RGB2,VS16_D_I APPL 2,2022-11-27 11:33:18,1,4,3,2022-11-27_RgbImage_2022-11-27_11-33-17.png,Switchgrass_VS16_D_I APPL 2,0.9787593919274593,1.4631057661026716
Switchgrass,RGB1,VS16_WW_I APPL 10,2022-12-17 11:49:10,1,4,4,2022-12-17_RgbImage_2022-12-17_11-49-09.png,Switchgrass_VS16_WW_I APPL 10,0.9469885286873503,3.0825050231069326
Switchgrass,RGB1,VS16_WW_I APPL 10,2022-12-16 11:49:10,1,4,4,2022-12-16_RgbImage_2022-12-16_11-49-10.png,Switchgrass_VS16_WW_I APPL 10,0.9636859388406035,3.1203912626951933
Switchgrass,RGB2,VS16_WW_I APPL 10,2022-12-17 11:47:49,1,4,4,2022-12-17_RgbImage_2022-12-17_11-47-49.png,Switchgrass_VS16_WW_I APPL 10,0.9691704585229981,1.481062201783061
Switchgrass,RGB2,VS16_WW_I APPL 10,2022-12-16 11:47:51,1,4,4,2022-12-16_RgbImage_2022-12-16_11-47-50.png,Switchgrass_VS16_WW_I APPL 10,0.9659045020203872,1.450172970071435
Switchgrass,RGB1,AP13_WW_I APPL 133,2022-12-30 13:52:09,2,0,0,2022-12-30_RgbImage_2022-12-30_13-52-09.png,Switchgrass_AP13_WW_I APPL 133,0.9721725117680667,3.2010719450190663
Switchgrass,RGB2,AP13_WW_I APPL 133,2022-12-30 13:50:51,2,0,0,2022-12-30_RgbImage_2022-12-30_13-50-50.png,Switchgrass_AP13_WW_I APPL 133,0.9781762457506977,1.4491098602302372
Switchgrass,RGB1,J250.C_D_T3.13.2023_I APPL 358,2023-04-06 10:39:04,2,0,0,2023-04-6_RgbImage_2023-04-06_10-39-04.png,Switchgrass_J250.C_D_T3.13.2023_I APPL 358,0.9631145149054092,3.1636936138384044
Switchgrass,RGB2,J250.C_D_T3.13.2023_I APPL 358,2023-04-06 10:38:23,2,0,0,2023-04-6_RgbImage_2023-04-06_10-38-23.png,Switchgrass_J250.C_D_T3.13.2023_I APPL 358,0.9754307284859067,1.4462368991225958
Switchgrass,RGB1,J458.C_D_T3.15.2023_I APPL 120,2023-04-16 16:07:58,2,0,1,2023-04-16_RgbImage_2023-04-16_16-07-58.png,Switchgrass_J458.C_D_T3.15.2023_I APPL 120,0.9639684697695251,3.065940496046096
Switchgrass,RGB2,J458.C_D_T3.15.2023_I APPL 120,2023-04-16 16:07:23,2,0,1,2023-04-16_RgbImage_2023-04-16_16-07-22.png,Switchgrass_J458.C_D_T3.15.2023_I APPL 120,0.9440382305325636,1.4471431910060346
Switchgrass,RGB1,J466.A_WW_T3.15.2023_I APPL 107,2023-04-24 17:54:55,2,0,1,2023-04-24_RgbImage_2023-04-24_17-54-54.png,Switchgrass_J466.A_WW_T3.15.2023_I APPL 107,0.9674732386899207,3.198518617078662
Switchgrass,RGB2,J466.A_WW_T3.15.2023_I APPL 107,2023-04-24 17:54:22,2,0,1,2023-04-24_RgbImage_2023-04-24_17-54-21.png,Switchgrass_J466.A_WW_T3.15.2023_I APPL 107,0.9595919890203486,1.45783672016114
Switchgrass,RGB1,J598.B_WW_T3.14.2023_I APPL 238,2023-04-15 13:35:02,2,0,1,2023-04-15_RgbImage_2023-04-15_13-35-02.png,Switchgrass_J598.B_WW_T3.14.2023_I APPL 238,0.9697113192325761,3.0827530124224722
Switchgrass,RGB2,J598.B_WW_T3.14.2023_I APPL 238,2023-04-15 13:34:33,2,0,1,2023-04-15_RgbImage_2023-04-15_13-34-32.png,Switchgrass_J598.B_WW_T3.14.2023_I APPL 238,0.9365967499740008,1.4639916666783392
Switchgrass,RGB1,J602.A_D_T3.14.2023_I APPL 288,2023-04-22 07:28:51,2,0,2,2023-04-22_RgbImage_2023-04-22_07-28-50.png,Switchgrass_J602.A_D_T3.14.2023_I APPL 288,0.968180815385645,3.1681167059578
Switchgrass,RGB2,J602.A_D_T3.14.2023_I APPL 288,2023-04-22 07:28:14,2,0,2,2023-04-22_RgbImage_2023-04-22_07-28-14.png,Switchgrass_J602.A_D_T3.14.2023_I APPL 288,0.9501992310773874,1.464978442993015
Switchgrass,RGB1,J215.A_WW_I APPL 152,2022-12-30 13:44:01,2,0,3,2022-12-30_RgbImage_2022-12-30_13-44-00.png,Switchgrass_J215.A_WW_I APPL 152,0.9736194694360396,3.0942484163679183
Switchgrass,RGB2,J215.A_WW_I APPL 152,2022-12-30 13:42:44,2,0,3,2022-12-30_RgbImage_2022-12-30_13-42-43.png,Switchgrass_J215.A_WW_I APPL 152,0.9757262884615833,1.4859269089065492
Switchgrass,RGB1,J502.C_WW_T3.13.2023_I APPL 291,2023-04-06 19:04:24,2,0,3,2023-04-6_RgbImage_2023-04-06_19-04-23.png,Switchgrass_J502.C_WW_T3.13.2023_I APPL 291,0.9556038605340597,3.200568180065602
Switchgrass,RGB2,J502.C_WW_T3.13.2023_I APPL 291,2023-04-06 19:03:44,2,0,3,2023-04-6_RgbImage_2023-04-06_19-03-43.png,Switchgrass_J502.C_WW_T3.13.2023_I APPL 291,0.9574791600461658,1.524795054923743
Switchgrass,RGB1,J609.A_WW_T3.15.2023_I APPL 125,2023-04-30 15:41:07,2,0,3,2023-04-30_RgbImage_2023-04-30_15-41-07.png,Switchgrass_J609.A_WW_T3.15.2023_I APPL 125,0.9737545950057873,3.1002912907861173
Switchgrass,RGB2,J609.A_WW_T3.15.2023_I APPL 125,2023-04-30 15:40:32,2,0,3,2023-04-30_RgbImage_2023-04-30_15-40-32.png,Switchgrass_J609.A_WW_T3.15.2023_I APPL 125,0.9579102793816863,1.4805128718726337
Switchgrass,RGB1,J618.A_D_T3.14.2023_I APPL 243,2023-04-29 13:09:19,2,0,3,2023-04-29_RgbImage_2023-04-29_13-09-19.png,Switchgrass_J618.A_D_T3.14.2023_I APPL 243,0.9456989618583794,3.1792613859288394
Switchgrass,RGB2,J618.A_D_T3.14.2023_I APPL 243,2023-04-29 13:08:38,2,0,3,2023-04-29_RgbImage_2023-04-29_13-08-38.png,Switchgrass_J618.A_D_T3.14.2023_I APPL 243,0.93315801518157,1.4988427981734276
Switchgrass,RGB1,J181.A_WW_T3.13.2023_I APPL 310,2023-05-04 21:11:39,2,0,4,2023-05-4_RgbImage_2023-05-04_21-11-39.png,Switchgrass_J181.A_WW_T3.13.2023_I APPL 310,0.9778299458268781,3.07917767111212
Switchgrass,RGB2,J181.A_WW_T3.13.2023_I APPL 310,2023-05-04 21:11:05,2,0,4,2023-05-4_RgbImage_2023-05-04_21-11-04.png,Switchgrass_J181.A_WW_T3.13.2023_I APPL 310,0.9724453966554247,1.4551946436986327
Switchgrass,RGB1,J182.A_WW_T3.13.2023_I APPL 385,2023-04-28 07:26:03,2,0,4,2023-04-28_RgbImage_2023-04-28_07-26-03.png,Switchgrass_J182.A_WW_T3.13.2023_I APPL 385,0.9578895640738012,3.1948418132960796
Switchgrass,RGB2,J182.A_WW_T3.13.2023_I APPL 385,2023-04-28 07:25:28,2,0,4,2023-04-28_RgbImage_2023-04-28_07-25-27.png,Switchgrass_J182.A_WW_T3.13.2023_I APPL 385,0.9577679205347889,1.4642262998968363
Switchgrass,RGB1,AP13_WW_I APPL 133,2023-01-07 13:56:34,2,1,0,2023-01-7_RgbImage_2023-01-07_13-56-34.png,Switchgrass_AP13_WW_I APPL 133,0.9614282575985755,3.090209248010069
Switchgrass,RGB2,AP13_WW_I APPL 133,2023-01-07 13:55:24,2,1,0,2023-01-7_RgbImage_2023-01-07_13-55-23.png,Switchgrass_AP13_WW_I APPL 133,0.950087871732131,1.4761581090278924
Switchgrass,RGB1,J251.B_D_T3.12.2023_I APPL 438,2023-04-05 14:27:51,2,1,0,2023-04-5_RgbImage_2023-04-05_14-27-50.png,Switchgrass_J251.B_D_T3.12.2023_I APPL 438,0.9693404469036923,3.1677952371537685
Switchgrass,RGB2,J251.B_D_T3.12.2023_I APPL 438,2023-04-05 14:27:18,2,1,0,2023-04-5_RgbImage_2023-04-05_14-27-18.png,Switchgrass_J251.B_D_T3.12.2023_I APPL 438,0.9459887245615886,1.4852864569984376
Switchgrass,RGB1,J418.A_D_T3.15.2023_I APPL 150,2023-04-24 12:31:05,2,1,0,2023-04-24_RgbImage_2023-04-24_12-31-05.png,Switchgrass_J418.A_D_T3.15.2023_I APPL 150,0.9654825270689761,3.107794704847038
Switchgrass,RGB2,J418.A_D_T3.15.2023_I APPL 150,2023-04-24 12:30:30,2,1,0,2023-04-24_RgbImage_2023-04-24_12-30-29.png,Switchgrass_J418.A_D_T3.15.2023_I APPL 150,0.961130108592065,1.477135385852307
Switchgrass,RGB1,J008.D_Xtra_I APPL 122,2022-12-16 17:17:46,2,1,1,2022-12-16_RgbImage_2022-12-16_17-17-46.png,Switchgrass_J008.D_Xtra_I APPL 122,0.9722547928632745,3.1587066128849983
Switchgrass,RGB2,J008.D_Xtra_I APPL 122,2022-12-16 17:16:27,2,1,1,2022-12-16_RgbImage_2022-12-16_17-16-27.png,Switchgrass_J008.D_Xtra_I APPL 122,0.9755596465815951,1.4862702465616167
Switchgrass,RGB1,J009.C_WW_T3.15.2023_I APPL 155,2023-04-01 11:53:11,2,1,1,2023-04-1_RgbImage_2023-04-01_11-53-10.png,Switchgrass_J009.C_WW_T3.15.2023_I APPL 155,0.9734149978086845,3.0779062658548355
Switchgrass,RGB2,J009.C_WW_T3.15.2023_I APPL 155,2023-04-01 11:52:37,2,1,1,2023-04-1_RgbImage_2023-04-01_11-52-37.png,Switchgrass_J009.C_WW_T3.15.2023_I APPL 155,0.9521758691365655,1.462956819217652
Switchgrass,RGB1,J271.A_D_T3.13.2023_I APPL 298,2023-04-28 17:59:12,2,1,1,2023-04-28_RgbImage_2023-04-28_17-59-11.png,Switchgrass_J271.A_D_T3.13.2023_I APPL 298,0.9556188434768617,3.15957485511899
Switchgrass,RGB2,J271.A_D_T3.13.2023_I APPL 298,2023-04-28 17:58:35,2,1,1,2023-04-28_RgbImage_2023-04-28_17-58-34.png,Switchgrass_J271.A_D_T3.13.2023_I APPL 298,0.9606281710396032,1.442622672766447
Switchgrass,RGB1,J312.A_WW_T3.12.2023_I APPL 486,2023-04-26 11:16:38,2,1,2,2023-04-26_RgbImage_2023-04-26_11-16-37.png,Switchgrass_J312.A_WW_T3.12.2023_I APPL 486,0.9582638531988747,3.0689901378937066
Switchgrass,RGB2,J312.A_WW_T3.12.2023_I APPL 486,2023-04-26 11:16:04,2,1,2,2023-04-26_RgbImage_2023-04-26_11-16-03.png,Switchgrass_J312.A_WW_T3.12.2023_I APPL 486,0.957353837447332,1.4627726413309574
Switchgrass,RGB1,J317.A_WW_I APPL 262,2022-12-21 13:01:30,2,1,2,2022-12-21_RgbImage_2022-12-21_13-01-29.png,Switchgrass_J317.A_WW_I APPL 262,0.959909762281599,3.1586232050321996
Switchgrass,RGB2,J317.A_WW_I APPL 262,2022-12-21 13:00:54,2,1,2,2022-12-21_RgbImage_2022-12-21_13-00-53.png,Switchgrass_J317.A_WW_I APPL 262,0.9606721248232489,1.4600783959031105
Switchgrass,RGB1,J458.C_D_T3.15.2023_I APPL 120,2023-04-30 16:05:58,2,1,2,2023-04-30_RgbImage_2023-04-30_16-05-57.png,Switchgrass_J458.C_D_T3.15.2023_I APPL 120,0.9803498722376937,3.0705983680672944
Switchgrass,RGB2,J458.C_D_T3.15.2023_I APPL 120,2023-04-30 16:05:24,2,1,2,2023-04-30_RgbImage_2023-04-30_16-05-23.png,Switchgrass_J458.C_D_T3.15.2023_I APPL 120,0.9519419232278746,1.4750298652797937
Switchgrass,RGB1,J601.B_D_T3.16.2023_I APPL 44,2023-05-02 13:52:03,2,1,2,2023-05-2_RgbImage_2023-05-02_13-52-03.png,Switchgrass_J601.B_D_T3.16.2023_I APPL 44,0.9753765120842197,3.1517129288986325
Switchgrass,RGB2,J601.B_D_T3.16.2023_I APPL 44,2023-05-02 13:51:27,2,1,2,2023-05-2_RgbImage_2023-05-02_13-51-27.png,Switchgrass_J601.B_D_T3.16.2023_I APPL 44,0.960236107794437,1.4799311412498355
Switchgrass,RGB1,J215.A_D_I APPL 146,2023-01-01 14:38:26,2,1,3,2023-01-1_RgbImage_2023-01-01_14-38-25.png,Switchgrass_J215.A_D_I APPL 146,0.9298263860517134,3.0650097019970417
Switchgrass,RGB2,J215.A_D_I APPL 146,2023-01-01 14:36:29,2,1,3,2023-01-1_RgbImage_2023-01-01_14-36-29.png,Switchgrass_J215.A_D_I APPL 146,0.9418979235401367,1.4784266371279955
Switchgrass,RGB1,J215.A_D_I APPL 4,2022-12-12 10:44:38,2,1,3,2022-12-12_RgbImage_2022-12-12_10-44-37.png,Switchgrass_J215.A_D_I APPL 4,0.9574756735567662,3.149324232712388
Switchgrass,RGB1,J215.A_D_I APPL 4,2022-12-02 10:44:32,2,1,3,2022-12-2_RgbImage_2022-12-02_10-44-31.png,Switchgrass_J215.A_D_I APPL 4,0.9597699615205736,3.109911937266588
Switchgrass,RGB2,J215.A_D_I APPL 4,2022-12-12 10:42:36,2,1,3,2022-12-12_RgbImage_2022-12-12_10-42-36.png,Switchgrass_J215.A_D_I APPL 4,0.9716479019827463,1.4411173169501126
Switchgrass,RGB2,J215.A_D_I APPL 4,2022-12-02 10:43:13,2,1,3,2022-12-2_RgbImage_2022-12-02_10-43-13.png,Switchgrass_J215.A_D_I APPL 4,0.9520335636724974,1.430549857672304
Switchgrass,RGB1,J215.A_WW_I APPL 131,2022-12-20 15:29:21,2,1,3,2022-12-20_RgbImage_2022-12-20_15-29-20.png,Switchgrass_J215.A_WW_I APPL 131,0.9733276855072682,3.1226536366157234
Switchgrass,RGB2,J215.A_WW_I APPL 131,2022-12-20 15:28:01,2,1,3,2022-12-20_RgbImage_2022-12-20_15-28-01.png,Switchgrass_J215.A_WW_I APPL 131,0.9685880165447251,1.450529522728175
Switchgrass,RGB1,J215.A_WW_I APPL 152,2022-12-16 13:52:22,2,1,4,2022-12-16_RgbImage_2022-12-16_13-52-21.png,Switchgrass_J215.A_WW_I APPL 152,0.9668142070604128,3.0881849979050457
Switchgrass,RGB2,J215.A_WW_I APPL 152,2022-12-16 13:51:45,2,1,4,2022-12-16_RgbImage_2022-12-16_13-51-45.png,Switchgrass_J215.A_WW_I APPL 152,0.9586683749532745,1.443801051005721
Switchgrass,RGB1,VS16_D_I APPL 402,2023-01-06 11:05:46,2,1,4,2023-01-6_RgbImage_2023-01-06_11-05-45.png,Switchgrass_VS16_D_I APPL 402,0.967405666112843,3.023722962010652
Switchgrass,RGB2,VS16_D_I APPL 402,2023-01-06 11:05:12,2,1,4,2023-01-6_RgbImage_2023-01-06_11-05-12.png,Switchgrass_VS16_D_I APPL 402,0.962903140855866,1.4116806122474372
Switchgrass,RGB1,VS16_WW_I APPL 10,2022-12-29 15:57:15,2,1,4,2022-12-29_RgbImage_2022-12-29_15-57-15.png,Switchgrass_VS16_WW_I APPL 10,0.9696355665638621,3.1773373070172966
Switchgrass,RGB2,VS16_WW_I APPL 10,2022-12-29 15:56:40,2,1,4,2022-12-29_RgbImage_2022-12-29_15-56-40.png,Switchgrass_VS16_WW_I APPL 10,0.9710754731371533,1.4455681922845542
Switchgrass,RGB1,VS16_Xtra_I APPL 129,2023-01-02 17:35:06,2,1,4,2023-01-2_RgbImage_2023-01-02_17-35-05.png,Switchgrass_VS16_Xtra_I APPL 129,0.9749594069524997,3.184398907236755
Switchgrass,RGB2,VS16_Xtra_I APPL 129,2023-01-02 17:33:46,2,1,4,2023-01-2_RgbImage_2023-01-02_17-33-46.png,Switchgrass_VS16_Xtra_I APPL 129,0.9765689937922272,1.481113225221634
Switchgrass,RGB1,J001.B_D_T3.13.2023_I APPL 375,2023-04-14 13:27:22,2,2,0,2023-04-14_RgbImage_2023-04-14_13-27-22.png,Switchgrass_J001.B_D_T3.13.2023_I APPL 375,0.9702468657102501,3.061615765094757
Switchgrass,RGB2,J001.B_D_T3.13.2023_I APPL 375,2023-04-14 13:26:52,2,2,0,2023-04-14_RgbImage_2023-04-14_13-26-52.png,Switchgrass_J001.B_D_T3.13.2023_I APPL 375,0.9580487064169515,1.4728040671907365
Switchgrass,RGB1,J008.D_Xtra_I APPL 122,2022-12-31 17:11:32,2,2,0,2022-12-31_RgbImage_2022-12-31_17-11-31.png,Switchgrass_J008.D_Xtra_I APPL 122,0.9801843112660515,3.1508512892760336
Switchgrass,RGB2,J008.D_Xtra_I APPL 122,2022-12-31 17:10:21,2,2,0,2022-12-31_RgbImage_2022-12-31_17-10-21.png,Switchgrass_J008.D_Xtra_I APPL 122,0.9706963788301769,1.4662556061521173
Switchgrass,RGB1,J276.A_D_T3.12.2023_I APPL 426,2023-04-05 16:06:52,2,2,0,2023-04-5_RgbImage_2023-04-05_16-06-52.png,Switchgrass_J276.A_D_T3.12.2023_I APPL 426,0.9671458945024433,3.064172047190368
Switchgrass,RGB2,J276.A_D_T3.12.2023_I APPL 426,2023-04-05 16:06:15,2,2,0,2023-04-5_RgbImage_2023-04-05_16-06-14.png,Switchgrass_J276.A_D_T3.12.2023_I APPL 426,0.9708244005920071,1.4945872612297535
Switchgrass,RGB1,J003.F_D_T3.14.2023_I APPL 256,2023-04-15 11:22:18,2,2,1,2023-04-15_RgbImage_2023-04-15_11-22-18.png,Switchgrass_J003.F_D_T3.14.2023_I APPL 256,0.9664873121117171,3.1648219423368573
Switchgrass,RGB2,J003.F_D_T3.14.2023_I APPL 256,2023-04-15 11:21:42,2,2,1,2023-04-15_RgbImage_2023-04-15_11-21-42.png,Switchgrass_J003.F_D_T3.14.2023_I APPL 256,0.9754133617798059,1.4795204941183329
Switchgrass,RGB1,J008.D_D_I APPL 125,2022-12-19 16:43:27,2,2,1,2022-12-19_RgbImage_2022-12-19_16-43-27.png,Switchgrass_J008.D_D_I APPL 125,0.9753858860600512,3.084077450912446
Switchgrass,RGB2,J008.D_D_I APPL 125,2022-12-19 16:42:12,2,2,1,2022-12-19_RgbImage_2022-12-19_16-42-11.png,Switchgrass_J008.D_D_I APPL 125,0.9705092572797483,1.4443844142369926
Switchgrass,RGB1,J018.B_D_T3.13.2023_I APPL 345,2023-04-28 12:21:45,2,2,1,2023-04-28_RgbImage_2023-04-28_12-21-44.png,Switchgrass_J018.B_D_T3.13.2023_I APPL 345,0.9733695424031239,3.1669270019046962
Switchgrass,RGB2,J018.B_D_T3.13.2023_I APPL 345,2023-04-28 12:21:11,2,2,1,2023-04-28_RgbImage_2023-04-28_12-21-11.png,Switchgrass_J018.B_D_T3.13.2023_I APPL 345,0.970575847429196,1.495998227968812
Switchgrass,RGB1,J317.A_D_I APPL 132,2022-12-30 20:14:40,2,2,1,2022-12-30_RgbImage_2022-12-30_20-14-40.png,Switchgrass_J317.A_D_I APPL 132,0.9677885064793991,3.066185101866722
Switchgrass,RGB2,J317.A_D_I APPL 132,2022-12-30 20:12:45,2,2,1,2022-12-30_RgbImage_2022-12-30_20-12-45.png,Switchgrass_J317.A_D_I APPL 132,0.9713700642862929,1.4897112818434834
Switchgrass,RGB1,J215.A_D_I APPL 146,2023-01-05 14:37:57,2,2,2,2023-01-5_RgbImage_2023-01-05_14-37-57.png,Switchgrass_J215.A_D_I APPL 146,0.9657803870743928,3.1494759172201157
Switchgrass,RGB2,J215.A_D_I APPL 146,2023-01-05 14:36:02,2,2,2,2023-01-5_RgbImage_2023-01-05_14-36-02.png,Switchgrass_J215.A_D_I APPL 146,0.945737316533892,1.4740897961892188
Switchgrass,RGB1,J250.A_WW_T3.13.2023_I APPL 320,2023-04-14 20:11:18,2,2,2,2023-04-14_RgbImage_2023-04-14_20-11-18.png,Switchgrass_J250.A_WW_T3.13.2023_I APPL 320,0.9808330134115713,3.060922732576728
Switchgrass,RGB2,J250.A_WW_T3.13.2023_I APPL 320,2023-04-14 20:10:44,2,2,2,2023-04-14_RgbImage_2023-04-14_20-10-43.png,Switchgrass_J250.A_WW_T3.13.2023_I APPL 320,0.9559794318875364,1.491202050819993
Switchgrass,RGB1,J215.A_D_I APPL 4,2022-12-10 10:44:47,2,2,3,2022-12-10_RgbImage_2022-12-10_10-44-46.png,Switchgrass_J215.A_D_I APPL 4,0.9733363829802597,3.146968957968056
Switchgrass,RGB2,J215.A_D_I APPL 4,2022-12-10 10:42:46,2,2,3,2022-12-10_RgbImage_2022-12-10_10-42-45.png,Switchgrass_J215.A_D_I APPL 4,0.9750681699209175,1.4687513639219105
Switchgrass,RGB1,J215.A_Xtra_I APPL 138,2022-12-31 17:19:50,2,2,3,2022-12-31_RgbImage_2022-12-31_17-19-49.png,Switchgrass_J215.A_Xtra_I APPL 138,0.9680585932442372,2.994344575330615
Switchgrass,RGB2,J215.A_Xtra_I APPL 138,2022-12-31 17:18:31,2,2,3,2022-12-31_RgbImage_2022-12-31_17-18-31.png,Switchgrass_J215.A_Xtra_I APPL 138,0.9708103809223751,1.4533569975756109
Switchgrass,RGB1,J327.A_D_T3.12.2023_I APPL 503,2023-04-12 09:14:07,2,2,3,2023-04-12_RgbImage_2023-04-12_09-14-06.png,Switchgrass_J327.A_D_T3.12.2023_I APPL 503,0.9601228841638048,3.1976751359179616
Switchgrass,RGB2,J327.A_D_T3.12.2023_I APPL 503,2023-04-12 09:13:30,2,2,3,2023-04-12_RgbImage_2023-04-12_09-13-29.png,Switchgrass_J327.A_D_T3.12.2023_I APPL 503,0.9710254552405705,1.4459077925421298
Switchgrass,RGB1,VS16_D_I APPL 124,2022-12-29 20:59:13,2,2,3,2022-12-29_RgbImage_2022-12-29_20-59-12.png,Switchgrass_VS16_D_I APPL 124,0.9696915139326194,3.008702621795237
Switchgrass,RGB2,VS16_D_I APPL 124,2022-12-29 20:57:14,2,2,3,2022-12-29_RgbImage_2022-12-29_20-57-13.png,Switchgrass_VS16_D_I APPL 124,0.9698221150009659,1.4561328650452197
Switchgrass,RGB1,J003.D_WW_T3.13.2023_I APPL 363,2023-04-14 15:07:08,2,2,4,2023-04-14_RgbImage_2023-04-14_15-07-07.png,Switchgrass_J003.D_WW_T3.13.2023_I APPL 363,0.9748605459545169,3.1602981789037585
Switchgrass,RGB2,J003.D_WW_T3.13.2023_I APPL 363,2023-04-14 15:06:33,2,2,4,2023-04-14_RgbImage_2023-04-14_15-06-33.png,Switchgrass_J003.D_WW_T3.13.2023_I APPL 363,0.9778914850570916,1.5121394558809698
Switchgrass,RGB1,J215.A_D_I APPL 121,2022-12-17 16:27:41,2,2,4,2022-12-17_RgbImage_2022-12-17_16-27-40.png,Switchgrass_J215.A_D_I APPL 121,0.9628164972923327,3.0535927531309426
Switchgrass,RGB2,J215.A_D_I APPL 121,2022-12-17 16:27:05,2,2,4,2022-12-17_RgbImage_2022-12-17_16-27-05.png,Switchgrass_J215.A_D_I APPL 121,0.950461881721776,1.4844703222624958
Switchgrass,RGB1,J215.A_WW_I APPL 221,2022-12-11 14:17:32,2,2,4,2022-12-11_RgbImage_2022-12-11_14-17-32.png,Switchgrass_J215.A_WW_I APPL 221,0.9668618193978598,3.1442142678424716
Switchgrass,RGB2,J215.A_WW_I APPL 221,2022-12-11 14:16:12,2,2,4,2022-12-11_RgbImage_2022-12-11_14-16-12.png,Switchgrass_J215.A_WW_I APPL 221,0.9584227514613681,1.4748105891048908
Switchgrass,RGB1,J618.A_WW_T3.14.2023_I APPL 255,2023-05-05 11:30:24,2,2,4,2023-05-5_RgbImage_2023-05-05_11-30-24.png,Switchgrass_J618.A_WW_T3.14.2023_I APPL 255,0.9465138136578919,3.038278239313513
Switchgrass,RGB2,J618.A_WW_T3.14.2023_I APPL 255,2023-05-05 11:29:50,2,2,4,2023-05-5_RgbImage_2023-05-05_11-29-49.png,Switchgrass_J618.A_WW_T3.14.2023_I APPL 255,0.9308429225268574,1.4673912501893938
Switchgrass,RGB1,J008.D_D_I APPL 5,2023-01-27 10:34:47,2,3,0,2023-01-27_RgbImage_2023-01-27_10-34-47.png,Switchgrass_J008.D_D_I APPL 5,0.9753339933479701,3.1073116078041494
Switchgrass,RGB2,J008.D_D_I APPL 5,2023-01-27 10:33:02,2,3,0,2023-01-27_RgbImage_2023-01-27_10-33-02.png,Switchgrass_J008.D_D_I APPL 5,0.9755071261238201,1.453053483273834
Switchgrass,RGB1,J296.A_D_T3.12.2023_I APPL 485,2023-04-26 11:24:43,2,3,0,2023-04-26_RgbImage_2023-04-26_11-24-42.png,Switchgrass_J296.A_D_T3.12.2023_I APPL 485,0.969137635047115,3.0703321117907763
Switchgrass,RGB2,J296.A_D_T3.12.2023_I APPL 485,2023-04-26 11:24:10,2,3,0,2023-04-26_RgbImage_2023-04-26_11-24-10.png,Switchgrass_J296.A_D_T3.12.2023_I APPL 485,0.9419424397616578,1.4799720072187483
Switchgrass,RGB1,J317.A_D_I APPL 103,2022-12-29 15:09:19,2,3,1,2022-12-29_RgbImage_2022-12-29_15-09-19.png,Switchgrass_J317.A_D_I APPL 103,0.9730801606043175,3.160790097899735
Switchgrass,RGB2,J317.A_D_I APPL 103,2022-12-29 15:08:09,2,3,1,2022-12-29_RgbImage_2022-12-29_15-08-09.png,Switchgrass_J317.A_D_I APPL 103,0.9512324031240634,1.4371832576580346
Switchgrass,RGB1,AP13_D_I APPL 261,2022-12-18 11:40:00,2,3,2,2022-12-18_RgbImage_2022-12-18_11-40-00.png,Switchgrass_AP13_D_I APPL 261,0.9658446168830201,3.0123783508315682
Switchgrass,RGB2,AP13_D_I APPL 261,2022-12-18 11:39:25,2,3,2,2022-12-18_RgbImage_2022-12-18_11-39-25.png,Switchgrass_AP13_D_I APPL 261,0.9509008294667358,1.4384200959466398
Switchgrass,RGB1,J003.D_WW_T3.13.2023_I APPL 363,2023-04-06 10:14:14,2,3,2,2023-04-6_RgbImage_2023-04-06_10-14-14.png,Switchgrass_J003.D_WW_T3.13.2023_I APPL 363,0.980811762254551,3.17586757382378
Switchgrass,RGB2,J003.D_WW_T3.13.2023_I APPL 363,2023-04-06 10:13:37,2,3,2,2023-04-6_RgbImage_2023-04-06_10-13-37.png,Switchgrass_J003.D_WW_T3.13.2023_I APPL 363,0.9629300995762451,1.4419496292248368
Switchgrass,RGB1,J022.B_D_T3.13.2023_I APPL 371,2023-05-04 13:40:32,2,3,2,2023-05-4_RgbImage_2023-05-04_13-40-32.png,Switchgrass_J022.B_D_T3.13.2023_I APPL 371,0.9783102832430918,3.0665528061799705
Switchgrass,RGB2,J022.B_D_T3.13.2023_I APPL 371,2023-05-04 13:39:58,2,3,2,2023-05-4_RgbImage_2023-05-04_13-39-58.png,Switchgrass_J022.B_D_T3.13.2023_I APPL 371,0.9712901058043447,1.4850131683051586
Switchgrass,RGB1,J307.A_WW_T3.14.2023_I APPL 273,2023-05-05 09:17:23,2,3,3,2023-05-5_RgbImage_2023-05-05_09-17-22.png,Switchgrass_J307.A_WW_T3.14.2023_I APPL 273,0.9842745744317462,3.1222131908871233
Switchgrass,RGB2,J307.A_WW_T3.14.2023_I APPL 273,2023-05-05 09:16:47,2,3,3,2023-05-5_RgbImage_2023-05-05_09-16-46.png,Switchgrass_J307.A_WW_T3.14.2023_I APPL 273,0.9809359963066316,1.458827289287001
Switchgrass,RGB1,J613.A_WW_T3.16.2023_I APPL 12,2023-04-10 17:48:33,2,3,3,2023-04-10_RgbImage_2023-04-10_17-48-32.png,Switchgrass_J613.A_WW_T3.16.2023_I APPL 12,0.9729655156556797,3.0341188739985228
Switchgrass,RGB2,J613.A_WW_T3.16.2023_I APPL 12,2023-04-10 17:47:58,2,3,3,2023-04-10_RgbImage_2023-04-10_17-47-57.png,Switchgrass_J613.A_WW_T3.16.2023_I APPL 12,0.9640748091270145,1.4504655003547668
Switchgrass,RGB1,VS16_D_I APPL 2,2022-12-09 11:33:10,2,3,3,2022-12-9_RgbImage_2022-12-09_11-33-10.png,Switchgrass_VS16_D_I APPL 2,0.9709610982104823,3.1630046740174294
Switchgrass,RGB2,VS16_D_I APPL 2,2022-12-09 11:31:55,2,3,3,2022-12-9_RgbImage_2022-12-09_11-31-55.png,Switchgrass_VS16_D_I APPL 2,0.9674743047625931,1.4887170209549367
Switchgrass,RGB1,J215.A_WW_I APPL 221,2022-12-16 14:18:02,2,3,4,2022-12-16_RgbImage_2022-12-16_14-18-02.png,Switchgrass_J215.A_WW_I APPL 221,0.9631535698717201,3.109683590941131
Switchgrass,RGB2,J215.A_WW_I APPL 221,2022-12-16 14:16:01,2,3,4,2022-12-16_RgbImage_2022-12-16_14-16-01.png,Switchgrass_J215.A_WW_I APPL 221,0.9592920242581163,1.4779540719464421
Switchgrass,RGB1,J248.A_WW_T3.13.2023_I APPL 368,2023-04-13 09:30:47,2,3,4,2023-04-13_RgbImage_2023-04-13_09-30-47.png,Switchgrass_J248.A_WW_T3.13.2023_I APPL 368,0.9637058128391357,3.109736409969628
Switchgrass,RGB2,J248.A_WW_T3.13.2023_I APPL 368,2023-04-13 09:30:11,2,3,4,2023-04-13_RgbImage_2023-04-13_09-30-11.png,Switchgrass_J248.A_WW_T3.13.2023_I APPL 368,0.9618073309629478,1.4435495641082525
Switchgrass,RGB1,J502.A_WW_T3.15.2023_I APPL 112,2023-05-06 17:12:22,2,3,4,2023-05-6_RgbImage_2023-05-06_17-12-22.png,Switchgrass_J502.A_WW_T3.15.2023_I APPL 112,0.973027253160387,3.038895544130355
Switchgrass,RGB2,J502.A_WW_T3.15.2023_I APPL 112,2023-05-06 17:11:47,2,3,4,2023-05-6_RgbImage_2023-05-06_17-11-47.png,Switchgrass_J502.A_WW_T3.15.2023_I APPL 112,0.9456157601675443,1.4566115592606366
Switchgrass,RGB1,J586.A_WW_T3.14.2023_I APPL 215,2023-04-22 16:27:49,2,3,4,2023-04-22_RgbImage_2023-04-22_16-27-48.png,Switchgrass_J586.A_WW_T3.14.2023_I APPL 215,0.9646229905099748,3.1899106027558446
Switchgrass,RGB2,J586.A_WW_T3.14.2023_I APPL 215,2023-04-22 16:27:18,2,3,4,2023-04-22_RgbImage_2023-04-22_16-27-18.png,Switchgrass_J586.A_WW_T3.14.2023_I APPL 215,0.9653136639659634,1.500233304221183
Switchgrass,RGB1,J008.D_D_I APPL 5,2023-02-03 10:34:42,2,4,0,2023-02-3_RgbImage_2023-02-03_10-34-41.png,Switchgrass_J008.D_D_I APPL 5,0.9559931362594876,3.0485647753812373
Switchgrass,RGB2,J008.D_D_I APPL 5,2023-02-03 10:32:57,2,4,0,2023-02-3_RgbImage_2023-02-03_10-32-57.png,Switchgrass_J008.D_D_I APPL 5,0.9713804298689611,1.5027371868491173
Switchgrass,RGB1,J016.A_D_T3.13.2023_I APPL 373,2023-04-13 08:49:06,2,4,0,2023-04-13_RgbImage_2023-04-13_08-49-05.png,Switchgrass_J016.A_D_T3.13.2023_I APPL 373,0.9704219042133632,3.132269633002579
Switchgrass,RGB2,J016.A_D_T3.13.2023_I APPL 373,2023-04-13 08:48:34,2,4,0,2023-04-13_RgbImage_2023-04-13_08-48-33.png,Switchgrass_J016.A_D_T3.13.2023_I APPL 373,0.957854950735074,1.4520238447003067
Switchgrass,RGB1,J614.C_D_T3.16.2023_I APPL 77,2023-04-25 09:34:09,2,4,0,2023-04-25_RgbImage_2023-04-25_09-34-09.png,Switchgrass_J614.C_D_T3.16.2023_I APPL 77,0.9566941357012341,3.0495989401824772
Switchgrass,RGB2,J614.C_D_T3.16.2023_I APPL 77,2023-04-25 09:33:35,2,4,0,2023-04-25_RgbImage_2023-04-25_09-33-34.png,Switchgrass_J614.C_D_T3.16.2023_I APPL 77,0.9361114160779546,1.4448095159605145
Switchgrass,RGB1,PTCL-32_D_T3.15.2023_I APPL 133,2023-04-24 14:35:52,2,4,0,2023-04-24_RgbImage_2023-04-24_14-35-51.png,Switchgrass_PTCL-32_D_T3.15.2023_I APPL 133,0.965527551382094,3.2193224709481
Switchgrass,RGB2,PTCL-32_D_T3.15.2023_I APPL 133,2023-04-24 14:35:17,2,4,0,2023-04-24_RgbImage_2023-04-24_14-35-17.png,Switchgrass_PTCL-32_D_T3.15.2023_I APPL 133,0.9504797979800064,1.4549214937724173
Switchgrass,RGB1,AP13_WW_I APPL 133,2023-02-05 15:12:48,2,4,1,2023-02-5_RgbImage_2023-02-05_15-12-47.png,Switchgrass_AP13_WW_I APPL 133,0.9373597941491048,3.0625320519320667
Switchgrass,RGB2,AP13_WW_I APPL 133,2023-02-05 15:12:23,2,4,1,2023-02-5_RgbImage_2023-02-05_15-12-23.png,Switchgrass_AP13_WW_I APPL 133,0.9181262955804518,1.477148447651416
Switchgrass,RGB1,J296.A_D_T3.12.2023_I APPL 485,2023-05-03 11:24:20,2,4,1,2023-05-3_RgbImage_2023-05-03_11-24-19.png,Switchgrass_J296.A_D_T3.12.2023_I APPL 485,0.9701927014473433,3.158586368896067
Switchgrass,RGB2,J296.A_D_T3.12.2023_I APPL 485,2023-05-03 11:23:44,2,4,1,2023-05-3_RgbImage_2023-05-03_11-23-44.png,Switchgrass_J296.A_D_T3.12.2023_I APPL 485,0.9625882366368751,1.4744217321276665
Switchgrass,RGB1,J317.A_D_I APPL 6,2022-12-16 10:27:28,2,4,1,2022-12-16_RgbImage_2022-12-16_10-27-28.png,Switchgrass_J317.A_D_I APPL 6,0.9785037532438596,3.013709315098822
Switchgrass,RGB2,J317.A_D_I APPL 6,2022-12-16 10:26:13,2,4,1,2022-12-16_RgbImage_2022-12-16_10-26-13.png,Switchgrass_J317.A_D_I APPL 6,0.9732171378934256,1.4604003820568323
Switchgrass,RGB1,J004.B_WW_T3.12.2023_I APPL 400,2023-04-12 16:45:06,2,4,2,2023-04-12_RgbImage_2023-04-12_16-45-06.png,Switchgrass_J004.B_WW_T3.12.2023_I APPL 400,0.9606729916819957,3.1921569099649787
Switchgrass,RGB2,J004.B_WW_T3.12.2023_I APPL 400,2023-04-12 16:44:32,2,4,2,2023-04-12_RgbImage_2023-04-12_16-44-32.png,Switchgrass_J004.B_WW_T3.12.2023_I APPL 400,0.9634336426860006,1.4619139237329364
Switchgrass,RGB1,J006.C_D_T3.13.2023_I APPL 316,2023-04-20 15:48:23,2,4,2,2023-04-20_RgbImage_2023-04-20_15-48-23.png,Switchgrass_J006.C_D_T3.13.2023_I APPL 316,0.9518007116297926,3.0785979167558253
Switchgrass,RGB2,J006.C_D_T3.13.2023_I APPL 316,2023-04-20 15:47:47,2,4,2,2023-04-20_RgbImage_2023-04-20_15-47-46.png,Switchgrass_J006.C_D_T3.13.2023_I APPL 316,0.9357875529427867,1.4810451748780906
Switchgrass,RGB1,J587.A_D_T3.14.2023_I APPL 259,2023-04-22 10:57:00,2,4,3,2023-04-22_RgbImage_2023-04-22_10-57-00.png,Switchgrass_J587.A_D_T3.14.2023_I APPL 259,0.9639512267519549,3.132511079311371
Switchgrass,RGB2,J587.A_D_T3.14.2023_I APPL 259,2023-04-22 10:56:21,2,4,3,2023-04-22_RgbImage_2023-04-22_10-56-21.png,Switchgrass_J587.A_D_T3.14.2023_I APPL 259,0.9432365258523626,1.4529619789682329
Switchgrass,RGB1,J587.A_WW_T3.14.2023_I APPL 203,2023-04-15 18:08:03,2,4,4,2023-04-15_RgbImage_2023-04-15_18-08-02.png,Switchgrass_J587.A_WW_T3.14.2023_I APPL 203,0.9619889448243086,3.0050508743152022
Switchgrass,RGB2,J587.A_WW_T3.14.2023_I APPL 203,2023-04-15 18:07:29,2,4,4,2023-04-15_RgbImage_2023-04-15_18-07-28.png,Switchgrass_J587.A_WW_T3.14.2023_I APPL 203,0.969922644023381,1.4424844291061163
Switchgrass,RGB1,J588.B_WW_T3.14.2023_I APPL 284,2023-04-29 08:02:09,2,4,4,2023-04-29_RgbImage_2023-04-29_08-02-08.png,Switchgrass_J588.B_WW_T3.14.2023_I APPL 284,0.9610735828199805,3.1633097580634058
Switchgrass,RGB2,J588.B_WW_T3.14.2023_I APPL 284,2023-04-29 08:01:34,2,4,4,2023-04-29_RgbImage_2023-04-29_08-01-33.png,Switchgrass_J588.B_WW_T3.14.2023_I APPL 284,0.9755119224609131,1.484874744899571
Switchgrass,RGB1,VS16_D_I APPL 2,2022-12-04 11:33:40,2,4,4,2022-12-4_RgbImage_2022-12-04_11-33-40.png,Switchgrass_VS16_D_I APPL 2,0.9648188236935452,3.0565401930361986
Switchgrass,RGB2,VS16_D_I APPL 2,2022-12-04 11:32:22,2,4,4,2022-12-4_RgbImage_2022-12-04_11-32-21.png,Switchgrass_VS16_D_I APPL 2,0.9803034044948712,1.4505275771953166
Switchgrass,RGB1,J322.A_WW_T3.12.2023_I APPL 519,2023-04-26 07:02:51,3,0,0,2023-04-26_RgbImage_2023-04-26_07-02-50.png,Switchgrass_J322.A_WW_T3.12.2023_I APPL 519,0.9653265618985465,3.2110156039707363
Switchgrass,RGB2,J322.A_WW_T3.12.2023_I APPL 519,2023-04-26 07:02:16,3,0,0,2023-04-26_RgbImage_2023-04-26_07-02-16.png,Switchgrass_J322.A_WW_T3.12.2023_I APPL 519,0.964551047613474,1.4371438510715961
Switchgrass,RGB1,J005.A_D_T3.13.2023_I APPL 315,2023-04-20 15:56:31,3,0,1,2023-04-20_RgbImage_2023-04-20_15-56-30.png,Switchgrass_J005.A_D_T3.13.2023_I APPL 315,0.964790943311826,3.087602030020207
Switchgrass,RGB2,J005.A_D_T3.13.2023_I APPL 315,2023-04-20 15:55:57,3,0,1,2023-04-20_RgbImage_2023-04-20_15-55-57.png,Switchgrass_J005.A_D_T3.13.2023_I APPL 315,0.934944158901812,1.4862965834327042
Switchgrass,RGB1,J241.A_WW_T3.12.2023_I APPL 412,2023-05-03 15:19:54,3,0,1,2023-05-3_RgbImage_2023-05-03_15-19-53.png,Switchgrass_J241.A_WW_T3.12.2023_I APPL 412,0.9840090319316988,3.1368348128162324
Switchgrass,RGB2,J241.A_WW_T3.12.2023_I APPL 412,2023-05-03 15:19:24,3,0,1,2023-05-3_RgbImage_2023-05-03_15-19-23.png,Switchgrass_J241.A_WW_T3.12.2023_I APPL 412,0.9675599338244032,1.4666944318450987
Switchgrass,RGB1,J317.A_D_I APPL 123,2023-01-07 16:53:00,3,0,1,2023-01-7_RgbImage_2023-01-07_16-53-00.png,Switchgrass_J317.A_D_I APPL 123,0.9706179372139265,3.0060510230250657
Switchgrass,RGB1,J317.A_D_I APPL 123,2023-01-08 16:52:42,3,0,1,2023-01-8_RgbImage_2023-01-08_16-52-41.png,Switchgrass_J317.A_D_I APPL 123,0.9615752682380445,3.1597311520017684
Switchgrass,RGB2,J317.A_D_I APPL 123,2023-01-07 16:52:29,3,0,1,2023-01-7_RgbImage_2023-01-07_16-52-29.png,Switchgrass_J317.A_D_I APPL 123,0.9148361876400531,1.4799254778772593
Switchgrass,RGB2,J317.A_D_I APPL 123,2023-01-08 16:52:11,3,0,1,2023-01-8_RgbImage_2023-01-08_16-52-10.png,Switchgrass_J317.A_D_I APPL 123,0.9233006474156366,1.4942847350612283
Switchgrass,RGB1,J250.C_D_T3.13.2023_I APPL 358,2023-03-23 10:39:05,3,0,2,2023-03-23_RgbImage_2023-03-23_10-39-04.png,Switchgrass_J250.C_D_T3.13.2023_I APPL 358,0.9489663656945678,3.1380128604359925
Switchgrass,RGB2,J250.C_D_T3.13.2023_I APPL 358,2023-03-23 10:38:22,3,0,2,2023-03-23_RgbImage_2023-03-23_10-38-21.png,Switchgrass_J250.C_D_T3.13.2023_I APPL 358,0.9710413048405663,1.4376932503655553
Switchgrass,RGB1,J503.C_WW_T3.15.2023_I APPL 187,2023-04-08 07:58:11,3,0,2,2023-04-8_RgbImage_2023-04-08_07-58-10.png,Switchgrass_J503.C_WW_T3.15.2023_I APPL 187,0.9749486019992705,3.1459679189138114
Switchgrass,RGB2,J503.C_WW_T3.15.2023_I APPL 187,2023-04-08 07:57:41,3,0,2,2023-04-8_RgbImage_2023-04-08_07-57-40.png,Switchgrass_J503.C_WW_T3.15.2023_I APPL 187,0.959904652503225,1.464704338926822
Switchgrass,RGB1,J585.B_D_T3.16.2023_I APPL 52,2023-05-02 12:45:46,3,0,2,2023-05-2_RgbImage_2023-05-02_12-45-46.png,Switchgrass_J585.B_D_T3.16.2023_I APPL 52,0.9504067280720028,3.0973697369918227
Switchgrass,RGB2,J585.B_D_T3.16.2023_I APPL 52,2023-05-02 12:45:15,3,0,2,2023-05-2_RgbImage_2023-05-02_12-45-15.png,Switchgrass_J585.B_D_T3.16.2023_I APPL 52,0.9329752106848702,1.4986497480422258
Switchgrass,RGB1,J215.A_D_I APPL 130,2023-01-03 14:05:57,3,0,3,2023-01-3_RgbImage_2023-01-03_14-05-57.png,Switchgrass_J215.A_D_I APPL 130,0.9660250267115906,3.1365039660595357
Switchgrass,RGB1,J215.A_D_I APPL 130,2023-01-11 14:03:44,3,0,3,2023-01-11_RgbImage_2023-01-11_14-03-43.png,Switchgrass_J215.A_D_I APPL 130,0.9634639898666547,3.1529031321406364
Switchgrass,RGB2,J215.A_D_I APPL 130,2023-01-03 14:04:04,3,0,3,2023-01-3_RgbImage_2023-01-03_14-04-04.png,Switchgrass_J215.A_D_I APPL 130,0.9499793765424773,1.487728850916028
Switchgrass,RGB2,J215.A_D_I APPL 130,2023-01-11 14:02:28,3,0,3,2023-01-11_RgbImage_2023-01-11_14-02-28.png,Switchgrass_J215.A_D_I APPL 130,0.963657815579336,1.4123334819450974
Switchgrass,RGB1,J215.A_WW_I APPL 152,2023-01-07 13:48:37,3,0,3,2023-01-7_RgbImage_2023-01-07_13-48-36.png,Switchgrass_J215.A_WW_I APPL 152,0.9578100163431954,3.141247563995421
Switchgrass,RGB1,J215.A_WW_I APPL 152,2023-01-09 13:48:23,3,0,3,2023-01-9_RgbImage_2023-01-09_13-48-22.png,Switchgrass_J215.A_WW_I APPL 152,0.956617117434993,3.0206089070998132
Switchgrass,RGB2,J215.A_WW_I APPL 152,2023-01-07 13:47:23,3,0,3,2023-01-7_RgbImage_2023-01-07_13-47-23.png,Switchgrass_J215.A_WW_I APPL 152,0.9652592105791039,1.4603269030340016
Switchgrass,RGB2,J215.A_WW_I APPL 152,2023-01-09 13:47:10,3,0,3,2023-01-9_RgbImage_2023-01-09_13-47-10.png,Switchgrass_J215.A_WW_I APPL 152,0.9587074141604072,1.4326115720905364
Switchgrass,RGB1,J215.A_D_I APPL 121,2022-12-31 16:23:25,3,0,4,2022-12-31_RgbImage_2022-12-31_16-23-25.png,Switchgrass_J215.A_D_I APPL 121,0.9646847599749636,3.2242672978900373
Switchgrass,RGB1,J215.A_D_I APPL 121,2023-01-03 16:22:06,3,0,4,2023-01-3_RgbImage_2023-01-03_16-22-06.png,Switchgrass_J215.A_D_I APPL 121,0.9676318479305804,3.0542698185890913
Switchgrass,RGB1,J215.A_D_I APPL 121,2023-01-01 16:23:15,3,0,4,2023-01-1_RgbImage_2023-01-01_16-23-14.png,Switchgrass_J215.A_D_I APPL 121,0.9667874511909401,3.093213618732989
Switchgrass,RGB2,J215.A_D_I APPL 121,2022-12-31 16:22:10,3,0,4,2022-12-31_RgbImage_2022-12-31_16-22-10.png,Switchgrass_J215.A_D_I APPL 121,0.957897597193567,1.472648497670889
Switchgrass,RGB2,J215.A_D_I APPL 121,2023-01-03 16:21:33,3,0,4,2023-01-3_RgbImage_2023-01-03_16-21-33.png,Switchgrass_J215.A_D_I APPL 121,0.9613451310024962,1.4718676321208477
Switchgrass,RGB2,J215.A_D_I APPL 121,2023-01-01 16:22:00,3,0,4,2023-01-1_RgbImage_2023-01-01_16-22-00.png,Switchgrass_J215.A_D_I APPL 121,0.9605222686249648,1.4190703299827874
Switchgrass,RGB1,J502.C_WW_T3.13.2023_I APPL 291,2023-04-20 18:57:40,3,0,4,2023-04-20_RgbImage_2023-04-20_18-57-40.png,Switchgrass_J502.C_WW_T3.13.2023_I APPL 291,0.9736541385214028,3.1565411291085184
Switchgrass,RGB2,J502.C_WW_T3.13.2023_I APPL 291,2023-04-20 18:57:02,3,0,4,2023-04-20_RgbImage_2023-04-20_18-57-02.png,Switchgrass_J502.C_WW_T3.13.2023_I APPL 291,0.968199452599112,1.4714232319965959
Switchgrass,RGB1,J008.D_Xtra_I APPL 122,2023-01-01 17:11:18,3,1,0,2023-01-1_RgbImage_2023-01-01_17-11-18.png,Switchgrass_J008.D_Xtra_I APPL 122,0.9720627786045696,3.1750764618627727
Switchgrass,RGB2,J008.D_Xtra_I APPL 122,2023-01-01 17:10:08,3,1,0,2023-01-1_RgbImage_2023-01-01_17-10-08.png,Switchgrass_J008.D_Xtra_I APPL 122,0.9702403449964675,1.4535010266117752
Switchgrass,RGB1,J008.D_D_I APPL 125,2023-01-05 16:38:10,3,1,1,2023-01-5_RgbImage_2023-01-05_16-38-09.png,Switchgrass_J008.D_D_I APPL 125,0.9733310708045971,3.102134635206312
Switchgrass,RGB2,J008.D_D_I APPL 125,2023-01-05 16:37:02,3,1,1,2023-01-5_RgbImage_2023-01-05_16-37-01.png,Switchgrass_J008.D_D_I APPL 125,0.9653835701430531,1.465208200737834
Switchgrass,RGB1,J300.A_D_T3.13.2023_I APPL 319,2023-04-14 20:19:31,3,1,1,2023-04-14_RgbImage_2023-04-14_20-19-30.png,Switchgrass_J300.A_D_T3.13.2023_I APPL 319,0.977857517715307,3.110908172093332
Switchgrass,RGB2,J300.A_D_T3.13.2023_I APPL 319,2023-04-14 20:18:55,3,1,1,2023-04-14_RgbImage_2023-04-14_20-18-54.png,Switchgrass_J300.A_D_T3.13.2023_I APPL 319,0.9587838334978582,1.4602944813668728
Switchgrass,RGB1,J317.A_D_I APPL 123,2023-01-10 16:52:07,3,1,1,2023-01-10_RgbImage_2023-01-10_16-52-07.png,Switchgrass_J317.A_D_I APPL 123,0.9684501645474398,3.0942903230898082
Switchgrass,RGB2,J317.A_D_I APPL 123,2023-01-10 16:51:37,3,1,1,2023-01-10_RgbImage_2023-01-10_16-51-37.png,Switchgrass_J317.A_D_I APPL 123,0.9407150605102804,1.4595775050111115
Switchgrass,RGB1,J215.A_D_I APPL 146,2023-01-25 14:01:15,3,1,2,2023-01-25_RgbImage_2023-01-25_14-01-15.png,Switchgrass_J215.A_D_I APPL 146,0.9757503526131018,3.1452794559299946
Switchgrass,RGB1,J215.A_D_I APPL 146,2023-01-23 14:22:29,3,1,2,2023-01-23_RgbImage_2023-01-23_14-22-29.png,Switchgrass_J215.A_D_I APPL 146,0.9743751569957699,3.145471168681979
Switchgrass,RGB1,J215.A_D_I APPL 146,2023-01-20 14:03:15,3,1,2,2023-01-20_RgbImage_2023-01-20_14-03-15.png,Switchgrass_J215.A_D_I APPL 146,0.965899702577719,3.1778241680003703
Switchgrass,RGB2,J215.A_D_I APPL 146,2023-01-25 14:00:44,3,1,2,2023-01-25_RgbImage_2023-01-25_14-00-44.png,Switchgrass_J215.A_D_I APPL 146,0.9627879269262374,1.4754023347049952
Switchgrass,RGB2,J215.A_D_I APPL 146,2023-01-23 14:20:36,3,1,2,2023-01-23_RgbImage_2023-01-23_14-20-35.png,Switchgrass_J215.A_D_I APPL 146,0.9615076106716435,1.443814161233604
Switchgrass,RGB2,J215.A_D_I APPL 146,2023-01-20 14:01:21,3,1,2,2023-01-20_RgbImage_2023-01-20_14-01-21.png,Switchgrass_J215.A_D_I APPL 146,0.9636854688521181,1.452519731130451
Switchgrass,RGB1,J250.A_WW_T3.13.2023_I APPL 320,2023-05-04 19:49:39,3,1,2,2023-05-4_RgbImage_2023-05-04_19-49-38.png,Switchgrass_J250.A_WW_T3.13.2023_I APPL 320,0.971824746654838,3.1733431951142848
Switchgrass,RGB2,J250.A_WW_T3.13.2023_I APPL 320,2023-05-04 19:49:06,3,1,2,2023-05-4_RgbImage_2023-05-04_19-49-05.png,Switchgrass_J250.A_WW_T3.13.2023_I APPL 320,0.9572149249314292,1.4840347049757838
Switchgrass,RGB1,J215.A_D_I APPL 4,2022-12-20 11:00:01,3,1,3,2022-12-20_RgbImage_2022-12-20_11-00-01.png,Switchgrass_J215.A_D_I APPL 4,0.966294154167938,3.0138839003629982
Switchgrass,RGB2,J215.A_D_I APPL 4,2022-12-20 10:58:05,3,1,3,2022-12-20_RgbImage_2022-12-20_10-58-04.png,Switchgrass_J215.A_D_I APPL 4,0.965209067238541,1.4494991512037814
Switchgrass,RGB1,J215.A_WW_I APPL 131,2023-01-19 15:07:28,3,1,3,2023-01-19_RgbImage_2023-01-19_15-07-27.png,Switchgrass_J215.A_WW_I APPL 131,0.9641661746196968,3.1664262269623578
Switchgrass,RGB2,J215.A_WW_I APPL 131,2023-01-19 15:05:37,3,1,3,2023-01-19_RgbImage_2023-01-19_15-05-36.png,Switchgrass_J215.A_WW_I APPL 131,0.9677350789372849,1.4773287964053452
Switchgrass,RGB1,J601.B_D_T3.16.2023_I APPL 44,2023-05-07 13:51:43,3,1,3,2023-05-7_RgbImage_2023-05-07_13-51-42.png,Switchgrass_J601.B_D_T3.16.2023_I APPL 44,0.9751783101252379,3.029164209961891
Switchgrass,RGB2,J601.B_D_T3.16.2023_I APPL 44,2023-05-07 13:51:08,3,1,3,2023-05-7_RgbImage_2023-05-07_13-51-07.png,Switchgrass_J601.B_D_T3.16.2023_I APPL 44,0.9691303282704935,1.4568565199151635
Switchgrass,RGB1,J609.A_D_T3.15.2023_I APPL 147,2023-05-06 12:55:48,3,1,3,2023-05-6_RgbImage_2023-05-06_12-55-47.png,Switchgrass_J609.A_D_T3.15.2023_I APPL 147,0.9678029821684084,3.2087677707895637
Switchgrass,RGB2,J609.A_D_T3.15.2023_I APPL 147,2023-05-06 12:55:16,3,1,3,2023-05-6_RgbImage_2023-05-06_12-55-15.png,Switchgrass_J609.A_D_T3.15.2023_I APPL 147,0.9485515096082383,1.5001117307692766
Switchgrass,RGB1,J215.A_D_I APPL 121,2022-12-30 21:02:03,3,1,4,2022-12-30_RgbImage_2022-12-30_21-02-03.png,Switchgrass_J215.A_D_I APPL 121,0.9763186979298548,3.0444574849680066
Switchgrass,RGB2,J215.A_D_I APPL 121,2022-12-30 21:01:30,3,1,4,2022-12-30_RgbImage_2022-12-30_21-01-29.png,Switchgrass_J215.A_D_I APPL 121,0.951165724282032,1.4835594962351024
Switchgrass,RGB1,J215.A_WW_I APPL 136,2022-12-21 16:33:49,3,1,4,2022-12-21_RgbImage_2022-12-21_16-33-49.png,Switchgrass_J215.A_WW_I APPL 136,0.980229241221943,3.126347151119262
Switchgrass,RGB2,J215.A_WW_I APPL 136,2022-12-21 16:33:15,3,1,4,2022-12-21_RgbImage_2022-12-21_16-33-14.png,Switchgrass_J215.A_WW_I APPL 136,0.9646260931644145,1.447058494668454
Switchgrass,RGB1,J215.A_WW_I APPL 221,2022-12-30 19:25:21,3,1,4,2022-12-30_RgbImage_2022-12-30_19-25-21.png,Switchgrass_J215.A_WW_I APPL 221,0.9711051167301229,3.0667013796046376
Switchgrass,RGB2,J215.A_WW_I APPL 221,2022-12-30 19:24:06,3,1,4,2022-12-30_RgbImage_2022-12-30_19-24-06.png,Switchgrass_J215.A_WW_I APPL 221,0.97022443095892,1.5112758590839803
Switchgrass,RGB1,VS16_D_I APPL 402,2023-01-10 11:05:11,3,1,4,2023-01-10_RgbImage_2023-01-10_11-05-10.png,Switchgrass_VS16_D_I APPL 402,0.9679434936159417,3.104744837153703
Switchgrass,RGB2,VS16_D_I APPL 402,2023-01-10 11:04:38,3,1,4,2023-01-10_RgbImage_2023-01-10_11-04-38.png,Switchgrass_VS16_D_I APPL 402,0.9628454185935222,1.447196715977043
Switchgrass,RGB1,AP13_WW_I APPL 133,2023-01-27 15:13:36,3,2,0,2023-01-27_RgbImage_2023-01-27_15-13-35.png,Switchgrass_AP13_WW_I APPL 133,0.9783245148600096,3.0682268240489066
Switchgrass,RGB2,AP13_WW_I APPL 133,2023-01-27 15:11:51,3,2,0,2023-01-27_RgbImage_2023-01-27_15-11-50.png,Switchgrass_AP13_WW_I APPL 133,0.9658254998777217,1.4794883290305734
Switchgrass,RGB1,J003.B_WW_T3.13.2023_I APPL 292,2023-04-20 18:49:23,3,2,1,2023-04-20_RgbImage_2023-04-20_18-49-23.png,Switchgrass_J003.B_WW_T3.13.2023_I APPL 292,0.9687291670297008,3.136487843003124
Switchgrass,RGB2,J003.B_WW_T3.13.2023_I APPL 292,2023-04-20 18:48:50,3,2,1,2023-04-20_RgbImage_2023-04-20_18-48-50.png,Switchgrass_J003.B_WW_T3.13.2023_I APPL 292,0.9653263770979282,1.446648150216788
Switchgrass,RGB1,J317.A_WW_I APPL 262,2023-01-22 12:56:29,3,2,1,2023-01-22_RgbImage_2023-01-22_12-56-29.png,Switchgrass_J317.A_WW_I APPL 262,0.9813521061996041,3.0462347236461937
Switchgrass,RGB2,J317.A_WW_I APPL 262,2023-01-22 12:56:03,3,2,1,2023-01-22_RgbImage_2023-01-22_12-56-02.png,Switchgrass_J317.A_WW_I APPL 262,0.9565085928740718,1.4592795209027827
Switchgrass,RGB1,J621.A_WW_T3.16.2023_I APPL 55,2023-05-02 12:20:32,3,2,1,2023-05-2_RgbImage_2023-05-02_12-20-32.png,Switchgrass_J621.A_WW_T3.16.2023_I APPL 55,0.9447786941418778,3.175344618037343
Switchgrass,RGB2,J621.A_WW_T3.16.2023_I APPL 55,2023-05-02 12:20:03,3,2,1,2023-05-2_RgbImage_2023-05-02_12-20-03.png,Switchgrass_J621.A_WW_T3.16.2023_I APPL 55,0.9451491833990335,1.4556031599640846
Switchgrass,RGB1,J215.A_D_I APPL 146,2023-02-02 14:01:30,3,2,2,2023-02-2_RgbImage_2023-02-02_14-01-30.png,Switchgrass_J215.A_D_I APPL 146,0.9578127748449092,3.058561979793012
Switchgrass,RGB1,J215.A_D_I APPL 146,2023-02-04 14:01:15,3,2,2,2023-02-4_RgbImage_2023-02-04_14-01-14.png,Switchgrass_J215.A_D_I APPL 146,0.9485832327926635,3.15320558892563
Switchgrass,RGB2,J215.A_D_I APPL 146,2023-02-02 13:59:43,3,2,2,2023-02-2_RgbImage_2023-02-02_13-59-43.png,Switchgrass_J215.A_D_I APPL 146,0.9462677831804646,1.4939703294076025
Switchgrass,RGB2,J215.A_D_I APPL 146,2023-02-04 13:59:27,3,2,2,2023-02-4_RgbImage_2023-02-04_13-59-26.png,Switchgrass_J215.A_D_I APPL 146,0.945421075507802,1.452063167002052
Switchgrass,RGB1,J535.A_WW_T3.16.2023_I APPL 6,2023-05-02 18:44:34,3,2,2,2023-05-2_RgbImage_2023-05-02_18-44-34.png,Switchgrass_J535.A_WW_T3.16.2023_I APPL 6,0.9740804279433436,3.1544760507531464
Switchgrass,RGB2,J535.A_WW_T3.16.2023_I APPL 6,2023-05-02 18:44:00,3,2,2,2023-05-2_RgbImage_2023-05-02_18-44-00.png,Switchgrass_J535.A_WW_T3.16.2023_I APPL 6,0.9644756736325095,1.458085663150996
Switchgrass,RGB1,J005.A_WW_T3.13.2023_I APPL 378,2023-04-13 08:07:19,3,2,3,2023-04-13_RgbImage_2023-04-13_08-07-18.png,Switchgrass_J005.A_WW_T3.13.2023_I APPL 378,0.9717441849527744,3.195015247911215
Switchgrass,RGB2,J005.A_WW_T3.13.2023_I APPL 378,2023-04-13 08:06:46,3,2,3,2023-04-13_RgbImage_2023-04-13_08-06-45.png,Switchgrass_J005.A_WW_T3.13.2023_I APPL 378,0.9598890449591678,1.4811945343390107
Switchgrass,RGB1,J215.A_WW_I APPL 131,2023-01-07 15:41:23,3,2,3,2023-01-7_RgbImage_2023-01-07_15-41-22.png,Switchgrass_J215.A_WW_I APPL 131,0.9719197739048385,3.0990690351463854
Switchgrass,RGB2,J215.A_WW_I APPL 131,2023-01-07 15:40:10,3,2,3,2023-01-7_RgbImage_2023-01-07_15-40-09.png,Switchgrass_J215.A_WW_I APPL 131,0.9639410126467517,1.4464370189234614
Switchgrass,RGB1,J503.C_D_T3.15.2023_I APPL 166,2023-05-06 10:34:52,3,2,3,2023-05-6_RgbImage_2023-05-06_10-34-51.png,Switchgrass_J503.C_D_T3.15.2023_I APPL 166,0.9804663573996651,3.0979030313901603
Switchgrass,RGB2,J503.C_D_T3.15.2023_I APPL 166,2023-05-06 10:34:19,3,2,3,2023-05-6_RgbImage_2023-05-06_10-34-18.png,Switchgrass_J503.C_D_T3.15.2023_I APPL 166,0.9545364741643064,1.4644051608629525
Switchgrass,RGB1,VS16_Xtra_I APPL 129,2023-01-22 17:28:39,3,2,3,2023-01-22_RgbImage_2023-01-22_17-28-38.png,Switchgrass_VS16_Xtra_I APPL 129,0.9737898934533014,3.071120843756944
Switchgrass,RGB2,VS16_Xtra_I APPL 129,2023-01-22 17:28:10,3,2,3,2023-01-22_RgbImage_2023-01-22_17-28-09.png,Switchgrass_VS16_Xtra_I APPL 129,0.9528629680449251,1.453180158045143
Switchgrass,RGB1,J585.B_WW_T3.16.2023_I APPL 92,2023-05-07 07:44:56,3,2,4,2023-05-7_RgbImage_2023-05-07_07-44-55.png,Switchgrass_J585.B_WW_T3.16.2023_I APPL 92,0.9751634341115747,3.127732878085226
Switchgrass,RGB2,J585.B_WW_T3.16.2023_I APPL 92,2023-05-07 07:44:26,3,2,4,2023-05-7_RgbImage_2023-05-07_07-44-26.png,Switchgrass_J585.B_WW_T3.16.2023_I APPL 92,0.9223227460887187,1.4664202309213579
Switchgrass,RGB1,VS16_D_I APPL 2,2022-12-31 11:30:14,3,2,4,2022-12-31_RgbImage_2022-12-31_11-30-14.png,Switchgrass_VS16_D_I APPL 2,0.9738730241298506,3.0706335520371795
Switchgrass,RGB2,VS16_D_I APPL 2,2022-12-31 11:29:43,3,2,4,2022-12-31_RgbImage_2022-12-31_11-29-42.png,Switchgrass_VS16_D_I APPL 2,0.9718442356036046,1.4749668100848794
Switchgrass,RGB1,J251.B_D_T3.12.2023_I APPL 438,2023-04-26 12:05:07,3,3,0,2023-04-26_RgbImage_2023-04-26_12-05-06.png,Switchgrass_J251.B_D_T3.12.2023_I APPL 438,0.957432386420231,3.1177026447840035
Switchgrass,RGB2,J251.B_D_T3.12.2023_I APPL 438,2023-04-26 12:04:36,3,3,0,2023-04-26_RgbImage_2023-04-26_12-04-35.png,Switchgrass_J251.B_D_T3.12.2023_I APPL 438,0.9336339211267729,1.4405280980281532
Switchgrass,RGB1,J279.A_WW_T3.12.2023_I APPL 391,2023-04-26 17:54:17,3,3,0,2023-04-26_RgbImage_2023-04-26_17-54-16.png,Switchgrass_J279.A_WW_T3.12.2023_I APPL 391,0.9676937713843572,3.1097523430362344
Switchgrass,RGB2,J279.A_WW_T3.12.2023_I APPL 391,2023-04-26 17:53:50,3,3,0,2023-04-26_RgbImage_2023-04-26_17-53-49.png,Switchgrass_J279.A_WW_T3.12.2023_I APPL 391,0.9576715878595018,1.4685043119825423
Switchgrass,RGB1,J317.A_D_I APPL 6,2023-01-31 10:27:06,3,3,0,2023-01-31_RgbImage_2023-01-31_10-27-05.png,Switchgrass_J317.A_D_I APPL 6,0.9751226713673204,3.157628499902785
Switchgrass,RGB2,J317.A_D_I APPL 6,2023-01-31 10:25:20,3,3,0,2023-01-31_RgbImage_2023-01-31_10-25-19.png,Switchgrass_J317.A_D_I APPL 6,0.9477711825478544,1.4553802167065442
Switchgrass,RGB1,J251.B_WW_T3.12.2023_I APPL 518,2023-04-12 07:10:50,3,3,1,2023-04-12_RgbImage_2023-04-12_07-10-49.png,Switchgrass_J251.B_WW_T3.12.2023_I APPL 518,0.9590776701765027,3.143466955050826
Switchgrass,RGB2,J251.B_WW_T3.12.2023_I APPL 518,2023-04-12 07:10:22,3,3,1,2023-04-12_RgbImage_2023-04-12_07-10-21.png,Switchgrass_J251.B_WW_T3.12.2023_I APPL 518,0.9515290689781626,1.4603140060789883
Switchgrass,RGB1,J317.A_D_I APPL 103,2023-01-19 10:56:59,3,3,1,2023-01-19_RgbImage_2023-01-19_10-56-58.png,Switchgrass_J317.A_D_I APPL 103,0.9706238701861017,3.153366412036121
Switchgrass,RGB2,J317.A_D_I APPL 103,2023-01-19 10:56:31,3,3,1,2023-01-19_RgbImage_2023-01-19_10-56-30.png,Switchgrass_J317.A_D_I APPL 103,0.9513924575592293,1.4334639520384371
Switchgrass,RGB1,AP13_D_I APPL 261,2023-01-07 11:37:49,3,3,2,2023-01-7_RgbImage_2023-01-07_11-37-49.png,Switchgrass_AP13_D_I APPL 261,0.963209323304847,3.034007773734629
Switchgrass,RGB2,AP13_D_I APPL 261,2023-01-07 11:37:19,3,3,2,2023-01-7_RgbImage_2023-01-07_11-37-18.png,Switchgrass_AP13_D_I APPL 261,0.963108727013048,1.4521476458758116
Switchgrass,RGB1,J226.A_WW_T3.13.2023_I APPL 294,2023-04-14 23:29:31,3,3,2,2023-04-14_RgbImage_2023-04-14_23-29-31.png,Switchgrass_J226.A_WW_T3.13.2023_I APPL 294,0.9692529510699696,3.142248942051083
Switchgrass,RGB2,J226.A_WW_T3.13.2023_I APPL 294,2023-04-14 23:29:02,3,3,2,2023-04-14_RgbImage_2023-04-14_23-29-01.png,Switchgrass_J226.A_WW_T3.13.2023_I APPL 294,0.9549026719866102,1.444302313029766
Switchgrass,RGB1,J317.A_D_I APPL 103,2023-01-02 10:57:28,3,3,2,2023-01-2_RgbImage_2023-01-02_10-57-27.png,Switchgrass_J317.A_D_I APPL 103,0.9646006637463823,3.025172238703817
Switchgrass,RGB2,J317.A_D_I APPL 103,2023-01-02 10:56:59,3,3,2,2023-01-2_RgbImage_2023-01-02_10-56-59.png,Switchgrass_J317.A_D_I APPL 103,0.944872835497979,1.4541151355952024
Switchgrass,RGB1,J317.A_WW_I APPL 351,2023-01-05 10:51:06,3,3,2,2023-01-5_RgbImage_2023-01-05_10-51-06.png,Switchgrass_J317.A_WW_I APPL 351,0.9783155328729016,3.1613916750065982
Switchgrass,RGB2,J317.A_WW_I APPL 351,2023-01-05 10:49:15,3,3,2,2023-01-5_RgbImage_2023-01-05_10-49-15.png,Switchgrass_J317.A_WW_I APPL 351,0.9809259903574032,1.436899886932224
Switchgrass,RGB1,J018.B_WW_T3.13.2023_I APPL 293,2023-04-28 18:40:14,3,3,3,2023-04-28_RgbImage_2023-04-28_18-40-13.png,Switchgrass_J018.B_WW_T3.13.2023_I APPL 293,0.9714457108578473,3.0525686871260405
Switchgrass,RGB2,J018.B_WW_T3.13.2023_I APPL 293,2023-04-28 18:39:38,3,3,3,2023-04-28_RgbImage_2023-04-28_18-39-38.png,Switchgrass_J018.B_WW_T3.13.2023_I APPL 293,0.9837022066231876,1.4449495072476566
Switchgrass,RGB1,J018.C_WW_T3.15.2023_I APPL 185,2023-04-16 08:14:35,3,3,3,2023-04-16_RgbImage_2023-04-16_08-14-34.png,Switchgrass_J018.C_WW_T3.15.2023_I APPL 185,0.9757231368843753,3.1419788016937673
Switchgrass,RGB2,J018.C_WW_T3.15.2023_I APPL 185,2023-04-16 08:14:02,3,3,3,2023-04-16_RgbImage_2023-04-16_08-14-01.png,Switchgrass_J018.C_WW_T3.15.2023_I APPL 185,0.9676456107627125,1.4605417256243527
Switchgrass,RGB1,J215.A_Xtra_I APPL 138,2023-01-19 17:14:23,3,3,3,2023-01-19_RgbImage_2023-01-19_17-14-23.png,Switchgrass_J215.A_Xtra_I APPL 138,0.9398829050841064,3.0313190701417625
Switchgrass,RGB2,J215.A_Xtra_I APPL 138,2023-01-19 17:13:10,3,3,3,2023-01-19_RgbImage_2023-01-19_17-13-10.png,Switchgrass_J215.A_Xtra_I APPL 138,0.9625299269522221,1.457888259086758
Switchgrass,RGB1,J587.C_WW_T3.16.2023_I APPL 58,2023-04-25 11:55:43,3,3,3,2023-04-25_RgbImage_2023-04-25_11-55-43.png,Switchgrass_J587.C_WW_T3.16.2023_I APPL 58,0.9645261286982041,3.1528507159091532
Switchgrass,RGB2,J587.C_WW_T3.16.2023_I APPL 58,2023-04-25 11:55:11,3,3,3,2023-04-25_RgbImage_2023-04-25_11-55-10.png,Switchgrass_J587.C_WW_T3.16.2023_I APPL 58,0.9722088381057611,1.4463345147669315
Switchgrass,RGB1,J585.A_WW_T3.14.2023_I APPL 268,2023-05-05 09:59:11,3,3,4,2023-05-5_RgbImage_2023-05-05_09-59-11.png,Switchgrass_J585.A_WW_T3.14.2023_I APPL 268,0.960424435883359,3.0992096280679107
Switchgrass,RGB2,J585.A_WW_T3.14.2023_I APPL 268,2023-05-05 09:58:39,3,3,4,2023-05-5_RgbImage_2023-05-05_09-58-38.png,Switchgrass_J585.A_WW_T3.14.2023_I APPL 268,0.9550603368700131,1.4633385739289224
Switchgrass,RGB1,J587.B_WW_T3.15.2023_I APPL 164,2023-05-06 10:51:21,3,3,4,2023-05-6_RgbImage_2023-05-06_10-51-21.png,Switchgrass_J587.B_WW_T3.15.2023_I APPL 164,0.982924471445229,3.1321361316367984
Switchgrass,RGB2,J587.B_WW_T3.15.2023_I APPL 164,2023-05-06 10:50:49,3,3,4,2023-05-6_RgbImage_2023-05-06_10-50-49.png,Switchgrass_J587.B_WW_T3.15.2023_I APPL 164,0.9711948273256765,1.4504387038759887
Switchgrass,RGB1,J008.D_D_I APPL 338,2023-01-23 12:13:19,3,4,0,2023-01-23_RgbImage_2023-01-23_12-13-19.png,Switchgrass_J008.D_D_I APPL 338,0.9759534791215112,3.104703785851598
Switchgrass,RGB2,J008.D_D_I APPL 338,2023-01-23 12:12:09,3,4,0,2023-01-23_RgbImage_2023-01-23_12-12-09.png,Switchgrass_J008.D_D_I APPL 338,0.9739255711630135,1.4456958468072116
Switchgrass,RGB1,J317.A_D_I APPL 6,2023-01-21 10:27:14,3,4,0,2023-01-21_RgbImage_2023-01-21_10-27-14.png,Switchgrass_J317.A_D_I APPL 6,0.9723141504063477,3.1579915350303054
Switchgrass,RGB2,J317.A_D_I APPL 6,2023-01-21 10:25:26,3,4,0,2023-01-21_RgbImage_2023-01-21_10-25-26.png,Switchgrass_J317.A_D_I APPL 6,0.9599838000988753,1.45054184878245
Switchgrass,RGB1,J008.D_D_I APPL 338,2023-02-09 11:51:56,3,4,1,2023-02-9_RgbImage_2023-02-09_11-51-55.png,Switchgrass_J008.D_D_I APPL 338,0.9840329123877021,3.042510189116001
Switchgrass,RGB2,J008.D_D_I APPL 338,2023-02-09 11:51:28,3,4,1,2023-02-9_RgbImage_2023-02-09_11-51-27.png,Switchgrass_J008.D_D_I APPL 338,0.9747683713935765,1.4748523021116853
Switchgrass,RGB1,J317.A_D_I APPL 103,2023-02-02 10:57:54,3,4,1,2023-02-2_RgbImage_2023-02-02_10-57-53.png,Switchgrass_J317.A_D_I APPL 103,0.958572930490713,3.1679515461437404
Switchgrass,RGB2,J317.A_D_I APPL 103,2023-02-02 10:56:09,3,4,1,2023-02-2_RgbImage_2023-02-02_10-56-09.png,Switchgrass_J317.A_D_I APPL 103,0.9309650605564895,1.447003488894552
Switchgrass,RGB1,J247.A_D_T3.12.2023_I APPL 411,2023-04-12 15:31:39,3,4,2,2023-04-12_RgbImage_2023-04-12_15-31-38.png,Switchgrass_J247.A_D_T3.12.2023_I APPL 411,0.9603866547594738,3.1081777531653643
Switchgrass,RGB2,J247.A_D_T3.12.2023_I APPL 411,2023-04-12 15:31:03,3,4,2,2023-04-12_RgbImage_2023-04-12_15-31-03.png,Switchgrass_J247.A_D_T3.12.2023_I APPL 411,0.9750492062182937,1.5055025606416166
Switchgrass,RGB1,AP13_WW_I APPL 142,2022-12-08 14:01:33,3,4,3,2022-12-8_RgbImage_2022-12-08_14-01-32.png,Switchgrass_AP13_WW_I APPL 142,0.9722395099284924,3.160650501959026
Switchgrass,RGB2,AP13_WW_I APPL 142,2022-12-08 14:00:59,3,4,3,2022-12-8_RgbImage_2022-12-08_14-00-59.png,Switchgrass_AP13_WW_I APPL 142,0.9678058325615884,1.445369980763644
Switchgrass,RGB1,J009.C_D_T3.15.2023_I APPL 175,2023-05-06 09:20:33,3,4,3,2023-05-6_RgbImage_2023-05-06_09-20-32.png,Switchgrass_J009.C_D_T3.15.2023_I APPL 175,0.9812024631255377,3.1111203362233937
Switchgrass,RGB2,J009.C_D_T3.15.2023_I APPL 175,2023-05-06 09:20:02,3,4,3,2023-05-6_RgbImage_2023-05-06_09-20-02.png,Switchgrass_J009.C_D_T3.15.2023_I APPL 175,0.9634736607500316,1.4730434520170093
Switchgrass,RGB1,J318.A_WW_T3.12.2023_I APPL 407,2023-04-12 16:03:56,3,4,3,2023-04-12_RgbImage_2023-04-12_16-03-56.png,Switchgrass_J318.A_WW_T3.12.2023_I APPL 407,0.9638777924375396,3.167747569270432
Switchgrass,RGB2,J318.A_WW_T3.12.2023_I APPL 407,2023-04-12 16:03:29,3,4,3,2023-04-12_RgbImage_2023-04-12_16-03-29.png,Switchgrass_J318.A_WW_T3.12.2023_I APPL 407,0.9744045898286299,1.444386922288686
Switchgrass,RGB1,J251.A_WW_T3.16.2023_I APPL 48,2023-05-02 13:18:41,3,4,4,2023-05-2_RgbImage_2023-05-02_13-18-41.png,Switchgrass_J251.A_WW_T3.16.2023_I APPL 48,0.9563469232550162,3.0567246531136334
Switchgrass,RGB2,J251.A_WW_T3.16.2023_I APPL 48,2023-05-02 13:18:09,3,4,4,2023-05-2_RgbImage_2023-05-02_13-18-09.png,Switchgrass_J251.A_WW_T3.16.2023_I APPL 48,0.9671616932686115,1.4535226449370384
Switchgrass,RGB1,Rambo 5_WW_T3.15.2023_I APPL 189,2023-05-06 07:41:21,3,4,4,2023-05-6_RgbImage_2023-05-06_07-41-21.png,Switchgrass_Rambo 5_WW_T3.15.2023_I APPL 189,0.9712974757987367,3.1825438141822815
Switchgrass,RGB2,Rambo 5_WW_T3.15.2023_I APPL 189,2023-05-06 07:40:50,3,4,4,2023-05-6_RgbImage_2023-05-06_07-40-50.png,Switchgrass_Rambo 5_WW_T3.15.2023_I APPL 189,0.9598132776475704,1.456315463874489
Switchgrass,RGB1,VS16_D_I APPL 2,2023-02-07 11:28:24,3,4,4,2023-02-7_RgbImage_2023-02-07_11-28-23.png,Switchgrass_VS16_D_I APPL 2,0.9725937378660687,3.0334291979670525
Switchgrass,RGB1,VS16_D_I APPL 2,2023-02-05 11:30:15,3,4,4,2023-02-5_RgbImage_2023-02-05_11-30-14.png,Switchgrass_VS16_D_I APPL 2,0.9697612784592988,3.106686433777213
Switchgrass,RGB2,VS16_D_I APPL 2,2023-02-07 11:27:56,3,4,4,2023-02-7_RgbImage_2023-02-07_11-27-56.png,Switchgrass_VS16_D_I APPL 2,0.96621535750298,1.440057076048106
Switchgrass,RGB2,VS16_D_I APPL 2,2023-02-05 11:29:47,3,4,4,2023-02-5_RgbImage_2023-02-05_11-29-47.png,Switchgrass_VS16_D_I APPL 2,0.9719722122851117,1.4512588041834533
Switchgrass,RGB1,J001.B_WW_T3.13.2023_I APPL 349,2023-04-14 16:53:53,4,0,0,2023-04-14_RgbImage_2023-04-14_16-53-52.png,Switchgrass_J001.B_WW_T3.13.2023_I APPL 349,0.9694008815832083,3.1879517692141235
Switchgrass,RGB2,J001.B_WW_T3.13.2023_I APPL 349,2023-04-14 16:53:26,4,0,0,2023-04-14_RgbImage_2023-04-14_16-53-26.png,Switchgrass_J001.B_WW_T3.13.2023_I APPL 349,0.9671239848724941,1.4765912792645395
Switchgrass,RGB1,J008.D_D_I APPL 125,2023-01-06 16:38:16,4,0,0,2023-01-6_RgbImage_2023-01-06_16-38-16.png,Switchgrass_J008.D_D_I APPL 125,0.9642398734725095,3.164710125885904
Switchgrass,RGB1,J008.D_D_I APPL 125,2023-01-07 16:37:45,4,0,0,2023-01-7_RgbImage_2023-01-07_16-37-44.png,Switchgrass_J008.D_D_I APPL 125,0.9750108879692829,3.1372629329562187
Switchgrass,RGB2,J008.D_D_I APPL 125,2023-01-06 16:37:08,4,0,0,2023-01-6_RgbImage_2023-01-06_16-37-08.png,Switchgrass_J008.D_D_I APPL 125,0.964971372136452,1.447475881781429
Switchgrass,RGB2,J008.D_D_I APPL 125,2023-01-07 16:36:37,4,0,0,2023-01-7_RgbImage_2023-01-07_16-36-36.png,Switchgrass_J008.D_D_I APPL 125,0.9677826534482261,1.4140613372437656
Switchgrass,RGB1,J215.A_Xtra_I APPL 138,2023-01-28 17:12:51,4,0,0,2023-01-28_RgbImage_2023-01-28_17-12-51.png,Switchgrass_J215.A_Xtra_I APPL 138,0.9641342312962203,3.1338810278102756
Switchgrass,RGB2,J215.A_Xtra_I APPL 138,2023-01-28 17:11:03,4,0,0,2023-01-28_RgbImage_2023-01-28_17-11-03.png,Switchgrass_J215.A_Xtra_I APPL 138,0.9576771847047143,1.4778632940724492
Switchgrass,RGB1,J005.A_D_T3.13.2023_I APPL 315,2023-05-04 20:30:18,4,0,1,2023-05-4_RgbImage_2023-05-04_20-30-18.png,Switchgrass_J005.A_D_T3.13.2023_I APPL 315,0.9788152334275344,3.1804213812574744
Switchgrass,RGB2,J005.A_D_T3.13.2023_I APPL 315,2023-05-04 20:29:47,4,0,1,2023-05-4_RgbImage_2023-05-04_20-29-46.png,Switchgrass_J005.A_D_T3.13.2023_I APPL 315,0.9575722860129439,1.474951689131558
Switchgrass,RGB1,J215.A_WW_I APPL 152,2023-01-22 13:46:50,4,0,1,2023-01-22_RgbImage_2023-01-22_13-46-50.png,Switchgrass_J215.A_WW_I APPL 152,0.9714325296994136,3.0574397332966328
Switchgrass,RGB1,J215.A_WW_I APPL 152,2023-01-23 14:06:30,4,0,1,2023-01-23_RgbImage_2023-01-23_14-06-29.png,Switchgrass_J215.A_WW_I APPL 152,0.9725267747173483,3.067407550290227
Switchgrass,RGB2,J215.A_WW_I APPL 152,2023-01-22 13:45:03,4,0,1,2023-01-22_RgbImage_2023-01-22_13-45-02.png,Switchgrass_J215.A_WW_I APPL 152,0.9470896263890033,1.4236119617708027
Switchgrass,RGB2,J215.A_WW_I APPL 152,2023-01-23 14:04:45,4,0,1,2023-01-23_RgbImage_2023-01-23_14-04-45.png,Switchgrass_J215.A_WW_I APPL 152,0.9578413401036647,1.4496859600767493
Switchgrass,RGB1,J215.A_D_I APPL 121,2023-01-09 16:20:56,4,0,2,2023-01-9_RgbImage_2023-01-09_16-20-55.png,Switchgrass_J215.A_D_I APPL 121,0.9687370863664008,3.177747255191207
Switchgrass,RGB2,J215.A_D_I APPL 121,2023-01-09 16:20:24,4,0,2,2023-01-9_RgbImage_2023-01-09_16-20-24.png,Switchgrass_J215.A_D_I APPL 121,0.9611469695852216,1.4818320577032864
Switchgrass,RGB1,J215.A_D_I APPL 130,2023-01-19 15:23:06,4,0,2,2023-01-19_RgbImage_2023-01-19_15-23-06.png,Switchgrass_J215.A_D_I APPL 130,0.9623267468453613,3.0474935779348016
Switchgrass,RGB2,J215.A_D_I APPL 130,2023-01-19 15:21:15,4,0,2,2023-01-19_RgbImage_2023-01-19_15-21-15.png,Switchgrass_J215.A_D_I APPL 130,0.9587098667054648,1.4460928961634636
Switchgrass,RGB1,J215.A_D_I APPL 146,2023-01-29 14:01:16,4,0,2,2023-01-29_RgbImage_2023-01-29_14-01-15.png,Switchgrass_J215.A_D_I APPL 146,0.9679853078676465,3.1450281627476215
Switchgrass,RGB2,J215.A_D_I APPL 146,2023-01-29 14:00:05,4,0,2,2023-01-29_RgbImage_2023-01-29_14-00-05.png,Switchgrass_J215.A_D_I APPL 146,0.9454062914684399,1.440538675058633
Switchgrass,RGB1,J215.A_WW_I APPL 131,2023-01-25 15:06:31,4,0,2,2023-01-25_RgbImage_2023-01-25_15-06-31.png,Switchgrass_J215.A_WW_I APPL 131,0.9698701731798961,3.1043331120163202
Switchgrass,RGB2,J215.A_WW_I APPL 131,2023-01-25 15:04:40,4,0,2,2023-01-25_RgbImage_2023-01-25_15-04-40.png,Switchgrass_J215.A_WW_I APPL 131,0.9721181127185216,1.4437705860473216
Switchgrass,RGB1,J215.A_WW_I APPL 221,2023-01-06 14:45:27,4,0,3,2023-01-6_RgbImage_2023-01-06_14-45-27.png,Switchgrass_J215.A_WW_I APPL 221,0.9706095039418761,3.164606629870832
Switchgrass,RGB2,J215.A_WW_I APPL 221,2023-01-06 14:44:10,4,0,3,2023-01-6_RgbImage_2023-01-06_14-44-10.png,Switchgrass_J215.A_WW_I APPL 221,0.9690121547749229,1.4526305668987334
Switchgrass,RGB1,J461.C_WW_T3.15.2023_I APPL 136,2023-05-06 14:10:18,4,0,3,2023-05-6_RgbImage_2023-05-06_14-10-18.png,Switchgrass_J461.C_WW_T3.15.2023_I APPL 136,0.9802217094856058,3.054581519216299
Switchgrass,RGB2,J461.C_WW_T3.15.2023_I APPL 136,2023-05-06 14:09:48,4,0,3,2023-05-6_RgbImage_2023-05-06_14-09-47.png,Switchgrass_J461.C_WW_T3.15.2023_I APPL 136,0.9452839404195034,1.4428150299936533
Switchgrass,RGB1,VS16_D_I APPL 402,2023-02-09 11:04:20,4,0,3,2023-02-9_RgbImage_2023-02-09_11-04-20.png,Switchgrass_VS16_D_I APPL 402,0.9695619763513031,3.2061761426739395
Switchgrass,RGB2,VS16_D_I APPL 402,2023-02-09 11:03:53,4,0,3,2023-02-9_RgbImage_2023-02-09_11-03-53.png,Switchgrass_VS16_D_I APPL 402,0.9629801227216409,1.4715377842076123
Switchgrass,RGB1,J215.A_WW_I APPL 221,2023-01-10 14:44:16,4,0,4,2023-01-10_RgbImage_2023-01-10_14-44-16.png,Switchgrass_J215.A_WW_I APPL 221,0.9731654638623265,3.035945804324001
Switchgrass,RGB2,J215.A_WW_I APPL 221,2023-01-10 14:43:02,4,0,4,2023-01-10_RgbImage_2023-01-10_14-43-01.png,Switchgrass_J215.A_WW_I APPL 221,0.9679587860022231,1.481750903185457
Switchgrass,RGB1,J323.A_WW_T3.13.2023_I APPL 367,2023-04-20 09:38:39,4,0,4,2023-04-20_RgbImage_2023-04-20_09-38-39.png,Switchgrass_J323.A_WW_T3.13.2023_I APPL 367,0.970786660266714,3.1492542433552444
Switchgrass,RGB1,J323.A_WW_T3.13.2023_I APPL 367,2023-04-28 09:38:14,4,0,4,2023-04-28_RgbImage_2023-04-28_09-38-14.png,Switchgrass_J323.A_WW_T3.13.2023_I APPL 367,0.9731082334368725,3.1170015330426395
Switchgrass,RGB2,J323.A_WW_T3.13.2023_I APPL 367,2023-04-20 09:38:05,4,0,4,2023-04-20_RgbImage_2023-04-20_09-38-04.png,Switchgrass_J323.A_WW_T3.13.2023_I APPL 367,0.967435160656059,1.4540663920342922
Switchgrass,RGB2,J323.A_WW_T3.13.2023_I APPL 367,2023-04-28 09:37:42,4,0,4,2023-04-28_RgbImage_2023-04-28_09-37-42.png,Switchgrass_J323.A_WW_T3.13.2023_I APPL 367,0.9608991963589213,1.430925430264324
Switchgrass,RGB1,J340.A_WW_T3.13.2023_I APPL 306,2023-05-04 21:44:01,4,0,4,2023-05-4_RgbImage_2023-05-04_21-44-00.png,Switchgrass_J340.A_WW_T3.13.2023_I APPL 306,0.979530849413796,3.1684427009895444
Switchgrass,RGB2,J340.A_WW_T3.13.2023_I APPL 306,2023-05-04 21:43:27,4,0,4,2023-05-4_RgbImage_2023-05-04_21-43-27.png,Switchgrass_J340.A_WW_T3.13.2023_I APPL 306,0.9743888218858323,1.4937735637649894
Switchgrass,RGB1,AP13_WW_I APPL 142,2023-01-21 13:54:54,4,1,0,2023-01-21_RgbImage_2023-01-21_13-54-53.png,Switchgrass_AP13_WW_I APPL 142,0.9785685413426837,3.1644547320902348
Switchgrass,RGB1,AP13_WW_I APPL 142,2023-01-22 13:54:49,4,1,0,2023-01-22_RgbImage_2023-01-22_13-54-48.png,Switchgrass_AP13_WW_I APPL 142,0.9761601214664047,3.17614813009277
Switchgrass,RGB2,AP13_WW_I APPL 142,2023-01-21 13:53:04,4,1,0,2023-01-21_RgbImage_2023-01-21_13-53-04.png,Switchgrass_AP13_WW_I APPL 142,0.9627024496963252,1.453268343117088
Switchgrass,RGB2,AP13_WW_I APPL 142,2023-01-22 13:52:59,4,1,0,2023-01-22_RgbImage_2023-01-22_13-52-59.png,Switchgrass_AP13_WW_I APPL 142,0.9598053600180795,1.4549225401133299
Switchgrass,RGB1,J008.D_D_I APPL 125,2023-01-08 16:37:26,4,1,1,2023-01-8_RgbImage_2023-01-08_16-37-25.png,Switchgrass_J008.D_D_I APPL 125,0.9628502332336235,3.1775991432368755
Switchgrass,RGB2,J008.D_D_I APPL 125,2023-01-08 16:36:18,4,1,1,2023-01-8_RgbImage_2023-01-08_16-36-18.png,Switchgrass_J008.D_D_I APPL 125,0.9688212526732111,1.4669761788100004
Switchgrass,RGB1,J250.C_D_T3.13.2023_I APPL 358,2023-05-04 15:11:05,4,1,1,2023-05-4_RgbImage_2023-05-04_15-11-05.png,Switchgrass_J250.C_D_T3.13.2023_I APPL 358,0.9694913403521894,3.0966808330267668
Switchgrass,RGB2,J250.C_D_T3.13.2023_I APPL 358,2023-05-04 15:10:35,4,1,1,2023-05-4_RgbImage_2023-05-04_15-10-34.png,Switchgrass_J250.C_D_T3.13.2023_I APPL 358,0.9707186942590054,1.445457875262946
Switchgrass,RGB1,J330.A_WW_T3.12.2023_I APPL 396,2023-04-26 17:13:22,4,1,1,2023-04-26_RgbImage_2023-04-26_17-13-22.png,Switchgrass_J330.A_WW_T3.12.2023_I APPL 396,0.9700051238705855,3.166620837058872
Switchgrass,RGB2,J330.A_WW_T3.12.2023_I APPL 396,2023-04-26 17:12:51,4,1,1,2023-04-26_RgbImage_2023-04-26_17-12-51.png,Switchgrass_J330.A_WW_T3.12.2023_I APPL 396,0.9631330007182097,1.4621474798768759
Switchgrass,RGB1,J215.A_D_I APPL 146,2023-02-08 14:01:09,4,1,2,2023-02-8_RgbImage_2023-02-08_14-01-08.png,Switchgrass_J215.A_D_I APPL 146,0.955905639693092,3.1665987139567733
Switchgrass,RGB2,J215.A_D_I APPL 146,2023-02-08 13:59:21,4,1,2,2023-02-8_RgbImage_2023-02-08_13-59-21.png,Switchgrass_J215.A_D_I APPL 146,0.9426205136017282,1.45111566176638
Switchgrass,RGB1,J215.A_D_I APPL 4,2023-01-11 10:41:39,4,1,2,2023-01-11_RgbImage_2023-01-11_10-41-39.png,Switchgrass_J215.A_D_I APPL 4,0.9777155082981865,3.084165200125426
Switchgrass,RGB2,J215.A_D_I APPL 4,2023-01-11 10:41:11,4,1,2,2023-01-11_RgbImage_2023-01-11_10-41-10.png,Switchgrass_J215.A_D_I APPL 4,0.9602154289146849,1.4789539650082588
Switchgrass,RGB1,J215.A_WW_I APPL 131,2023-01-27 15:05:55,4,1,2,2023-01-27_RgbImage_2023-01-27_15-05-54.png,Switchgrass_J215.A_WW_I APPL 131,0.9718184064460699,3.1539799459278584
Switchgrass,RGB1,J215.A_WW_I APPL 131,2023-02-09 15:04:31,4,1,2,2023-02-9_RgbImage_2023-02-09_15-04-31.png,Switchgrass_J215.A_WW_I APPL 131,0.9700838326265244,3.1611893456429243
Switchgrass,RGB2,J215.A_WW_I APPL 131,2023-01-27 15:04:04,4,1,2,2023-01-27_RgbImage_2023-01-27_15-04-03.png,Switchgrass_J215.A_WW_I APPL 131,0.9660993696609618,1.4724976476281881
Switchgrass,RGB2,J215.A_WW_I APPL 131,2023-02-09 15:02:47,4,1,2,2023-02-9_RgbImage_2023-02-09_15-02-47.png,Switchgrass_J215.A_WW_I APPL 131,0.9454746684477365,1.458927200641483
Switchgrass,RGB1,J215.A_D_I APPL 4,2023-01-25 10:41:21,4,1,3,2023-01-25_RgbImage_2023-01-25_10-41-20.png,Switchgrass_J215.A_D_I APPL 4,0.9816973891812574,3.1221380340866745
Switchgrass,RGB2,J215.A_D_I APPL 4,2023-01-25 10:40:53,4,1,3,2023-01-25_RgbImage_2023-01-25_10-40-53.png,Switchgrass_J215.A_D_I APPL 4,0.9608415173600301,1.4571006270125508
Switchgrass,RGB1,J215.A_WW_I APPL 136,2023-01-19 16:26:09,4,1,3,2023-01-19_RgbImage_2023-01-19_16-26-08.png,Switchgrass_J215.A_WW_I APPL 136,0.9757030178811584,3.1518834228627384
Switchgrass,RGB2,J215.A_WW_I APPL 136,2023-01-19 16:25:44,4,1,3,2023-01-19_RgbImage_2023-01-19_16-25-43.png,Switchgrass_J215.A_WW_I APPL 136,0.961391912279053,1.453946123830974
Switchgrass,RGB1,J215.A_WW_I APPL 221,2023-01-28 14:09:00,4,1,3,2023-01-28_RgbImage_2023-01-28_14-09-00.png,Switchgrass_J215.A_WW_I APPL 221,0.9760355717093022,3.118584806099534
Switchgrass,RGB2,J215.A_WW_I APPL 221,2023-01-28 14:07:56,4,1,3,2023-01-28_RgbImage_2023-01-28_14-07-56.png,Switchgrass_J215.A_WW_I APPL 221,0.9512939493983363,1.439871032256633
Switchgrass,RGB1,VS16_D_I APPL 124,2023-01-21 16:41:46,4,1,3,2023-01-21_RgbImage_2023-01-21_16-41-46.png,Switchgrass_VS16_D_I APPL 124,0.9758550185995689,3.1425456372089684
Switchgrass,RGB2,VS16_D_I APPL 124,2023-01-21 16:40:40,4,1,3,2023-01-21_RgbImage_2023-01-21_16-40-40.png,Switchgrass_VS16_D_I APPL 124,0.9544163997601758,1.4463379690423608
Switchgrass,RGB1,J215.A_D_I APPL 4,2022-12-30 10:42:10,4,1,4,2022-12-30_RgbImage_2022-12-30_10-42-10.png,Switchgrass_J215.A_D_I APPL 4,0.979915819558158,3.163583902642131
Switchgrass,RGB2,J215.A_D_I APPL 4,2022-12-30 10:41:37,4,1,4,2022-12-30_RgbImage_2022-12-30_10-41-36.png,Switchgrass_J215.A_D_I APPL 4,0.9748943882790189,1.4561521839350462
Switchgrass,RGB1,J215.A_WW_I APPL 221,2023-02-05 14:09:58,4,1,4,2023-02-5_RgbImage_2023-02-05_14-09-57.png,Switchgrass_J215.A_WW_I APPL 221,0.9725273556888819,3.122550632804632
Switchgrass,RGB2,J215.A_WW_I APPL 221,2023-02-05 14:08:52,4,1,4,2023-02-5_RgbImage_2023-02-05_14-08-52.png,Switchgrass_J215.A_WW_I APPL 221,0.9515323329972903,1.466149935964495
Switchgrass,RGB1,VS16_D_I APPL 2,2023-01-10 11:29:28,4,1,4,2023-01-10_RgbImage_2023-01-10_11-29-27.png,Switchgrass_VS16_D_I APPL 2,0.979360325952135,3.1444438146427274
Switchgrass,RGB2,VS16_D_I APPL 2,2023-01-10 11:28:56,4,1,4,2023-01-10_RgbImage_2023-01-10_11-28-56.png,Switchgrass_VS16_D_I APPL 2,0.9767906858185421,1.444279526360333
Switchgrass,RGB1,VS16_WW_I APPL 10,2023-01-23 12:06:08,4,1,4,2023-01-23_RgbImage_2023-01-23_12-06-08.png,Switchgrass_VS16_WW_I APPL 10,0.9715365633859608,3.0411037649028003
Switchgrass,RGB2,VS16_WW_I APPL 10,2023-01-23 12:04:14,4,1,4,2023-01-23_RgbImage_2023-01-23_12-04-14.png,Switchgrass_VS16_WW_I APPL 10,0.9564240892266296,1.4533096486702561
Switchgrass,RGB1,AP13_D_I APPL 261,2023-01-20 11:38:18,4,2,0,2023-01-20_RgbImage_2023-01-20_11-38-17.png,Switchgrass_AP13_D_I APPL 261,0.9460234899161956,3.1599334608763456
Switchgrass,RGB2,AP13_D_I APPL 261,2023-01-20 11:36:29,4,2,0,2023-01-20_RgbImage_2023-01-20_11-36-29.png,Switchgrass_AP13_D_I APPL 261,0.9647625373630511,1.4736728789284825
Switchgrass,RGB1,AP13_WW_I APPL 142,2023-02-04 13:52:48,4,2,0,2023-02-4_RgbImage_2023-02-04_13-52-47.png,Switchgrass_AP13_WW_I APPL 142,0.9726941087449092,3.093775638844818
Switchgrass,RGB2,AP13_WW_I APPL 142,2023-02-04 13:51:44,4,2,0,2023-02-4_RgbImage_2023-02-04_13-51-43.png,Switchgrass_AP13_WW_I APPL 142,0.9685312046687894,1.4633826445788145
Switchgrass,RGB1,J317.A_D_I APPL 123,2023-02-04 16:46:31,4,2,0,2023-02-4_RgbImage_2023-02-04_16-46-30.png,Switchgrass_J317.A_D_I APPL 123,0.9690254047762231,3.1575077339075506
Switchgrass,RGB2,J317.A_D_I APPL 123,2023-02-04 16:46:08,4,2,0,2023-02-4_RgbImage_2023-02-04_16-46-07.png,Switchgrass_J317.A_D_I APPL 123,0.9336392987700598,1.4592615417204797
Switchgrass,RGB1,AP13_WW_I APPL 142,2023-01-27 13:52:51,4,2,1,2023-01-27_RgbImage_2023-01-27_13-52-50.png,Switchgrass_AP13_WW_I APPL 142,0.9757892067811244,3.0683020069263875
Switchgrass,RGB2,AP13_WW_I APPL 142,2023-01-27 13:52:26,4,2,1,2023-01-27_RgbImage_2023-01-27_13-52-25.png,Switchgrass_AP13_WW_I APPL 142,0.9623372043982614,1.4715432827360928
Switchgrass,RGB1,J317.A_Xtra_I APPL 137,2023-01-19 17:21:27,4,2,1,2023-01-19_RgbImage_2023-01-19_17-21-27.png,Switchgrass_J317.A_Xtra_I APPL 137,0.9677979687347933,3.177422747015953
Switchgrass,RGB2,J317.A_Xtra_I APPL 137,2023-01-19 17:21:01,4,2,1,2023-01-19_RgbImage_2023-01-19_17-21-01.png,Switchgrass_J317.A_Xtra_I APPL 137,0.9561215122148381,1.4680397687479854
Switchgrass,RGB1,J215.A_Xtra_I APPL 138,2023-01-21 17:13:48,4,2,2,2023-01-21_RgbImage_2023-01-21_17-13-47.png,Switchgrass_J215.A_Xtra_I APPL 138,0.972282366477142,3.1101018460467458
Switchgrass,RGB2,J215.A_Xtra_I APPL 138,2023-01-21 17:12:35,4,2,2,2023-01-21_RgbImage_2023-01-21_17-12-35.png,Switchgrass_J215.A_Xtra_I APPL 138,0.9613121425947765,1.4744656281545758
Switchgrass,RGB1,J308.A_WW_T3.12.2023_I APPL 498,2023-04-26 09:38:46,4,2,2,2023-04-26_RgbImage_2023-04-26_09-38-46.png,Switchgrass_J308.A_WW_T3.12.2023_I APPL 498,0.9666564038216673,3.1576505042612553
Switchgrass,RGB2,J308.A_WW_T3.12.2023_I APPL 498,2023-04-26 09:38:20,4,2,2,2023-04-26_RgbImage_2023-04-26_09-38-20.png,Switchgrass_J308.A_WW_T3.12.2023_I APPL 498,0.9550286835099485,1.4555463888682425
Switchgrass,RGB1,J215.A_D_I APPL 130,2023-01-23 15:40:47,4,2,3,2023-01-23_RgbImage_2023-01-23_15-40-47.png,Switchgrass_J215.A_D_I APPL 130,0.9792073056193841,3.047747884877026
Switchgrass,RGB2,J215.A_D_I APPL 130,2023-01-23 15:40:18,4,2,3,2023-01-23_RgbImage_2023-01-23_15-40-17.png,Switchgrass_J215.A_D_I APPL 130,0.9618992591003105,1.4881897661834955
Switchgrass,RGB1,J215.A_WW_I APPL 152,2023-02-04 13:44:15,4,2,3,2023-02-4_RgbImage_2023-02-04_13-44-15.png,Switchgrass_J215.A_WW_I APPL 152,0.9591253387898826,3.2009394578635693
Switchgrass,RGB1,J215.A_WW_I APPL 152,2023-02-05 13:45:57,4,2,3,2023-02-5_RgbImage_2023-02-05_13-45-56.png,Switchgrass_J215.A_WW_I APPL 152,0.9645542286758135,3.162161322310567
Switchgrass,RGB2,J215.A_WW_I APPL 152,2023-02-04 13:43:50,4,2,3,2023-02-4_RgbImage_2023-02-04_13-43-49.png,Switchgrass_J215.A_WW_I APPL 152,0.9568999667494826,1.4580672439187765
Switchgrass,RGB2,J215.A_WW_I APPL 152,2023-02-05 13:45:31,4,2,3,2023-02-5_RgbImage_2023-02-05_13-45-31.png,Switchgrass_J215.A_WW_I APPL 152,0.9484001626245249,1.4410039139911532
Switchgrass,RGB1,J613.A_WW_T3.16.2023_I APPL 12,2023-05-02 17:53:58,4,2,3,2023-05-2_RgbImage_2023-05-02_17-53-57.png,Switchgrass_J613.A_WW_T3.16.2023_I APPL 12,0.981804067150537,3.2116552679799497
Switchgrass,RGB2,J613.A_WW_T3.16.2023_I APPL 12,2023-05-02 17:53:30,4,2,3,2023-05-2_RgbImage_2023-05-02_17-53-30.png,Switchgrass_J613.A_WW_T3.16.2023_I APPL 12,0.96740972022828,1.4769383426755667
Switchgrass,RGB1,J215.A_WW_I APPL 136,2023-01-29 16:24:03,4,2,4,2023-01-29_RgbImage_2023-01-29_16-24-02.png,Switchgrass_J215.A_WW_I APPL 136,0.9731235001734734,3.1378470812924206
Switchgrass,RGB2,J215.A_WW_I APPL 136,2023-01-29 16:23:40,4,2,4,2023-01-29_RgbImage_2023-01-29_16-23-40.png,Switchgrass_J215.A_WW_I APPL 136,0.9561609203119678,1.4498289283365011
Switchgrass,RGB1,VS16_D_I APPL 2,2023-01-04 11:30:07,4,2,4,2023-01-4_RgbImage_2023-01-04_11-30-06.png,Switchgrass_VS16_D_I APPL 2,0.9696814385924216,3.0751740681007504
Switchgrass,RGB2,VS16_D_I APPL 2,2023-01-04 11:29:35,4,2,4,2023-01-4_RgbImage_2023-01-04_11-29-34.png,Switchgrass_VS16_D_I APPL 2,0.9765393062257363,1.4481825563125312
Switchgrass,RGB1,VS16_WW_I APPL 10,2023-02-09 11:45:27,4,2,4,2023-02-9_RgbImage_2023-02-09_11-45-26.png,Switchgrass_VS16_WW_I APPL 10,0.971612542076209,3.2005911991000175
Switchgrass,RGB2,VS16_WW_I APPL 10,2023-02-09 11:43:35,4,2,4,2023-02-9_RgbImage_2023-02-09_11-43-35.png,Switchgrass_VS16_WW_I APPL 10,0.9666100455989248,1.46929134381935
Switchgrass,RGB1,J317.A_WW_I APPL 225,2023-01-27 14:40:46,4,3,0,2023-01-27_RgbImage_2023-01-27_14-40-46.png,Switchgrass_J317.A_WW_I APPL 225,0.9737140973531387,3.197785665281117
Switchgrass,RGB2,J317.A_WW_I APPL 225,2023-01-27 14:39:43,4,3,0,2023-01-27_RgbImage_2023-01-27_14-39-42.png,Switchgrass_J317.A_WW_I APPL 225,0.9456809829557928,1.4864192879758775
Switchgrass,RGB1,J317.A_WW_I APPL 351,2023-01-11 10:49:25,4,3,0,2023-01-11_RgbImage_2023-01-11_10-49-25.png,Switchgrass_J317.A_WW_I APPL 351,0.9780975482699522,3.028264658059925
Switchgrass,RGB2,J317.A_WW_I APPL 351,2023-01-11 10:49:01,4,3,0,2023-01-11_RgbImage_2023-01-11_10-49-00.png,Switchgrass_J317.A_WW_I APPL 351,0.9605789357830815,1.4527818011119962
Switchgrass,RGB1,J317.A_Xtra_I APPL 137,2023-01-29 17:19:42,4,3,0,2023-01-29_RgbImage_2023-01-29_17-19-41.png,Switchgrass_J317.A_Xtra_I APPL 137,0.9689931199886137,3.1828913441859186
Switchgrass,RGB2,J317.A_Xtra_I APPL 137,2023-01-29 17:18:36,4,3,0,2023-01-29_RgbImage_2023-01-29_17-18-36.png,Switchgrass_J317.A_Xtra_I APPL 137,0.9607147199269175,1.4494519759900868
Switchgrass,RGB1,AP13_WW_I APPL 142,2023-01-07 14:28:50,4,3,1,2023-01-7_RgbImage_2023-01-07_14-28-49.png,Switchgrass_AP13_WW_I APPL 142,0.9761714595532982,3.034149393904954
Switchgrass,RGB2,AP13_WW_I APPL 142,2023-01-07 14:27:38,4,3,1,2023-01-7_RgbImage_2023-01-07_14-27-38.png,Switchgrass_AP13_WW_I APPL 142,0.9654976351581198,1.4605865660123527
Switchgrass,RGB1,J317.A_WW_I APPL 351,2023-01-06 10:51:12,4,3,1,2023-01-6_RgbImage_2023-01-06_10-51-12.png,Switchgrass_J317.A_WW_I APPL 351,0.9709513232467395,3.1468839468434453
Switchgrass,RGB2,J317.A_WW_I APPL 351,2023-01-06 10:49:23,4,3,1,2023-01-6_RgbImage_2023-01-06_10-49-22.png,Switchgrass_J317.A_WW_I APPL 351,0.9724731382298651,1.4522741809487343
Switchgrass,RGB1,J317.A_Xtra_I APPL 137,2023-01-09 17:24:42,4,3,1,2023-01-9_RgbImage_2023-01-09_17-24-41.png,Switchgrass_J317.A_Xtra_I APPL 137,0.9743952629387054,3.0825540609657764
Switchgrass,RGB2,J317.A_Xtra_I APPL 137,2023-01-09 17:24:15,4,3,1,2023-01-9_RgbImage_2023-01-09_17-24-15.png,Switchgrass_J317.A_Xtra_I APPL 137,0.9668586047563238,1.47278410801664
Switchgrass,RGB1,J215.A_D_I APPL 121,2023-01-26 17:13:11,4,3,2,2023-01-26_RgbImage_2023-01-26_17-13-10.png,Switchgrass_J215.A_D_I APPL 121,0.9747156477799094,3.1581721887923777
Switchgrass,RGB2,J215.A_D_I APPL 121,2023-01-26 17:12:43,4,3,2,2023-01-26_RgbImage_2023-01-26_17-12-42.png,Switchgrass_J215.A_D_I APPL 121,0.9542502100534912,1.4538406231440604
Switchgrass,RGB1,J215.A_WW_I APPL 152,2023-02-08 13:44:09,4,3,2,2023-02-8_RgbImage_2023-02-08_13-44-08.png,Switchgrass_J215.A_WW_I APPL 152,0.9612728470680231,3.0704736998304725
Switchgrass,RGB2,J215.A_WW_I APPL 152,2023-02-08 13:43:44,4,3,2,2023-02-8_RgbImage_2023-02-08_13-43-43.png,Switchgrass_J215.A_WW_I APPL 152,0.9530555388160179,1.451901555992663
Switchgrass,RGB1,J215.A_Xtra_I APPL 138,2023-02-02 17:11:28,4,3,2,2023-02-2_RgbImage_2023-02-02_17-11-27.png,Switchgrass_J215.A_Xtra_I APPL 138,0.9546362440309853,3.1586966500617564
Switchgrass,RGB2,J215.A_Xtra_I APPL 138,2023-02-02 17:10:21,4,3,2,2023-02-2_RgbImage_2023-02-02_17-10-21.png,Switchgrass_J215.A_Xtra_I APPL 138,0.9525308286504087,1.44817949924618
Switchgrass,RGB1,J216.A_WW_T3.14.2023_I APPL 209,2023-04-29 17:32:50,4,3,2,2023-04-29_RgbImage_2023-04-29_17-32-49.png,Switchgrass_J216.A_WW_T3.14.2023_I APPL 209,0.960874794484258,3.0512332529760897
Switchgrass,RGB2,J216.A_WW_T3.14.2023_I APPL 209,2023-04-29 17:32:19,4,3,2,2023-04-29_RgbImage_2023-04-29_17-32-19.png,Switchgrass_J216.A_WW_T3.14.2023_I APPL 209,0.9781524157384706,1.4540393776260316
Switchgrass,RGB1,J215.A_D_I APPL 121,2023-02-02 16:15:56,4,3,3,2023-02-2_RgbImage_2023-02-02_16-15-56.png,Switchgrass_J215.A_D_I APPL 121,0.9692049269662883,3.1654765089042485
Switchgrass,RGB2,J215.A_D_I APPL 121,2023-02-02 16:15:30,4,3,3,2023-02-2_RgbImage_2023-02-02_16-15-29.png,Switchgrass_J215.A_D_I APPL 121,0.9475306790783268,1.4736572089605033
Switchgrass,RGB1,J215.A_D_I APPL 130,2023-02-05 15:20:47,4,3,3,2023-02-5_RgbImage_2023-02-05_15-20-46.png,Switchgrass_J215.A_D_I APPL 130,0.9628296016183661,3.068665300961584
Switchgrass,RGB2,J215.A_D_I APPL 130,2023-02-05 15:20:15,4,3,3,2023-02-5_RgbImage_2023-02-05_15-20-14.png,Switchgrass_J215.A_D_I APPL 130,0.9594598561573873,1.4602251830510795
Switchgrass,RGB1,J215.A_WW_I APPL 152,2023-02-09 13:44:09,4,3,3,2023-02-9_RgbImage_2023-02-09_13-44-09.png,Switchgrass_J215.A_WW_I APPL 152,0.9652352846758121,3.2002237429842353
Switchgrass,RGB2,J215.A_WW_I APPL 152,2023-02-09 13:43:45,4,3,3,2023-02-9_RgbImage_2023-02-09_13-43-44.png,Switchgrass_J215.A_WW_I APPL 152,0.9457430528446139,1.4402256696484983
Switchgrass,RGB1,VS16_D_I APPL 2,2023-01-28 11:28:44,4,3,3,2023-01-28_RgbImage_2023-01-28_11-28-43.png,Switchgrass_VS16_D_I APPL 2,0.975469508102677,3.0825291820801795
Switchgrass,RGB2,VS16_D_I APPL 2,2023-01-28 11:28:15,4,3,3,2023-01-28_RgbImage_2023-01-28_11-28-14.png,Switchgrass_VS16_D_I APPL 2,0.9680131783768633,1.469405840151012
Switchgrass,RGB1,J215.A_D_I APPL 130,2023-01-28 15:19:52,4,3,4,2023-01-28_RgbImage_2023-01-28_15-19-51.png,Switchgrass_J215.A_D_I APPL 130,0.9697823390910751,3.15828440990299
Switchgrass,RGB2,J215.A_D_I APPL 130,2023-01-28 15:19:24,4,3,4,2023-01-28_RgbImage_2023-01-28_15-19-23.png,Switchgrass_J215.A_D_I APPL 130,0.9589017642435765,1.447090390138328
Switchgrass,RGB1,VS16_D_I APPL 124,2023-02-08 16:39:43,4,3,4,2023-02-8_RgbImage_2023-02-08_16-39-43.png,Switchgrass_VS16_D_I APPL 124,0.966993050012101,3.114602902904153
Switchgrass,RGB1,VS16_D_I APPL 124,2023-02-07 16:40:20,4,3,4,2023-02-7_RgbImage_2023-02-07_16-40-19.png,Switchgrass_VS16_D_I APPL 124,0.9716777988028402,3.09145191218704
Switchgrass,RGB2,VS16_D_I APPL 124,2023-02-08 16:38:36,4,3,4,2023-02-8_RgbImage_2023-02-08_16-38-36.png,Switchgrass_VS16_D_I APPL 124,0.9645048277832269,1.500965319108218
Switchgrass,RGB2,VS16_D_I APPL 124,2023-02-07 16:39:12,4,3,4,2023-02-7_RgbImage_2023-02-07_16-39-12.png,Switchgrass_VS16_D_I APPL 124,0.9496009272590447,1.4681832189671695
Switchgrass,RGB1,VS16_D_I APPL 2,2023-01-29 11:28:42,4,3,4,2023-01-29_RgbImage_2023-01-29_11-28-42.png,Switchgrass_VS16_D_I APPL 2,0.9732704726772065,3.194025443866849
Switchgrass,RGB2,VS16_D_I APPL 2,2023-01-29 11:28:14,4,3,4,2023-01-29_RgbImage_2023-01-29_11-28-13.png,Switchgrass_VS16_D_I APPL 2,0.9753742444953643,1.4741828409023583
Switchgrass,RGB1,J317.A_D_I APPL 6,2023-02-03 10:25:40,4,4,0,2023-02-3_RgbImage_2023-02-03_10-25-40.png,Switchgrass_J317.A_D_I APPL 6,0.9650272434115618,3.148726420942694
Switchgrass,RGB1,J317.A_D_I APPL 6,2023-02-05 10:25:40,4,4,0,2023-02-5_RgbImage_2023-02-05_10-25-39.png,Switchgrass_J317.A_D_I APPL 6,0.9731219417488655,3.1577585078775883
Switchgrass,RGB2,J317.A_D_I APPL 6,2023-02-03 10:25:18,4,4,0,2023-02-3_RgbImage_2023-02-03_10-25-17.png,Switchgrass_J317.A_D_I APPL 6,0.9497517321939529,1.4741585049778223
Switchgrass,RGB2,J317.A_D_I APPL 6,2023-02-05 10:25:17,4,4,0,2023-02-5_RgbImage_2023-02-05_10-25-17.png,Switchgrass_J317.A_D_I APPL 6,0.958762038310096,1.4907160201109946
Switchgrass,RGB1,J247.A_WW_T3.12.2023_I APPL 509,2023-04-26 08:24:52,4,4,1,2023-04-26_RgbImage_2023-04-26_08-24-51.png,Switchgrass_J247.A_WW_T3.12.2023_I APPL 509,0.9724722520993451,3.136939134914428
Switchgrass,RGB2,J247.A_WW_T3.12.2023_I APPL 509,2023-04-26 08:24:25,4,4,1,2023-04-26_RgbImage_2023-04-26_08-24-25.png,Switchgrass_J247.A_WW_T3.12.2023_I APPL 509,0.9628290391889545,1.4726534993387759
Switchgrass,RGB1,J317.A_D_I APPL 132,2023-02-09 14:55:17,4,4,2,2023-02-9_RgbImage_2023-02-09_14-55-17.png,Switchgrass_J317.A_D_I APPL 132,0.9724449550376921,3.1462047528475523
Switchgrass,RGB2,J317.A_D_I APPL 132,2023-02-09 14:54:55,4,4,2,2023-02-9_RgbImage_2023-02-09_14-54-55.png,Switchgrass_J317.A_D_I APPL 132,0.9317376969105834,1.4500400740653276
Switchgrass,RGB1,J317.A_WW_I APPL 351,2023-01-22 10:49:42,4,4,2,2023-01-22_RgbImage_2023-01-22_10-49-41.png,Switchgrass_J317.A_WW_I APPL 351,0.9796185667888978,3.0609552930109203
Switchgrass,RGB2,J317.A_WW_I APPL 351,2023-01-22 10:48:37,4,4,2,2023-01-22_RgbImage_2023-01-22_10-48-36.png,Switchgrass_J317.A_WW_I APPL 351,0.9483369559262143,1.4280671002343297
Switchgrass,RGB1,J023.B_WW_T3.12.2023_I APPL 491,2023-04-26 10:36:03,4,4,3,2023-04-26_RgbImage_2023-04-26_10-36-02.png,Switchgrass_J023.B_WW_T3.12.2023_I APPL 491,0.9691371150724944,3.15499835787341
Switchgrass,RGB2,J023.B_WW_T3.12.2023_I APPL 491,2023-04-26 10:35:38,4,4,3,2023-04-26_RgbImage_2023-04-26_10-35-38.png,Switchgrass_J023.B_WW_T3.12.2023_I APPL 491,0.9531410338265541,1.4613037412054837
Switchgrass,RGB1,J216.A_WW_T3.14.2023_I APPL 209,2023-05-05 17:33:09,4,4,3,2023-05-5_RgbImage_2023-05-05_17-33-09.png,Switchgrass_J216.A_WW_T3.14.2023_I APPL 209,0.9682285242902949,3.1586112692020833
Switchgrass,RGB2,J216.A_WW_T3.14.2023_I APPL 209,2023-05-05 17:32:40,4,4,3,2023-05-5_RgbImage_2023-05-05_17-32-40.png,Switchgrass_J216.A_WW_T3.14.2023_I APPL 209,0.9453045581293154,1.448301776777953
Switchgrass,RGB1,J215.A_D_I APPL 121,2023-02-08 16:15:47,4,4,4,2023-02-8_RgbImage_2023-02-08_16-15-47.png,Switchgrass_J215.A_D_I APPL 121,0.970158779211964,3.0839559687301517
Switchgrass,RGB1,J215.A_D_I APPL 121,2023-02-09 16:15:44,4,4,4,2023-02-9_RgbImage_2023-02-09_16-15-43.png,Switchgrass_J215.A_D_I APPL 121,0.971081532840219,3.135180128272623
Switchgrass,RGB2,J215.A_D_I APPL 121,2023-02-08 16:15:21,4,4,4,2023-02-8_RgbImage_2023-02-08_16-15-20.png,Switchgrass_J215.A_D_I APPL 121,0.9511215811168462,1.453258778899908
Switchgrass,RGB2,J215.A_D_I APPL 121,2023-02-09 16:15:19,4,4,4,2023-02-9_RgbImage_2023-02-09_16-15-18.png,Switchgrass_J215.A_D_I APPL 121,0.9406680299537525,1.4750599288381636
Switchgrass,RGB1,J215.A_D_I APPL 130,2023-02-07 15:19:48,4,4,4,2023-02-7_RgbImage_2023-02-07_15-19-47.png,Switchgrass_J215.A_D_I APPL 130,0.9657624583454115,3.168517217040062
Switchgrass,RGB2,J215.A_D_I APPL 130,2023-02-07 15:19:15,4,4,4,2023-02-7_RgbImage_2023-02-07_15-19-15.png,Switchgrass_J215.A_D_I APPL 130,0.9571959443031022,1.4542896766215563
Switchgrass,RGB1,VS16_D_I APPL 2,2023-02-08 11:29:49,4,4,4,2023-02-8_RgbImage_2023-02-08_11-29-48.png,Switchgrass_VS16_D_I APPL 2,0.9685959676275978,3.163015624973923
Switchgrass,RGB2,VS16_D_I APPL 2,2023-02-08 11:27:59,4,4,4,2023-02-8_RgbImage_2023-02-08_11-27-59.png,Switchgrass_VS16_D_I APPL 2,0.96695432459077,1.4392278608866036
