Species,Modality,Plant ID,Date,PC1,PC2,PC3,File Name,Group,Dice,Time (s)
Poplar,RGB1,49_BESC-4+Na_R1_I APPL 518,2023-09-22 11:12:44,0,0,0,2023-09-22_RgbImage_2023-09-22_11-12-44.png,Poplar_49_BESC-4+Na_R1_I APPL 518,0.9679138455011597,26.786434296984226
Poplar,RGB2,49_BESC-4+Na_R1_I APPL 518,2023-09-22 11:12:03,0,0,0,2023-09-22_RgbImage_2023-09-22_11-12-02.png,Poplar_49_BESC-4+Na_R1_I APPL 518,0.9939762192370989,2.2206885600462556
Poplar,RGB1,WELC-27-3,2024-04-10 16:10:25,0,0,0,2024-04-10_RgbImage_2024-04-10_16-10-25.png,Poplar_WELC-27-3,0.9501016942311861,3.568383192643523
Poplar,RGB2,WELC-27-3,2024-04-10 16:09:43,0,0,0,2024-04-10_RgbImage_2024-04-10_16-09-42.png,Poplar_WELC-27-3,0.9778100063678886,1.9400114081799984
Poplar,RGB1,27_GW-9914+K_R3_IV APPL 108,2023-09-22 09:47:29,0,0,1,2023-09-22_RgbImage_2023-09-22_09-47-29.png,Poplar_27_GW-9914+K_R3_IV APPL 108,0.9750051294815972,3.371054944116622
Poplar,RGB2,27_GW-9914+K_R3_IV APPL 108,2023-09-22 09:46:49,0,0,1,2023-09-22_RgbImage_2023-09-22_09-46-48.png,Poplar_27_GW-9914+K_R3_IV APPL 108,0.9859291971374214,1.527652791235596
Poplar,RGB1,61 52-225 R5,2023-10-09 18:19:05,0,0,1,2023-10-9_RgbImage_2023-10-09_18-19-05.png,Poplar_61 52-225 R5,0.9635341199202758,3.149979275185615
Poplar,RGB2,61 52-225 R5,2023-10-09 18:18:21,0,0,1,2023-10-9_RgbImage_2023-10-09_18-18-20.png,Poplar_61 52-225 R5,0.9885315826242578,1.5095170000568032
Poplar,RGB1,68_YALE-27-3+Na_R2_I APPL 368,2023-09-15 15:57:18,0,0,1,2023-09-15_RgbImage_2023-09-15_15-57-17.png,Poplar_68_YALE-27-3+Na_R2_I APPL 368,0.9816419224906213,3.3466082620434463
Poplar,RGB2,68_YALE-27-3+Na_R2_I APPL 368,2023-09-15 15:56:36,0,0,1,2023-09-15_RgbImage_2023-09-15_15-56-36.png,Poplar_68_YALE-27-3+Na_R2_I APPL 368,0.9920673317354947,1.5046737217344344
Poplar,RGB1,20 LILB_26-1 R4,2023-10-09 19:38:45,0,0,2,2023-10-9_RgbImage_2023-10-09_19-38-44.png,Poplar_20 LILB_26-1 R4,0.9763573784083005,3.396490657236427
Poplar,RGB2,20 LILB_26-1 R4,2023-10-09 19:38:00,0,0,2,2023-10-9_RgbImage_2023-10-09_19-38-00.png,Poplar_20 LILB_26-1 R4,0.9824111757333867,1.5027837897650898
Poplar,RGB1,5_GW-9588-C_R5_I APPL 224,2023-09-15 16:40:54,0,0,2,2023-09-15_RgbImage_2023-09-15_16-40-54.png,Poplar_5_GW-9588-C_R5_I APPL 224,0.9822352487891042,3.1079303808510303
Poplar,RGB2,5_GW-9588-C_R5_I APPL 224,2023-09-15 16:40:10,0,0,2,2023-09-15_RgbImage_2023-09-15_16-40-10.png,Poplar_5_GW-9588-C_R5_I APPL 224,0.9945196734785116,1.536773735191673
Poplar,RGB1,68 LILB_26-1 R7,2023-10-07 07:09:35,0,0,2,2023-10-7_RgbImage_2023-10-07_07-09-35.png,Poplar_68 LILB_26-1 R7,0.9517489746256378,3.3350224648602307
Poplar,RGB2,68 LILB_26-1 R7,2023-10-07 07:08:51,0,0,2,2023-10-7_RgbImage_2023-10-07_07-08-51.png,Poplar_68 LILB_26-1 R7,0.9770916463282255,1.5032796170562506
Poplar,RGB1,1_GW-9588-C_R1_I APPL 398,2023-09-25 17:56:31,0,0,3,2023-09-25_RgbImage_2023-09-25_17-56-30.png,Poplar_1_GW-9588-C_R1_I APPL 398,0.9738379907577112,3.3398554529994726
Poplar,RGB2,1_GW-9588-C_R1_I APPL 398,2023-09-25 17:55:50,0,0,3,2023-09-25_RgbImage_2023-09-25_17-55-50.png,Poplar_1_GW-9588-C_R1_I APPL 398,0.9922386840429658,1.498713833745569
Poplar,RGB1,3_GW-9588-C_R3_I APPL 412,2023-09-22 09:26:14,0,0,3,2023-09-22_RgbImage_2023-09-22_09-26-14.png,Poplar_3_GW-9588-C_R3_I APPL 412,0.9656901076116284,3.3991680280305445
Poplar,RGB2,3_GW-9588-C_R3_I APPL 412,2023-09-22 09:25:34,0,0,3,2023-09-22_RgbImage_2023-09-22_09-25-33.png,Poplar_3_GW-9588-C_R3_I APPL 412,0.9919935283683463,1.510344865731895
Poplar,RGB1,46_BESC-4+K_R4_IV APPL 114,2023-09-25 19:21:52,0,0,3,2023-09-25_RgbImage_2023-09-25_19-21-51.png,Poplar_46_BESC-4+K_R4_IV APPL 114,0.97150553200629,3.056091465987265
Poplar,RGB2,46_BESC-4+K_R4_IV APPL 114,2023-09-25 19:21:12,0,0,3,2023-09-25_RgbImage_2023-09-25_19-21-12.png,Poplar_46_BESC-4+K_R4_IV APPL 114,0.9936662944154212,1.5342373200692236
Poplar,RGB1,5_GW-9588-C_R5_I APPL 224,2023-09-18 12:39:15,0,0,3,2023-09-18_RgbImage_2023-09-18_12-39-14.png,Poplar_5_GW-9588-C_R5_I APPL 224,0.9810214621829668,3.4235944128595293
Poplar,RGB2,5_GW-9588-C_R5_I APPL 224,2023-09-18 12:38:32,0,0,3,2023-09-18_RgbImage_2023-09-18_12-38-32.png,Poplar_5_GW-9588-C_R5_I APPL 224,0.995132795084244,1.4971454292535782
Poplar,RGB1,81 FL-0012 R3,2023-10-28 15:32:41,0,0,4,2023-10-28_RgbImage_2023-10-28_15-32-41.png,Poplar_81 FL-0012 R3,0.9838010648508053,3.3314241906628013
Poplar,RGB1,81 FL-0012 R3,2023-10-29 10:18:44,0,0,4,2023-10-29_RgbImage_2023-10-29_10-18-44.png,Poplar_81 FL-0012 R3,0.9718081935100226,3.3934010439552367
Poplar,RGB2,81 FL-0012 R3,2023-10-28 15:31:57,0,0,4,2023-10-28_RgbImage_2023-10-28_15-31-56.png,Poplar_81 FL-0012 R3,0.9901503612768611,1.5940406220033765
Poplar,RGB2,81 FL-0012 R3,2023-10-29 10:18:01,0,0,4,2023-10-29_RgbImage_2023-10-29_10-18-00.png,Poplar_81 FL-0012 R3,0.9886710292421893,1.3694385159760714
Poplar,RGB1,354_BESC-1098_1,2024-06-01 10:41:59,0,1,0,2024-06-1_RgbImage_2024-06-01_10-41-58.png,Poplar_354_BESC-1098_1,0.9783417582324139,3.3174676317721605
Poplar,RGB2,354_BESC-1098_1,2024-06-01 10:41:21,0,1,0,2024-06-1_RgbImage_2024-06-01_10-41-20.png,Poplar_354_BESC-1098_1,0.9864300387942851,1.5209674900397658
Poplar,RGB1,BESC-1147,2024-04-09 13:54:43,0,1,0,2024-04-9_RgbImage_2024-04-09_13-54-42.png,Poplar_BESC-1147,0.9796569805093917,3.379754431080073
Poplar,RGB2,BESC-1147,2024-04-09 13:54:00,0,1,0,2024-04-9_RgbImage_2024-04-09_13-53-59.png,Poplar_BESC-1147,0.9895978132979723,1.5162368952296674
Poplar,RGB1,BESC-906,2024-04-09 09:56:33,0,1,0,2024-04-9_RgbImage_2024-04-09_09-56-32.png,Poplar_BESC-906,0.9686124292494098,3.3607526337727904
Poplar,RGB2,BESC-906,2024-04-09 09:55:53,0,1,0,2024-04-9_RgbImage_2024-04-09_09-55-53.png,Poplar_BESC-906,0.9912871716429665,1.5263138879090548
Poplar,RGB1,GW-2283,2024-04-17 13:21:05,0,1,0,2024-04-17_RgbImage_2024-04-17_13-21-05.png,Poplar_GW-2283,0.9565053226088612,3.102044591214508
Poplar,RGB2,GW-2283,2024-04-17 13:20:26,0,1,0,2024-04-17_RgbImage_2024-04-17_13-20-26.png,Poplar_GW-2283,0.9862044935227866,1.5037484327331185
Poplar,RGB1,11 Besc-801 R8,2023-10-21 21:56:01,0,1,1,2023-10-21_RgbImage_2023-10-21_21-56-01.png,Poplar_11 Besc-801 R8,0.978925561656552,3.126016004011035
Poplar,RGB2,11 Besc-801 R8,2023-10-21 21:55:20,0,1,1,2023-10-21_RgbImage_2023-10-21_21-55-19.png,Poplar_11 Besc-801 R8,0.991273685238065,1.5601685689762235
Poplar,RGB1,22_GW-9914-C_R4_I APPL 197,2023-09-25 19:00:42,0,1,1,2023-09-25_RgbImage_2023-09-25_19-00-41.png,Poplar_22_GW-9914-C_R4_I APPL 197,0.9696137326089419,3.316328917630017
Poplar,RGB2,22_GW-9914-C_R4_I APPL 197,2023-09-25 19:00:01,0,1,1,2023-09-25_RgbImage_2023-09-25_19-00-01.png,Poplar_22_GW-9914-C_R4_I APPL 197,0.9882806036883526,1.5048985970206559
Poplar,RGB1,57_52-225_R2_FS,2024-05-10 13:35:26,0,1,1,2024-05-10_RgbImage_2024-05-10_13-35-25.png,Poplar_57_52-225_R2_FS,0.9695343584099574,3.338917267974466
Poplar,RGB2,57_52-225_R2_FS,2024-05-10 13:34:44,0,1,1,2024-05-10_RgbImage_2024-05-10_13-34-43.png,Poplar_57_52-225_R2_FS,0.9819960543824904,1.541982944123447
Poplar,RGB1,CHWJ-27-1,2024-04-07 14:17:57,0,1,1,2024-04-7_RgbImage_2024-04-07_14-17-56.png,Poplar_CHWJ-27-1,0.9739112908306127,3.3369066761806607
Poplar,RGB2,CHWJ-27-1,2024-04-07 14:17:16,0,1,1,2024-04-7_RgbImage_2024-04-07_14-17-15.png,Poplar_CHWJ-27-1,0.9921608971350955,1.4917686521075666
Poplar,RGB1,27_BESC 24_R6_PM,2024-05-10 14:47:33,0,1,2,2024-05-10_RgbImage_2024-05-10_14-47-32.png,Poplar_27_BESC 24_R6_PM,0.9726081661129188,3.302307226229459
Poplar,RGB2,27_BESC 24_R6_PM,2024-05-10 14:46:53,0,1,2,2024-05-10_RgbImage_2024-05-10_14-46-53.png,Poplar_27_BESC 24_R6_PM,0.9903738832043337,1.5700478577055037
Poplar,RGB1,35 GW-9898 R1,2023-10-22 13:56:33,0,1,2,2023-10-22_RgbImage_2023-10-22_13-56-32.png,Poplar_35 GW-9898 R1,0.9771337061248664,3.317970651667565
Poplar,RGB2,35 GW-9898 R1,2023-10-22 13:55:51,0,1,2,2023-10-22_RgbImage_2023-10-22_13-55-50.png,Poplar_35 GW-9898 R1,0.9874489592804168,1.4991040606983006
Poplar,RGB1,51_BESC-4+Na_R3_I APPL 391,2023-09-15 18:36:14,0,1,3,2023-09-15_RgbImage_2023-09-15_18-36-14.png,Poplar_51_BESC-4+Na_R3_I APPL 391,0.9798405408046829,3.356215442996472
Poplar,RGB2,51_BESC-4+Na_R3_I APPL 391,2023-09-15 18:35:32,0,1,3,2023-09-15_RgbImage_2023-09-15_18-35-32.png,Poplar_51_BESC-4+Na_R3_I APPL 391,0.9958724108457012,1.5308531299233437
Poplar,RGB1,4_ILL-101_R1_FS,2024-05-10 16:50:38,0,1,4,2024-05-10_RgbImage_2024-05-10_16-50-37.png,Poplar_4_ILL-101_R1_FS,0.9814810004935237,3.335117241833359
Poplar,RGB2,4_ILL-101_R1_FS,2024-05-10 16:49:56,0,1,4,2024-05-10_RgbImage_2024-05-10_16-49-55.png,Poplar_4_ILL-101_R1_FS,0.9855827097753157,1.4855368579737842
Poplar,RGB1,64_YALE-27-3+K_R4_IV APPL 120,2023-09-18 13:22:16,0,1,4,2023-09-18_RgbImage_2023-09-18_13-22-15.png,Poplar_64_YALE-27-3+K_R4_IV APPL 120,0.9789100676082957,3.1014380431734025
Poplar,RGB2,64_YALE-27-3+K_R4_IV APPL 120,2023-09-18 13:21:35,0,1,4,2023-09-18_RgbImage_2023-09-18_13-21-34.png,Poplar_64_YALE-27-3+K_R4_IV APPL 120,0.9934234391584207,1.5447814450599253
Poplar,RGB1,99_D-124_R4_FS,2024-05-13 08:59:49,0,1,4,2024-05-13_RgbImage_2024-05-13_08-59-48.png,Poplar_99_D-124_R4_FS,0.9812501553089237,3.3330246647819877
Poplar,RGB2,99_D-124_R4_FS,2024-05-13 08:59:07,0,1,4,2024-05-13_RgbImage_2024-05-13_08-59-07.png,Poplar_99_D-124_R4_FS,0.9630590084795205,1.513940331991762
Poplar,RGB1,BESC-154,2024-03-27 15:00:58,0,2,0,2024-03-27_RgbImage_2024-03-27_15-00-57.png,Poplar_BESC-154,0.9568249177229812,3.410030633211136
Poplar,RGB2,BESC-154,2024-03-27 15:00:16,0,2,0,2024-03-27_RgbImage_2024-03-27_15-00-16.png,Poplar_BESC-154,0.9838028961709048,1.534109144937247
Poplar,RGB1,VNDL-27-5,2024-03-29 06:48:54,0,2,0,2024-03-29_RgbImage_2024-03-29_06-48-53.png,Poplar_VNDL-27-5,0.974020461539503,3.3324128882959485
Poplar,RGB2,VNDL-27-5,2024-03-29 06:48:08,0,2,0,2024-03-29_RgbImage_2024-03-29_06-48-07.png,Poplar_VNDL-27-5,0.9853232160839693,1.5066623305901885
Poplar,RGB1,68 LILB_26-1 R7,2023-10-21 13:19:09,0,2,1,2023-10-21_RgbImage_2023-10-21_13-19-08.png,Poplar_68 LILB_26-1 R7,0.940544535270688,3.1065259617753327
Poplar,RGB2,68 LILB_26-1 R7,2023-10-21 13:18:26,0,2,1,2023-10-21_RgbImage_2023-10-21_13-18-25.png,Poplar_68 LILB_26-1 R7,0.9838762725539677,1.5459206392988563
Poplar,RGB1,BESC-250,2024-04-02 12:29:08,0,2,1,2024-04-2_RgbImage_2024-04-02_12-29-08.png,Poplar_BESC-250,0.9818275319767812,3.336248649749905
Poplar,RGB2,BESC-250,2024-04-02 12:28:26,0,2,1,2024-04-2_RgbImage_2024-04-02_12-28-25.png,Poplar_BESC-250,0.9829895230038596,1.4969267128035426
Poplar,RGB1,HRSO-27-2,2024-03-26 12:40:55,0,2,1,2024-03-26_RgbImage_2024-03-26_12-40-55.png,Poplar_HRSO-27-2,0.9783262028072406,3.368603255134076
Poplar,RGB2,HRSO-27-2,2024-03-26 12:40:13,0,2,1,2024-03-26_RgbImage_2024-03-26_12-40-13.png,Poplar_HRSO-27-2,0.9906987380801798,1.4910985832102597
Poplar,RGB1,35_GW-9914+Na_R5_I APPL 167,2023-10-13 10:02:49,0,2,2,2023-10-13_RgbImage_2023-10-13_10-02-48.png,Poplar_35_GW-9914+Na_R5_I APPL 167,0.9780208974170568,3.341938869562
Poplar,RGB2,35_GW-9914+Na_R5_I APPL 167,2023-10-13 10:02:03,0,2,2,2023-10-13_RgbImage_2023-10-13_10-02-03.png,Poplar_35_GW-9914+Na_R5_I APPL 167,0.9847111597953101,1.496448558755219
Poplar,RGB1,414_CHWH-27-4_2,2024-06-02 08:18:45,0,2,2,2024-06-2_RgbImage_2024-06-02_08-18-45.png,Poplar_414_CHWH-27-4_2,0.9675273255759518,3.315617762040347
Poplar,RGB2,414_CHWH-27-4_2,2024-06-02 08:18:05,0,2,2,2024-06-2_RgbImage_2024-06-02_08-18-05.png,Poplar_414_CHWH-27-4_2,0.9742804478142241,1.5332500720396638
Poplar,RGB1,SKWA-24-5,2024-03-31 13:09:04,0,2,2,2024-03-31_RgbImage_2024-03-31_13-09-04.png,Poplar_SKWA-24-5,0.981166397466001,3.335285848006606
Poplar,RGB2,SKWA-24-5,2024-03-31 13:08:22,0,2,2,2024-03-31_RgbImage_2024-03-31_13-08-21.png,Poplar_SKWA-24-5,0.99122070462915,1.5095509816892445
Poplar,RGB1,29 CMBF_28-5 R1,2023-12-21 10:21:51,0,2,3,2023-12-21_RgbImage_2023-12-21_10-21-51.png,Poplar_29 CMBF_28-5 R1,0.9869568645085189,3.3771912609227
Poplar,RGB2,29 CMBF_28-5 R1,2023-12-21 10:21:08,0,2,3,2023-12-21_RgbImage_2023-12-21_10-21-07.png,Poplar_29 CMBF_28-5 R1,0.9935897754557329,1.5044381250627339
Poplar,RGB1,8_GW-9588+K_R2_IV APPL 101,2023-09-15 16:19:06,0,2,3,2023-09-15_RgbImage_2023-09-15_16-19-05.png,Poplar_8_GW-9588+K_R2_IV APPL 101,0.9771860683599412,3.3572787223383784
Poplar,RGB2,8_GW-9588+K_R2_IV APPL 101,2023-09-15 16:18:23,0,2,3,2023-09-15_RgbImage_2023-09-15_16-18-23.png,Poplar_8_GW-9588+K_R2_IV APPL 101,0.9868316227289828,1.4995812918059528
Poplar,RGB1,49_BESC-4+Na_R1_I APPL 518,2023-09-15 14:30:43,0,2,4,2023-09-15_RgbImage_2023-09-15_14-30-43.png,Poplar_49_BESC-4+Na_R1_I APPL 518,0.9776717017869557,3.3446015119552612
Poplar,RGB2,49_BESC-4+Na_R1_I APPL 518,2023-09-15 14:29:59,0,2,4,2023-09-15_RgbImage_2023-09-15_14-29-58.png,Poplar_49_BESC-4+Na_R1_I APPL 518,0.9848201253866483,1.5198841588571668
Poplar,RGB1,60 Besc-801 R6,2023-12-21 09:53:40,0,2,4,2023-12-21_RgbImage_2023-12-21_09-53-39.png,Poplar_60 Besc-801 R6,0.9810041341188881,3.3559733028523624
Poplar,RGB2,60 Besc-801 R6,2023-12-21 09:52:56,0,2,4,2023-12-21_RgbImage_2023-12-21_09-52-56.png,Poplar_60 Besc-801 R6,0.9850323190242338,1.5154667366296053
Poplar,RGB1,BESC-182,2024-04-03 11:40:27,0,3,0,2024-04-3_RgbImage_2024-04-03_11-40-27.png,Poplar_BESC-182,0.9788481916231493,3.386749302968383
Poplar,RGB2,BESC-182,2024-04-03 11:39:45,0,3,0,2024-04-3_RgbImage_2024-04-03_11-39-45.png,Poplar_BESC-182,0.9668410169719219,1.4973779660649598
Poplar,RGB1,GW-9877,2024-03-31 18:46:11,0,3,0,2024-03-31_RgbImage_2024-03-31_18-46-10.png,Poplar_GW-9877,0.9799894509960996,3.3314094482921064
Poplar,RGB2,GW-9877,2024-03-31 18:45:28,0,3,0,2024-03-31_RgbImage_2024-03-31_18-45-28.png,Poplar_GW-9877,0.9895146731157286,1.5363459149375558
Poplar,RGB1,17 Nisq-1 R2,2023-12-19 13:04:47,0,3,1,2023-12-19_RgbImage_2023-12-19_13-04-47.png,Poplar_17 Nisq-1 R2,0.9742542316074424,3.341627827845514
Poplar,RGB2,17 Nisq-1 R2,2023-12-19 13:04:04,0,3,1,2023-12-19_RgbImage_2023-12-19_13-04-03.png,Poplar_17 Nisq-1 R2,0.9913924367252134,1.5440550209023058
Poplar,RGB1,BESC-190,2024-03-28 22:19:33,0,3,1,2024-03-28_RgbImage_2024-03-28_22-19-33.png,Poplar_BESC-190,0.9717263998789186,3.292748921085149
Poplar,RGB2,BESC-190,2024-03-28 22:18:51,0,3,1,2024-03-28_RgbImage_2024-03-28_22-18-51.png,Poplar_BESC-190,0.9849768163074641,1.5185012137517333
Poplar,RGB1,BESC-312,2024-03-27 15:15:39,0,3,1,2024-03-27_RgbImage_2024-03-27_15-15-39.png,Poplar_BESC-312,0.9794723473193453,3.092658730223775
Poplar,RGB2,BESC-312,2024-03-27 15:14:57,0,3,1,2024-03-27_RgbImage_2024-03-27_15-14-56.png,Poplar_BESC-312,0.9900159830086807,1.5052003860473633
Poplar,RGB1,BESC-77,2024-04-05 11:02:03,0,3,1,2024-04-5_RgbImage_2024-04-05_11-02-03.png,Poplar_BESC-77,0.9775364059230879,3.3753585647791624
Poplar,RGB2,BESC-77,2024-04-05 11:01:22,0,3,1,2024-04-5_RgbImage_2024-04-05_11-01-21.png,Poplar_BESC-77,0.9721934766206721,1.5279919491149485
Poplar,RGB1,45 Nisq-1 R7,2023-12-21 12:14:55,0,3,2,2023-12-21_RgbImage_2023-12-21_12-14-55.png,Poplar_45 Nisq-1 R7,0.9807688558786052,3.3345886790193617
Poplar,RGB2,45 Nisq-1 R7,2023-12-21 12:14:12,0,3,2,2023-12-21_RgbImage_2023-12-21_12-14-11.png,Poplar_45 Nisq-1 R7,0.9839145189590423,1.5526625053025782
Poplar,RGB1,77 Besc-801 R7,2023-12-19 07:53:44,0,3,2,2023-12-19_RgbImage_2023-12-19_07-53-44.png,Poplar_77 Besc-801 R7,0.9808264001119209,3.325534770730883
Poplar,RGB2,77 Besc-801 R7,2023-12-19 07:53:00,0,3,2,2023-12-19_RgbImage_2023-12-19_07-53-00.png,Poplar_77 Besc-801 R7,0.986053207762267,1.501507533248514
Poplar,RGB1,94_BESC 24_R3_FS,2024-05-07 15:04:19,0,3,2,2024-05-7_RgbImage_2024-05-07_15-04-18.png,Poplar_94_BESC 24_R3_FS,0.9767283121094453,3.423750079702586
Poplar,RGB2,94_BESC 24_R3_FS,2024-05-07 15:03:38,0,3,2,2024-05-7_RgbImage_2024-05-07_15-03-37.png,Poplar_94_BESC 24_R3_FS,0.9897329948129138,1.5194134190678596
Poplar,RGB1,54 52-225 R4,2023-12-27 09:10:52,0,3,3,2023-12-27_RgbImage_2023-12-27_09-10-51.png,Poplar_54 52-225 R4,0.9713640022291857,3.332897220272571
Poplar,RGB2,54 52-225 R4,2023-12-27 09:10:08,0,3,3,2023-12-27_RgbImage_2023-12-27_09-10-08.png,Poplar_54 52-225 R4,0.9822399248651787,1.4942841050215065
Poplar,RGB1,65 Besc-801 R5,2023-12-27 06:28:47,0,3,3,2023-12-27_RgbImage_2023-12-27_06-28-46.png,Poplar_65 Besc-801 R5,0.9786782035967498,3.362285555806011
Poplar,RGB2,65 Besc-801 R5,2023-12-27 06:28:04,0,3,3,2023-12-27_RgbImage_2023-12-27_06-28-03.png,Poplar_65 Besc-801 R5,0.9892900966449355,1.5132425506599247
Poplar,RGB1,GW-2283,2024-03-28 14:50:22,0,3,3,2024-03-28_RgbImage_2024-03-28_14-50-22.png,Poplar_GW-2283,0.9750312964557984,3.3649632590822875
Poplar,RGB2,GW-2283,2024-03-28 14:49:40,0,3,3,2024-03-28_RgbImage_2024-03-28_14-49-39.png,Poplar_GW-2283,0.9884653868093295,1.5158375771716237
Poplar,RGB1,GW-8585,2024-03-29 08:24:24,0,3,3,2024-03-29_RgbImage_2024-03-29_08-24-23.png,Poplar_GW-8585,0.983602522688918,3.325226335786283
Poplar,RGB2,GW-8585,2024-03-29 08:23:42,0,3,3,2024-03-29_RgbImage_2024-03-29_08-23-41.png,Poplar_GW-8585,0.9549902701238954,1.5100613171234727
Poplar,RGB1,35_GW-9914+Na_R5_I APPL 167,2023-09-27 06:55:13,0,3,4,2023-09-27_RgbImage_2023-09-27_06-55-13.png,Poplar_35_GW-9914+Na_R5_I APPL 167,0.9659185453234935,3.3380982228554785
Poplar,RGB2,35_GW-9914+Na_R5_I APPL 167,2023-09-27 06:54:23,0,3,4,2023-09-27_RgbImage_2023-09-27_06-54-22.png,Poplar_35_GW-9914+Na_R5_I APPL 167,0.9895018045917757,1.5367207718081772
Poplar,RGB1,6 GW-9898 R4,2023-12-19 15:04:47,0,3,4,2023-12-19_RgbImage_2023-12-19_15-04-47.png,Poplar_6 GW-9898 R4,0.9719444444446068,3.315403693821281
Poplar,RGB2,6 GW-9898 R4,2023-12-19 15:04:04,0,3,4,2023-12-19_RgbImage_2023-12-19_15-04-04.png,Poplar_6 GW-9898 R4,0.981487859950736,1.5207685511559248
Poplar,RGB1,BESC-1017,2024-03-27 10:14:42,0,4,0,2024-03-27_RgbImage_2024-03-27_10-14-41.png,Poplar_BESC-1017,0.9756184733965096,3.3017186489887536
Poplar,RGB2,BESC-1017,2024-03-27 10:13:59,0,4,0,2024-03-27_RgbImage_2024-03-27_10-13-58.png,Poplar_BESC-1017,0.9783615850003287,1.5290610799565911
Poplar,RGB1,BESC-111,2024-03-31 14:07:42,0,4,0,2024-03-31_RgbImage_2024-03-31_14-07-42.png,Poplar_BESC-111,0.9805669039297429,3.3334082160145044
Poplar,RGB2,BESC-111,2024-03-31 14:06:59,0,4,0,2024-03-31_RgbImage_2024-03-31_14-06-59.png,Poplar_BESC-111,0.9781751867757844,1.4918180024251342
Poplar,RGB1,SQMC-25-4,2024-03-31 11:41:06,0,4,0,2024-03-31_RgbImage_2024-03-31_11-41-05.png,Poplar_SQMC-25-4,0.9692744094805377,3.404160751029849
Poplar,RGB2,SQMC-25-4,2024-03-31 11:40:24,0,4,0,2024-03-31_RgbImage_2024-03-31_11-40-23.png,Poplar_SQMC-25-4,0.9706382509476512,1.4888431369327009
Poplar,RGB1,BESC-209,2024-03-28 08:51:07,0,4,1,2024-03-28_RgbImage_2024-03-28_08-51-06.png,Poplar_BESC-209,0.9634071054659873,3.307410549838096
Poplar,RGB2,BESC-209,2024-03-28 08:50:25,0,4,1,2024-03-28_RgbImage_2024-03-28_08-50-24.png,Poplar_BESC-209,0.9872620297549791,1.510797668248415
Poplar,RGB1,GW-9864,2024-03-26 14:38:27,0,4,1,2024-03-26_RgbImage_2024-03-26_14-38-26.png,Poplar_GW-9864,0.9786841943610513,3.3682491602376103
Poplar,RGB2,GW-9864,2024-03-26 14:37:44,0,4,1,2024-03-26_RgbImage_2024-03-26_14-37-44.png,Poplar_GW-9864,0.9326589814443028,1.4984455229714513
Poplar,RGB1,SLMB-28-2,2024-03-26 11:27:26,0,4,1,2024-03-26_RgbImage_2024-03-26_11-27-25.png,Poplar_SLMB-28-2,0.9733660130721674,3.3305378081277013
Poplar,RGB2,SLMB-28-2,2024-03-26 11:26:43,0,4,1,2024-03-26_RgbImage_2024-03-26_11-26-43.png,Poplar_SLMB-28-2,0.9842631594767371,1.5116838132962584
Poplar,RGB1,SQMC-25-3,2024-04-04 12:17:19,0,4,1,2024-04-4_RgbImage_2024-04-04_12-17-18.png,Poplar_SQMC-25-3,0.9775591388054945,3.4071931140497327
Poplar,RGB2,SQMC-25-3,2024-04-04 12:16:36,0,4,1,2024-04-4_RgbImage_2024-04-04_12-16-36.png,Poplar_SQMC-25-3,0.9861105537318383,1.508143909741193
Poplar,RGB1,BESC-192,2024-03-26 18:55:55,0,4,2,2024-03-26_RgbImage_2024-03-26_18-55-54.png,Poplar_BESC-192,0.9757931715887602,3.335003410000354
Poplar,RGB2,BESC-192,2024-03-26 18:55:13,0,4,2,2024-03-26_RgbImage_2024-03-26_18-55-12.png,Poplar_BESC-192,0.9746224766372467,1.514233864378184
Poplar,RGB1,HARB-26-2,2024-03-28 15:34:18,0,4,2,2024-03-28_RgbImage_2024-03-28_15-34-18.png,Poplar_HARB-26-2,0.9857633364042844,3.325817792676389
Poplar,RGB2,HARB-26-2,2024-03-28 15:33:34,0,4,2,2024-03-28_RgbImage_2024-03-28_15-33-34.png,Poplar_HARB-26-2,0.7350159213230378,1.5237473817542195
Poplar,RGB1,23 93-968 R7,2023-12-19 13:47:08,0,4,3,2023-12-19_RgbImage_2023-12-19_13-47-08.png,Poplar_23 93-968 R7,0.9668141839547993,3.3070153719745576
Poplar,RGB2,23 93-968 R7,2023-12-19 13:46:25,0,4,3,2023-12-19_RgbImage_2023-12-19_13-46-24.png,Poplar_23 93-968 R7,0.9797394298544602,1.5000836201943457
Poplar,RGB1,BESC-1091,2024-03-30 10:21:18,0,4,3,2024-03-30_RgbImage_2024-03-30_10-21-17.png,Poplar_BESC-1091,0.9669753625725585,3.423241105861962
Poplar,RGB2,BESC-1091,2024-03-30 10:20:35,0,4,3,2024-03-30_RgbImage_2024-03-30_10-20-35.png,Poplar_BESC-1091,0.9767199557192661,1.4924028380773962
Poplar,RGB1,WELC-27-1,2024-04-01 18:38:36,0,4,3,2024-04-1_RgbImage_2024-04-01_18-38-35.png,Poplar_WELC-27-1,0.9728431114546818,3.0943168019875884
Poplar,RGB2,WELC-27-1,2024-04-01 18:37:53,0,4,3,2024-04-1_RgbImage_2024-04-01_18-37-53.png,Poplar_WELC-27-1,0.901137753476977,1.536891323979944
Poplar,RGB1,16 FL-0165 R4,2023-12-21 12:57:20,0,4,4,2023-12-21_RgbImage_2023-12-21_12-57-20.png,Poplar_16 FL-0165 R4,0.9633847970993257,3.347343751695007
Poplar,RGB2,16 FL-0165 R4,2023-12-21 12:56:36,0,4,4,2023-12-21_RgbImage_2023-12-21_12-56-35.png,Poplar_16 FL-0165 R4,0.9660402450807271,1.5290268338285387
Poplar,RGB1,22 ILL-101 R7,2023-12-27 13:39:03,0,4,4,2023-12-27_RgbImage_2023-12-27_13-39-03.png,Poplar_22 ILL-101 R7,0.9722718938868632,3.319666591938585
Poplar,RGB1,22 ILL-101 R7,2023-12-19 13:40:05,0,4,4,2023-12-19_RgbImage_2023-12-19_13-40-04.png,Poplar_22 ILL-101 R7,0.973081363554321,3.3806768371723592
Poplar,RGB2,22 ILL-101 R7,2023-12-27 13:38:20,0,4,4,2023-12-27_RgbImage_2023-12-27_13-38-19.png,Poplar_22 ILL-101 R7,0.94759091505911,1.5030720899812877
Poplar,RGB2,22 ILL-101 R7,2023-12-19 13:39:21,0,4,4,2023-12-19_RgbImage_2023-12-19_13-39-21.png,Poplar_22 ILL-101 R7,0.914791645648401,1.379886798094958
Poplar,RGB1,42_BESC-4-C_R6_I APPL 435,2023-09-18 08:13:05,0,4,4,2023-09-18_RgbImage_2023-09-18_08-13-04.png,Poplar_42_BESC-4-C_R6_I APPL 435,0.9764360478008134,3.3075173599645495
Poplar,RGB2,42_BESC-4-C_R6_I APPL 435,2023-09-18 08:12:21,0,4,4,2023-09-18_RgbImage_2023-09-18_08-12-20.png,Poplar_42_BESC-4-C_R6_I APPL 435,0.9874500830080457,1.5246334467083216
Poplar,RGB1,74_WT717+Na_R2_I APPL 28,2023-09-15 14:52:10,1,0,0,2023-09-15_RgbImage_2023-09-15_14-52-10.png,Poplar_74_WT717+Na_R2_I APPL 28,0.978011211305046,3.3703837851062417
Poplar,RGB1,74_WT717+Na_R2_I APPL 28,2023-09-20 10:50:28,1,0,0,2023-09-20_RgbImage_2023-09-20_10-50-28.png,Poplar_74_WT717+Na_R2_I APPL 28,0.9822601529042749,3.3534794822335243
Poplar,RGB2,74_WT717+Na_R2_I APPL 28,2023-09-15 14:51:40,1,0,0,2023-09-15_RgbImage_2023-09-15_14-51-40.png,Poplar_74_WT717+Na_R2_I APPL 28,0.9879248426275156,1.5004188027232885
Poplar,RGB2,74_WT717+Na_R2_I APPL 28,2023-09-20 10:49:59,1,0,0,2023-09-20_RgbImage_2023-09-20_10-49-58.png,Poplar_74_WT717+Na_R2_I APPL 28,0.9866265953830567,1.4942674720659852
Poplar,RGB1,BESC-407,2024-04-13 12:17:53,1,0,0,2024-04-13_RgbImage_2024-04-13_12-17-53.png,Poplar_BESC-407,0.9781140933830772,3.3356861602514982
Poplar,RGB2,BESC-407,2024-04-13 12:17:13,1,0,0,2024-04-13_RgbImage_2024-04-13_12-17-12.png,Poplar_BESC-407,0.9794049704049644,1.453855763655156
Poplar,RGB1,GW-2045,2024-04-17 07:45:31,1,0,0,2024-04-17_RgbImage_2024-04-17_07-45-31.png,Poplar_GW-2045,0.9776713760663776,3.0657658488489687
Poplar,RGB2,GW-2045,2024-04-17 07:44:55,1,0,0,2024-04-17_RgbImage_2024-04-17_07-44-54.png,Poplar_GW-2045,0.991218693861253,1.4919198341667652
Poplar,RGB1,22_GW-9914-C_R4_I APPL 197,2023-10-06 16:06:44,1,0,1,2023-10-6_RgbImage_2023-10-06_16-06-44.png,Poplar_22_GW-9914-C_R4_I APPL 197,0.9761247428156417,3.068389328196645
Poplar,RGB2,22_GW-9914-C_R4_I APPL 197,2023-10-06 16:06:09,1,0,1,2023-10-6_RgbImage_2023-10-06_16-06-08.png,Poplar_22_GW-9914-C_R4_I APPL 197,0.9921955910000337,1.4859330239705741
Poplar,RGB1,BESC-394,2024-04-07 10:55:21,1,0,1,2024-04-7_RgbImage_2024-04-07_10-55-21.png,Poplar_BESC-394,0.9770906199199473,3.403068744111806
Poplar,RGB2,BESC-394,2024-04-07 10:54:43,1,0,1,2024-04-7_RgbImage_2024-04-07_10-54-43.png,Poplar_BESC-394,0.9879431884578105,1.4990254980511963
Poplar,RGB1,BESC-813,2024-04-14 14:41:17,1,0,1,2024-04-14_RgbImage_2024-04-14_14-41-16.png,Poplar_BESC-813,0.9839879272834303,3.351970068179071
Poplar,RGB2,BESC-813,2024-04-14 14:40:40,1,0,1,2024-04-14_RgbImage_2024-04-14_14-40-39.png,Poplar_BESC-813,0.9924601729429664,1.5230939760804176
Poplar,RGB1,GW-9845,2024-04-11 16:09:56,1,0,1,2024-04-11_RgbImage_2024-04-11_16-09-56.png,Poplar_GW-9845,0.9795734950313428,3.08115989388898
Poplar,RGB2,GW-9845,2024-04-11 16:09:16,1,0,1,2024-04-11_RgbImage_2024-04-11_16-09-16.png,Poplar_GW-9845,0.9915022792720382,1.5530074848793447
Poplar,RGB1,278_BESC-304_1,2024-05-26 14:23:50,1,0,2,2024-05-26_RgbImage_2024-05-26_14-23-50.png,Poplar_278_BESC-304_1,0.972285618745037,3.0999157270416617
Poplar,RGB2,278_BESC-304_1,2024-05-26 14:23:11,1,0,2,2024-05-26_RgbImage_2024-05-26_14-23-10.png,Poplar_278_BESC-304_1,0.9826251424854625,1.5047797579318285
Poplar,RGB1,56_BESC 371_R6_PM,2024-05-07 18:56:19,1,0,2,2024-05-7_RgbImage_2024-05-07_18-56-19.png,Poplar_56_BESC 371_R6_PM,0.9803342124773257,3.3917455128394067
Poplar,RGB2,56_BESC 371_R6_PM,2024-05-07 18:55:41,1,0,2,2024-05-7_RgbImage_2024-05-07_18-55-41.png,Poplar_56_BESC 371_R6_PM,0.9845273644532835,1.5052683022804558
Poplar,RGB1,9_GW-9588+K_R3_IV APPL 102,2023-09-27 09:58:25,1,0,2,2023-09-27_RgbImage_2023-09-27_09-58-25.png,Poplar_9_GW-9588+K_R3_IV APPL 102,0.9711459745048783,3.4745303480885923
Poplar,RGB2,9_GW-9588+K_R3_IV APPL 102,2023-09-27 09:57:46,1,0,2,2023-09-27_RgbImage_2023-09-27_09-57-45.png,Poplar_9_GW-9588+K_R3_IV APPL 102,0.9866728542793796,1.5637068538926542
Poplar,RGB1,11_GW-9588+K_R5_IV APPL 104,2023-10-02 13:56:27,1,0,3,2023-10-2_RgbImage_2023-10-02_13-56-27.png,Poplar_11_GW-9588+K_R5_IV APPL 104,0.9810631111269029,3.369516111910343
Poplar,RGB2,11_GW-9588+K_R5_IV APPL 104,2023-10-02 13:55:50,1,0,3,2023-10-2_RgbImage_2023-10-02_13-55-49.png,Poplar_11_GW-9588+K_R5_IV APPL 104,0.9927115949964697,1.5461356611922383
Poplar,RGB1,1_GW-9588-C_R1_I APPL 398,2023-10-02 15:06:46,1,0,3,2023-10-2_RgbImage_2023-10-02_15-06-45.png,Poplar_1_GW-9588-C_R1_I APPL 398,0.982342456434036,3.3465076880529523
Poplar,RGB2,1_GW-9588-C_R1_I APPL 398,2023-10-02 15:06:08,1,0,3,2023-10-2_RgbImage_2023-10-02_15-06-07.png,Poplar_1_GW-9588-C_R1_I APPL 398,0.9914378312823409,1.5006147930398583
Poplar,RGB1,67_YALE-27-3+Na_R1_I APPL 189,2023-10-06 07:02:06,1,0,3,2023-10-6_RgbImage_2023-10-06_07-02-06.png,Poplar_67_YALE-27-3+Na_R1_I APPL 189,0.9833719390705103,3.322129014879465
Poplar,RGB2,67_YALE-27-3+Na_R1_I APPL 189,2023-10-06 07:01:31,1,0,3,2023-10-6_RgbImage_2023-10-06_07-01-31.png,Poplar_67_YALE-27-3+Na_R1_I APPL 189,0.9937048784396779,1.5038658902049065
Poplar,RGB1,98_#1428_R1_PM,2024-05-13 08:52:29,1,0,3,2024-05-13_RgbImage_2024-05-13_08-52-28.png,Poplar_98_#1428_R1_PM,0.9883619794882921,3.337667082902044
Poplar,RGB2,98_#1428_R1_PM,2024-05-13 08:51:51,1,0,3,2024-05-13_RgbImage_2024-05-13_08-51-51.png,Poplar_98_#1428_R1_PM,0.995512450558554,1.48885412607342
Poplar,RGB1,23 93-968 R7,2023-10-29 15:31:15,1,0,4,2023-10-29_RgbImage_2023-10-29_15-31-14.png,Poplar_23 93-968 R7,0.9874419731581434,3.278830067720264
Poplar,RGB2,23 93-968 R7,2023-10-29 15:30:36,1,0,4,2023-10-29_RgbImage_2023-10-29_15-30-35.png,Poplar_23 93-968 R7,0.9816161148414198,1.520978685002774
Poplar,RGB1,51_BESC-4+Na_R3_I APPL 391,2023-10-02 14:24:35,1,0,4,2023-10-2_RgbImage_2023-10-02_14-24-35.png,Poplar_51_BESC-4+Na_R3_I APPL 391,0.984327836517795,3.3124115709215403
Poplar,RGB2,51_BESC-4+Na_R3_I APPL 391,2023-10-02 14:24:00,1,0,4,2023-10-2_RgbImage_2023-10-02_14-24-00.png,Poplar_51_BESC-4+Na_R3_I APPL 391,0.9945105693067343,1.4967085770331323
Poplar,RGB1,84_ILL-101_R2_PM,2024-05-13 07:11:30,1,0,4,2024-05-13_RgbImage_2024-05-13_07-11-30.png,Poplar_84_ILL-101_R2_PM,0.9904404006463796,3.373811963945627
Poplar,RGB2,84_ILL-101_R2_PM,2024-05-13 07:10:51,1,0,4,2024-05-13_RgbImage_2024-05-13_07-10-50.png,Poplar_84_ILL-101_R2_PM,0.9903621558470507,1.505264594219625
Poplar,RGB1,GW-2402,2024-04-18 15:35:10,1,1,0,2024-04-18_RgbImage_2024-04-18_15-35-09.png,Poplar_GW-2402,0.9645214184556437,3.091719047166407
Poplar,RGB2,GW-2402,2024-04-18 15:34:31,1,1,0,2024-04-18_RgbImage_2024-04-18_15-34-30.png,Poplar_GW-2402,0.991361951544854,1.5242254338227212
Poplar,RGB1,GW-4606,2024-04-16 10:51:10,1,1,0,2024-04-16_RgbImage_2024-04-16_10-51-10.png,Poplar_GW-4606,0.9679796916979498,3.3494027820415795
Poplar,RGB2,GW-4606,2024-04-16 10:50:34,1,1,0,2024-04-16_RgbImage_2024-04-16_10-50-33.png,Poplar_GW-4606,0.9924001990015668,1.5770368459634483
Poplar,RGB1,GW-9810,2024-04-19 10:14:35,1,1,0,2024-04-19_RgbImage_2024-04-19_10-14-35.png,Poplar_GW-9810,0.9599109295080549,3.3188993581570685
Poplar,RGB2,GW-9810,2024-04-19 10:13:54,1,1,0,2024-04-19_RgbImage_2024-04-19_10-13-53.png,Poplar_GW-9810,0.9732590363948499,1.4903048290871084
Poplar,RGB1,GW-9884,2024-04-21 15:06:06,1,1,0,2024-04-21_RgbImage_2024-04-21_15-06-06.png,Poplar_GW-9884,0.9697068930746381,3.0787109918892384
Poplar,RGB2,GW-9884,2024-04-21 15:05:28,1,1,0,2024-04-21_RgbImage_2024-04-21_15-05-28.png,Poplar_GW-9884,0.9891491228817623,1.5045938859693706
Poplar,RGB1,15_BESC 375_R2_FS,2024-05-06 18:46:51,1,1,1,2024-05-6_RgbImage_2024-05-06_18-46-50.png,Poplar_15_BESC 375_R2_FS,0.9696597820033382,3.3180811000056565
Poplar,RGB2,15_BESC 375_R2_FS,2024-05-06 18:46:12,1,1,1,2024-05-6_RgbImage_2024-05-06_18-46-11.png,Poplar_15_BESC 375_R2_FS,0.982730972050128,1.4883459452539682
Poplar,RGB1,350_KLNE-20-4_6,2024-05-27 11:32:50,1,1,1,2024-05-27_RgbImage_2024-05-27_11-32-49.png,Poplar_350_KLNE-20-4_6,0.9518659206727922,3.263781883753836
Poplar,RGB2,350_KLNE-20-4_6,2024-05-27 11:32:09,1,1,1,2024-05-27_RgbImage_2024-05-27_11-32-09.png,Poplar_350_KLNE-20-4_6,0.9846010496848219,1.5486687603406608
Poplar,RGB1,352_BESC-1166_8,2024-06-13 11:34:52,1,1,1,2024-06-13_RgbImage_2024-06-13_11-34-52.png,Poplar_352_BESC-1166_8,0.9651528980657497,3.286965137347579
Poplar,RGB2,352_BESC-1166_8,2024-06-13 11:34:15,1,1,1,2024-06-13_RgbImage_2024-06-13_11-34-15.png,Poplar_352_BESC-1166_8,0.9760545548385796,1.5087154279462993
Poplar,RGB1,304_BESC-44_4,2024-06-07 10:36:27,1,1,2,2024-06-7_RgbImage_2024-06-07_10-36-27.png,Poplar_304_BESC-44_4,0.9784101339613449,3.4201661767438054
Poplar,RGB2,304_BESC-44_4,2024-06-07 10:35:50,1,1,2,2024-06-7_RgbImage_2024-06-07_10-35-49.png,Poplar_304_BESC-44_4,0.9901942819555121,1.4979427698999643
Poplar,RGB1,BESC-237,2024-04-07 15:15:34,1,1,2,2024-04-7_RgbImage_2024-04-07_15-15-33.png,Poplar_BESC-237,0.9832523534770937,3.2909282706677914
Poplar,RGB2,BESC-237,2024-04-07 15:14:55,1,1,2,2024-04-7_RgbImage_2024-04-07_15-14-55.png,Poplar_BESC-237,0.9879186779210288,1.5039091310463846
Poplar,RGB1,GW-9811,2024-04-03 12:46:00,1,1,2,2024-04-3_RgbImage_2024-04-03_12-45-59.png,Poplar_GW-9811,0.986152192791311,3.5801647030748427
Poplar,RGB2,GW-9811,2024-04-03 12:45:22,1,1,2,2024-04-3_RgbImage_2024-04-03_12-45-21.png,Poplar_GW-9811,0.9898835459561439,1.556169321294874
Poplar,RGB1,67_YALE-27-3+Na_R1_I APPL 189,2023-09-27 07:02:20,1,1,3,2023-09-27_RgbImage_2023-09-27_07-02-20.png,Poplar_67_YALE-27-3+Na_R1_I APPL 189,0.9777276623767537,3.312207203358412
Poplar,RGB2,67_YALE-27-3+Na_R1_I APPL 189,2023-09-27 07:01:42,1,1,3,2023-09-27_RgbImage_2023-09-27_07-01-41.png,Poplar_67_YALE-27-3+Na_R1_I APPL 189,0.9912663687000245,1.4699959391728044
Poplar,RGB1,BESC-394,2024-04-02 14:41:05,1,1,3,2024-04-2_RgbImage_2024-04-02_14-41-05.png,Poplar_BESC-394,0.9850048656224333,3.4492185171693563
Poplar,RGB2,BESC-394,2024-04-02 14:40:27,1,1,3,2024-04-2_RgbImage_2024-04-02_14-40-26.png,Poplar_BESC-394,0.9833207046969191,1.4891820950433612
Poplar,RGB1,20_D-124_R6_PM,2024-05-10 18:46:02,1,1,4,2024-05-10_RgbImage_2024-05-10_18-46-02.png,Poplar_20_D-124_R6_PM,0.9863235586591019,3.3239662060514092
Poplar,RGB2,20_D-124_R6_PM,2024-05-10 18:45:24,1,1,4,2024-05-10_RgbImage_2024-05-10_18-45-23.png,Poplar_20_D-124_R6_PM,0.9842664866775009,1.5182366599328816
Poplar,RGB1,89_D-124_R1_PM,2024-05-03 07:48:27,1,1,4,2024-05-3_RgbImage_2024-05-03_07-48-27.png,Poplar_89_D-124_R1_PM,0.9746288605661747,3.3151064538396895
Poplar,RGB2,89_D-124_R1_PM,2024-05-03 07:47:47,1,1,4,2024-05-3_RgbImage_2024-05-03_07-47-46.png,Poplar_89_D-124_R1_PM,0.9814432989690919,1.5634466409683228
Poplar,RGB1,GW-6952,2024-04-06 16:22:07,1,1,4,2024-04-6_RgbImage_2024-04-06_16-22-07.png,Poplar_GW-6952,0.9838069299840972,3.2915938179939985
Poplar,RGB2,GW-6952,2024-04-06 16:21:28,1,1,4,2024-04-6_RgbImage_2024-04-06_16-21-28.png,Poplar_GW-6952,0.9865315432187342,1.5051018563099205
Poplar,RGB1,15 CMBF_28-5 R6,2023-10-28 17:10:52,1,2,0,2023-10-28_RgbImage_2023-10-28_17-10-51.png,Poplar_15 CMBF_28-5 R6,0.9718720727954281,3.376064240001142
Poplar,RGB2,15 CMBF_28-5 R6,2023-10-28 17:10:11,1,2,0,2023-10-28_RgbImage_2023-10-28_17-10-11.png,Poplar_15 CMBF_28-5 R6,0.9923327035181985,1.5052209198474884
Poplar,RGB1,46_BESC 394_R2_FS,2024-05-10 12:15:56,1,2,0,2024-05-10_RgbImage_2024-05-10_12-15-56.png,Poplar_46_BESC 394_R2_FS,0.9730646975402879,3.305264376103878
Poplar,RGB2,46_BESC 394_R2_FS,2024-05-10 12:15:18,1,2,0,2024-05-10_RgbImage_2024-05-10_12-15-17.png,Poplar_46_BESC 394_R2_FS,0.9869113369107866,1.5158325652591884
Poplar,RGB1,BESC-159,2024-04-12 07:38:50,1,2,0,2024-04-12_RgbImage_2024-04-12_07-38-50.png,Poplar_BESC-159,0.9606045508748089,3.250915906392038
Poplar,RGB2,BESC-159,2024-04-12 07:38:13,1,2,0,2024-04-12_RgbImage_2024-04-12_07-38-12.png,Poplar_BESC-159,0.9869317760784915,1.5196087136864662
Poplar,RGB1,GLCB-26-1,2024-04-19 20:45:20,1,2,0,2024-04-19_RgbImage_2024-04-19_20-45-19.png,Poplar_GLCB-26-1,0.9517149823897272,3.3298669420182705
Poplar,RGB2,GLCB-26-1,2024-04-19 20:44:41,1,2,0,2024-04-19_RgbImage_2024-04-19_20-44-40.png,Poplar_GLCB-26-1,0.9859028112069335,1.4974813871085644
Poplar,RGB1,31 Nisq-1 R8,2023-11-05 12:55:56,1,2,1,2023-11-5_RgbImage_2023-11-05_12-55-55.png,Poplar_31 Nisq-1 R8,0.9720682944293004,3.4056407008320093
Poplar,RGB2,31 Nisq-1 R8,2023-11-05 12:55:20,1,2,1,2023-11-5_RgbImage_2023-11-05_12-55-20.png,Poplar_31 Nisq-1 R8,0.9909217210951023,1.5142677049152553
Poplar,RGB1,348_BESC-1231_5,2024-06-05 10:06:41,1,2,2,2024-06-5_RgbImage_2024-06-05_10-06-41.png,Poplar_348_BESC-1231_5,0.9802896113111567,3.3276671832427382
Poplar,RGB2,348_BESC-1231_5,2024-06-05 10:06:03,1,2,2,2024-06-5_RgbImage_2024-06-05_10-06-03.png,Poplar_348_BESC-1231_5,0.9948761960670517,1.515635441057384
Poplar,RGB1,GW-7980,2024-04-11 07:17:36,1,2,2,2024-04-11_RgbImage_2024-04-11_07-17-35.png,Poplar_GW-7980,0.9808149484297851,3.288419355172664
Poplar,RGB2,GW-7980,2024-04-11 07:16:59,1,2,2,2024-04-11_RgbImage_2024-04-11_07-16-59.png,Poplar_GW-7980,0.9921841852571439,1.503296080045402
Poplar,RGB1,GW-9967,2024-04-12 12:34:27,1,2,2,2024-04-12_RgbImage_2024-04-12_12-34-26.png,Poplar_GW-9967,0.9636979835452173,3.3351208358071744
Poplar,RGB2,GW-9967,2024-04-12 12:33:50,1,2,2,2024-04-12_RgbImage_2024-04-12_12-33-49.png,Poplar_GW-9967,0.9909744406961111,1.4757962659932673
Poplar,RGB1,54 52-225 R4,2023-11-05 11:35:17,1,2,3,2023-11-5_RgbImage_2023-11-05_11-35-16.png,Poplar_54 52-225 R4,0.9673160022523752,3.4153314530849457
Poplar,RGB2,54 52-225 R4,2023-11-05 11:34:38,1,2,3,2023-11-5_RgbImage_2023-11-05_11-34-37.png,Poplar_54 52-225 R4,0.9899791487354266,1.4877180359326303
Poplar,RGB1,55_YALE-27-3-C_R1_I APPL 489,2023-09-25 12:01:25,1,2,3,2023-09-25_RgbImage_2023-09-25_12-01-25.png,Poplar_55_YALE-27-3-C_R1_I APPL 489,0.979289505785498,3.333070889580995
Poplar,RGB2,55_YALE-27-3-C_R1_I APPL 489,2023-09-25 12:00:46,1,2,3,2023-09-25_RgbImage_2023-09-25_12-00-45.png,Poplar_55_YALE-27-3-C_R1_I APPL 489,0.9923997421018746,1.526816451922059
Poplar,RGB1,BESC-1099,2024-04-05 19:48:29,1,2,4,2024-04-5_RgbImage_2024-04-05_19-48-28.png,Poplar_BESC-1099,0.9749344099154823,3.289974804967642
Poplar,RGB2,BESC-1099,2024-04-05 19:47:48,1,2,4,2024-04-5_RgbImage_2024-04-05_19-47-47.png,Poplar_BESC-1099,0.9893554320435866,1.6047554537653923
Poplar,RGB1,CHWH-27-3,2024-04-01 15:06:12,1,2,4,2024-04-1_RgbImage_2024-04-01_15-06-12.png,Poplar_CHWH-27-3,0.9735595197184813,3.2964165448211133
Poplar,RGB2,CHWH-27-3,2024-04-01 15:05:34,1,2,4,2024-04-1_RgbImage_2024-04-01_15-05-33.png,Poplar_CHWH-27-3,0.986943452832853,1.4986917348578572
Poplar,RGB1,182_BESC-1096_5,2024-06-26 15:41:17,1,3,0,2024-06-26_RgbImage_2024-06-26_15-41-16.png,Poplar_182_BESC-1096_5,0.9662179409110658,3.39423787035048
Poplar,RGB2,182_BESC-1096_5,2024-06-26 15:40:39,1,3,0,2024-06-26_RgbImage_2024-06-26_15-40-38.png,Poplar_182_BESC-1096_5,0.9794346032516558,1.5044971839524806
Poplar,RGB1,379_BESC-1143_1,2024-06-08 11:14:52,1,3,0,2024-06-8_RgbImage_2024-06-08_11-14-51.png,Poplar_379_BESC-1143_1,0.9704052044052032,3.3589735203422606
Poplar,RGB2,379_BESC-1143_1,2024-06-08 11:14:13,1,3,0,2024-06-8_RgbImage_2024-06-08_11-14-13.png,Poplar_379_BESC-1143_1,0.9686966795424818,1.562461381778121
Poplar,RGB1,BESC-1158_34_9,2024-04-21 15:20:35,1,3,0,2024-04-21_RgbImage_2024-04-21_15-20-34.png,Poplar_BESC-1158_34_9,0.9800341336824966,3.450543962419033
Poplar,RGB2,BESC-1158_34_9,2024-04-21 15:19:53,1,3,0,2024-04-21_RgbImage_2024-04-21_15-19-52.png,Poplar_BESC-1158_34_9,0.9844795855064347,1.5918538966216147
Poplar,RGB1,BESC-192,2024-04-10 18:41:43,1,3,0,2024-04-10_RgbImage_2024-04-10_18-41-42.png,Poplar_BESC-192,0.9485772073747791,3.3714401740580797
Poplar,RGB2,BESC-192,2024-04-10 18:41:01,1,3,0,2024-04-10_RgbImage_2024-04-10_18-41-01.png,Poplar_BESC-192,0.9632555123218984,1.495445440057665
Poplar,RGB1,114_BESC-354_6,2024-05-26 19:13:43,1,3,1,2024-05-26_RgbImage_2024-05-26_19-13-43.png,Poplar_114_BESC-354_6,0.9768461210658206,3.359431899152696
Poplar,RGB2,114_BESC-354_6,2024-05-26 19:13:07,1,3,1,2024-05-26_RgbImage_2024-05-26_19-13-06.png,Poplar_114_BESC-354_6,0.9917694712458457,1.489791708998382
Poplar,RGB1,BESC-819,2024-04-05 10:18:27,1,3,1,2024-04-5_RgbImage_2024-04-05_10-18-27.png,Poplar_BESC-819,0.9587589834428853,3.3743798821233213
Poplar,RGB2,BESC-819,2024-04-05 10:17:47,1,3,1,2024-04-5_RgbImage_2024-04-05_10-17-47.png,Poplar_BESC-819,0.988120977335521,1.5009848130866885
Poplar,RGB1,DEND-17-2,2024-03-30 18:24:27,1,3,1,2024-03-30_RgbImage_2024-03-30_18-24-26.png,Poplar_DEND-17-2,0.9673871254383288,3.3642911659553647
Poplar,RGB2,DEND-17-2,2024-03-30 18:23:50,1,3,1,2024-03-30_RgbImage_2024-03-30_18-23-49.png,Poplar_DEND-17-2,0.990499113662614,1.5229068319313228
Poplar,RGB1,NHTB-27-4,2024-04-05 20:53:48,1,3,1,2024-04-5_RgbImage_2024-04-05_20-53-47.png,Poplar_NHTB-27-4,0.9652553820691844,3.323437289800495
Poplar,RGB2,NHTB-27-4,2024-04-05 20:53:10,1,3,1,2024-04-5_RgbImage_2024-04-05_20-53-09.png,Poplar_NHTB-27-4,0.9921460269933852,1.5458072517067194
Poplar,RGB1,436_GW-9762_1,2024-06-21 12:11:31,1,3,2,2024-06-21_RgbImage_2024-06-21_12-11-31.png,Poplar_436_GW-9762_1,0.9758718612024783,3.3286345158703625
Poplar,RGB2,436_GW-9762_1,2024-06-21 12:11:00,1,3,2,2024-06-21_RgbImage_2024-06-21_12-11-00.png,Poplar_436_GW-9762_1,0.9804424567815911,1.4951195120811462
Poplar,RGB1,GW-9833,2024-03-29 15:07:40,1,3,2,2024-03-29_RgbImage_2024-03-29_15-07-39.png,Poplar_GW-9833,0.9778328818833844,3.3546624602749944
Poplar,RGB2,GW-9833,2024-03-29 15:06:59,1,3,2,2024-03-29_RgbImage_2024-03-29_15-06-59.png,Poplar_GW-9833,0.9818116875182403,1.4880715571343899
Poplar,RGB1,94_BESC 24_R3_FS,2024-05-13 08:23:36,1,3,3,2024-05-13_RgbImage_2024-05-13_08-23-35.png,Poplar_94_BESC 24_R3_FS,0.968135953266127,3.3206554292701185
Poplar,RGB2,94_BESC 24_R3_FS,2024-05-13 08:22:56,1,3,3,2024-05-13_RgbImage_2024-05-13_08-22-56.png,Poplar_94_BESC 24_R3_FS,0.9889369440785342,1.5167806488461792
Poplar,RGB1,BESC-394,2024-03-28 12:16:40,1,3,3,2024-03-28_RgbImage_2024-03-28_12-16-40.png,Poplar_BESC-394,0.9648418125133634,3.349758375901729
Poplar,RGB2,BESC-394,2024-03-28 12:16:01,1,3,3,2024-03-28_RgbImage_2024-03-28_12-16-00.png,Poplar_BESC-394,0.9854918649131115,1.4965568203479052
Poplar,RGB1,109_BESC-14_4,2024-06-04 16:58:53,1,3,4,2024-06-4_RgbImage_2024-06-04_16-58-53.png,Poplar_109_BESC-14_4,0.9776654832175782,3.3058010516688228
Poplar,RGB2,109_BESC-14_4,2024-06-04 16:58:13,1,3,4,2024-06-4_RgbImage_2024-06-04_16-58-13.png,Poplar_109_BESC-14_4,0.9753545669548938,1.5310457907617092
Poplar,RGB1,361_BESC-321_3,2024-06-04 09:54:32,1,3,4,2024-06-4_RgbImage_2024-06-04_09-54-31.png,Poplar_361_BESC-321_3,0.983270372369168,3.3762152711860836
Poplar,RGB2,361_BESC-321_3,2024-06-04 09:53:52,1,3,4,2024-06-4_RgbImage_2024-06-04_09-53-51.png,Poplar_361_BESC-321_3,0.9682926745460969,1.5021877670660615
Poplar,RGB1,461_BESC-1143_2,2024-06-04 09:27:08,1,3,4,2024-06-4_RgbImage_2024-06-04_09-27-08.png,Poplar_461_BESC-1143_2,0.9852135597724128,3.287350306287408
Poplar,RGB2,461_BESC-1143_2,2024-06-04 09:26:27,1,3,4,2024-06-4_RgbImage_2024-06-04_09-26-27.png,Poplar_461_BESC-1143_2,0.9700602641364757,1.5839442205615342
Poplar,RGB1,88_BESC-1043_4,2024-06-01 16:18:11,1,3,4,2024-06-1_RgbImage_2024-06-01_16-18-10.png,Poplar_88_BESC-1043_4,0.9770439887076914,3.3173147719353437
Poplar,RGB2,88_BESC-1043_4,2024-06-01 16:17:31,1,3,4,2024-06-1_RgbImage_2024-06-01_16-17-31.png,Poplar_88_BESC-1043_4,0.9843957432825415,1.4796587391756475
Poplar,RGB1,103_BESC-856_2,2024-05-27 19:14:56,1,4,0,2024-05-27_RgbImage_2024-05-27_19-14-55.png,Poplar_103_BESC-856_2,0.973037995983184,3.3915177336893976
Poplar,RGB2,103_BESC-856_2,2024-05-27 19:14:15,1,4,0,2024-05-27_RgbImage_2024-05-27_19-14-14.png,Poplar_103_BESC-856_2,0.9787907427410041,1.522573291324079
Poplar,RGB1,224_BESC-317_5,2024-06-03 15:13:29,1,4,0,2024-06-3_RgbImage_2024-06-03_15-13-29.png,Poplar_224_BESC-317_5,0.9762012202752707,3.3938774652779102
Poplar,RGB2,224_BESC-317_5,2024-06-03 15:12:50,1,4,0,2024-06-3_RgbImage_2024-06-03_15-12-50.png,Poplar_224_BESC-317_5,0.9918359581510846,1.4887108439579606
Poplar,RGB1,BESC-1158_34_9,2024-04-11 14:21:53,1,4,0,2024-04-11_RgbImage_2024-04-11_14-21-52.png,Poplar_BESC-1158_34_9,0.9750719860484807,3.271848766133189
Poplar,RGB2,BESC-1158_34_9,2024-04-11 14:21:10,1,4,0,2024-04-11_RgbImage_2024-04-11_14-21-10.png,Poplar_BESC-1158_34_9,0.984763540722867,1.5883456305600703
Poplar,RGB1,BESC-1240_38_2,2024-04-06 16:07:36,1,4,0,2024-04-6_RgbImage_2024-04-06_16-07-35.png,Poplar_BESC-1240_38_2,0.9743841419732594,3.0600568442605436
Poplar,RGB2,BESC-1240_38_2,2024-04-06 16:06:54,1,4,0,2024-04-6_RgbImage_2024-04-06_16-06-53.png,Poplar_BESC-1240_38_2,0.9893610133139303,1.5640330822207034
Poplar,RGB1,17_BESC 394_R3_PM,2024-05-03 18:30:01,1,4,1,2024-05-3_RgbImage_2024-05-03_18-30-01.png,Poplar_17_BESC 394_R3_PM,0.9651140140494615,3.3631782489828765
Poplar,RGB2,17_BESC 394_R3_PM,2024-05-03 18:29:22,1,4,1,2024-05-3_RgbImage_2024-05-03_18-29-21.png,Poplar_17_BESC 394_R3_PM,0.9879424851331287,1.5697692180983722
Poplar,RGB1,22_BESC-1126_2,2024-06-08 18:08:40,1,4,1,2024-06-8_RgbImage_2024-06-08_18-08-39.png,Poplar_22_BESC-1126_2,0.9772552929606044,3.3248349111527205
Poplar,RGB2,22_BESC-1126_2,2024-06-08 18:08:01,1,4,1,2024-06-8_RgbImage_2024-06-08_18-08-01.png,Poplar_22_BESC-1126_2,0.9924487594390565,1.500444218982011
Poplar,RGB1,391_BESC-1143_3,2024-06-11 07:56:58,1,4,1,2024-06-11_RgbImage_2024-06-11_07-56-58.png,Poplar_391_BESC-1143_3,0.973225211561389,3.0582342073321342
Poplar,RGB2,391_BESC-1143_3,2024-06-11 07:56:21,1,4,1,2024-06-11_RgbImage_2024-06-11_07-56-20.png,Poplar_391_BESC-1143_3,0.9797538129125661,1.5672201379202306
Poplar,RGB1,424_BESC-117_6,2024-06-05 07:03:12,1,4,1,2024-06-5_RgbImage_2024-06-05_07-03-11.png,Poplar_424_BESC-117_6,0.9734082732026025,3.3313262928277254
Poplar,RGB2,424_BESC-117_6,2024-06-05 07:02:32,1,4,1,2024-06-5_RgbImage_2024-06-05_07-02-32.png,Poplar_424_BESC-117_6,0.9873498770158388,1.5158631228841841
Poplar,RGB1,BESC-1091,2024-04-24 10:13:27,1,4,2,2024-04-24_RgbImage_2024-04-24_10-13-26.png,Poplar_BESC-1091,0.9724323294527852,3.3240842507220805
Poplar,RGB2,BESC-1091,2024-04-24 10:12:47,1,4,2,2024-04-24_RgbImage_2024-04-24_10-12-46.png,Poplar_BESC-1091,0.9793716335203716,1.507299681659788
Poplar,RGB1,BESC-71,2024-04-02 18:35:21,1,4,2,2024-04-2_RgbImage_2024-04-02_18-35-20.png,Poplar_BESC-71,0.9750336609964387,3.3173732510767877
Poplar,RGB2,BESC-71,2024-04-02 18:34:41,1,4,2,2024-04-2_RgbImage_2024-04-02_18-34-41.png,Poplar_BESC-71,0.9850685868342838,1.50432018795982
Poplar,RGB1,GW-8611,2024-03-31 18:09:22,1,4,2,2024-03-31_RgbImage_2024-03-31_18-09-22.png,Poplar_GW-8611,0.9750096749521585,3.108214227948338
Poplar,RGB2,GW-8611,2024-03-31 18:08:42,1,4,2,2024-03-31_RgbImage_2024-03-31_18-08-42.png,Poplar_GW-8611,0.9842948495941592,1.5913313860073686
Poplar,RGB1,GW-9969,2024-03-28 22:05:01,1,4,2,2024-03-28_RgbImage_2024-03-28_22-05-00.png,Poplar_GW-9969,0.9625449742176488,3.3109962036833167
Poplar,RGB2,GW-9969,2024-03-28 22:04:21,1,4,2,2024-03-28_RgbImage_2024-03-28_22-04-21.png,Poplar_GW-9969,0.98517907807597,1.5302190771326423
Poplar,RGB1,232_CHWH-27-4_4,2024-06-06 11:35:38,1,4,3,2024-06-6_RgbImage_2024-06-06_11-35-38.png,Poplar_232_CHWH-27-4_4,0.9774257215517828,3.375234163366258
Poplar,RGB2,232_CHWH-27-4_4,2024-06-06 11:34:59,1,4,3,2024-06-6_RgbImage_2024-06-06_11-34-58.png,Poplar_232_CHWH-27-4_4,0.9905847306153795,1.5272593698464334
Poplar,RGB1,36_BESC 371_R3_FS,2024-05-03 15:56:51,1,4,3,2024-05-3_RgbImage_2024-05-03_15-56-51.png,Poplar_36_BESC 371_R3_FS,0.9633709485851714,3.081834068056196
Poplar,RGB2,36_BESC 371_R3_FS,2024-05-03 15:56:12,1,4,3,2024-05-3_RgbImage_2024-05-03_15-56-11.png,Poplar_36_BESC 371_R3_FS,0.9823393706133215,1.5292223617434502
Poplar,RGB1,432_BESC-1166_7,2024-05-27 09:01:42,1,4,3,2024-05-27_RgbImage_2024-05-27_09-01-42.png,Poplar_432_BESC-1166_7,0.9778121847656283,3.3172418321482837
Poplar,RGB2,432_BESC-1166_7,2024-05-27 09:01:02,1,4,3,2024-05-27_RgbImage_2024-05-27_09-01-01.png,Poplar_432_BESC-1166_7,0.9745048967954377,1.5463600759394467
Poplar,RGB1,58_GW10999_R2_PM,2024-05-03 13:46:03,1,4,3,2024-05-3_RgbImage_2024-05-03_13-46-03.png,Poplar_58_GW10999_R2_PM,0.9780646771075032,3.2914224630221725
Poplar,RGB2,58_GW10999_R2_PM,2024-05-03 13:45:25,1,4,3,2024-05-3_RgbImage_2024-05-03_13-45-24.png,Poplar_58_GW10999_R2_PM,0.9882075371038017,1.5097387321293354
Poplar,RGB1,116_BESC-1043_8,2024-05-26 19:27:37,1,4,4,2024-05-26_RgbImage_2024-05-26_19-27-36.png,Poplar_116_BESC-1043_8,0.9900485432591685,3.35667185485363
Poplar,RGB2,116_BESC-1043_8,2024-05-26 19:26:56,1,4,4,2024-05-26_RgbImage_2024-05-26_19-26-56.png,Poplar_116_BESC-1043_8,0.9876156355778718,1.5146413818001747
Poplar,RGB1,370_BESC-1132_7,2024-05-26 12:33:54,1,4,4,2024-05-26_RgbImage_2024-05-26_12-33-53.png,Poplar_370_BESC-1132_7,0.9689800053638419,3.3385265562683344
Poplar,RGB2,370_BESC-1132_7,2024-05-26 12:33:12,1,4,4,2024-05-26_RgbImage_2024-05-26_12-33-11.png,Poplar_370_BESC-1132_7,0.8974947748571173,1.553785054013133
Poplar,RGB1,92_CHX20-KO107+Na_R4_I APPL 351,2023-10-02 16:24:00,2,0,0,2023-10-2_RgbImage_2023-10-02_16-24-00.png,Poplar_92_CHX20-KO107+Na_R4_I APPL 351,0.9832648411269193,3.310007161926478
Poplar,RGB2,92_CHX20-KO107+Na_R4_I APPL 351,2023-10-02 16:23:31,2,0,0,2023-10-2_RgbImage_2023-10-02_16-23-31.png,Poplar_92_CHX20-KO107+Na_R4_I APPL 351,0.9907245890318437,1.557498686015606
Poplar,RGB1,74_WT717+Na_R2_I APPL 28,2023-11-10 15:20:20,2,0,1,2023-11-10_RgbImage_2023-11-10_15-20-19.png,Poplar_74_WT717+Na_R2_I APPL 28,0.9880943930829426,3.295118640176952
Poplar,RGB2,74_WT717+Na_R2_I APPL 28,2023-11-10 15:19:55,2,0,1,2023-11-10_RgbImage_2023-11-10_15-19-55.png,Poplar_74_WT717+Na_R2_I APPL 28,0.9923449079108012,1.5385702271014452
Poplar,RGB1,90_CHX20-KO107+Na_R2_I APPL 392,2023-10-13 14:43:58,2,0,1,2023-10-13_RgbImage_2023-10-13_14-43-57.png,Poplar_90_CHX20-KO107+Na_R2_I APPL 392,0.9878827755462115,3.3142179530113935
Poplar,RGB2,90_CHX20-KO107+Na_R2_I APPL 392,2023-10-13 14:43:26,2,0,1,2023-10-13_RgbImage_2023-10-13_14-43-25.png,Poplar_90_CHX20-KO107+Na_R2_I APPL 392,0.9926245310174834,1.5234521110542119
Poplar,RGB1,BESC-12,2024-04-15 17:44:58,2,0,1,2024-04-15_RgbImage_2024-04-15_17-44-58.png,Poplar_BESC-12,0.9790100809296761,3.2871109787374735
Poplar,RGB2,BESC-12,2024-04-15 17:44:25,2,0,1,2024-04-15_RgbImage_2024-04-15_17-44-25.png,Poplar_BESC-12,0.9913368217463083,1.496020494028926
Poplar,RGB1,25_GW-9914+K_R1_IV APPL 106,2023-10-06 15:17:53,2,0,2,2023-10-6_RgbImage_2023-10-06_15-17-52.png,Poplar_25_GW-9914+K_R1_IV APPL 106,0.9788448603988269,3.2907450706698
Poplar,RGB2,25_GW-9914+K_R1_IV APPL 106,2023-10-06 15:17:19,2,0,2,2023-10-6_RgbImage_2023-10-06_15-17-19.png,Poplar_25_GW-9914+K_R1_IV APPL 106,0.9878925941063862,1.5378564968705177
Poplar,RGB1,35_GW-9914+Na_R5_I APPL 167,2023-10-25 11:39:47,2,0,2,2023-10-25_RgbImage_2023-10-25_11-39-46.png,Poplar_35_GW-9914+Na_R5_I APPL 167,0.9707909504247652,3.253121863119304
Poplar,RGB2,35_GW-9914+Na_R5_I APPL 167,2023-10-25 11:39:04,2,0,2,2023-10-25_RgbImage_2023-10-25_11-39-03.png,Poplar_35_GW-9914+Na_R5_I APPL 167,0.9893852546617276,1.5038383649662137
Poplar,RGB1,63_YALE-27-3+K_R3_IV APPL 119,2023-10-02 09:08:17,2,0,2,2023-10-2_RgbImage_2023-10-02_09-08-16.png,Poplar_63_YALE-27-3+K_R3_IV APPL 119,0.978343861632402,3.103753429837525
Poplar,RGB2,63_YALE-27-3+K_R3_IV APPL 119,2023-10-02 09:07:42,2,0,2,2023-10-2_RgbImage_2023-10-02_09-07-41.png,Poplar_63_YALE-27-3+K_R3_IV APPL 119,0.9921195306386476,1.538407217245549
Poplar,RGB1,78_CHX20-OE61+Na_R2_I APPL 491,2023-09-15 20:52:54,2,0,2,2023-09-15_RgbImage_2023-09-15_20-52-53.png,Poplar_78_CHX20-OE61+Na_R2_I APPL 491,0.9888645244740547,3.3083865670487285
Poplar,RGB2,78_CHX20-OE61+Na_R2_I APPL 491,2023-09-15 20:52:23,2,0,2,2023-09-15_RgbImage_2023-09-15_20-52-23.png,Poplar_78_CHX20-OE61+Na_R2_I APPL 491,0.983036070202953,1.5274734338745475
Poplar,RGB1,31_GW-9914+Na_R1_I APPL 225,2023-10-04 14:37:46,2,0,3,2023-10-4_RgbImage_2023-10-04_14-37-46.png,Poplar_31_GW-9914+Na_R1_I APPL 225,0.9792489238816253,3.282479021232575
Poplar,RGB2,31_GW-9914+Na_R1_I APPL 225,2023-10-04 14:37:10,2,0,3,2023-10-4_RgbImage_2023-10-04_14-37-10.png,Poplar_31_GW-9914+Na_R1_I APPL 225,0.9892421081757107,1.5268026259727776
Poplar,RGB1,63 93-968 R8,2023-11-23 10:03:16,2,0,3,2023-11-23_RgbImage_2023-11-23_10-03-16.png,Poplar_63 93-968 R8,0.9830611922759963,3.7157924799248576
Poplar,RGB2,63 93-968 R8,2023-11-23 10:02:42,2,0,3,2023-11-23_RgbImage_2023-11-23_10-02-42.png,Poplar_63 93-968 R8,0.9830507879033986,1.5230526151135564
Poplar,RGB1,1_GW-9588-C_R1_I APPL 398,2023-10-18 19:54:10,2,0,4,2023-10-18_RgbImage_2023-10-18_19-54-09.png,Poplar_1_GW-9588-C_R1_I APPL 398,0.9847888115304027,3.3815297936089337
Poplar,RGB2,1_GW-9588-C_R1_I APPL 398,2023-10-18 19:53:38,2,0,4,2023-10-18_RgbImage_2023-10-18_19-53-38.png,Poplar_1_GW-9588-C_R1_I APPL 398,0.9813002382421666,1.5138140269555151
Poplar,RGB1,48_BESC-4+K_R6_IV APPL 116,2023-10-13 11:32:02,2,0,4,2023-10-13_RgbImage_2023-10-13_11-32-02.png,Poplar_48_BESC-4+K_R6_IV APPL 116,0.9785063707559042,3.308843219652772
Poplar,RGB2,48_BESC-4+K_R6_IV APPL 116,2023-10-13 11:31:31,2,0,4,2023-10-13_RgbImage_2023-10-13_11-31-31.png,Poplar_48_BESC-4+K_R6_IV APPL 116,0.9862227734850932,1.526067425031215
Poplar,RGB1,49_BESC-4+Na_R1_I APPL 518,2023-10-11 10:22:39,2,0,4,2023-10-11_RgbImage_2023-10-11_10-22-38.png,Poplar_49_BESC-4+Na_R1_I APPL 518,0.9767917289647391,3.32679751701653
Poplar,RGB2,49_BESC-4+Na_R1_I APPL 518,2023-10-11 10:22:04,2,0,4,2023-10-11_RgbImage_2023-10-11_10-22-04.png,Poplar_49_BESC-4+Na_R1_I APPL 518,0.9907193136743808,1.5386479222215712
Poplar,RGB1,85_CHX20-KO54+Na_R1_I APPL 375,2023-09-16 14:21:02,2,1,0,2023-09-16_RgbImage_2023-09-16_14-21-02.png,Poplar_85_CHX20-KO54+Na_R1_I APPL 375,0.9836354840913019,3.340404494199902
Poplar,RGB2,85_CHX20-KO54+Na_R1_I APPL 375,2023-09-16 14:20:28,2,1,0,2023-09-16_RgbImage_2023-09-16_14-20-28.png,Poplar_85_CHX20-KO54+Na_R1_I APPL 375,0.9879528860352529,1.5231148628517985
Poplar,RGB1,BESC-6,2024-05-01 08:20:19,2,1,0,2024-05-1_RgbImage_2024-05-01_08-20-18.png,Poplar_BESC-6,0.9795820717367376,3.3716483991593122
Poplar,RGB2,BESC-6,2024-05-01 08:19:44,2,1,0,2024-05-1_RgbImage_2024-05-01_08-19-44.png,Poplar_BESC-6,0.9875114331475826,1.5041519678197801
Poplar,RGB1,LILB-26-3,2024-04-11 11:00:28,2,1,0,2024-04-11_RgbImage_2024-04-11_11-00-27.png,Poplar_LILB-26-3,0.9775045319132788,3.3809818061999977
Poplar,RGB2,LILB-26-3,2024-04-11 10:59:51,2,1,0,2024-04-11_RgbImage_2024-04-11_10-59-50.png,Poplar_LILB-26-3,0.9917635454604403,1.5375267420895398
Poplar,RGB1,106_BESC 375_R1_FS,2024-05-24 19:13:23,2,1,1,2024-05-24_RgbImage_2024-05-24_19-13-23.png,Poplar_106_BESC 375_R1_FS,0.9750910245693863,3.3860708991996944
Poplar,RGB2,106_BESC 375_R1_FS,2024-05-24 19:12:49,2,1,1,2024-05-24_RgbImage_2024-05-24_19-12-48.png,Poplar_106_BESC 375_R1_FS,0.9887236661300864,1.5181644619442523
Poplar,RGB1,80_CHX20-OE61+Na_R4_I APPL 497,2023-09-16 07:44:11,2,1,1,2023-09-16_RgbImage_2023-09-16_07-44-11.png,Poplar_80_CHX20-OE61+Na_R4_I APPL 497,0.9824845404666914,3.4064348321408033
Poplar,RGB2,80_CHX20-OE61+Na_R4_I APPL 497,2023-09-16 07:43:41,2,1,1,2023-09-16_RgbImage_2023-09-16_07-43-40.png,Poplar_80_CHX20-OE61+Na_R4_I APPL 497,0.9823874495142515,1.5162737667560577
Poplar,RGB1,GW-9781,2024-04-22 12:08:47,2,1,1,2024-04-22_RgbImage_2024-04-22_12-08-46.png,Poplar_GW-9781,0.9839103536386706,3.433092555962503
Poplar,RGB2,GW-9781,2024-04-22 12:08:10,2,1,1,2024-04-22_RgbImage_2024-04-22_12-08-10.png,Poplar_GW-9781,0.9906049473869198,1.4877788191661239
Poplar,RGB1,157_KLND-20-1_6,2024-05-28 19:41:39,2,1,2,2024-05-28_RgbImage_2024-05-28_19-41-38.png,Poplar_157_KLND-20-1_6,0.9703834808259989,3.4345945958048105
Poplar,RGB2,157_KLND-20-1_6,2024-05-28 19:41:05,2,1,2,2024-05-28_RgbImage_2024-05-28_19-41-04.png,Poplar_157_KLND-20-1_6,0.9873540330388008,1.538914694916457
Poplar,RGB1,BESC-361_16_11,2024-04-10 09:54:44,2,1,2,2024-04-10_RgbImage_2024-04-10_09-54-43.png,Poplar_BESC-361_16_11,0.9800917249391845,3.3935327674262226
Poplar,RGB2,BESC-361_16_11,2024-04-10 09:54:07,2,1,2,2024-04-10_RgbImage_2024-04-10_09-54-06.png,Poplar_BESC-361_16_11,0.9895851455041279,1.5385335851460695
Poplar,RGB1,BESC-74,2024-04-24 11:24:15,2,1,3,2024-04-24_RgbImage_2024-04-24_11-24-14.png,Poplar_BESC-74,0.989284500934934,3.408183667808771
Poplar,RGB2,BESC-74,2024-04-24 11:23:39,2,1,3,2024-04-24_RgbImage_2024-04-24_11-23-38.png,Poplar_BESC-74,0.9925076751577665,1.5353370108641684
Poplar,RGB1,GW-9763,2024-04-11 12:26:29,2,1,3,2024-04-11_RgbImage_2024-04-11_12-26-28.png,Poplar_GW-9763,0.9823333835335696,3.186716231983155
Poplar,RGB2,GW-9763,2024-04-11 12:25:53,2,1,3,2024-04-11_RgbImage_2024-04-11_12-25-53.png,Poplar_GW-9763,0.9883488016448525,1.5308071658946574
Poplar,RGB1,208_BESC-1145_5,2024-06-27 17:13:41,2,1,4,2024-06-27_RgbImage_2024-06-27_17-13-40.png,Poplar_208_BESC-1145_5,0.9824732098366987,3.498796657193452
Poplar,RGB2,208_BESC-1145_5,2024-06-27 17:13:03,2,1,4,2024-06-27_RgbImage_2024-06-27_17-13-03.png,Poplar_208_BESC-1145_5,0.9922463419390138,1.5233432427048683
Poplar,RGB1,41_BESC-4-C_R5_I APPL 219,2023-10-06 15:10:56,2,1,4,2023-10-6_RgbImage_2023-10-06_15-10-56.png,Poplar_41_BESC-4-C_R5_I APPL 219,0.9817925170632953,3.3823578571900725
Poplar,RGB2,41_BESC-4-C_R5_I APPL 219,2023-10-06 15:10:20,2,1,4,2023-10-6_RgbImage_2023-10-06_15-10-20.png,Poplar_41_BESC-4-C_R5_I APPL 219,0.9931337352219444,1.5386273320764303
Poplar,RGB1,71_YALE-27-3+Na_R5_I APPL 485,2023-10-13 10:57:17,2,1,4,2023-10-13_RgbImage_2023-10-13_10-57-16.png,Poplar_71_YALE-27-3+Na_R5_I APPL 485,0.9790714382240273,3.4180467361584306
Poplar,RGB2,71_YALE-27-3+Na_R5_I APPL 485,2023-10-13 10:56:46,2,1,4,2023-10-13_RgbImage_2023-10-13_10-56-45.png,Poplar_71_YALE-27-3+Na_R5_I APPL 485,0.9869822875801446,1.5149592710658908
Poplar,RGB1,155_BESC-304_7,2024-06-22 15:10:25,2,2,0,2024-06-22_RgbImage_2024-06-22_15-10-25.png,Poplar_155_BESC-304_7,0.9704005126997203,3.9695709459483624
Poplar,RGB2,155_BESC-304_7,2024-06-22 15:10:00,2,2,0,2024-06-22_RgbImage_2024-06-22_15-09-59.png,Poplar_155_BESC-304_7,0.9819221346062379,1.7762007797136903
Poplar,RGB1,BESC-1174,2024-04-15 12:08:48,2,2,0,2024-04-15_RgbImage_2024-04-15_12-08-48.png,Poplar_BESC-1174,0.9829931583822641,3.6653622738085687
Poplar,RGB2,BESC-1174,2024-04-15 12:08:16,2,2,0,2024-04-15_RgbImage_2024-04-15_12-08-16.png,Poplar_BESC-1174,0.9930767888619981,1.4543735473416746
Poplar,RGB1,24_GW10999_R4_FS,2024-05-20 14:18:52,2,2,1,2024-05-20_RgbImage_2024-05-20_14-18-51.png,Poplar_24_GW10999_R4_FS,0.9718194725293884,3.1509198979474604
Poplar,RGB2,24_GW10999_R4_FS,2024-05-20 14:18:20,2,2,1,2024-05-20_RgbImage_2024-05-20_14-18-20.png,Poplar_24_GW10999_R4_FS,0.9929395906615024,1.4142370782792568
Poplar,RGB1,286_BESC-1098_4,2024-06-12 15:48:09,2,2,1,2024-06-12_RgbImage_2024-06-12_15-48-09.png,Poplar_286_BESC-1098_4,0.9629376632120009,2.944339401088655
Poplar,RGB2,286_BESC-1098_4,2024-06-12 15:47:33,2,2,1,2024-06-12_RgbImage_2024-06-12_15-47-33.png,Poplar_286_BESC-1098_4,0.9897254996982991,1.4374891621991992
Poplar,RGB1,348_BESC-1231_5,2024-06-21 13:07:32,2,2,1,2024-06-21_RgbImage_2024-06-21_13-07-32.png,Poplar_348_BESC-1231_5,0.9804217989801198,3.1760254967957735
Poplar,RGB2,348_BESC-1231_5,2024-06-21 13:07:04,2,2,1,2024-06-21_RgbImage_2024-06-21_13-07-04.png,Poplar_348_BESC-1231_5,0.9948037627231489,1.4048387282527983
Poplar,RGB1,BESC-853,2024-04-16 12:52:19,2,2,1,2024-04-16_RgbImage_2024-04-16_12-52-19.png,Poplar_BESC-853,0.9787201378709507,3.181193026714027
Poplar,RGB2,BESC-853,2024-04-16 12:51:42,2,2,1,2024-04-16_RgbImage_2024-04-16_12-51-41.png,Poplar_BESC-853,0.9901980415996939,1.4166851360350847
Poplar,RGB1,140_BESC-44_8,2024-06-03 17:30:35,2,2,2,2024-06-3_RgbImage_2024-06-03_17-30-35.png,Poplar_140_BESC-44_8,0.9693123376117403,2.9612675569951534
Poplar,RGB2,140_BESC-44_8,2024-06-03 17:29:58,2,2,2,2024-06-3_RgbImage_2024-06-03_17-29-58.png,Poplar_140_BESC-44_8,0.9880370114256611,1.4471784718334675
Poplar,RGB1,151_GW-9806_6,2024-05-28 18:39:52,2,2,2,2024-05-28_RgbImage_2024-05-28_18-39-51.png,Poplar_151_GW-9806_6,0.9700389745842207,3.214210375212133
Poplar,RGB2,151_GW-9806_6,2024-05-28 18:39:15,2,2,2,2024-05-28_RgbImage_2024-05-28_18-39-14.png,Poplar_151_GW-9806_6,0.9917589116515276,1.4407784901559353
Poplar,RGB1,193_GW-10986_5,2024-06-27 15:34:04,2,2,2,2024-06-27_RgbImage_2024-06-27_15-34-03.png,Poplar_193_GW-10986_5,0.979745508188406,3.1445751101709902
Poplar,RGB2,193_GW-10986_5,2024-06-27 15:33:29,2,2,2,2024-06-27_RgbImage_2024-06-27_15-33-29.png,Poplar_193_GW-10986_5,0.990494075762901,1.4853142881765962
Poplar,RGB1,BESC-1006,2024-04-28 17:05:21,2,2,2,2024-04-28_RgbImage_2024-04-28_17-05-20.png,Poplar_BESC-1006,0.9846846223306861,3.21453130338341
Poplar,RGB2,BESC-1006,2024-04-28 17:04:44,2,2,2,2024-04-28_RgbImage_2024-04-28_17-04-44.png,Poplar_BESC-1006,0.9914435350526027,1.431743398308754
Poplar,RGB1,324_BESC-1166_4,2024-06-06 09:46:54,2,2,3,2024-06-6_RgbImage_2024-06-06_09-46-53.png,Poplar_324_BESC-1166_4,0.9728751901252835,3.033087352756411
Poplar,RGB2,324_BESC-1166_4,2024-06-06 09:46:15,2,2,3,2024-06-6_RgbImage_2024-06-06_09-46-15.png,Poplar_324_BESC-1166_4,0.9859684328683151,1.4575461535714567
Poplar,RGB1,455_BESC-284_2,2024-06-12 10:56:09,2,2,3,2024-06-12_RgbImage_2024-06-12_10-56-08.png,Poplar_455_BESC-284_2,0.9825836148021938,3.2609642357565463
Poplar,RGB2,455_BESC-284_2,2024-06-12 10:55:33,2,2,3,2024-06-12_RgbImage_2024-06-12_10-55-32.png,Poplar_455_BESC-284_2,0.9943987755440549,1.4588373568840325
Poplar,RGB1,GW-2551,2024-04-17 08:35:35,2,2,3,2024-04-17_RgbImage_2024-04-17_08-35-34.png,Poplar_GW-2551,0.9828993181488563,3.2211983180604875
Poplar,RGB2,GW-2551,2024-04-17 08:34:58,2,2,3,2024-04-17_RgbImage_2024-04-17_08-34-58.png,Poplar_GW-2551,0.9939289845991611,1.4534735237248242
Poplar,RGB1,344_BESC-1145_4,2024-06-26 09:01:40,2,2,4,2024-06-26_RgbImage_2024-06-26_09-01-39.png,Poplar_344_BESC-1145_4,0.9851757761847073,3.2137202280573547
Poplar,RGB2,344_BESC-1145_4,2024-06-26 09:01:04,2,2,4,2024-06-26_RgbImage_2024-06-26_09-01-03.png,Poplar_344_BESC-1145_4,0.9920721024987867,1.5164263127371669
Poplar,RGB1,70_YALE-27-3+Na_R4_I APPL 31,2023-10-11 11:11:08,2,2,4,2023-10-11_RgbImage_2023-10-11_11-11-07.png,Poplar_70_YALE-27-3+Na_R4_I APPL 31,0.9794175732320188,3.2155195297673345
Poplar,RGB2,70_YALE-27-3+Na_R4_I APPL 31,2023-10-11 11:10:35,2,2,4,2023-10-11_RgbImage_2023-10-11_11-10-35.png,Poplar_70_YALE-27-3+Na_R4_I APPL 31,0.9824486182137829,1.5042224288918078
Poplar,RGB1,GW-4530,2024-04-23 12:55:57,2,2,4,2024-04-23_RgbImage_2024-04-23_12-55-57.png,Poplar_GW-4530,0.985937640505283,3.220008858013898
Poplar,RGB2,GW-4530,2024-04-23 12:55:22,2,2,4,2024-04-23_RgbImage_2024-04-23_12-55-21.png,Poplar_GW-4530,0.9934409019188238,1.4771105661056936
Poplar,RGB1,35_BESC 375_R6_PM,2024-05-24 15:34:15,2,3,0,2024-05-24_RgbImage_2024-05-24_15-34-15.png,Poplar_35_BESC 375_R6_PM,0.9701201835215055,3.225291946902871
Poplar,RGB2,35_BESC 375_R6_PM,2024-05-24 15:33:40,2,3,0,2024-05-24_RgbImage_2024-05-24_15-33-40.png,Poplar_35_BESC 375_R6_PM,0.989034969019311,1.429625682067126
Poplar,RGB1,GW-9907,2024-05-08 08:50:16,2,3,0,2024-05-8_RgbImage_2024-05-08_08-50-15.png,Poplar_GW-9907,0.9812100977823879,3.2061706529930234
Poplar,RGB2,GW-9907,2024-05-08 08:49:39,2,3,0,2024-05-8_RgbImage_2024-05-08_08-49-38.png,Poplar_GW-9907,0.9928487532797313,1.4876193851232529
Poplar,RGB1,251_CHWK-27-4_8,2024-06-21 14:57:13,2,3,1,2024-06-21_RgbImage_2024-06-21_14-57-12.png,Poplar_251_CHWK-27-4_8,0.97482067507536,3.198325810022652
Poplar,RGB2,251_CHWK-27-4_8,2024-06-21 14:56:46,2,3,1,2024-06-21_RgbImage_2024-06-21_14-56-46.png,Poplar_251_CHWK-27-4_8,0.992249729205386,1.448283108882606
Poplar,RGB1,CHWH-27-3,2024-04-16 14:53:53,2,3,1,2024-04-16_RgbImage_2024-04-16_14-53-52.png,Poplar_CHWH-27-3,0.9851789401659395,3.190422276034951
Poplar,RGB2,CHWH-27-3,2024-04-16 14:53:20,2,3,1,2024-04-16_RgbImage_2024-04-16_14-53-19.png,Poplar_CHWH-27-3,0.9932602864425906,1.4648121930658817
Poplar,RGB1,GW-7996,2024-04-17 13:28:13,2,3,1,2024-04-17_RgbImage_2024-04-17_13-28-13.png,Poplar_GW-7996,0.9829444721758622,3.2787034758366644
Poplar,RGB2,GW-7996,2024-04-17 13:27:38,2,3,1,2024-04-17_RgbImage_2024-04-17_13-27-38.png,Poplar_GW-7996,0.9924948847619295,1.6790160536766052
Poplar,RGB1,198_BESC-117_3,2024-06-08 14:38:57,2,3,2,2024-06-8_RgbImage_2024-06-08_14-38-56.png,Poplar_198_BESC-117_3,0.9798686102574442,3.016786149237305
Poplar,RGB2,198_BESC-117_3,2024-06-08 14:38:20,2,3,2,2024-06-8_RgbImage_2024-06-08_14-38-20.png,Poplar_198_BESC-117_3,0.9947186868428024,1.5517752799205482
Poplar,RGB1,BESC-107,2024-04-09 14:30:44,2,3,2,2024-04-9_RgbImage_2024-04-09_14-30-43.png,Poplar_BESC-107,0.9859172256952318,3.2272103438153863
Poplar,RGB2,BESC-107,2024-04-09 14:30:09,2,3,2,2024-04-9_RgbImage_2024-04-09_14-30-08.png,Poplar_BESC-107,0.9928166879039646,1.4461855441331863
Poplar,RGB1,BESC-48,2024-04-10 09:33:18,2,3,2,2024-04-10_RgbImage_2024-04-10_09-33-18.png,Poplar_BESC-48,0.9719828687662037,3.188853790052235
Poplar,RGB2,BESC-48,2024-04-10 09:32:42,2,3,2,2024-04-10_RgbImage_2024-04-10_09-32-41.png,Poplar_BESC-48,0.988654678549235,1.4627881348133087
Poplar,RGB1,311_BESC-847_1,2024-05-29 12:26:39,2,3,3,2024-05-29_RgbImage_2024-05-29_12-26-39.png,Poplar_311_BESC-847_1,0.977754228783864,3.128172254189849
Poplar,RGB2,311_BESC-847_1,2024-05-29 12:26:02,2,3,3,2024-05-29_RgbImage_2024-05-29_12-26-01.png,Poplar_311_BESC-847_1,0.9943273091339594,1.4473879169672728
Poplar,RGB1,400_BESC-1145_1,2024-05-29 10:50:47,2,3,3,2024-05-29_RgbImage_2024-05-29_10-50-46.png,Poplar_400_BESC-1145_1,0.980307634553731,3.1448172060772777
Poplar,RGB2,400_BESC-1145_1,2024-05-29 10:50:08,2,3,3,2024-05-29_RgbImage_2024-05-29_10-50-08.png,Poplar_400_BESC-1145_1,0.9908268631458353,1.5050794491544366
Poplar,RGB1,GW-8585,2024-05-02 13:31:37,2,3,3,2024-05-2_RgbImage_2024-05-02_13-31-36.png,Poplar_GW-8585,0.9781368690353773,3.2385050477460027
Poplar,RGB2,GW-8585,2024-05-02 13:30:59,2,3,3,2024-05-2_RgbImage_2024-05-02_13-30-59.png,Poplar_GW-8585,0.987189180039824,1.4627213291823864
Poplar,RGB1,43_BESC-1098_8,2024-06-15 15:47:08,2,3,4,2024-06-15_RgbImage_2024-06-15_15-47-08.png,Poplar_43_BESC-1098_8,0.9796029194100072,3.2549471873790026
Poplar,RGB2,43_BESC-1098_8,2024-06-15 15:46:34,2,3,4,2024-06-15_RgbImage_2024-06-15_15-46-34.png,Poplar_43_BESC-1098_8,0.9926796696144046,1.461928078904748
Poplar,RGB1,54 52-225 R4,2023-11-25 09:02:39,2,3,4,2023-11-25_RgbImage_2023-11-25_09-02-38.png,Poplar_54 52-225 R4,0.976763029420064,3.1660700999200344
Poplar,RGB2,54 52-225 R4,2023-11-25 09:02:00,2,3,4,2023-11-25_RgbImage_2023-11-25_09-02-00.png,Poplar_54 52-225 R4,0.9884989580051485,1.4474141257815063
Poplar,RGB1,BESC-309,2024-04-02 13:42:22,2,3,4,2024-04-2_RgbImage_2024-04-02_13-42-22.png,Poplar_BESC-309,0.9826179715641988,3.6853691274300218
Poplar,RGB2,BESC-309,2024-04-02 13:41:45,2,3,4,2024-04-2_RgbImage_2024-04-02_13-41-45.png,Poplar_BESC-309,0.990358331495004,1.4682861100882292
Poplar,RGB1,282_SLMB-28-4_2,2024-06-16 13:48:27,2,4,0,2024-06-16_RgbImage_2024-06-16_13-48-27.png,Poplar_282_SLMB-28-4_2,0.9605278700066773,2.958592095412314
Poplar,RGB2,282_SLMB-28-4_2,2024-06-16 13:47:53,2,4,0,2024-06-16_RgbImage_2024-06-16_13-47-52.png,Poplar_282_SLMB-28-4_2,0.9927162842284348,1.4825070779770613
Poplar,RGB1,464_LILC-26-2_8,2024-05-30 09:35:20,2,4,0,2024-05-30_RgbImage_2024-05-30_09-35-20.png,Poplar_464_LILC-26-2_8,0.94048899160715,3.2591155068948865
Poplar,RGB2,464_LILC-26-2_8,2024-05-30 09:34:41,2,4,0,2024-05-30_RgbImage_2024-05-30_09-34-40.png,Poplar_464_LILC-26-2_8,0.9803867658293737,1.4302851487882435
Poplar,RGB1,CA-01-03,2024-05-08 10:44:34,2,4,0,2024-05-8_RgbImage_2024-05-08_10-44-33.png,Poplar_CA-01-03,0.9786143989690499,3.1154612191021442
Poplar,RGB2,CA-01-03,2024-05-08 10:43:56,2,4,0,2024-05-8_RgbImage_2024-05-08_10-43-55.png,Poplar_CA-01-03,0.9881183081809731,1.4022589470259845
Poplar,RGB1,HOPF-27-3,2024-04-19 19:56:00,2,4,0,2024-04-19_RgbImage_2024-04-19_19-56-00.png,Poplar_HOPF-27-3,0.9708779462075074,2.916846042033285
Poplar,RGB2,HOPF-27-3,2024-04-19 19:55:27,2,4,0,2024-04-19_RgbImage_2024-04-19_19-55-26.png,Poplar_HOPF-27-3,0.9896896629034783,1.4848249210044742
Poplar,RGB1,150_BESC-1103_3,2024-06-14 13:53:10,2,4,1,2024-06-14_RgbImage_2024-06-14_13-53-10.png,Poplar_150_BESC-1103_3,0.9634505559194323,3.1706411112099886
Poplar,RGB2,150_BESC-1103_3,2024-06-14 13:52:33,2,4,1,2024-06-14_RgbImage_2024-06-14_13-52-32.png,Poplar_150_BESC-1103_3,0.9898921055935603,1.4842390338890254
Poplar,RGB1,258_BESC-1207_6,2024-06-26 12:40:56,2,4,1,2024-06-26_RgbImage_2024-06-26_12-40-56.png,Poplar_258_BESC-1207_6,0.9727606796877685,3.2220718460157514
Poplar,RGB2,258_BESC-1207_6,2024-06-26 12:40:21,2,4,1,2024-06-26_RgbImage_2024-06-26_12-40-20.png,Poplar_258_BESC-1207_6,0.9876873423905889,1.4546239580959082
Poplar,RGB1,BESC-209,2024-05-02 13:09:59,2,4,1,2024-05-2_RgbImage_2024-05-02_13-09-58.png,Poplar_BESC-209,0.9753371636635653,3.1627195132896304
Poplar,RGB2,BESC-209,2024-05-02 13:09:22,2,4,1,2024-05-2_RgbImage_2024-05-02_13-09-21.png,Poplar_BESC-209,0.9929413420817462,1.3983175251632929
Poplar,RGB1,105_LILC-26-2_1,2024-05-26 18:18:42,2,4,2,2024-05-26_RgbImage_2024-05-26_18-18-41.png,Poplar_105_LILC-26-2_1,0.9804584026239764,3.1088245301507413
Poplar,RGB2,105_LILC-26-2_1,2024-05-26 18:18:07,2,4,2,2024-05-26_RgbImage_2024-05-26_18-18-06.png,Poplar_105_LILC-26-2_1,0.9721603754826933,1.4946926780976355
Poplar,RGB1,SQMC-25-4,2024-05-02 12:41:20,2,4,2,2024-05-2_RgbImage_2024-05-02_12-41-19.png,Poplar_SQMC-25-4,0.957526054719323,3.176399900112301
Poplar,RGB2,SQMC-25-4,2024-05-02 12:40:43,2,4,2,2024-05-2_RgbImage_2024-05-02_12-40-42.png,Poplar_SQMC-25-4,0.98884373472126,1.4458921570330858
Poplar,RGB1,109_BESC-14_4,2024-06-26 16:41:20,2,4,3,2024-06-26_RgbImage_2024-06-26_16-41-20.png,Poplar_109_BESC-14_4,0.9730856270249101,3.2176147480495274
Poplar,RGB2,109_BESC-14_4,2024-06-26 16:40:45,2,4,3,2024-06-26_RgbImage_2024-06-26_16-40-44.png,Poplar_109_BESC-14_4,0.9918905560436021,1.4838900920003653
Poplar,RGB1,131_BESC-1096_1,2024-06-30 20:05:41,2,4,3,2024-06-30_RgbImage_2024-06-30_20-05-40.png,Poplar_131_BESC-1096_1,0.9792698364806616,3.1640763776376843
Poplar,RGB2,131_BESC-1096_1,2024-06-30 20:05:04,2,4,3,2024-06-30_RgbImage_2024-06-30_20-05-03.png,Poplar_131_BESC-1096_1,0.9892181768793112,1.4349952940829098
Poplar,RGB1,426_GW-9851_1,2024-06-01 07:16:45,2,4,3,2024-06-1_RgbImage_2024-06-01_07-16-44.png,Poplar_426_GW-9851_1,0.9792063462580151,2.937406555749476
Poplar,RGB2,426_GW-9851_1,2024-06-01 07:16:08,2,4,3,2024-06-1_RgbImage_2024-06-01_07-16-07.png,Poplar_426_GW-9851_1,0.9913179844996535,1.531880692113191
Poplar,RGB1,432_BESC-1166_7,2024-06-21 11:51:02,2,4,3,2024-06-21_RgbImage_2024-06-21_11-51-02.png,Poplar_432_BESC-1166_7,0.9794798317497312,3.201416859868914
Poplar,RGB2,432_BESC-1166_7,2024-06-21 11:50:33,2,4,3,2024-06-21_RgbImage_2024-06-21_11-50-33.png,Poplar_432_BESC-1166_7,0.9913742892802724,1.4508280400186777
Poplar,RGB1,211_BESC-56_7,2024-06-07 12:24:28,2,4,4,2024-06-7_RgbImage_2024-06-07_12-24-28.png,Poplar_211_BESC-56_7,0.9893912990308608,3.204293027985841
Poplar,RGB2,211_BESC-56_7,2024-06-07 12:23:49,2,4,4,2024-06-7_RgbImage_2024-06-07_12-23-49.png,Poplar_211_BESC-56_7,0.9878892198596305,1.4610288073308766
Poplar,RGB1,374_BESC-321_5,2024-05-26 13:01:32,2,4,4,2024-05-26_RgbImage_2024-05-26_13-01-31.png,Poplar_374_BESC-321_5,0.9675189998260736,3.219378611072898
Poplar,RGB2,374_BESC-321_5,2024-05-26 13:00:49,2,4,4,2024-05-26_RgbImage_2024-05-26_13-00-49.png,Poplar_374_BESC-321_5,0.930126322276142,1.4631443279795349
Poplar,RGB1,BESC-1091,2024-05-09 08:43:16,2,4,4,2024-05-9_RgbImage_2024-05-09_08-43-16.png,Poplar_BESC-1091,0.9749028296224401,3.498065244872123
Poplar,RGB2,BESC-1091,2024-05-09 08:42:38,2,4,4,2024-05-9_RgbImage_2024-05-09_08-42-37.png,Poplar_BESC-1091,0.981303479923284,1.498971447814256
Poplar,RGB1,BESC-1226,2024-04-11 17:07:11,2,4,4,2024-04-11_RgbImage_2024-04-11_17-07-10.png,Poplar_BESC-1226,0.9827326817242321,3.1280793538317084
Poplar,RGB2,BESC-1226,2024-04-11 17:06:33,2,4,4,2024-04-11_RgbImage_2024-04-11_17-06-33.png,Poplar_BESC-1226,0.9882922054102292,1.5075088301673532
Poplar,RGB1,88_CHX20-KO54+Na_R4_I APPL 45,2023-10-27 17:56:12,3,0,0,2023-10-27_RgbImage_2023-10-27_17-56-11.png,Poplar_88_CHX20-KO54+Na_R4_I APPL 45,0.9872876047967214,3.3699348089285195
Poplar,RGB1,88_CHX20-KO54+Na_R4_I APPL 45,2023-11-01 17:50:21,3,0,0,2023-11-1_RgbImage_2023-11-01_17-50-20.png,Poplar_88_CHX20-KO54+Na_R4_I APPL 45,0.9911844582693453,4.009476698935032
Poplar,RGB2,88_CHX20-KO54+Na_R4_I APPL 45,2023-10-27 17:55:42,3,0,0,2023-10-27_RgbImage_2023-10-27_17-55-41.png,Poplar_88_CHX20-KO54+Na_R4_I APPL 45,0.9886156098000191,1.5892183440737426
Poplar,RGB2,88_CHX20-KO54+Na_R4_I APPL 45,2023-11-01 17:49:50,3,0,0,2023-11-1_RgbImage_2023-11-01_17-49-50.png,Poplar_88_CHX20-KO54+Na_R4_I APPL 45,0.9915132013675443,1.5509086400270462
Poplar,RGB1,BESC-426,2024-04-24 15:44:13,3,0,0,2024-04-24_RgbImage_2024-04-24_15-44-13.png,Poplar_BESC-426,0.9780553413565826,4.201968217268586
Poplar,RGB2,BESC-426,2024-04-24 15:43:44,3,0,0,2024-04-24_RgbImage_2024-04-24_15-43-44.png,Poplar_BESC-426,0.9904054038972959,1.5000268127769232
Poplar,RGB1,74_WT717+Na_R2_I APPL 28,2023-11-01 15:36:15,3,0,1,2023-11-1_RgbImage_2023-11-01_15-36-15.png,Poplar_74_WT717+Na_R2_I APPL 28,0.9893687973682936,3.6013666139915586
Poplar,RGB2,74_WT717+Na_R2_I APPL 28,2023-11-01 15:35:51,3,0,1,2023-11-1_RgbImage_2023-11-01_15-35-50.png,Poplar_74_WT717+Na_R2_I APPL 28,0.992373569928253,1.4700315590016544
Poplar,RGB1,92_CHX20-KO107+Na_R4_I APPL 351,2023-11-01 20:57:51,3,0,1,2023-11-1_RgbImage_2023-11-01_20-57-50.png,Poplar_92_CHX20-KO107+Na_R4_I APPL 351,0.9877729822309984,4.133584768045694
Poplar,RGB2,92_CHX20-KO107+Na_R4_I APPL 351,2023-11-01 20:57:23,3,0,1,2023-11-1_RgbImage_2023-11-01_20-57-22.png,Poplar_92_CHX20-KO107+Na_R4_I APPL 351,0.9910120468567338,1.4581421092152596
Poplar,RGB1,2_GW-9588-C_R2_I APPL 213,2023-10-13 15:47:33,3,0,2,2023-10-13_RgbImage_2023-10-13_15-47-32.png,Poplar_2_GW-9588-C_R2_I APPL 213,0.9822793412880665,3.50300848018378
Poplar,RGB2,2_GW-9588-C_R2_I APPL 213,2023-10-13 15:47:01,3,0,2,2023-10-13_RgbImage_2023-10-13_15-47-00.png,Poplar_2_GW-9588-C_R2_I APPL 213,0.9850055988320126,1.4517594003118575
Poplar,RGB1,45_BESC-4+K_R3_IV APPL 113,2023-11-01 19:23:59,3,0,2,2023-11-1_RgbImage_2023-11-01_19-23-59.png,Poplar_45_BESC-4+K_R3_IV APPL 113,0.9800898584420455,4.485387188382447
Poplar,RGB2,45_BESC-4+K_R3_IV APPL 113,2023-11-01 19:23:32,3,0,2,2023-11-1_RgbImage_2023-11-01_19-23-32.png,Poplar_45_BESC-4+K_R3_IV APPL 113,0.9875801713334891,1.4727209038101137
Poplar,RGB1,59_52-225_R5_PM,2024-05-31 13:40:51,3,0,2,2024-05-31_RgbImage_2024-05-31_13-40-50.png,Poplar_59_52-225_R5_PM,0.983013905399572,4.061820988543332
Poplar,RGB2,59_52-225_R5_PM,2024-05-31 13:40:21,3,0,2,2024-05-31_RgbImage_2024-05-31_13-40-21.png,Poplar_59_52-225_R5_PM,0.9908381957337857,1.5000264416448772
Poplar,RGB1,BESC-345,2024-04-24 15:02:25,3,0,2,2024-04-24_RgbImage_2024-04-24_15-02-24.png,Poplar_BESC-345,0.9864657079034538,4.350922334007919
Poplar,RGB2,BESC-345,2024-04-24 15:01:57,3,0,2,2024-04-24_RgbImage_2024-04-24_15-01-57.png,Poplar_BESC-345,0.9872989715890083,1.4584584874100983
Poplar,RGB1,3_GW-9588-C_R3_I APPL 412,2023-11-10 13:20:24,3,0,3,2023-11-10_RgbImage_2023-11-10_13-20-23.png,Poplar_3_GW-9588-C_R3_I APPL 412,0.9828867599757807,4.465725371148437
Poplar,RGB2,3_GW-9588-C_R3_I APPL 412,2023-11-10 13:19:56,3,0,3,2023-11-10_RgbImage_2023-11-10_13-19-56.png,Poplar_3_GW-9588-C_R3_I APPL 412,0.9885651884777156,1.4624200267717242
Poplar,RGB1,45_BESC-4+K_R3_IV APPL 113,2023-10-23 23:39:27,3,0,3,2023-10-23_RgbImage_2023-10-23_23-39-27.png,Poplar_45_BESC-4+K_R3_IV APPL 113,0.9780537568461035,4.458393445238471
Poplar,RGB2,45_BESC-4+K_R3_IV APPL 113,2023-10-23 23:38:57,3,0,3,2023-10-23_RgbImage_2023-10-23_23-38-57.png,Poplar_45_BESC-4+K_R3_IV APPL 113,0.985289309496676,1.4752354081720114
Poplar,RGB1,46_BESC-4+K_R4_IV APPL 114,2023-10-20 21:44:11,3,0,3,2023-10-20_RgbImage_2023-10-20_21-44-10.png,Poplar_46_BESC-4+K_R4_IV APPL 114,0.9816841884335306,4.44884768826887
Poplar,RGB2,46_BESC-4+K_R4_IV APPL 114,2023-10-20 21:43:43,3,0,3,2023-10-20_RgbImage_2023-10-20_21-43-43.png,Poplar_46_BESC-4+K_R4_IV APPL 114,0.9896584977770607,1.4354466958902776
Poplar,RGB1,63 93-968 R8,2023-11-25 10:03:04,3,0,3,2023-11-25_RgbImage_2023-11-25_10-03-03.png,Poplar_63 93-968 R8,0.9792034063515197,4.511802571825683
Poplar,RGB2,63 93-968 R8,2023-11-25 10:02:30,3,0,3,2023-11-25_RgbImage_2023-11-25_10-02-30.png,Poplar_63 93-968 R8,0.985952596142406,1.5062902048230171
Poplar,RGB1,18_GW-9588+Na_R6_I APPL 92,2023-10-18 16:01:19,3,0,4,2023-10-18_RgbImage_2023-10-18_16-01-18.png,Poplar_18_GW-9588+Na_R6_I APPL 92,0.985667315034944,4.601429756730795
Poplar,RGB2,18_GW-9588+Na_R6_I APPL 92,2023-10-18 16:00:47,3,0,4,2023-10-18_RgbImage_2023-10-18_16-00-47.png,Poplar_18_GW-9588+Na_R6_I APPL 92,0.9899282072762232,1.466617082245648
Poplar,RGB1,9_GW-9588+K_R3_IV APPL 102,2023-10-25 14:35:57,3,0,4,2023-10-25_RgbImage_2023-10-25_14-35-56.png,Poplar_9_GW-9588+K_R3_IV APPL 102,0.9849587960277584,4.739551191683859
Poplar,RGB1,9_GW-9588+K_R3_IV APPL 102,2023-10-18 14:53:00,3,0,4,2023-10-18_RgbImage_2023-10-18_14-53-00.png,Poplar_9_GW-9588+K_R3_IV APPL 102,0.9832542717317756,4.596937480848283
Poplar,RGB2,9_GW-9588+K_R3_IV APPL 102,2023-10-25 14:35:29,3,0,4,2023-10-25_RgbImage_2023-10-25_14-35-29.png,Poplar_9_GW-9588+K_R3_IV APPL 102,0.9880821385931591,1.516381976660341
Poplar,RGB2,9_GW-9588+K_R3_IV APPL 102,2023-10-18 14:52:30,3,0,4,2023-10-18_RgbImage_2023-10-18_14-52-30.png,Poplar_9_GW-9588+K_R3_IV APPL 102,0.9887821536008817,1.5574441561475396
Poplar,RGB1,BESC-426,2024-04-28 10:06:25,3,1,0,2024-04-28_RgbImage_2024-04-28_10-06-25.png,Poplar_BESC-426,0.9798952158455685,5.0248526320792735
Poplar,RGB2,BESC-426,2024-04-28 10:05:57,3,1,0,2024-04-28_RgbImage_2024-04-28_10-05-57.png,Poplar_BESC-426,0.9844239713546724,1.5102694178931415
Poplar,RGB1,BLCG-28-3,2024-04-16 09:39:42,3,1,0,2024-04-16_RgbImage_2024-04-16_09-39-42.png,Poplar_BLCG-28-3,0.9808747807747018,5.052280240692198
Poplar,RGB2,BLCG-28-3,2024-04-16 09:39:10,3,1,0,2024-04-16_RgbImage_2024-04-16_09-39-09.png,Poplar_BLCG-28-3,0.9944412773405581,1.6964170509018004
Poplar,RGB1,DEND-17-2,2024-04-19 20:52:13,3,1,0,2024-04-19_RgbImage_2024-04-19_20-52-13.png,Poplar_DEND-17-2,0.9709924264005455,5.424164890311658
Poplar,RGB2,DEND-17-2,2024-04-19 20:51:44,3,1,0,2024-04-19_RgbImage_2024-04-19_20-51-43.png,Poplar_DEND-17-2,0.9877404369412329,1.4879033090546727
Poplar,RGB1,71_GW10999_R5_PM,2024-05-24 10:22:05,3,1,1,2024-05-24_RgbImage_2024-05-24_10-22-05.png,Poplar_71_GW10999_R5_PM,0.973615539974149,4.908532083965838
Poplar,RGB2,71_GW10999_R5_PM,2024-05-24 10:21:37,3,1,1,2024-05-24_RgbImage_2024-05-24_10-21-37.png,Poplar_71_GW10999_R5_PM,0.994084447431772,1.681587372906506
Poplar,RGB1,GW-9848,2024-04-19 18:30:58,3,1,1,2024-04-19_RgbImage_2024-04-19_18-30-57.png,Poplar_GW-9848,0.9658764629755823,5.7515496402047575
Poplar,RGB2,GW-9848,2024-04-19 18:30:23,3,1,1,2024-04-19_RgbImage_2024-04-19_18-30-23.png,Poplar_GW-9848,0.9919342673478835,1.5453260717913508
Poplar,RGB1,113_BESC-45_5,2024-06-08 16:40:42,3,1,2,2024-06-8_RgbImage_2024-06-08_16-40-42.png,Poplar_113_BESC-45_5,0.9837866710040176,5.419157281983644
Poplar,RGB2,113_BESC-45_5,2024-06-08 16:40:11,3,1,2,2024-06-8_RgbImage_2024-06-08_16-40-11.png,Poplar_113_BESC-45_5,0.9948708479602701,1.5142486416734755
Poplar,RGB1,319_CHWH-27-4_5,2024-06-30 11:14:32,3,1,2,2024-06-30_RgbImage_2024-06-30_11-14-31.png,Poplar_319_CHWH-27-4_5,0.9784810696200803,4.806905570905656
Poplar,RGB2,319_CHWH-27-4_5,2024-06-30 11:14:03,3,1,2,2024-06-30_RgbImage_2024-06-30_11-14-02.png,Poplar_319_CHWH-27-4_5,0.9925535208775695,1.5283627482131124
Poplar,RGB1,80_BESC 371_R2_FS,2024-05-31 11:27:35,3,1,2,2024-05-31_RgbImage_2024-05-31_11-27-34.png,Poplar_80_BESC 371_R2_FS,0.9836968305390343,4.8780108648352325
Poplar,RGB2,80_BESC 371_R2_FS,2024-05-31 11:27:05,3,1,2,2024-05-31_RgbImage_2024-05-31_11-27-04.png,Poplar_80_BESC 371_R2_FS,0.9911666325528551,1.5250833882018924
Poplar,RGB1,23_GW-9914-C_R5_I APPL 235,2023-10-27 16:28:36,3,1,3,2023-10-27_RgbImage_2023-10-27_16-28-35.png,Poplar_23_GW-9914-C_R5_I APPL 235,0.979559449553735,4.908704849891365
Poplar,RGB2,23_GW-9914-C_R5_I APPL 235,2023-10-27 16:28:07,3,1,3,2023-10-27_RgbImage_2023-10-27_16-28-06.png,Poplar_23_GW-9914-C_R5_I APPL 235,0.9888129673000665,1.5650856331922114
Poplar,RGB1,37_BESC-4-C_R1_I APPL 226,2023-10-11 13:43:46,3,1,3,2023-10-11_RgbImage_2023-10-11_13-43-46.png,Poplar_37_BESC-4-C_R1_I APPL 226,0.9804564946452899,4.678176342044026
Poplar,RGB2,37_BESC-4-C_R1_I APPL 226,2023-10-11 13:43:14,3,1,3,2023-10-11_RgbImage_2023-10-11_13-43-13.png,Poplar_37_BESC-4-C_R1_I APPL 226,0.9901804895091257,1.4775246437638998
Poplar,RGB1,5_GW-9588-C_R5_I APPL 224,2023-10-11 12:27:37,3,1,3,2023-10-11_RgbImage_2023-10-11_12-27-37.png,Poplar_5_GW-9588-C_R5_I APPL 224,0.9850733033231721,4.922276069875807
Poplar,RGB2,5_GW-9588-C_R5_I APPL 224,2023-10-11 12:27:03,3,1,3,2023-10-11_RgbImage_2023-10-11_12-27-02.png,Poplar_5_GW-9588-C_R5_I APPL 224,0.9820180805627718,1.5272237951867282
Poplar,RGB1,18_GW-9588+Na_R6_I APPL 92,2023-10-20 16:30:25,3,1,4,2023-10-20_RgbImage_2023-10-20_16-30-24.png,Poplar_18_GW-9588+Na_R6_I APPL 92,0.9888634005452334,4.811001574154943
Poplar,RGB2,18_GW-9588+Na_R6_I APPL 92,2023-10-20 16:29:54,3,1,4,2023-10-20_RgbImage_2023-10-20_16-29-53.png,Poplar_18_GW-9588+Na_R6_I APPL 92,0.9904323834756791,1.5357745219953358
Poplar,RGB1,27_GW-9914+K_R3_IV APPL 108,2023-10-23 18:07:42,3,1,4,2023-10-23_RgbImage_2023-10-23_18-07-42.png,Poplar_27_GW-9914+K_R3_IV APPL 108,0.9770232998665029,5.05371235543862
Poplar,RGB2,27_GW-9914+K_R3_IV APPL 108,2023-10-23 18:07:15,3,1,4,2023-10-23_RgbImage_2023-10-23_18-07-15.png,Poplar_27_GW-9914+K_R3_IV APPL 108,0.9885279144307894,1.473673631902784
Poplar,RGB1,63_YALE-27-3+K_R3_IV APPL 119,2023-10-23 18:14:28,3,1,4,2023-10-23_RgbImage_2023-10-23_18-14-28.png,Poplar_63_YALE-27-3+K_R3_IV APPL 119,0.9799935961767183,5.0079593462869525
Poplar,RGB2,63_YALE-27-3+K_R3_IV APPL 119,2023-10-23 18:14:00,3,1,4,2023-10-23_RgbImage_2023-10-23_18-14-00.png,Poplar_63_YALE-27-3+K_R3_IV APPL 119,0.9874500409702811,1.5158861870877445
Poplar,RGB1,129_GW-9851_2,2024-06-30 20:45:26,3,2,0,2024-06-30_RgbImage_2024-06-30_20-45-26.png,Poplar_129_GW-9851_2,0.9818000886429379,4.735443570185453
Poplar,RGB2,129_GW-9851_2,2024-06-30 20:44:58,3,2,0,2024-06-30_RgbImage_2024-06-30_20-44-58.png,Poplar_129_GW-9851_2,0.9932602705036405,1.5430933102034032
Poplar,RGB1,326_BESC-45_8,2024-06-22 11:46:01,3,2,0,2024-06-22_RgbImage_2024-06-22_11-46-01.png,Poplar_326_BESC-45_8,0.9737617294436459,5.000843450892717
Poplar,RGB2,326_BESC-45_8,2024-06-22 11:45:38,3,2,0,2024-06-22_RgbImage_2024-06-22_11-45-37.png,Poplar_326_BESC-45_8,0.9926554608284204,1.4723028298467398
Poplar,RGB1,GW-1984,2024-04-20 07:41:41,3,2,0,2024-04-20_RgbImage_2024-04-20_07-41-41.png,Poplar_GW-1984,0.9783472233040128,4.957675438839942
Poplar,RGB2,GW-1984,2024-04-20 07:41:08,3,2,0,2024-04-20_RgbImage_2024-04-20_07-41-07.png,Poplar_GW-1984,0.9914464340117388,1.5144725441932678
Poplar,RGB1,BESC-81,2024-04-18 14:37:45,3,2,1,2024-04-18_RgbImage_2024-04-18_14-37-45.png,Poplar_BESC-81,0.9694533033288213,4.982001975178719
Poplar,RGB2,BESC-81,2024-04-18 14:37:12,3,2,1,2024-04-18_RgbImage_2024-04-18_14-37-11.png,Poplar_BESC-81,0.9911054014827648,1.4895890760235488
Poplar,RGB1,GW-552,2024-04-24 12:34:48,3,2,1,2024-04-24_RgbImage_2024-04-24_12-34-47.png,Poplar_GW-552,0.9772866841285625,4.916957010049373
Poplar,RGB2,GW-552,2024-04-24 12:34:15,3,2,1,2024-04-24_RgbImage_2024-04-24_12-34-15.png,Poplar_GW-552,0.9889462875229748,1.4909039102494717
Poplar,RGB1,292_BESC-1142_2,2024-06-26 11:21:16,3,2,2,2024-06-26_RgbImage_2024-06-26_11-21-15.png,Poplar_292_BESC-1142_2,0.9843469451150686,5.129011876881123
Poplar,RGB2,292_BESC-1142_2,2024-06-26 11:20:46,3,2,2,2024-06-26_RgbImage_2024-06-26_11-20-45.png,Poplar_292_BESC-1142_2,0.993837586968993,1.4972861181013286
Poplar,RGB1,76_BESC-45_2,2024-06-10 17:05:46,3,2,2,2024-06-10_RgbImage_2024-06-10_17-05-46.png,Poplar_76_BESC-45_2,0.9781724205422119,5.036750252358615
Poplar,RGB2,76_BESC-45_2,2024-06-10 17:05:16,3,2,2,2024-06-10_RgbImage_2024-06-10_17-05-16.png,Poplar_76_BESC-45_2,0.9940644590175808,1.46798924356699
Poplar,RGB1,25_GW-9919_3,2024-06-16 19:44:47,3,2,3,2024-06-16_RgbImage_2024-06-16_19-44-46.png,Poplar_25_GW-9919_3,0.9775946012909809,4.5634053740650415
Poplar,RGB2,25_GW-9919_3,2024-06-16 19:44:18,3,2,3,2024-06-16_RgbImage_2024-06-16_19-44-17.png,Poplar_25_GW-9919_3,0.99471363869404,1.6169298668392003
Poplar,RGB1,407_BESC-1017_8,2024-06-14 07:29:52,3,2,3,2024-06-14_RgbImage_2024-06-14_07-29-52.png,Poplar_407_BESC-1017_8,0.9752067909788588,4.719171711243689
Poplar,RGB2,407_BESC-1017_8,2024-06-14 07:29:19,3,2,3,2024-06-14_RgbImage_2024-06-14_07-29-18.png,Poplar_407_BESC-1017_8,0.9863040763492786,1.576027240138501
Poplar,RGB1,70_D-124_R2_FS,2024-05-31 10:17:43,3,2,3,2024-05-31_RgbImage_2024-05-31_10-17-42.png,Poplar_70_D-124_R2_FS,0.9844716615880198,4.751677301712334
Poplar,RGB2,70_D-124_R2_FS,2024-05-31 10:17:09,3,2,3,2024-05-31_RgbImage_2024-05-31_10-17-08.png,Poplar_70_D-124_R2_FS,0.9700699494783073,1.627919055055827
Poplar,RGB1,BESC-153,2024-04-30 09:52:07,3,2,3,2024-04-30_RgbImage_2024-04-30_09-52-07.png,Poplar_BESC-153,0.989489894004947,5.591652983799577
Poplar,RGB2,BESC-153,2024-04-30 09:51:36,3,2,3,2024-04-30_RgbImage_2024-04-30_09-51-35.png,Poplar_BESC-153,0.9939808956585204,1.4769430733285844
Poplar,RGB1,35_GW-9914+Na_R5_I APPL 167,2023-11-13 12:13:55,3,2,4,2023-11-13_RgbImage_2023-11-13_12-13-54.png,Poplar_35_GW-9914+Na_R5_I APPL 167,0.978152055192461,5.207778764888644
Poplar,RGB1,35_GW-9914+Na_R5_I APPL 167,2023-11-08 11:39:33,3,2,4,2023-11-8_RgbImage_2023-11-08_11-39-33.png,Poplar_35_GW-9914+Na_R5_I APPL 167,0.9839852829800997,5.122329199220985
Poplar,RGB2,35_GW-9914+Na_R5_I APPL 167,2023-11-13 12:13:18,3,2,4,2023-11-13_RgbImage_2023-11-13_12-13-17.png,Poplar_35_GW-9914+Na_R5_I APPL 167,0.9846581911050767,1.537210346199572
Poplar,RGB2,35_GW-9914+Na_R5_I APPL 167,2023-11-08 11:38:55,3,2,4,2023-11-8_RgbImage_2023-11-08_11-38-54.png,Poplar_35_GW-9914+Na_R5_I APPL 167,0.9842726972262327,1.6650486481375992
Poplar,RGB1,334_KLND-20-1_4,2024-06-22 12:32:16,3,3,0,2024-06-22_RgbImage_2024-06-22_12-32-15.png,Poplar_334_KLND-20-1_4,0.9782191578317118,5.516781007871032
Poplar,RGB2,334_KLND-20-1_4,2024-06-22 12:31:55,3,3,0,2024-06-22_RgbImage_2024-06-22_12-31-55.png,Poplar_334_KLND-20-1_4,0.9880604910433924,1.7019240409135818
Poplar,RGB1,BESC-309,2024-05-07 11:57:25,3,3,0,2024-05-7_RgbImage_2024-05-07_11-57-25.png,Poplar_BESC-309,0.9791422816434819,5.1135937217622995
Poplar,RGB2,BESC-309,2024-05-07 11:56:51,3,3,0,2024-05-7_RgbImage_2024-05-07_11-56-50.png,Poplar_BESC-309,0.9880778420446419,1.471731428988278
Poplar,RGB1,BESC-906,2024-04-19 12:43:13,3,3,0,2024-04-19_RgbImage_2024-04-19_12-43-13.png,Poplar_BESC-906,0.9791378747660076,5.1123200240544975
Poplar,RGB2,BESC-906,2024-04-19 12:42:37,3,3,0,2024-04-19_RgbImage_2024-04-19_12-42-37.png,Poplar_BESC-906,0.9883133421774737,1.5213673789985478
Poplar,RGB1,111_BESC-1170_1,2024-06-12 19:18:19,3,3,1,2024-06-12_RgbImage_2024-06-12_19-18-19.png,Poplar_111_BESC-1170_1,0.9757605322926572,4.908512711059302
Poplar,RGB2,111_BESC-1170_1,2024-06-12 19:17:44,3,3,1,2024-06-12_RgbImage_2024-06-12_19-17-43.png,Poplar_111_BESC-1170_1,0.9946063623765603,1.5054676169529557
Poplar,RGB1,BESC-105,2024-04-23 11:37:38,3,3,1,2024-04-23_RgbImage_2024-04-23_11-37-37.png,Poplar_BESC-105,0.98054767873534,5.398134280927479
Poplar,RGB2,BESC-105,2024-04-23 11:37:08,3,3,1,2024-04-23_RgbImage_2024-04-23_11-37-07.png,Poplar_BESC-105,0.9927816057141461,1.4742690967395902
Poplar,RGB1,BESC-261,2024-05-07 07:23:38,3,3,1,2024-05-7_RgbImage_2024-05-07_07-23-37.png,Poplar_BESC-261,0.9764957127786624,4.578453081194311
Poplar,RGB2,BESC-261,2024-05-07 07:23:06,3,3,1,2024-05-7_RgbImage_2024-05-07_07-23-06.png,Poplar_BESC-261,0.9742944092449289,1.7171887829899788
Poplar,RGB1,GS-050-08_40_15,2024-04-30 15:58:26,3,3,1,2024-04-30_RgbImage_2024-04-30_15-58-25.png,Poplar_GS-050-08_40_15,0.9907840317171209,5.167943703010678
Poplar,RGB2,GS-050-08_40_15,2024-04-30 15:57:55,3,3,1,2024-04-30_RgbImage_2024-04-30_15-57-54.png,Poplar_GS-050-08_40_15,0.9941833369895499,1.4596741809509695
Poplar,RGB1,52_GW10999_R3_FS,2024-05-31 12:51:53,3,3,2,2024-05-31_RgbImage_2024-05-31_12-51-52.png,Poplar_52_GW10999_R3_FS,0.9830536143490379,4.915222153998911
Poplar,RGB2,52_GW10999_R3_FS,2024-05-31 12:51:26,3,3,2,2024-05-31_RgbImage_2024-05-31_12-51-26.png,Poplar_52_GW10999_R3_FS,0.993552721388788,1.5102205527946353
Poplar,RGB1,91_BESC-1142_6,2024-06-05 16:36:05,3,3,2,2024-06-5_RgbImage_2024-06-05_16-36-05.png,Poplar_91_BESC-1142_6,0.9898958152996676,5.157148662023246
Poplar,RGB2,91_BESC-1142_6,2024-06-05 16:35:30,3,3,2,2024-06-5_RgbImage_2024-06-05_16-35-29.png,Poplar_91_BESC-1142_6,0.9782247670741486,1.471380965784192
Poplar,RGB1,BESC-320,2024-05-01 07:16:59,3,3,2,2024-05-1_RgbImage_2024-05-01_07-16-59.png,Poplar_BESC-320,0.9814706651712422,4.708016315009445
Poplar,RGB2,BESC-320,2024-05-01 07:16:28,3,3,2,2024-05-1_RgbImage_2024-05-01_07-16-28.png,Poplar_BESC-320,0.9953993117853936,1.7461474258452654
Poplar,RGB1,388_BESC-1154_5,2024-06-07 08:26:57,3,3,3,2024-06-7_RgbImage_2024-06-07_08-26-56.png,Poplar_388_BESC-1154_5,0.982804606913466,5.161818329710513
Poplar,RGB2,388_BESC-1154_5,2024-06-07 08:26:24,3,3,3,2024-06-7_RgbImage_2024-06-07_08-26-24.png,Poplar_388_BESC-1154_5,0.9935775420288347,1.4623277275823057
Poplar,RGB1,450_BESC-1143_5,2024-06-16 08:52:08,3,3,3,2024-06-16_RgbImage_2024-06-16_08-52-07.png,Poplar_450_BESC-1143_5,0.9749262591225349,5.149619555100799
Poplar,RGB2,450_BESC-1143_5,2024-06-16 08:51:36,3,3,3,2024-06-16_RgbImage_2024-06-16_08-51-36.png,Poplar_450_BESC-1143_5,0.9955081587359209,1.4936604122631252
Poplar,RGB1,232_CHWH-27-4_4,2024-06-30 13:34:18,3,3,4,2024-06-30_RgbImage_2024-06-30_13-34-18.png,Poplar_232_CHWH-27-4_4,0.9806510947184377,5.111041672993451
Poplar,RGB2,232_CHWH-27-4_4,2024-06-30 13:33:48,3,3,4,2024-06-30_RgbImage_2024-06-30_13-33-47.png,Poplar_232_CHWH-27-4_4,0.9943488489010762,1.5024559707380831
Poplar,RGB1,301_BESC-430_7,2024-06-11 09:25:27,3,3,4,2024-06-11_RgbImage_2024-06-11_09-25-27.png,Poplar_301_BESC-430_7,0.9838339685095334,4.962885923683643
Poplar,RGB2,301_BESC-430_7,2024-06-11 09:24:53,3,3,4,2024-06-11_RgbImage_2024-06-11_09-24-52.png,Poplar_301_BESC-430_7,0.9898375330247107,1.470420679077506
Poplar,RGB1,57_YALE-27-3-C_R3_I APPL 196,2023-10-18 14:32:29,3,3,4,2023-10-18_RgbImage_2023-10-18_14-32-28.png,Poplar_57_YALE-27-3-C_R3_I APPL 196,0.9778895624497482,5.247396388091147
Poplar,RGB2,57_YALE-27-3-C_R3_I APPL 196,2023-10-18 14:31:59,3,3,4,2023-10-18_RgbImage_2023-10-18_14-31-58.png,Poplar_57_YALE-27-3-C_R3_I APPL 196,0.9858577405857831,1.5151731162331998
Poplar,RGB1,70_YALE-27-3+Na_R4_I APPL 31,2023-10-25 15:50:09,3,3,4,2023-10-25_RgbImage_2023-10-25_15-50-09.png,Poplar_70_YALE-27-3+Na_R4_I APPL 31,0.9847181663619406,5.148333551827818
Poplar,RGB2,70_YALE-27-3+Na_R4_I APPL 31,2023-10-25 15:49:41,3,3,4,2023-10-25_RgbImage_2023-10-25_15-49-40.png,Poplar_70_YALE-27-3+Na_R4_I APPL 31,0.9923260057883106,1.4771785573102534
Poplar,RGB1,129_GW-9851_2,2024-06-23 15:39:39,3,4,0,2024-06-23_RgbImage_2024-06-23_15-39-39.png,Poplar_129_GW-9851_2,0.980718035305475,4.981994211673737
Poplar,RGB2,129_GW-9851_2,2024-06-23 15:39:17,3,4,0,2024-06-23_RgbImage_2024-06-23_15-39-16.png,Poplar_129_GW-9851_2,0.9932818341821871,1.4730182709172368
Poplar,RGB1,HOMB-21-3,2024-05-01 17:30:33,3,4,0,2024-05-1_RgbImage_2024-05-01_17-30-33.png,Poplar_HOMB-21-3,0.9771534277764025,5.3757543922401965
Poplar,RGB2,HOMB-21-3,2024-05-01 17:30:00,3,4,0,2024-05-1_RgbImage_2024-05-01_17-30-00.png,Poplar_HOMB-21-3,0.9906440103960026,1.5201705149374902
Poplar,RGB1,110_BESC-1143_8,2024-06-26 16:47:55,3,4,1,2024-06-26_RgbImage_2024-06-26_16-47-55.png,Poplar_110_BESC-1143_8,0.9754937218363806,5.593204520642757
Poplar,RGB2,110_BESC-1143_8,2024-06-26 16:47:25,3,4,1,2024-06-26_RgbImage_2024-06-26_16-47-24.png,Poplar_110_BESC-1143_8,0.9924968772343383,1.5048351092264056
Poplar,RGB1,BESC-239,2024-04-23 09:23:43,3,4,1,2024-04-23_RgbImage_2024-04-23_09-23-43.png,Poplar_BESC-239,0.9817030306961866,4.931370081845671
Poplar,RGB2,BESC-239,2024-04-23 09:23:11,3,4,1,2024-04-23_RgbImage_2024-04-23_09-23-11.png,Poplar_BESC-239,0.9931309807176394,1.4687962182797492
Poplar,RGB1,GW-10987,2024-04-24 09:45:13,3,4,1,2024-04-24_RgbImage_2024-04-24_09-45-13.png,Poplar_GW-10987,0.9770532154379397,4.971669398713857
Poplar,RGB2,GW-10987,2024-04-24 09:44:41,3,4,1,2024-04-24_RgbImage_2024-04-24_09-44-41.png,Poplar_GW-10987,0.988175945814971,1.4781144759617746
Poplar,RGB1,299_BESC-1132_8,2024-06-15 09:11:07,3,4,2,2024-06-15_RgbImage_2024-06-15_09-11-07.png,Poplar_299_BESC-1132_8,0.9761843328790294,4.558341461233795
Poplar,RGB2,299_BESC-1132_8,2024-06-15 09:10:33,3,4,2,2024-06-15_RgbImage_2024-06-15_09-10-32.png,Poplar_299_BESC-1132_8,0.9932131712328124,1.5149618363939226
Poplar,RGB1,341_BESC-1154_4,2024-06-26 10:55:05,3,4,2,2024-06-26_RgbImage_2024-06-26_10-55-04.png,Poplar_341_BESC-1154_4,0.9779241798451486,4.502872581128031
Poplar,RGB2,341_BESC-1154_4,2024-06-26 10:54:34,3,4,2,2024-06-26_RgbImage_2024-06-26_10-54-33.png,Poplar_341_BESC-1154_4,0.991267933372487,1.7516368050128222
Poplar,RGB1,BESC-35,2024-05-05 12:04:24,3,4,2,2024-05-5_RgbImage_2024-05-05_12-04-23.png,Poplar_BESC-35,0.9836853367076499,4.9260866320692
Poplar,RGB2,BESC-35,2024-05-05 12:03:49,3,4,2,2024-05-5_RgbImage_2024-05-05_12-03-49.png,Poplar_BESC-35,0.9912123938365273,1.55504335090518
Poplar,RGB1,GW-9769,2024-05-07 11:22:09,3,4,2,2024-05-7_RgbImage_2024-05-07_11-22-08.png,Poplar_GW-9769,0.9810174531808822,4.8445162498392165
Poplar,RGB2,GW-9769,2024-05-07 11:21:36,3,4,2,2024-05-7_RgbImage_2024-05-07_11-21-36.png,Poplar_GW-9769,0.990822207923552,1.4532459350302815
Poplar,RGB1,134_BESC-847_3,2024-06-19 14:25:18,3,4,3,2024-06-19_RgbImage_2024-06-19_14-25-17.png,Poplar_134_BESC-847_3,0.9794514575129153,4.563790041022003
Poplar,RGB2,134_BESC-847_3,2024-06-19 14:24:43,3,4,3,2024-06-19_RgbImage_2024-06-19_14-24-43.png,Poplar_134_BESC-847_3,0.99103373480389,1.6472859508357942
Poplar,RGB1,330_BESC-1108_8,2024-06-18 10:23:42,3,4,3,2024-06-18_RgbImage_2024-06-18_10-23-42.png,Poplar_330_BESC-1108_8,0.9773944765322572,4.938316054176539
Poplar,RGB2,330_BESC-1108_8,2024-06-18 10:23:08,3,4,3,2024-06-18_RgbImage_2024-06-18_10-23-07.png,Poplar_330_BESC-1108_8,0.9925627547752507,1.5035533150658011
Poplar,RGB1,92_BESC-284_8,2024-06-13 17:38:28,3,4,3,2024-06-13_RgbImage_2024-06-13_17-38-27.png,Poplar_92_BESC-284_8,0.9786410933881449,4.800689393188804
Poplar,RGB2,92_BESC-284_8,2024-06-13 17:37:59,3,4,3,2024-06-13_RgbImage_2024-06-13_17-37-59.png,Poplar_92_BESC-284_8,0.9933317887291583,1.4396883603185415
Poplar,RGB1,GW-11043,2024-05-07 11:36:17,3,4,4,2024-05-7_RgbImage_2024-05-07_11-36-17.png,Poplar_GW-11043,0.9831502962057728,4.774711274076253
Poplar,RGB2,GW-11043,2024-05-07 11:35:43,3,4,4,2024-05-7_RgbImage_2024-05-07_11-35-42.png,Poplar_GW-11043,0.9879006250276079,1.4805005877278745
Poplar,RGB1,76_WT717+Na_R4_I APPL 373,2023-11-08 18:53:46,4,0,0,2023-11-8_RgbImage_2023-11-08_18-53-45.png,Poplar_76_WT717+Na_R4_I APPL 373,0.983882172251095,4.529830200131983
Poplar,RGB2,76_WT717+Na_R4_I APPL 373,2023-11-08 18:53:21,4,0,0,2023-11-8_RgbImage_2023-11-08_18-53-21.png,Poplar_76_WT717+Na_R4_I APPL 373,0.9920603660196718,1.7608621157705784
Poplar,RGB1,86_CHX20-KO54+Na_R2_I APPL 233,2023-11-15 19:13:30,4,0,0,2023-11-15_RgbImage_2023-11-15_19-13-30.png,Poplar_86_CHX20-KO54+Na_R2_I APPL 233,0.9827091774458178,4.414719752967358
Poplar,RGB2,86_CHX20-KO54+Na_R2_I APPL 233,2023-11-15 19:13:06,4,0,0,2023-11-15_RgbImage_2023-11-15_19-13-05.png,Poplar_86_CHX20-KO54+Na_R2_I APPL 233,0.9825923060958847,1.6734862984158099
Poplar,RGB1,BESC-418,2024-04-28 10:54:35,4,0,0,2024-04-28_RgbImage_2024-04-28_10-54-35.png,Poplar_BESC-418,0.9724792143560437,4.703474540263414
Poplar,RGB2,BESC-418,2024-04-28 10:54:07,4,0,0,2024-04-28_RgbImage_2024-04-28_10-54-06.png,Poplar_BESC-418,0.9865867655932811,1.5145535939373076
Poplar,RGB1,85_CHX20-KO54+Na_R1_I APPL 375,2023-11-10 18:33:30,4,0,1,2023-11-10_RgbImage_2023-11-10_18-33-30.png,Poplar_85_CHX20-KO54+Na_R1_I APPL 375,0.9847621795519159,4.82827005116269
Poplar,RGB2,85_CHX20-KO54+Na_R1_I APPL 375,2023-11-10 18:33:06,4,0,1,2023-11-10_RgbImage_2023-11-10_18-33-05.png,Poplar_85_CHX20-KO54+Na_R1_I APPL 375,0.9896262712927048,1.5117103871889412
Poplar,RGB1,88_CHX20-KO54+Na_R4_I APPL 45,2023-11-08 17:33:47,4,0,1,2023-11-8_RgbImage_2023-11-08_17-33-47.png,Poplar_88_CHX20-KO54+Na_R4_I APPL 45,0.988472358330691,4.760760384146124
Poplar,RGB2,88_CHX20-KO54+Na_R4_I APPL 45,2023-11-08 17:33:18,4,0,1,2023-11-8_RgbImage_2023-11-08_17-33-18.png,Poplar_88_CHX20-KO54+Na_R4_I APPL 45,0.9870501488886659,1.5567997712641954
Poplar,RGB1,18_GW-9588+Na_R6_I APPL 92,2023-11-06 15:40:44,4,0,2,2023-11-6_RgbImage_2023-11-06_15-40-43.png,Poplar_18_GW-9588+Na_R6_I APPL 92,0.9822212762951026,4.813199353870004
Poplar,RGB2,18_GW-9588+Na_R6_I APPL 92,2023-11-06 15:40:19,4,0,2,2023-11-6_RgbImage_2023-11-06_15-40-19.png,Poplar_18_GW-9588+Na_R6_I APPL 92,0.9868109670051372,1.4993652049452066
Poplar,RGB1,45_BESC-4+K_R3_IV APPL 113,2023-11-08 19:07:07,4,0,2,2023-11-8_RgbImage_2023-11-08_19-07-06.png,Poplar_45_BESC-4+K_R3_IV APPL 113,0.9764320946889706,4.763724709395319
Poplar,RGB2,45_BESC-4+K_R3_IV APPL 113,2023-11-08 19:06:42,4,0,2,2023-11-8_RgbImage_2023-11-08_19-06-42.png,Poplar_45_BESC-4+K_R3_IV APPL 113,0.9874702748374026,1.4846658818423748
Poplar,RGB1,46_BESC-4+K_R4_IV APPL 114,2023-11-01 21:04:31,4,0,2,2023-11-1_RgbImage_2023-11-01_21-04-31.png,Poplar_46_BESC-4+K_R4_IV APPL 114,0.9791249758245508,4.657137306407094
Poplar,RGB2,46_BESC-4+K_R4_IV APPL 114,2023-11-01 21:04:07,4,0,2,2023-11-1_RgbImage_2023-11-01_21-04-06.png,Poplar_46_BESC-4+K_R4_IV APPL 114,0.9888203276673097,1.4935898152180016
Poplar,RGB1,18_GW-9588+Na_R6_I APPL 92,2023-10-27 16:01:33,4,0,3,2023-10-27_RgbImage_2023-10-27_16-01-32.png,Poplar_18_GW-9588+Na_R6_I APPL 92,0.9801276123809973,5.166687859222293
Poplar,RGB2,18_GW-9588+Na_R6_I APPL 92,2023-10-27 16:01:05,4,0,3,2023-10-27_RgbImage_2023-10-27_16-01-04.png,Poplar_18_GW-9588+Na_R6_I APPL 92,0.9849626673782588,1.630769971292466
Poplar,RGB1,46_BESC-4+K_R4_IV APPL 114,2023-11-06 20:47:58,4,0,3,2023-11-6_RgbImage_2023-11-06_20-47-58.png,Poplar_46_BESC-4+K_R4_IV APPL 114,0.9686616004886344,5.330114070791751
Poplar,RGB2,46_BESC-4+K_R4_IV APPL 114,2023-11-06 20:47:33,4,0,3,2023-11-6_RgbImage_2023-11-06_20-47-33.png,Poplar_46_BESC-4+K_R4_IV APPL 114,0.9882688122253833,1.5691608423367143
Poplar,RGB1,6_GW-9588-C_R6_I APPL 217,2023-11-01 19:37:24,4,0,3,2023-11-1_RgbImage_2023-11-01_19-37-24.png,Poplar_6_GW-9588-C_R6_I APPL 217,0.9873138451365343,4.051105167716742
Poplar,RGB2,6_GW-9588-C_R6_I APPL 217,2023-11-01 19:36:58,4,0,3,2023-11-1_RgbImage_2023-11-01_19-36-58.png,Poplar_6_GW-9588-C_R6_I APPL 217,0.9836543752203798,1.4990528440102935
Poplar,RGB1,9_GW-9588+K_R3_IV APPL 102,2023-11-03 14:49:20,4,0,3,2023-11-3_RgbImage_2023-11-03_14-49-19.png,Poplar_9_GW-9588+K_R3_IV APPL 102,0.9794816926656134,3.2578040990047157
Poplar,RGB2,9_GW-9588+K_R3_IV APPL 102,2023-11-03 14:48:55,4,0,3,2023-11-3_RgbImage_2023-11-03_14-48-55.png,Poplar_9_GW-9588+K_R3_IV APPL 102,0.984986407349078,1.4858636455610394
Poplar,RGB1,40_BESC-4-C_R4_I APPL 369,2023-10-25 17:31:44,4,0,4,2023-10-25_RgbImage_2023-10-25_17-31-43.png,Poplar_40_BESC-4-C_R4_I APPL 369,0.9788772647625485,3.2489361399784684
Poplar,RGB2,40_BESC-4-C_R4_I APPL 369,2023-10-25 17:31:16,4,0,4,2023-10-25_RgbImage_2023-10-25_17-31-16.png,Poplar_40_BESC-4-C_R4_I APPL 369,0.9883645454063807,1.4865952101536095
Poplar,RGB1,63_YALE-27-3+K_R3_IV APPL 119,2023-11-01 14:02:44,4,0,4,2023-11-1_RgbImage_2023-11-01_14-02-43.png,Poplar_63_YALE-27-3+K_R3_IV APPL 119,0.980578038960317,3.3125865291804075
Poplar,RGB2,63_YALE-27-3+K_R3_IV APPL 119,2023-11-01 14:02:19,4,0,4,2023-11-1_RgbImage_2023-11-01_14-02-19.png,Poplar_63_YALE-27-3+K_R3_IV APPL 119,0.9874566779992503,1.4465219909325242
Poplar,RGB1,9_GW-9588+K_R3_IV APPL 102,2023-11-01 14:49:27,4,0,4,2023-11-1_RgbImage_2023-11-01_14-49-27.png,Poplar_9_GW-9588+K_R3_IV APPL 102,0.9797870003549359,3.283049671910703
Poplar,RGB2,9_GW-9588+K_R3_IV APPL 102,2023-11-01 14:49:03,4,0,4,2023-11-1_RgbImage_2023-11-01_14-49-02.png,Poplar_9_GW-9588+K_R3_IV APPL 102,0.9846513722096816,1.4520366871729493
Poplar,RGB1,80_CHX20-OE61+Na_R4_I APPL 497,2023-11-03 12:41:58,4,1,0,2023-11-3_RgbImage_2023-11-03_12-41-57.png,Poplar_80_CHX20-OE61+Na_R4_I APPL 497,0.9840956529696175,3.3206475297920406
Poplar,RGB2,80_CHX20-OE61+Na_R4_I APPL 497,2023-11-03 12:41:33,4,1,0,2023-11-3_RgbImage_2023-11-03_12-41-33.png,Poplar_80_CHX20-OE61+Na_R4_I APPL 497,0.9953499371650297,1.4524268950335681
Poplar,RGB1,85_CHX20-KO54+Na_R1_I APPL 375,2023-10-23 13:30:25,4,1,0,2023-10-23_RgbImage_2023-10-23_13-30-24.png,Poplar_85_CHX20-KO54+Na_R1_I APPL 375,0.9894613466928166,3.257763841189444
Poplar,RGB2,85_CHX20-KO54+Na_R1_I APPL 375,2023-10-23 13:29:55,4,1,0,2023-10-23_RgbImage_2023-10-23_13-29-55.png,Poplar_85_CHX20-KO54+Na_R1_I APPL 375,0.9957213842054234,1.4538849024102092
Poplar,RGB1,BESC-336,2024-04-29 07:51:00,4,1,0,2024-04-29_RgbImage_2024-04-29_07-50-59.png,Poplar_BESC-336,0.9840726046831727,3.2135766139253974
Poplar,RGB2,BESC-336,2024-04-29 07:50:31,4,1,0,2024-04-29_RgbImage_2024-04-29_07-50-30.png,Poplar_BESC-336,0.9883538799104769,1.4514399282634258
Poplar,RGB1,22_GW-9914-C_R4_I APPL 197,2023-10-24 01:00:30,4,1,1,2023-10-24_RgbImage_2023-10-24_01-00-29.png,Poplar_22_GW-9914-C_R4_I APPL 197,0.9740924510922591,3.2387629547156394
Poplar,RGB2,22_GW-9914-C_R4_I APPL 197,2023-10-24 01:00:01,4,1,1,2023-10-24_RgbImage_2023-10-24_01-00-00.png,Poplar_22_GW-9914-C_R4_I APPL 197,0.9857790456742126,1.5285111218690872
Poplar,RGB1,55_YALE-27-3-C_R1_I APPL 489,2023-11-17 13:53:19,4,1,1,2023-11-17_RgbImage_2023-11-17_13-53-19.png,Poplar_55_YALE-27-3-C_R1_I APPL 489,0.9816551909347366,3.2817209381610155
Poplar,RGB2,55_YALE-27-3-C_R1_I APPL 489,2023-11-17 13:52:55,4,1,1,2023-11-17_RgbImage_2023-11-17_13-52-54.png,Poplar_55_YALE-27-3-C_R1_I APPL 489,0.9923922395234802,1.4565843660384417
Poplar,RGB1,57_YALE-27-3-C_R3_I APPL 196,2023-11-01 14:29:25,4,1,1,2023-11-1_RgbImage_2023-11-01_14-29-24.png,Poplar_57_YALE-27-3-C_R3_I APPL 196,0.9837539795193713,3.310200145933777
Poplar,RGB2,57_YALE-27-3-C_R3_I APPL 196,2023-11-01 14:28:58,4,1,1,2023-11-1_RgbImage_2023-11-01_14-28-58.png,Poplar_57_YALE-27-3-C_R3_I APPL 196,0.9916699800765595,1.4559825868345797
Poplar,RGB1,BESC-400,2024-04-24 09:38:11,4,1,1,2024-04-24_RgbImage_2024-04-24_09-38-11.png,Poplar_BESC-400,0.9844489952818165,3.2700201347470284
Poplar,RGB2,BESC-400,2024-04-24 09:37:46,4,1,1,2024-04-24_RgbImage_2024-04-24_09-37-46.png,Poplar_BESC-400,0.9803069639212764,1.4468708098866045
Poplar,RGB1,22_GW-9914-C_R4_I APPL 197,2023-11-01 20:44:15,4,1,2,2023-11-1_RgbImage_2023-11-01_20-44-15.png,Poplar_22_GW-9914-C_R4_I APPL 197,0.9820717591310202,3.3180591450072825
Poplar,RGB2,22_GW-9914-C_R4_I APPL 197,2023-11-01 20:43:49,4,1,2,2023-11-1_RgbImage_2023-11-01_20-43-49.png,Poplar_22_GW-9914-C_R4_I APPL 197,0.9858899210615333,1.4571645120158792
Poplar,RGB1,419_BESC-847_8,2024-06-14 08:50:23,4,1,2,2024-06-14_RgbImage_2024-06-14_08-50-22.png,Poplar_419_BESC-847_8,0.980461324396895,3.310594410635531
Poplar,RGB2,419_BESC-847_8,2024-06-14 08:49:53,4,1,2,2024-06-14_RgbImage_2024-06-14_08-49-53.png,Poplar_419_BESC-847_8,0.9882770519367222,1.4524710578843951
Poplar,RGB1,41_BESC-4-C_R5_I APPL 219,2023-11-18 11:33:42,4,1,2,2023-11-18_RgbImage_2023-11-18_11-33-41.png,Poplar_41_BESC-4-C_R5_I APPL 219,0.9857076193113266,3.348364314995706
Poplar,RGB2,41_BESC-4-C_R5_I APPL 219,2023-11-18 11:33:18,4,1,2,2023-11-18_RgbImage_2023-11-18_11-33-17.png,Poplar_41_BESC-4-C_R5_I APPL 219,0.9865395124070911,1.4531603809446096
Poplar,RGB1,16_GW-9588+Na_R4_I APPL 49,2023-11-03 18:10:24,4,1,3,2023-11-3_RgbImage_2023-11-03_18-10-23.png,Poplar_16_GW-9588+Na_R4_I APPL 49,0.9796485040040234,2.9831586349755526
Poplar,RGB2,16_GW-9588+Na_R4_I APPL 49,2023-11-03 18:09:56,4,1,3,2023-11-3_RgbImage_2023-11-03_18-09-55.png,Poplar_16_GW-9588+Na_R4_I APPL 49,0.9904827481684504,1.4647133452817798
Poplar,RGB1,34_GW-9914+Na_R4_I APPL 323,2023-11-01 14:56:05,4,1,3,2023-11-1_RgbImage_2023-11-01_14-56-05.png,Poplar_34_GW-9914+Na_R4_I APPL 323,0.9772958323196528,3.2746857050806284
Poplar,RGB2,34_GW-9914+Na_R4_I APPL 323,2023-11-01 14:55:41,4,1,3,2023-11-1_RgbImage_2023-11-01_14-55-41.png,Poplar_34_GW-9914+Na_R4_I APPL 323,0.9849190993565956,1.462306753732264
Poplar,RGB1,6_GW-9588-C_R6_I APPL 217,2023-11-03 19:37:10,4,1,3,2023-11-3_RgbImage_2023-11-03_19-37-10.png,Poplar_6_GW-9588-C_R6_I APPL 217,0.9863230559177008,3.2510172142647207
Poplar,RGB2,6_GW-9588-C_R6_I APPL 217,2023-11-03 19:36:44,4,1,3,2023-11-3_RgbImage_2023-11-03_19-36-44.png,Poplar_6_GW-9588-C_R6_I APPL 217,0.9820448583205322,1.4924507401883602
Poplar,RGB1,11_GW-9588+K_R5_IV APPL 104,2023-11-03 18:37:02,4,1,4,2023-11-3_RgbImage_2023-11-03_18-37-02.png,Poplar_11_GW-9588+K_R5_IV APPL 104,0.9829073670704327,3.0662118289619684
Poplar,RGB2,11_GW-9588+K_R5_IV APPL 104,2023-11-03 18:36:36,4,1,4,2023-11-3_RgbImage_2023-11-03_18-36-36.png,Poplar_11_GW-9588+K_R5_IV APPL 104,0.9864969878877585,1.4894516100175679
Poplar,RGB1,49_BESC-4+Na_R1_I APPL 518,2023-10-27 15:21:13,4,1,4,2023-10-27_RgbImage_2023-10-27_15-21-13.png,Poplar_49_BESC-4+Na_R1_I APPL 518,0.9800665402747969,3.31982565484941
Poplar,RGB2,49_BESC-4+Na_R1_I APPL 518,2023-10-27 15:20:44,4,1,4,2023-10-27_RgbImage_2023-10-27_15-20-44.png,Poplar_49_BESC-4+Na_R1_I APPL 518,0.9925074750394917,1.480725008994341
Poplar,RGB1,449_HARA-26-2_3,2024-06-24 07:14:07,4,2,0,2024-06-24_RgbImage_2024-06-24_07-14-07.png,Poplar_449_HARA-26-2_3,0.9823952867967712,3.333743119146675
Poplar,RGB2,449_HARA-26-2_3,2024-06-24 07:13:51,4,2,0,2024-06-24_RgbImage_2024-06-24_07-13-50.png,Poplar_449_HARA-26-2_3,0.9806401589702894,1.4695130800828338
Poplar,RGB1,89_CHX20-KO107+Na_R1_I APPL 383,2023-10-23 13:03:15,4,2,0,2023-10-23_RgbImage_2023-10-23_13-03-14.png,Poplar_89_CHX20-KO107+Na_R1_I APPL 383,0.9865834372258441,3.0554915191605687
Poplar,RGB2,89_CHX20-KO107+Na_R1_I APPL 383,2023-10-23 13:02:48,4,2,0,2023-10-23_RgbImage_2023-10-23_13-02-48.png,Poplar_89_CHX20-KO107+Na_R1_I APPL 383,0.9917641716205646,1.475842376705259
Poplar,RGB1,BESC-1019,2024-04-17 17:37:21,4,2,0,2024-04-17_RgbImage_2024-04-17_17-37-20.png,Poplar_BESC-1019,0.9860543946564121,3.3691661655902863
Poplar,RGB2,BESC-1019,2024-04-17 17:36:53,4,2,0,2024-04-17_RgbImage_2024-04-17_17-36-52.png,Poplar_BESC-1019,0.9910347554713532,1.4631996229290962
Poplar,RGB1,GW-7059,2024-04-24 08:20:34,4,2,0,2024-04-24_RgbImage_2024-04-24_08-20-33.png,Poplar_GW-7059,0.9793638310832377,3.310525629669428
Poplar,RGB2,GW-7059,2024-04-24 08:20:06,4,2,0,2024-04-24_RgbImage_2024-04-24_08-20-05.png,Poplar_GW-7059,0.9950294311197136,1.4507308071479201
Poplar,RGB1,57_YALE-27-3-C_R3_I APPL 196,2023-11-17 14:13:17,4,2,1,2023-11-17_RgbImage_2023-11-17_14-13-16.png,Poplar_57_YALE-27-3-C_R3_I APPL 196,0.9801337039653216,3.300719798076898
Poplar,RGB2,57_YALE-27-3-C_R3_I APPL 196,2023-11-17 14:12:53,4,2,1,2023-11-17_RgbImage_2023-11-17_14-12-52.png,Poplar_57_YALE-27-3-C_R3_I APPL 196,0.9889568982969132,1.4558093487285078
Poplar,RGB1,BESC-371,2024-05-07 12:25:25,4,2,1,2024-05-7_RgbImage_2024-05-07_12-25-25.png,Poplar_BESC-371,0.9844301916977423,3.231498737819493
Poplar,RGB2,BESC-371,2024-05-07 12:24:56,4,2,1,2024-05-7_RgbImage_2024-05-07_12-24-56.png,Poplar_BESC-371,0.9839670112321199,1.4754885383881629
Poplar,RGB1,50_BESC-4+Na_R2_I APPL 172,2023-11-03 21:17:29,4,2,2,2023-11-3_RgbImage_2023-11-03_21-17-28.png,Poplar_50_BESC-4+Na_R2_I APPL 172,0.9819712694149433,3.0566368252038956
Poplar,RGB2,50_BESC-4+Na_R2_I APPL 172,2023-11-03 21:17:04,4,2,2,2023-11-3_RgbImage_2023-11-03_21-17-03.png,Poplar_50_BESC-4+Na_R2_I APPL 172,0.9868158162962058,1.4841376119293272
Poplar,RGB1,31_GW-9914+Na_R1_I APPL 225,2023-10-27 19:23:41,4,2,3,2023-10-27_RgbImage_2023-10-27_19-23-40.png,Poplar_31_GW-9914+Na_R1_I APPL 225,0.9809752441571429,3.2947362451814115
Poplar,RGB2,31_GW-9914+Na_R1_I APPL 225,2023-10-27 19:23:14,4,2,3,2023-10-27_RgbImage_2023-10-27_19-23-14.png,Poplar_31_GW-9914+Na_R1_I APPL 225,0.9856458698076199,1.5033539249561727
Poplar,RGB1,33_GW-9914+Na_R3_I APPL 228,2023-11-01 16:16:27,4,2,3,2023-11-1_RgbImage_2023-11-01_16-16-26.png,Poplar_33_GW-9914+Na_R3_I APPL 228,0.9862071211215895,3.29612546088174
Poplar,RGB2,33_GW-9914+Na_R3_I APPL 228,2023-11-01 16:16:02,4,2,3,2023-11-1_RgbImage_2023-11-01_16-16-01.png,Poplar_33_GW-9914+Na_R3_I APPL 228,0.9844069776233287,1.4959193472750485
Poplar,RGB1,34_GW-9914+Na_R4_I APPL 323,2023-10-20 15:29:01,4,2,3,2023-10-20_RgbImage_2023-10-20_15-29-01.png,Poplar_34_GW-9914+Na_R4_I APPL 323,0.9834152068556961,3.29779590992257
Poplar,RGB2,34_GW-9914+Na_R4_I APPL 323,2023-10-20 15:28:34,4,2,3,2023-10-20_RgbImage_2023-10-20_15-28-34.png,Poplar_34_GW-9914+Na_R4_I APPL 323,0.9846429073519883,1.472706327214837
Poplar,RGB1,3_GW-9588-C_R3_I APPL 412,2023-10-25 13:21:51,4,2,4,2023-10-25_RgbImage_2023-10-25_13-21-50.png,Poplar_3_GW-9588-C_R3_I APPL 412,0.9832747308402487,3.319150886964053
Poplar,RGB2,3_GW-9588-C_R3_I APPL 412,2023-10-25 13:21:20,4,2,4,2023-10-25_RgbImage_2023-10-25_13-21-19.png,Poplar_3_GW-9588-C_R3_I APPL 412,0.9843574551951628,1.4827101919800043
Poplar,RGB1,51_BESC-4+Na_R3_I APPL 391,2023-10-18 19:13:03,4,2,4,2023-10-18_RgbImage_2023-10-18_19-13-02.png,Poplar_51_BESC-4+Na_R3_I APPL 391,0.9843117808405362,3.3130108169279993
Poplar,RGB2,51_BESC-4+Na_R3_I APPL 391,2023-10-18 19:12:33,4,2,4,2023-10-18_RgbImage_2023-10-18_19-12-33.png,Poplar_51_BESC-4+Na_R3_I APPL 391,0.991767871322387,1.4607187807559967
Poplar,RGB1,343_BESC-1009_5,2024-06-17 10:12:05,4,3,0,2024-06-17_RgbImage_2024-06-17_10-12-04.png,Poplar_343_BESC-1009_5,0.9855123269443213,3.3323421580716968
Poplar,RGB2,343_BESC-1009_5,2024-06-17 10:11:34,4,3,0,2024-06-17_RgbImage_2024-06-17_10-11-34.png,Poplar_343_BESC-1009_5,0.9940729111027277,1.4621007842943072
Poplar,RGB1,BESC-1019,2024-04-28 06:48:46,4,3,0,2024-04-28_RgbImage_2024-04-28_06-48-45.png,Poplar_BESC-1019,0.9805160659700239,3.323711770121008
Poplar,RGB2,BESC-1019,2024-04-28 06:48:15,4,3,0,2024-04-28_RgbImage_2024-04-28_06-48-15.png,Poplar_BESC-1019,0.990250862217779,1.4536142093129456
Poplar,RGB1,BESC-132,2024-04-22 13:47:08,4,3,0,2024-04-22_RgbImage_2024-04-22_13-47-08.png,Poplar_BESC-132,0.9809480816579409,3.310817880090326
Poplar,RGB2,BESC-132,2024-04-22 13:46:38,4,3,0,2024-04-22_RgbImage_2024-04-22_13-46-38.png,Poplar_BESC-132,0.9919570330458336,1.4571309280581772
Poplar,RGB1,DENC-17-3,2024-04-23 10:19:59,4,3,0,2024-04-23_RgbImage_2024-04-23_10-19-58.png,Poplar_DENC-17-3,0.9860151677597859,3.321666262112558
Poplar,RGB2,DENC-17-3,2024-04-23 10:19:28,4,3,0,2024-04-23_RgbImage_2024-04-23_10-19-28.png,Poplar_DENC-17-3,0.9930943451404751,1.6111019109375775
Poplar,RGB1,328_BESC-856_3,2024-06-30 12:14:13,4,3,1,2024-06-30_RgbImage_2024-06-30_12-14-12.png,Poplar_328_BESC-856_3,0.9841404630816456,3.609105542767793
Poplar,RGB2,328_BESC-856_3,2024-06-30 12:13:48,4,3,1,2024-06-30_RgbImage_2024-06-30_12-13-48.png,Poplar_328_BESC-856_3,0.9901011172094007,1.5341977532953024
Poplar,RGB1,48_GW-9919_6,2024-06-23 16:10:15,4,3,1,2024-06-23_RgbImage_2024-06-23_16-10-14.png,Poplar_48_GW-9919_6,0.9794849163365662,3.456782897002995
Poplar,RGB2,48_GW-9919_6,2024-06-23 16:09:56,4,3,1,2024-06-23_RgbImage_2024-06-23_16-09-55.png,Poplar_48_GW-9919_6,0.9937995731726964,1.4708291278220713
Poplar,RGB1,22_GW-9914-C_R4_I APPL 197,2023-11-13 21:01:19,4,3,2,2023-11-13_RgbImage_2023-11-13_21-01-18.png,Poplar_22_GW-9914-C_R4_I APPL 197,0.9803801964296792,3.2664201739244163
Poplar,RGB2,22_GW-9914-C_R4_I APPL 197,2023-11-13 21:00:54,4,3,2,2023-11-13_RgbImage_2023-11-13_21-00-54.png,Poplar_22_GW-9914-C_R4_I APPL 197,0.9816700610998044,1.500757404603064
Poplar,RGB1,23_GW-9914-C_R5_I APPL 235,2023-11-03 16:22:55,4,3,2,2023-11-3_RgbImage_2023-11-03_16-22-55.png,Poplar_23_GW-9914-C_R5_I APPL 235,0.9788242968096577,3.298768446780741
Poplar,RGB2,23_GW-9914-C_R5_I APPL 235,2023-11-03 16:22:29,4,3,2,2023-11-3_RgbImage_2023-11-03_16-22-28.png,Poplar_23_GW-9914-C_R5_I APPL 235,0.987088385001819,1.4465912086889148
Poplar,RGB1,59_YALE-27-3-C_R5_I APPL 234,2023-11-10 16:53:35,4,3,2,2023-11-10_RgbImage_2023-11-10_16-53-34.png,Poplar_59_YALE-27-3-C_R5_I APPL 234,0.9732007563810987,3.2869253349490464
Poplar,RGB2,59_YALE-27-3-C_R5_I APPL 234,2023-11-10 16:53:10,4,3,2,2023-11-10_RgbImage_2023-11-10_16-53-10.png,Poplar_59_YALE-27-3-C_R5_I APPL 234,0.9707987175291998,1.45236407360062
Poplar,RGB1,23_GW-9914-C_R5_I APPL 235,2023-11-10 16:07:00,4,3,3,2023-11-10_RgbImage_2023-11-10_16-06-59.png,Poplar_23_GW-9914-C_R5_I APPL 235,0.9798477730584294,3.315980230923742
Poplar,RGB2,23_GW-9914-C_R5_I APPL 235,2023-11-10 16:06:34,4,3,3,2023-11-10_RgbImage_2023-11-10_16-06-34.png,Poplar_23_GW-9914-C_R5_I APPL 235,0.9853833276695323,1.4787496626377106
Poplar,RGB1,31_GW-9914+Na_R1_I APPL 225,2023-11-06 19:01:03,4,3,3,2023-11-6_RgbImage_2023-11-06_19-01-03.png,Poplar_31_GW-9914+Na_R1_I APPL 225,0.9805537856954424,3.2835798179730773
Poplar,RGB2,31_GW-9914+Na_R1_I APPL 225,2023-11-06 19:00:39,4,3,3,2023-11-6_RgbImage_2023-11-06_19-00-39.png,Poplar_31_GW-9914+Na_R1_I APPL 225,0.9831668757751996,1.5058519667945802
Poplar,RGB1,6_GW-9588-C_R6_I APPL 217,2023-11-15 19:20:08,4,3,3,2023-11-15_RgbImage_2023-11-15_19-20-08.png,Poplar_6_GW-9588-C_R6_I APPL 217,0.9852708579696023,3.33007999882102
Poplar,RGB2,6_GW-9588-C_R6_I APPL 217,2023-11-15 19:19:44,4,3,3,2023-11-15_RgbImage_2023-11-15_19-19-44.png,Poplar_6_GW-9588-C_R6_I APPL 217,0.9848288942761276,1.487715836148709
Poplar,RGB1,71_YALE-27-3+Na_R5_I APPL 485,2023-11-08 12:33:28,4,3,3,2023-11-8_RgbImage_2023-11-08_12-33-27.png,Poplar_71_YALE-27-3+Na_R5_I APPL 485,0.9883517270072771,3.2657123850658536
Poplar,RGB2,71_YALE-27-3+Na_R5_I APPL 485,2023-11-08 12:33:04,4,3,3,2023-11-8_RgbImage_2023-11-08_12-33-03.png,Poplar_71_YALE-27-3+Na_R5_I APPL 485,0.9888016896351024,1.491488829255104
Poplar,RGB1,31_GW-9914+Na_R1_I APPL 225,2023-10-20 19:55:09,4,3,4,2023-10-20_RgbImage_2023-10-20_19-55-08.png,Poplar_31_GW-9914+Na_R1_I APPL 225,0.9842820305927594,3.3025637730024755
Poplar,RGB2,31_GW-9914+Na_R1_I APPL 225,2023-10-20 19:54:40,4,3,4,2023-10-20_RgbImage_2023-10-20_19-54-39.png,Poplar_31_GW-9914+Na_R1_I APPL 225,0.9846966983106249,1.4584336997941136
Poplar,RGB1,3_GW-9588-C_R3_I APPL 412,2023-10-23 17:47:24,4,3,4,2023-10-23_RgbImage_2023-10-23_17-47-24.png,Poplar_3_GW-9588-C_R3_I APPL 412,0.9804666318903531,3.279288122896105
Poplar,RGB2,3_GW-9588-C_R3_I APPL 412,2023-10-23 17:46:53,4,3,4,2023-10-23_RgbImage_2023-10-23_17-46-52.png,Poplar_3_GW-9588-C_R3_I APPL 412,0.9797395192282341,1.4517170800827444
Poplar,RGB1,52_BESC-4+Na_R4_I APPL 347,2023-11-13 12:40:49,4,3,4,2023-11-13_RgbImage_2023-11-13_12-40-49.png,Poplar_52_BESC-4+Na_R4_I APPL 347,0.9870228513388986,3.3060901197604835
Poplar,RGB2,52_BESC-4+Na_R4_I APPL 347,2023-11-13 12:40:24,4,3,4,2023-11-13_RgbImage_2023-11-13_12-40-24.png,Poplar_52_BESC-4+Na_R4_I APPL 347,0.9884699959877528,1.4948874250985682
Poplar,RGB1,64_YALE-27-3+K_R4_IV APPL 120,2023-10-20 18:33:15,4,3,4,2023-10-20_RgbImage_2023-10-20_18-33-14.png,Poplar_64_YALE-27-3+K_R4_IV APPL 120,0.9869776653146863,3.265065241139382
Poplar,RGB2,64_YALE-27-3+K_R4_IV APPL 120,2023-10-20 18:32:46,4,3,4,2023-10-20_RgbImage_2023-10-20_18-32-45.png,Poplar_64_YALE-27-3+K_R4_IV APPL 120,0.9888463909151443,1.4595600892789662
Poplar,RGB1,BESC-1226,2024-05-05 08:33:56,4,4,0,2024-05-5_RgbImage_2024-05-05_08-33-56.png,Poplar_BESC-1226,0.9807067763014198,3.3034947719424963
Poplar,RGB2,BESC-1226,2024-05-05 08:33:26,4,4,0,2024-05-5_RgbImage_2024-05-05_08-33-25.png,Poplar_BESC-1226,0.9907422838953377,1.4609435247257352
Poplar,RGB1,NHTA-27-5,2024-04-28 09:32:08,4,4,0,2024-04-28_RgbImage_2024-04-28_09-32-07.png,Poplar_NHTA-27-5,0.9768499815721022,3.0354167576879263
Poplar,RGB2,NHTA-27-5,2024-04-28 09:31:40,4,4,0,2024-04-28_RgbImage_2024-04-28_09-31-39.png,Poplar_NHTA-27-5,0.994995562049284,1.4656349658034742
Poplar,RGB1,231_BESC-97_1,2024-06-30 13:27:40,4,4,1,2024-06-30_RgbImage_2024-06-30_13-27-39.png,Poplar_231_BESC-97_1,0.9856965459856678,3.3347844928503036
Poplar,RGB2,231_BESC-97_1,2024-06-30 13:27:16,4,4,1,2024-06-30_RgbImage_2024-06-30_13-27-15.png,Poplar_231_BESC-97_1,0.9901379939860102,1.501119458116591
Poplar,RGB1,BESC-1219,2024-05-07 07:58:56,4,4,1,2024-05-7_RgbImage_2024-05-07_07-58-56.png,Poplar_BESC-1219,0.9830708971708788,3.3016327186487615
Poplar,RGB2,BESC-1219,2024-05-07 07:58:23,4,4,1,2024-05-7_RgbImage_2024-05-07_07-58-22.png,Poplar_BESC-1219,0.9898985606897629,1.502189310733229
Poplar,RGB1,BESC-239,2024-05-07 09:23:03,4,4,1,2024-05-7_RgbImage_2024-05-07_09-23-02.png,Poplar_BESC-239,0.9813262685025363,3.2811871329322457
Poplar,RGB2,BESC-239,2024-05-07 09:22:33,4,4,1,2024-05-7_RgbImage_2024-05-07_09-22-32.png,Poplar_BESC-239,0.9921279768934402,1.5033779880031943
Poplar,RGB1,346_BESC-1108_2,2024-06-17 10:32:25,4,4,2,2024-06-17_RgbImage_2024-06-17_10-32-24.png,Poplar_346_BESC-1108_2,0.9829366894104409,3.26905918167904
Poplar,RGB2,346_BESC-1108_2,2024-06-17 10:31:52,4,4,2,2024-06-17_RgbImage_2024-06-17_10-31-51.png,Poplar_346_BESC-1108_2,0.9949555900478668,1.4709075349383056
Poplar,RGB1,450_BESC-1143_5,2024-06-26 07:28:22,4,4,2,2024-06-26_RgbImage_2024-06-26_07-28-22.png,Poplar_450_BESC-1143_5,0.9833353433431894,3.0640767966397107
Poplar,RGB2,450_BESC-1143_5,2024-06-26 07:27:55,4,4,2,2024-06-26_RgbImage_2024-06-26_07-27-54.png,Poplar_450_BESC-1143_5,0.9952401131184824,1.492360436823219
Poplar,RGB1,GW-7990,2024-04-28 11:28:55,4,4,2,2024-04-28_RgbImage_2024-04-28_11-28-55.png,Poplar_GW-7990,0.9891011877101119,3.265690861735493
Poplar,RGB2,GW-7990,2024-04-28 11:28:27,4,4,2,2024-04-28_RgbImage_2024-04-28_11-28-26.png,Poplar_GW-7990,0.9947175343374248,1.4735250025987625
Poplar,RGB1,23_GW-9914-C_R5_I APPL 235,2023-11-13 16:41:27,4,4,3,2023-11-13_RgbImage_2023-11-13_16-41-26.png,Poplar_23_GW-9914-C_R5_I APPL 235,0.9664877465371765,3.2512175170704722
Poplar,RGB2,23_GW-9914-C_R5_I APPL 235,2023-11-13 16:41:01,4,4,3,2023-11-13_RgbImage_2023-11-13_16-41-01.png,Poplar_23_GW-9914-C_R5_I APPL 235,0.9796373776934669,1.4466792750172317
Poplar,RGB1,33_GW-9914+Na_R3_I APPL 228,2023-11-15 16:00:15,4,4,3,2023-11-15_RgbImage_2023-11-15_16-00-14.png,Poplar_33_GW-9914+Na_R3_I APPL 228,0.9829795042523181,2.998204838950187
Poplar,RGB2,33_GW-9914+Na_R3_I APPL 228,2023-11-15 15:59:50,4,4,3,2023-11-15_RgbImage_2023-11-15_15-59-50.png,Poplar_33_GW-9914+Na_R3_I APPL 228,0.9820335920139573,1.4554159538820386
Poplar,RGB1,59_YALE-27-3-C_R5_I APPL 234,2023-11-06 16:54:12,4,4,3,2023-11-6_RgbImage_2023-11-06_16-54-11.png,Poplar_59_YALE-27-3-C_R5_I APPL 234,0.9822858105383548,3.30782742286101
Poplar,RGB1,59_YALE-27-3-C_R5_I APPL 234,2023-11-08 16:53:43,4,4,3,2023-11-8_RgbImage_2023-11-08_16-53-43.png,Poplar_59_YALE-27-3-C_R5_I APPL 234,0.9806849373273888,3.311362136155367
Poplar,RGB2,59_YALE-27-3-C_R5_I APPL 234,2023-11-06 16:53:46,4,4,3,2023-11-6_RgbImage_2023-11-06_16-53-46.png,Poplar_59_YALE-27-3-C_R5_I APPL 234,0.9743900458316682,1.4904955998063087
Poplar,RGB2,59_YALE-27-3-C_R5_I APPL 234,2023-11-08 16:53:18,4,4,3,2023-11-8_RgbImage_2023-11-08_16-53-18.png,Poplar_59_YALE-27-3-C_R5_I APPL 234,0.9804117228935509,1.3350703278556466
Poplar,RGB1,26_GW-9914+K_R2_IV APPL 107,2023-11-17 14:53:09,4,4,4,2023-11-17_RgbImage_2023-11-17_14-53-09.png,Poplar_26_GW-9914+K_R2_IV APPL 107,0.980019583880541,3.2508135829120874
Poplar,RGB2,26_GW-9914+K_R2_IV APPL 107,2023-11-17 14:52:45,4,4,4,2023-11-17_RgbImage_2023-11-17_14-52-45.png,Poplar_26_GW-9914+K_R2_IV APPL 107,0.9843977442997244,1.4632651139982045
Poplar,RGB1,34_GW-9914+Na_R4_I APPL 323,2023-11-15 14:40:14,4,4,4,2023-11-15_RgbImage_2023-11-15_14-40-14.png,Poplar_34_GW-9914+Na_R4_I APPL 323,0.9795105038559093,3.22701903199777
Poplar,RGB2,34_GW-9914+Na_R4_I APPL 323,2023-11-15 14:39:50,4,4,4,2023-11-15_RgbImage_2023-11-15_14-39-49.png,Poplar_34_GW-9914+Na_R4_I APPL 323,0.9866581232318107,1.4713091142475605
Poplar,RGB1,51_BESC-4+Na_R3_I APPL 391,2023-11-15 18:46:52,4,4,4,2023-11-15_RgbImage_2023-11-15_18-46-51.png,Poplar_51_BESC-4+Na_R3_I APPL 391,0.9883238741176481,3.2569520389661193
Poplar,RGB2,51_BESC-4+Na_R3_I APPL 391,2023-11-15 18:46:27,4,4,4,2023-11-15_RgbImage_2023-11-15_18-46-27.png,Poplar_51_BESC-4+Na_R3_I APPL 391,0.9925108996782129,1.4686540039256215
Switchgrass,RGB1,J020.B_WW_T3.12.2023_I APPL 399,2023-03-22 17:06:43,0,0,0,2023-03-22_RgbImage_2023-03-22_17-06-42.png,Switchgrass_J020.B_WW_T3.12.2023_I APPL 399,0.9435448956644062,2.9508235212415457
Switchgrass,RGB2,J020.B_WW_T3.12.2023_I APPL 399,2023-03-22 17:05:59,0,0,0,2023-03-22_RgbImage_2023-03-22_17-05-59.png,Switchgrass_J020.B_WW_T3.12.2023_I APPL 399,0.9513464875642499,1.4837676896713674
Switchgrass,RGB1,J326.A_D_T3.12.2023_I APPL 497,2023-03-29 09:49:40,0,0,0,2023-03-29_RgbImage_2023-03-29_09-49-39.png,Switchgrass_J326.A_D_T3.12.2023_I APPL 497,0.9279120669982891,3.0723323859274387
Switchgrass,RGB2,J326.A_D_T3.12.2023_I APPL 497,2023-03-29 09:48:57,0,0,0,2023-03-29_RgbImage_2023-03-29_09-48-57.png,Switchgrass_J326.A_D_T3.12.2023_I APPL 497,0.9212155196600769,1.4667889759875834
Switchgrass,RGB1,J460.B_WW_T3.16.2023_I APPL 57,2023-03-26 12:07:33,0,0,0,2023-03-26_RgbImage_2023-03-26_12-07-33.png,Switchgrass_J460.B_WW_T3.16.2023_I APPL 57,0.9320014662818914,3.260886006988585
Switchgrass,RGB2,J460.B_WW_T3.16.2023_I APPL 57,2023-03-26 12:06:49,0,0,0,2023-03-26_RgbImage_2023-03-26_12-06-49.png,Switchgrass_J460.B_WW_T3.16.2023_I APPL 57,0.8931154119511301,1.4846383347176015
Switchgrass,RGB1,AP13_WW_I APPL 133,2022-12-01 15:26:37,0,0,1,2022-12-1_RgbImage_2022-12-01_15-26-36.png,Switchgrass_AP13_WW_I APPL 133,0.9065528380357,3.280471027828753
Switchgrass,RGB2,AP13_WW_I APPL 133,2022-12-01 15:25:13,0,0,1,2022-12-1_RgbImage_2022-12-01_15-25-12.png,Switchgrass_AP13_WW_I APPL 133,0.7081162441000213,1.4608821379952133
Switchgrass,RGB1,J250.A_D_T3.13.2023_I APPL 303,2023-03-31 00:36:51,0,0,1,2023-03-31_RgbImage_2023-03-31_00-36-51.png,Switchgrass_J250.A_D_T3.13.2023_I APPL 303,0.9598368738620475,3.0646500196307898
Switchgrass,RGB2,J250.A_D_T3.13.2023_I APPL 303,2023-03-31 00:36:08,0,0,1,2023-03-31_RgbImage_2023-03-31_00-36-08.png,Switchgrass_J250.A_D_T3.13.2023_I APPL 303,0.9210079082739909,1.4742531101219356
Switchgrass,RGB1,J469.C_WW_T3.14.2023_I APPL 214,2023-03-24 16:45:05,0,0,1,2023-03-24_RgbImage_2023-03-24_16-45-05.png,Switchgrass_J469.C_WW_T3.14.2023_I APPL 214,0.922882852584065,3.325962010305375
Switchgrass,RGB2,J469.C_WW_T3.14.2023_I APPL 214,2023-03-24 16:44:23,0,0,1,2023-03-24_RgbImage_2023-03-24_16-44-22.png,Switchgrass_J469.C_WW_T3.14.2023_I APPL 214,0.8469968387937833,1.4752969429828227
Switchgrass,RGB1,J458.B_WW_T3.14.2023_I APPL 252,2023-03-31 11:57:57,0,0,2,2023-03-31_RgbImage_2023-03-31_11-57-57.png,Switchgrass_J458.B_WW_T3.14.2023_I APPL 252,0.9017927347105759,3.2433660798706114
Switchgrass,RGB2,J458.B_WW_T3.14.2023_I APPL 252,2023-03-31 11:57:15,0,0,2,2023-03-31_RgbImage_2023-03-31_11-57-14.png,Switchgrass_J458.B_WW_T3.14.2023_I APPL 252,0.9433913269292956,1.4594363952055573
Switchgrass,RGB1,J591.A_D_T3.14.2023_I APPL 229,2023-04-07 14:53:00,0,0,2,2023-04-7_RgbImage_2023-04-07_14-52-59.png,Switchgrass_J591.A_D_T3.14.2023_I APPL 229,0.96599571734621,3.268811050336808
Switchgrass,RGB2,J591.A_D_T3.14.2023_I APPL 229,2023-04-07 14:52:17,0,0,2,2023-04-7_RgbImage_2023-04-07_14-52-16.png,Switchgrass_J591.A_D_T3.14.2023_I APPL 229,0.9401838831865674,1.4659829419106245
Switchgrass,RGB1,4.4(1)_WW_T3.14.2023_I APPL 235,2023-03-24 14:05:25,0,0,3,2023-03-24_RgbImage_2023-03-24_14-05-24.png,Switchgrass_4.4(1)_WW_T3.14.2023_I APPL 235,0.9222384687063354,2.9963837438263
Switchgrass,RGB2,4.4(1)_WW_T3.14.2023_I APPL 235,2023-03-24 14:04:41,0,0,3,2023-03-24_RgbImage_2023-03-24_14-04-40.png,Switchgrass_4.4(1)_WW_T3.14.2023_I APPL 235,0.8885839178667997,1.4935607546940446
Switchgrass,RGB1,J441.B_WW_T3.15.2023_I APPL 126,2023-03-25 15:44:09,0,0,3,2023-03-25_RgbImage_2023-03-25_15-44-08.png,Switchgrass_J441.B_WW_T3.15.2023_I APPL 126,0.9486964664162093,3.2912243180908263
Switchgrass,RGB2,J441.B_WW_T3.15.2023_I APPL 126,2023-03-25 15:43:26,0,0,3,2023-03-25_RgbImage_2023-03-25_15-43-25.png,Switchgrass_J441.B_WW_T3.15.2023_I APPL 126,0.8413344182326552,1.527201912831515
Switchgrass,RGB1,J482.B_WW_T3.15.2023_I APPL 160,2023-03-25 11:12:45,0,0,3,2023-03-25_RgbImage_2023-03-25_11-12-45.png,Switchgrass_J482.B_WW_T3.15.2023_I APPL 160,0.9543100421358341,3.256864571943879
Switchgrass,RGB2,J482.B_WW_T3.15.2023_I APPL 160,2023-03-25 11:12:02,0,0,3,2023-03-25_RgbImage_2023-03-25_11-12-01.png,Switchgrass_J482.B_WW_T3.15.2023_I APPL 160,0.93408921006865,1.4591867430135608
Switchgrass,RGB1,J585.A_D_T3.14.2023_I APPL 218,2023-03-24 16:11:30,0,0,3,2023-03-24_RgbImage_2023-03-24_16-11-30.png,Switchgrass_J585.A_D_T3.14.2023_I APPL 218,0.9215774142975135,3.3390143769793212
Switchgrass,RGB2,J585.A_D_T3.14.2023_I APPL 218,2023-03-24 16:10:49,0,0,3,2023-03-24_RgbImage_2023-03-24_16-10-48.png,Switchgrass_J585.A_D_T3.14.2023_I APPL 218,0.9616729267124797,1.475545902736485
Switchgrass,RGB1,J340.A_D_T3.13.2023_I APPL 343,2023-04-06 12:43:07,0,0,4,2023-04-6_RgbImage_2023-04-06_12-43-06.png,Switchgrass_J340.A_D_T3.13.2023_I APPL 343,0.9418103701275804,3.201666124165058
Switchgrass,RGB2,J340.A_D_T3.13.2023_I APPL 343,2023-04-06 12:42:27,0,0,4,2023-04-6_RgbImage_2023-04-06_12-42-26.png,Switchgrass_J340.A_D_T3.13.2023_I APPL 343,0.9561343265191657,1.4517270880751312
Switchgrass,RGB1,J498.B_D_T3.14.2023_I APPL 257,2023-03-24 11:16:28,0,0,4,2023-03-24_RgbImage_2023-03-24_11-16-27.png,Switchgrass_J498.B_D_T3.14.2023_I APPL 257,0.9637817777696763,2.9746526149101555
Switchgrass,RGB2,J498.B_D_T3.14.2023_I APPL 257,2023-03-24 11:15:46,0,0,4,2023-03-24_RgbImage_2023-03-24_11-15-45.png,Switchgrass_J498.B_D_T3.14.2023_I APPL 257,0.9145031549560594,1.5136275268159807
Switchgrass,RGB1,J020.B_D_T3.12.2023_I APPL 403,2023-04-05 19:00:01,0,1,0,2023-04-5_RgbImage_2023-04-05_19-00-01.png,Switchgrass_J020.B_D_T3.12.2023_I APPL 403,0.937664444834923,3.3120420700870454
Switchgrass,RGB2,J020.B_D_T3.12.2023_I APPL 403,2023-04-05 18:59:21,0,1,0,2023-04-5_RgbImage_2023-04-05_18-59-21.png,Switchgrass_J020.B_D_T3.12.2023_I APPL 403,0.9448480675763274,1.4605998839251697
Switchgrass,RGB1,J065.A_WW_T3.13.2023_I APPL 305,2023-03-23 17:30:35,0,1,0,2023-03-23_RgbImage_2023-03-23_17-30-35.png,Switchgrass_J065.A_WW_T3.13.2023_I APPL 305,0.9242577842253066,3.296843382064253
Switchgrass,RGB2,J065.A_WW_T3.13.2023_I APPL 305,2023-03-23 17:29:51,0,1,0,2023-03-23_RgbImage_2023-03-23_17-29-51.png,Switchgrass_J065.A_WW_T3.13.2023_I APPL 305,0.16572133189501323,1.543140848632902
Switchgrass,RGB1,J306.C_D_T3.14.2023_I APPL 266,2023-04-15 10:15:47,0,1,0,2023-04-15_RgbImage_2023-04-15_10-15-47.png,Switchgrass_J306.C_D_T3.14.2023_I APPL 266,0.9488943577219916,3.1925787408836186
Switchgrass,RGB1,J306.C_D_T3.14.2023_I APPL 266,2023-04-29 10:15:29,0,1,0,2023-04-29_RgbImage_2023-04-29_10-15-29.png,Switchgrass_J306.C_D_T3.14.2023_I APPL 266,0.9348131257906201,3.1930129220709205
Switchgrass,RGB2,J306.C_D_T3.14.2023_I APPL 266,2023-04-15 10:15:06,0,1,0,2023-04-15_RgbImage_2023-04-15_10-15-06.png,Switchgrass_J306.C_D_T3.14.2023_I APPL 266,0.8695661402628888,1.4249091008678079
Switchgrass,RGB2,J306.C_D_T3.14.2023_I APPL 266,2023-04-29 10:14:48,0,1,0,2023-04-29_RgbImage_2023-04-29_10-14-48.png,Switchgrass_J306.C_D_T3.14.2023_I APPL 266,0.8829332456440129,1.406101399101317
Switchgrass,RGB1,AP13_WW_I APPL 133,2023-02-09 15:12:39,0,1,1,2023-02-9_RgbImage_2023-02-09_15-12-38.png,Switchgrass_AP13_WW_I APPL 133,0.9601565924518193,3.235177386086434
Switchgrass,RGB2,AP13_WW_I APPL 133,2023-02-09 15:10:40,0,1,1,2023-02-9_RgbImage_2023-02-09_15-10-39.png,Switchgrass_AP13_WW_I APPL 133,0.9694662078057694,1.4735798160545528
Switchgrass,RGB1,J297.A_D_T3.12.2023_I APPL 440,2023-03-22 11:56:31,0,1,1,2023-03-22_RgbImage_2023-03-22_11-56-31.png,Switchgrass_J297.A_D_T3.12.2023_I APPL 440,0.9475967212074592,3.2716950620524585
Switchgrass,RGB2,J297.A_D_T3.12.2023_I APPL 440,2023-03-22 11:55:50,0,1,1,2023-03-22_RgbImage_2023-03-22_11-55-50.png,Switchgrass_J297.A_D_T3.12.2023_I APPL 440,0.9305239431647567,1.4889031080529094
Switchgrass,RGB1,J484.A_D_T3.16.2023_I APPL 50,2023-03-26 13:06:30,0,1,1,2023-03-26_RgbImage_2023-03-26_13-06-30.png,Switchgrass_J484.A_D_T3.16.2023_I APPL 50,0.8523072472367558,3.1359359929338098
Switchgrass,RGB2,J484.A_D_T3.16.2023_I APPL 50,2023-03-26 13:05:47,0,1,1,2023-03-26_RgbImage_2023-03-26_13-05-47.png,Switchgrass_J484.A_D_T3.16.2023_I APPL 50,0.7084702185818497,1.4330168808810413
Switchgrass,RGB1,J317.A_WW_I APPL 351,2022-11-29 10:53:39,0,1,2,2022-11-29_RgbImage_2022-11-29_10-53-38.png,Switchgrass_J317.A_WW_I APPL 351,0.9664115060328191,2.892706282902509
Switchgrass,RGB2,J317.A_WW_I APPL 351,2022-11-29 10:51:35,0,1,2,2022-11-29_RgbImage_2022-11-29_10-51-34.png,Switchgrass_J317.A_WW_I APPL 351,0.9582178555953631,1.5153687791898847
Switchgrass,RGB1,J597.C_D_T3.15.2023_I APPL 186,2023-04-01 08:06:52,0,1,2,2023-04-1_RgbImage_2023-04-01_08-06-52.png,Switchgrass_J597.C_D_T3.15.2023_I APPL 186,0.9614163522959434,3.028695316053927
Switchgrass,RGB2,J597.C_D_T3.15.2023_I APPL 186,2023-04-01 08:06:11,0,1,2,2023-04-1_RgbImage_2023-04-01_08-06-11.png,Switchgrass_J597.C_D_T3.15.2023_I APPL 186,0.9448562225937515,1.4557480001822114
Switchgrass,RGB1,J190.A_D_T3.12.2023_I APPL 415,2023-04-05 17:21:05,0,1,3,2023-04-5_RgbImage_2023-04-05_17-21-05.png,Switchgrass_J190.A_D_T3.12.2023_I APPL 415,0.927048450681375,3.2573126880452037
Switchgrass,RGB2,J190.A_D_T3.12.2023_I APPL 415,2023-04-05 17:20:24,0,1,3,2023-04-5_RgbImage_2023-04-05_17-20-24.png,Switchgrass_J190.A_D_T3.12.2023_I APPL 415,0.8491721975084026,1.4992112792097032
Switchgrass,RGB1,J215.A_Xtra_I APPL 138,2022-11-26 17:33:18,0,1,3,2022-11-26_RgbImage_2022-11-26_17-33-18.png,Switchgrass_J215.A_Xtra_I APPL 138,0.9184884899401046,3.186017655301839
Switchgrass,RGB2,J215.A_Xtra_I APPL 138,2022-11-26 17:31:10,0,1,3,2022-11-26_RgbImage_2022-11-26_17-31-10.png,Switchgrass_J215.A_Xtra_I APPL 138,0.707436399224037,1.447282784152776
Switchgrass,RGB1,J317.A_D_I APPL 123,2022-12-11 17:00:53,0,1,3,2022-12-11_RgbImage_2022-12-11_17-00-52.png,Switchgrass_J317.A_D_I APPL 123,0.9494423016788341,3.168628877028823
Switchgrass,RGB2,J317.A_D_I APPL 123,2022-12-11 17:00:15,0,1,3,2022-12-11_RgbImage_2022-12-11_17-00-14.png,Switchgrass_J317.A_D_I APPL 123,0.8723534737045184,1.4718292350880802
Switchgrass,RGB1,J215.A_D_I APPL 146,2022-12-20 14:24:07,0,1,4,2022-12-20_RgbImage_2022-12-20_14-24-06.png,Switchgrass_J215.A_D_I APPL 146,0.9616979447173782,3.3150328821502626
Switchgrass,RGB1,J215.A_D_I APPL 146,2022-12-05 14:11:31,0,1,4,2022-12-5_RgbImage_2022-12-05_14-11-31.png,Switchgrass_J215.A_D_I APPL 146,0.9495360764221299,3.27695633796975
Switchgrass,RGB2,J215.A_D_I APPL 146,2022-12-20 14:22:47,0,1,4,2022-12-20_RgbImage_2022-12-20_14-22-47.png,Switchgrass_J215.A_D_I APPL 146,0.933858079191724,1.4650377240031958
Switchgrass,RGB2,J215.A_D_I APPL 146,2022-12-05 14:09:24,0,1,4,2022-12-5_RgbImage_2022-12-05_14-09-23.png,Switchgrass_J215.A_D_I APPL 146,0.8072062382620051,1.3839584710076451
Switchgrass,RGB1,J483.C_WW_T3.14.2023_I APPL 250,2023-03-31 12:14:37,0,1,4,2023-03-31_RgbImage_2023-03-31_12-14-37.png,Switchgrass_J483.C_WW_T3.14.2023_I APPL 250,0.9554259529268957,3.1419194862246513
Switchgrass,RGB2,J483.C_WW_T3.14.2023_I APPL 250,2023-03-31 12:13:56,0,1,4,2023-03-31_RgbImage_2023-03-31_12-13-56.png,Switchgrass_J483.C_WW_T3.14.2023_I APPL 250,0.9573445956690881,1.4424948208034039
Switchgrass,RGB1,J279.A_D_T3.12.2023_I APPL 397,2023-04-12 17:09:50,0,2,0,2023-04-12_RgbImage_2023-04-12_17-09-49.png,Switchgrass_J279.A_D_T3.12.2023_I APPL 397,0.9397958520257153,3.1706154928542674
Switchgrass,RGB2,J279.A_D_T3.12.2023_I APPL 397,2023-04-12 17:09:09,0,2,0,2023-04-12_RgbImage_2023-04-12_17-09-09.png,Switchgrass_J279.A_D_T3.12.2023_I APPL 397,0.8916724301346624,1.5016859071329236
Switchgrass,RGB1,J321.A_D_T3.16.2023_I APPL 76,2023-03-26 09:44:34,0,2,0,2023-03-26_RgbImage_2023-03-26_09-44-34.png,Switchgrass_J321.A_D_T3.16.2023_I APPL 76,0.9388913525516958,3.299563342705369
Switchgrass,RGB2,J321.A_D_T3.16.2023_I APPL 76,2023-03-26 09:43:52,0,2,0,2023-03-26_RgbImage_2023-03-26_09-43-51.png,Switchgrass_J321.A_D_T3.16.2023_I APPL 76,0.9345083808546663,1.4642613157629967
Switchgrass,RGB1,AP13_D_I APPL 261,2022-11-25 11:42:21,0,2,1,2022-11-25_RgbImage_2022-11-25_11-42-21.png,Switchgrass_AP13_D_I APPL 261,0.9683507361058321,3.0486993878148496
Switchgrass,RGB2,AP13_D_I APPL 261,2022-11-25 11:41:39,0,2,1,2022-11-25_RgbImage_2022-11-25_11-41-38.png,Switchgrass_AP13_D_I APPL 261,0.7447137700009855,1.5470076189376414
Switchgrass,RGB1,J272.A_D_T3.13.2023_I APPL 369,2023-03-23 09:23:53,0,2,1,2023-03-23_RgbImage_2023-03-23_09-23-52.png,Switchgrass_J272.A_D_T3.13.2023_I APPL 369,0.9477114750947175,3.16168860392645
Switchgrass,RGB2,J272.A_D_T3.13.2023_I APPL 369,2023-03-23 09:23:12,0,2,1,2023-03-23_RgbImage_2023-03-23_09-23-11.png,Switchgrass_J272.A_D_T3.13.2023_I APPL 369,0.8949198101482365,1.4286111486144364
Switchgrass,RGB1,J615.A_WW_T3.14.2023_I APPL 247,2023-04-15 12:36:43,0,2,1,2023-04-15_RgbImage_2023-04-15_12-36-42.png,Switchgrass_J615.A_WW_T3.14.2023_I APPL 247,0.9667149059336172,2.88715899316594
Switchgrass,RGB2,J615.A_WW_T3.14.2023_I APPL 247,2023-04-15 12:36:02,0,2,1,2023-04-15_RgbImage_2023-04-15_12-36-01.png,Switchgrass_J615.A_WW_T3.14.2023_I APPL 247,0.9421105914444236,1.4422103720717132
Switchgrass,RGB1,J008.D_D_I APPL 338,2022-12-08 11:58:16,0,2,2,2022-12-8_RgbImage_2022-12-08_11-58-15.png,Switchgrass_J008.D_D_I APPL 338,0.974823313922562,3.1809953679330647
Switchgrass,RGB2,J008.D_D_I APPL 338,2022-12-08 11:56:53,0,2,2,2022-12-8_RgbImage_2022-12-08_11-56-53.png,Switchgrass_J008.D_D_I APPL 338,0.9641754713989014,1.4624594687484205
Switchgrass,RGB1,J215.A_WW_I APPL 21,2022-12-05 12:15:39,0,2,3,2022-12-5_RgbImage_2022-12-05_12-15-38.png,Switchgrass_J215.A_WW_I APPL 21,0.95274301705725,3.2678202339448035
Switchgrass,RGB2,J215.A_WW_I APPL 21,2022-12-05 12:13:31,0,2,3,2022-12-5_RgbImage_2022-12-05_12-13-30.png,Switchgrass_J215.A_WW_I APPL 21,0.6830545325605425,1.477797910105437
Switchgrass,RGB1,VS16_D_I APPL 124,2022-12-05 16:56:19,0,2,3,2022-12-5_RgbImage_2022-12-05_16-56-18.png,Switchgrass_VS16_D_I APPL 124,0.9436541501144078,3.2111707031726837
Switchgrass,RGB2,VS16_D_I APPL 124,2022-12-05 16:54:13,0,2,3,2022-12-5_RgbImage_2022-12-05_16-54-13.png,Switchgrass_VS16_D_I APPL 124,0.9081495039035702,1.4262896100990474
Switchgrass,RGB1,VS16_Xtra_I APPL 129,2022-12-21 17:39:29,0,2,3,2022-12-21_RgbImage_2022-12-21_17-39-28.png,Switchgrass_VS16_Xtra_I APPL 129,0.9723345717198176,3.1038486012257636
Switchgrass,RGB2,VS16_Xtra_I APPL 129,2022-12-21 17:38:10,0,2,3,2022-12-21_RgbImage_2022-12-21_17-38-10.png,Switchgrass_VS16_Xtra_I APPL 129,0.9400502526971172,1.4018144230358303
Switchgrass,RGB1,J215.A_WW_I APPL 131,2022-11-27 15:19:03,0,2,4,2022-11-27_RgbImage_2022-11-27_15-19-03.png,Switchgrass_J215.A_WW_I APPL 131,0.9543384868686662,3.2285796580836177
Switchgrass,RGB2,J215.A_WW_I APPL 131,2022-11-27 15:17:41,0,2,4,2022-11-27_RgbImage_2022-11-27_15-17-40.png,Switchgrass_J215.A_WW_I APPL 131,0.9089690030476575,1.4491788279265165
Switchgrass,RGB1,J215.A_WW_I APPL 21,2022-12-09 12:15:00,0,2,4,2022-12-9_RgbImage_2022-12-09_12-14-59.png,Switchgrass_J215.A_WW_I APPL 21,0.95405558706936,3.2899559256620705
Switchgrass,RGB2,J215.A_WW_I APPL 21,2022-12-09 12:12:53,0,2,4,2022-12-9_RgbImage_2022-12-09_12-12-52.png,Switchgrass_J215.A_WW_I APPL 21,0.8112461214189999,1.4563171747140586
Switchgrass,RGB1,J481.C_D_T3.15.2023_I APPL 118,2023-05-06 16:22:55,0,2,4,2023-05-6_RgbImage_2023-05-06_16-22-54.png,Switchgrass_J481.C_D_T3.15.2023_I APPL 118,0.9624834506307488,3.201092724688351
Switchgrass,RGB2,J481.C_D_T3.15.2023_I APPL 118,2023-05-06 16:22:15,0,2,4,2023-05-6_RgbImage_2023-05-06_16-22-14.png,Switchgrass_J481.C_D_T3.15.2023_I APPL 118,0.8869931362043416,1.4497883189469576
Switchgrass,RGB1,VS16_WW_I APPL 10,2022-11-27 11:51:14,0,2,4,2022-11-27_RgbImage_2022-11-27_11-51-13.png,Switchgrass_VS16_WW_I APPL 10,0.9568480300192066,3.1489752349443734
Switchgrass,RGB2,VS16_WW_I APPL 10,2022-11-27 11:49:53,0,2,4,2022-11-27_RgbImage_2022-11-27_11-49-52.png,Switchgrass_VS16_WW_I APPL 10,0.9358445996892013,1.4253561836667359
Switchgrass,RGB1,J501.B_D_T3.14.2023_I APPL 279,2023-04-07 08:27:30,0,3,0,2023-04-7_RgbImage_2023-04-07_08-27-30.png,Switchgrass_J501.B_D_T3.14.2023_I APPL 279,0.9557092744983164,3.3170709749683738
Switchgrass,RGB1,J501.B_D_T3.14.2023_I APPL 279,2023-05-05 08:27:16,0,3,0,2023-05-5_RgbImage_2023-05-05_08-27-16.png,Switchgrass_J501.B_D_T3.14.2023_I APPL 279,0.9567779564217074,3.2361889663152397
Switchgrass,RGB2,J501.B_D_T3.14.2023_I APPL 279,2023-04-07 08:26:50,0,3,0,2023-04-7_RgbImage_2023-04-07_08-26-49.png,Switchgrass_J501.B_D_T3.14.2023_I APPL 279,0.9158562107621613,1.458433074876666
Switchgrass,RGB2,J501.B_D_T3.14.2023_I APPL 279,2023-05-05 08:26:37,0,3,0,2023-05-5_RgbImage_2023-05-05_08-26-37.png,Switchgrass_J501.B_D_T3.14.2023_I APPL 279,0.9380025250851809,1.3485684171319008
Switchgrass,RGB1,VS16_D_I APPL 60,2022-11-27 13:23:43,0,3,0,2022-11-27_RgbImage_2022-11-27_13-23-42.png,Switchgrass_VS16_D_I APPL 60,0.9364759551440229,3.213395157828927
Switchgrass,RGB1,VS16_D_I APPL 60,2022-12-01 13:23:02,0,3,0,2022-12-1_RgbImage_2022-12-01_13-23-02.png,Switchgrass_VS16_D_I APPL 60,0.9216520848143118,3.1219081566669047
Switchgrass,RGB2,VS16_D_I APPL 60,2022-11-27 13:21:37,0,3,0,2022-11-27_RgbImage_2022-11-27_13-21-37.png,Switchgrass_VS16_D_I APPL 60,0.8514296944162607,1.4302349388599396
Switchgrass,RGB2,VS16_D_I APPL 60,2022-12-01 13:20:56,0,3,0,2022-12-1_RgbImage_2022-12-01_13-20-55.png,Switchgrass_VS16_D_I APPL 60,0.8508238954041305,1.4383416059426963
Switchgrass,RGB1,J215.A_D_I APPL 146,2022-11-27 14:12:44,0,3,1,2022-11-27_RgbImage_2022-11-27_14-12-44.png,Switchgrass_J215.A_D_I APPL 146,0.9505150474751535,3.2782305562868714
Switchgrass,RGB2,J215.A_D_I APPL 146,2022-11-27 14:11:19,0,3,1,2022-11-27_RgbImage_2022-11-27_14-11-19.png,Switchgrass_J215.A_D_I APPL 146,0.6574889869727484,1.4896994228474796
Switchgrass,RGB1,VS16_D_I APPL 402,2022-12-04 11:08:58,0,3,1,2022-12-4_RgbImage_2022-12-04_11-08-58.png,Switchgrass_VS16_D_I APPL 402,0.9623202047250545,3.2637615078128874
Switchgrass,RGB2,VS16_D_I APPL 402,2022-12-04 11:07:37,0,3,1,2022-12-4_RgbImage_2022-12-04_11-07-36.png,Switchgrass_VS16_D_I APPL 402,0.8134368308476019,1.4875175170600414
Switchgrass,RGB1,VS16_D_I APPL 60,2023-01-06 13:15:35,0,3,1,2023-01-6_RgbImage_2023-01-06_13-15-34.png,Switchgrass_VS16_D_I APPL 60,0.95634095634152,3.000686014071107
Switchgrass,RGB2,VS16_D_I APPL 60,2023-01-06 13:14:54,0,3,1,2023-01-6_RgbImage_2023-01-06_13-14-54.png,Switchgrass_VS16_D_I APPL 60,0.7326590337389572,1.47643481194973
Switchgrass,RGB1,J303.A_D_T3.15.2023_I APPL 144,2023-04-08 13:23:37,0,3,2,2023-04-8_RgbImage_2023-04-08_13-23-37.png,Switchgrass_J303.A_D_T3.15.2023_I APPL 144,0.9255733862683188,3.22338183876127
Switchgrass,RGB1,J303.A_D_T3.15.2023_I APPL 144,2023-04-24 13:21:08,0,3,2,2023-04-24_RgbImage_2023-04-24_13-21-08.png,Switchgrass_J303.A_D_T3.15.2023_I APPL 144,0.9440125354069787,3.1642622384242713
Switchgrass,RGB2,J303.A_D_T3.15.2023_I APPL 144,2023-04-08 13:22:57,0,3,2,2023-04-8_RgbImage_2023-04-08_13-22-56.png,Switchgrass_J303.A_D_T3.15.2023_I APPL 144,0.8658870564744451,1.4241168107837439
Switchgrass,RGB2,J303.A_D_T3.15.2023_I APPL 144,2023-04-24 13:20:28,0,3,2,2023-04-24_RgbImage_2023-04-24_13-20-28.png,Switchgrass_J303.A_D_T3.15.2023_I APPL 144,0.8854033978439602,1.3598205619491637
Switchgrass,RGB1,VS16_D_I APPL 402,2022-11-25 11:09:53,0,3,2,2022-11-25_RgbImage_2022-11-25_11-09-52.png,Switchgrass_VS16_D_I APPL 402,0.9549578568768478,3.263122951146215
Switchgrass,RGB2,VS16_D_I APPL 402,2022-11-25 11:08:28,0,3,2,2022-11-25_RgbImage_2022-11-25_11-08-28.png,Switchgrass_VS16_D_I APPL 402,0.8652655920652067,1.4723796946927905
Switchgrass,RGB1,J215.A_WW_I APPL 21,2022-12-03 12:15:55,0,3,4,2022-12-3_RgbImage_2022-12-03_12-15-55.png,Switchgrass_J215.A_WW_I APPL 21,0.9459700163317523,3.2507650051265955
Switchgrass,RGB2,J215.A_WW_I APPL 21,2022-12-03 12:13:47,0,3,4,2022-12-3_RgbImage_2022-12-03_12-13-46.png,Switchgrass_J215.A_WW_I APPL 21,0.6487938183354319,1.5457598990760744
Switchgrass,RGB1,VS16_Xtra_I APPL 129,2022-12-20 17:55:55,0,3,4,2022-12-20_RgbImage_2022-12-20_17-55-54.png,Switchgrass_VS16_Xtra_I APPL 129,0.9591974558271682,3.176780045963824
Switchgrass,RGB1,VS16_Xtra_I APPL 129,2022-12-18 17:40:39,0,3,4,2022-12-18_RgbImage_2022-12-18_17-40-38.png,Switchgrass_VS16_Xtra_I APPL 129,0.9406632063601191,3.159749505110085
Switchgrass,RGB1,VS16_Xtra_I APPL 129,2022-12-14 17:41:49,0,3,4,2022-12-14_RgbImage_2022-12-14_17-41-48.png,Switchgrass_VS16_Xtra_I APPL 129,0.9561224732559129,3.0591094880364835
Switchgrass,RGB2,VS16_Xtra_I APPL 129,2022-12-20 17:54:36,0,3,4,2022-12-20_RgbImage_2022-12-20_17-54-35.png,Switchgrass_VS16_Xtra_I APPL 129,0.9469297193576904,1.4571267548017204
Switchgrass,RGB2,VS16_Xtra_I APPL 129,2022-12-18 17:40:00,0,3,4,2022-12-18_RgbImage_2022-12-18_17-40-00.png,Switchgrass_VS16_Xtra_I APPL 129,0.964576768445393,1.420670504681766
Switchgrass,RGB2,VS16_Xtra_I APPL 129,2022-12-14 17:41:09,0,3,4,2022-12-14_RgbImage_2022-12-14_17-41-08.png,Switchgrass_VS16_Xtra_I APPL 129,0.9653245569384588,1.4620602428913116
Switchgrass,RGB1,J215.A_WW_I APPL 21,2022-11-25 12:17:06,0,4,0,2022-11-25_RgbImage_2022-11-25_12-17-06.png,Switchgrass_J215.A_WW_I APPL 21,0.9268552176676252,3.265159781090915
Switchgrass,RGB2,J215.A_WW_I APPL 21,2022-11-25 12:14:59,0,4,0,2022-11-25_RgbImage_2022-11-25_12-14-58.png,Switchgrass_J215.A_WW_I APPL 21,0.44584760279903174,1.478170884307474
Switchgrass,RGB1,VS16_D_I APPL 60,2022-12-30 13:16:52,0,4,0,2022-12-30_RgbImage_2022-12-30_13-16-51.png,Switchgrass_VS16_D_I APPL 60,0.9349879278523117,3.0129585172981024
Switchgrass,RGB1,VS16_D_I APPL 60,2022-12-14 13:20:17,0,4,0,2022-12-14_RgbImage_2022-12-14_13-20-16.png,Switchgrass_VS16_D_I APPL 60,0.9590328715034221,3.1988319512456656
Switchgrass,RGB1,VS16_D_I APPL 60,2022-12-08 13:21:51,0,4,0,2022-12-8_RgbImage_2022-12-08_13-21-50.png,Switchgrass_VS16_D_I APPL 60,0.951015829491742,2.9341516932472587
Switchgrass,RGB2,VS16_D_I APPL 60,2022-12-30 13:15:29,0,4,0,2022-12-30_RgbImage_2022-12-30_13-15-28.png,Switchgrass_VS16_D_I APPL 60,0.7597439635033987,1.520465794019401
Switchgrass,RGB2,VS16_D_I APPL 60,2022-12-14 13:18:54,0,4,0,2022-12-14_RgbImage_2022-12-14_13-18-54.png,Switchgrass_VS16_D_I APPL 60,0.8092530876373553,1.468682253267616
Switchgrass,RGB2,VS16_D_I APPL 60,2022-12-08 13:19:48,0,4,0,2022-12-8_RgbImage_2022-12-08_13-19-47.png,Switchgrass_VS16_D_I APPL 60,0.7567085673639695,1.4664197657257318
Switchgrass,RGB1,J317.A_D_I APPL 123,2022-11-25 17:08:08,0,4,1,2022-11-25_RgbImage_2022-11-25_17-08-07.png,Switchgrass_J317.A_D_I APPL 123,0.9334898737912096,3.2676273160614073
Switchgrass,RGB1,J317.A_D_I APPL 123,2022-11-28 17:04:13,0,4,1,2022-11-28_RgbImage_2022-11-28_17-04-13.png,Switchgrass_J317.A_D_I APPL 123,0.926882995850578,3.0084654819220304
Switchgrass,RGB2,J317.A_D_I APPL 123,2022-11-25 17:06:43,0,4,1,2022-11-25_RgbImage_2022-11-25_17-06-43.png,Switchgrass_J317.A_D_I APPL 123,0.7449047692517632,1.4574729688465595
Switchgrass,RGB2,J317.A_D_I APPL 123,2022-11-28 17:02:50,0,4,1,2022-11-28_RgbImage_2022-11-28_17-02-50.png,Switchgrass_J317.A_D_I APPL 123,0.7872139549616862,1.466949907131493
Switchgrass,RGB1,VS16_D_I APPL 124,2022-11-25 17:00:29,0,4,1,2022-11-25_RgbImage_2022-11-25_17-00-29.png,Switchgrass_VS16_D_I APPL 124,0.9179104477694725,3.2475200169719756
Switchgrass,RGB2,VS16_D_I APPL 124,2022-11-25 16:58:21,0,4,1,2022-11-25_RgbImage_2022-11-25_16-58-20.png,Switchgrass_VS16_D_I APPL 124,0.061486864694529415,1.4639089382253587
Switchgrass,RGB1,VS16_D_I APPL 124,2022-11-26 16:59:48,0,4,2,2022-11-26_RgbImage_2022-11-26_16-59-48.png,Switchgrass_VS16_D_I APPL 124,0.9015028237865892,3.2236278117634356
Switchgrass,RGB1,VS16_D_I APPL 124,2022-11-27 16:59:26,0,4,2,2022-11-27_RgbImage_2022-11-27_16-59-26.png,Switchgrass_VS16_D_I APPL 124,0.9305071102825769,3.207363560795784
Switchgrass,RGB2,VS16_D_I APPL 124,2022-11-26 16:57:41,0,4,2,2022-11-26_RgbImage_2022-11-26_16-57-40.png,Switchgrass_VS16_D_I APPL 124,0.38281549697628864,1.4751901980489492
Switchgrass,RGB2,VS16_D_I APPL 124,2022-11-27 16:57:17,0,4,2,2022-11-27_RgbImage_2022-11-27_16-57-17.png,Switchgrass_VS16_D_I APPL 124,0.7756383424261576,1.4524335502646863
Switchgrass,RGB1,VS16_Xtra_I APPL 129,2022-11-29 17:47:58,0,4,2,2022-11-29_RgbImage_2022-11-29_17-47-57.png,Switchgrass_VS16_Xtra_I APPL 129,0.9328449328497561,3.253112561069429
Switchgrass,RGB1,VS16_Xtra_I APPL 129,2022-11-25 19:20:05,0,4,2,2022-11-25_RgbImage_2022-11-25_19-20-04.png,Switchgrass_VS16_Xtra_I APPL 129,0.834380610450094,2.822664686013013
Switchgrass,RGB2,VS16_Xtra_I APPL 129,2022-11-29 17:46:34,0,4,2,2022-11-29_RgbImage_2022-11-29_17-46-33.png,Switchgrass_VS16_Xtra_I APPL 129,0.2849872775811109,1.4318872918374836
Switchgrass,RGB2,VS16_Xtra_I APPL 129,2022-11-25 19:18:34,0,4,2,2022-11-25_RgbImage_2022-11-25_19-18-34.png,Switchgrass_VS16_Xtra_I APPL 129,9.090908264462886e-08,1.4989477079361677
Switchgrass,RGB1,J003.F_D_T3.14.2023_I APPL 256,2023-03-24 11:24:56,0,4,3,2023-03-24_RgbImage_2023-03-24_11-24-56.png,Switchgrass_J003.F_D_T3.14.2023_I APPL 256,0.9662165712201851,3.2576828221790493
Switchgrass,RGB2,J003.F_D_T3.14.2023_I APPL 256,2023-03-24 11:24:13,0,4,3,2023-03-24_RgbImage_2023-03-24_11-24-13.png,Switchgrass_J003.F_D_T3.14.2023_I APPL 256,0.6044538707095537,1.4400194478221238
Switchgrass,RGB1,J008.D_D_I APPL 338,2022-11-27 11:58:53,0,4,3,2022-11-27_RgbImage_2022-11-27_11-58-53.png,Switchgrass_J008.D_D_I APPL 338,0.9609607577821055,3.259654820896685
Switchgrass,RGB1,J008.D_D_I APPL 338,2022-11-26 11:58:50,0,4,3,2022-11-26_RgbImage_2022-11-26_11-58-49.png,Switchgrass_J008.D_D_I APPL 338,0.9640658458256134,3.2383600268512964
Switchgrass,RGB2,J008.D_D_I APPL 338,2022-11-27 11:58:11,0,4,3,2022-11-27_RgbImage_2022-11-27_11-58-10.png,Switchgrass_J008.D_D_I APPL 338,0.9392408937909978,1.448352053295821
Switchgrass,RGB2,J008.D_D_I APPL 338,2022-11-26 11:58:08,0,4,3,2022-11-26_RgbImage_2022-11-26_11-58-07.png,Switchgrass_J008.D_D_I APPL 338,0.9236272581001943,1.4344900040887296
Switchgrass,RGB1,J021.C_D_T3.15.2023_I APPL 177,2023-03-25 09:06:22,0,4,3,2023-03-25_RgbImage_2023-03-25_09-06-22.png,Switchgrass_J021.C_D_T3.15.2023_I APPL 177,0.9680595581210303,3.2400680370628834
Switchgrass,RGB2,J021.C_D_T3.15.2023_I APPL 177,2023-03-25 09:05:39,0,4,3,2023-03-25_RgbImage_2023-03-25_09-05-39.png,Switchgrass_J021.C_D_T3.15.2023_I APPL 177,6.211180085644844e-09,1.3939556418918073
Switchgrass,RGB1,J003.F_WW_T3.14.2023_I APPL 199,2023-04-07 18:30:51,0,4,4,2023-04-7_RgbImage_2023-04-07_18-30-50.png,Switchgrass_J003.F_WW_T3.14.2023_I APPL 199,0.9677203545797424,3.2482764469459653
Switchgrass,RGB1,J003.F_WW_T3.14.2023_I APPL 199,2023-03-24 18:34:29,0,4,4,2023-03-24_RgbImage_2023-03-24_18-34-28.png,Switchgrass_J003.F_WW_T3.14.2023_I APPL 199,0.9505910882160366,3.159867155831307
Switchgrass,RGB1,J003.F_WW_T3.14.2023_I APPL 199,2023-03-31 18:31:35,0,4,4,2023-03-31_RgbImage_2023-03-31_18-31-34.png,Switchgrass_J003.F_WW_T3.14.2023_I APPL 199,0.914166811181868,3.252955524250865
Switchgrass,RGB1,J003.F_WW_T3.14.2023_I APPL 199,2023-04-15 18:24:57,0,4,4,2023-04-15_RgbImage_2023-04-15_18-24-56.png,Switchgrass_J003.F_WW_T3.14.2023_I APPL 199,0.9470244238137213,3.238969388883561
Switchgrass,RGB2,J003.F_WW_T3.14.2023_I APPL 199,2023-04-07 18:30:08,0,4,4,2023-04-7_RgbImage_2023-04-07_18-30-07.png,Switchgrass_J003.F_WW_T3.14.2023_I APPL 199,8.149959243561564e-10,1.411532845813781
Switchgrass,RGB2,J003.F_WW_T3.14.2023_I APPL 199,2023-03-24 18:33:45,0,4,4,2023-03-24_RgbImage_2023-03-24_18-33-45.png,Switchgrass_J003.F_WW_T3.14.2023_I APPL 199,1.988071566624112e-09,1.462216837797314
Switchgrass,RGB2,J003.F_WW_T3.14.2023_I APPL 199,2023-03-31 18:30:51,0,4,4,2023-03-31_RgbImage_2023-03-31_18-30-51.png,Switchgrass_J003.F_WW_T3.14.2023_I APPL 199,1.1248593913106192e-09,1.4379791812971234
Switchgrass,RGB2,J003.F_WW_T3.14.2023_I APPL 199,2023-04-15 18:24:13,0,4,4,2023-04-15_RgbImage_2023-04-15_18-24-12.png,Switchgrass_J003.F_WW_T3.14.2023_I APPL 199,8.090614880185585e-10,1.4437861302867532
Switchgrass,RGB1,AP13_WW_I APPL 133,2022-11-29 15:27:38,1,0,0,2022-11-29_RgbImage_2022-11-29_15-27-38.png,Switchgrass_AP13_WW_I APPL 133,0.888049949195869,2.9913963060826063
Switchgrass,RGB2,AP13_WW_I APPL 133,2022-11-29 15:25:30,1,0,0,2022-11-29_RgbImage_2022-11-29_15-25-30.png,Switchgrass_AP13_WW_I APPL 133,0.5267600231101554,1.3951104348525405
Switchgrass,RGB1,J235.A_WW_T3.13.2023_I APPL 332,2023-03-30 13:58:02,1,0,0,2023-03-30_RgbImage_2023-03-30_13-58-01.png,Switchgrass_J235.A_WW_T3.13.2023_I APPL 332,0.9686625020024433,3.043409471400082
Switchgrass,RGB2,J235.A_WW_T3.13.2023_I APPL 332,2023-03-30 13:57:24,1,0,0,2023-03-30_RgbImage_2023-03-30_13-57-24.png,Switchgrass_J235.A_WW_T3.13.2023_I APPL 332,0.9362482496956841,1.4634067467413843
Switchgrass,RGB1,J249.C_D_T3.12.2023_I APPL 406,2023-03-29 16:19:53,1,0,0,2023-03-29_RgbImage_2023-03-29_16-19-53.png,Switchgrass_J249.C_D_T3.12.2023_I APPL 406,0.9675188892298804,3.2867146539501846
Switchgrass,RGB2,J249.C_D_T3.12.2023_I APPL 406,2023-03-29 16:19:14,1,0,0,2023-03-29_RgbImage_2023-03-29_16-19-14.png,Switchgrass_J249.C_D_T3.12.2023_I APPL 406,0.9488247359422918,1.4935300629585981
Switchgrass,RGB1,J211.A_D_T3.14.2023_I APPL 239,2023-03-31 13:30:13,1,0,1,2023-03-31_RgbImage_2023-03-31_13-30-12.png,Switchgrass_J211.A_D_T3.14.2023_I APPL 239,0.9540160000007357,3.2193841370753944
Switchgrass,RGB2,J211.A_D_T3.14.2023_I APPL 239,2023-03-31 13:29:31,1,0,1,2023-03-31_RgbImage_2023-03-31_13-29-31.png,Switchgrass_J211.A_D_T3.14.2023_I APPL 239,0.9467259062414699,1.4525957866571844
Switchgrass,RGB1,J416.A_WW_T3.12.2023_I APPL 425,2023-03-29 13:58:46,1,0,1,2023-03-29_RgbImage_2023-03-29_13-58-45.png,Switchgrass_J416.A_WW_T3.12.2023_I APPL 425,0.9380268441810663,3.0483009787276387
Switchgrass,RGB2,J416.A_WW_T3.12.2023_I APPL 425,2023-03-29 13:58:06,1,0,1,2023-03-29_RgbImage_2023-03-29_13-58-05.png,Switchgrass_J416.A_WW_T3.12.2023_I APPL 425,0.9622096102914786,1.4554150667972863
Switchgrass,RGB1,J215.A_WW_T3.16.2023_I APPL 33,2023-04-02 15:11:44,1,0,2,2023-04-2_RgbImage_2023-04-02_15-11-43.png,Switchgrass_J215.A_WW_T3.16.2023_I APPL 33,0.9740099632669073,3.2546937987208366
Switchgrass,RGB2,J215.A_WW_T3.16.2023_I APPL 33,2023-04-02 15:11:04,1,0,2,2023-04-2_RgbImage_2023-04-02_15-11-03.png,Switchgrass_J215.A_WW_T3.16.2023_I APPL 33,0.938007850662287,1.4811864751391113
Switchgrass,RGB1,J461.C_WW_T3.15.2023_I APPL 136,2023-04-01 14:15:51,1,0,2,2023-04-1_RgbImage_2023-04-01_14-15-50.png,Switchgrass_J461.C_WW_T3.15.2023_I APPL 136,0.9524664392724859,3.2311842180788517
Switchgrass,RGB2,J461.C_WW_T3.15.2023_I APPL 136,2023-04-01 14:15:11,1,0,2,2023-04-1_RgbImage_2023-04-01_14-15-10.png,Switchgrass_J461.C_WW_T3.15.2023_I APPL 136,0.937787317198685,1.4472413528710604
Switchgrass,RGB1,J600.A_WW_T3.14.2023_I APPL 226,2023-03-31 15:19:15,1,0,2,2023-03-31_RgbImage_2023-03-31_15-19-14.png,Switchgrass_J600.A_WW_T3.14.2023_I APPL 226,0.9508163160861967,3.2136186161078513
Switchgrass,RGB2,J600.A_WW_T3.14.2023_I APPL 226,2023-03-31 15:18:34,1,0,2,2023-03-31_RgbImage_2023-03-31_15-18-33.png,Switchgrass_J600.A_WW_T3.14.2023_I APPL 226,0.9631214061171791,1.4615037092007697
Switchgrass,RGB1,J181.A_WW_T3.13.2023_I APPL 310,2023-04-06 16:43:33,1,0,3,2023-04-6_RgbImage_2023-04-06_16-43-32.png,Switchgrass_J181.A_WW_T3.13.2023_I APPL 310,0.9433244987030941,3.2459848620928824
Switchgrass,RGB2,J181.A_WW_T3.13.2023_I APPL 310,2023-04-06 16:42:51,1,0,3,2023-04-6_RgbImage_2023-04-06_16-42-50.png,Switchgrass_J181.A_WW_T3.13.2023_I APPL 310,0.9059125964038738,1.464277143124491
Switchgrass,RGB1,J322.A_D_T3.12.2023_I APPL 424,2023-03-29 14:07:09,1,0,3,2023-03-29_RgbImage_2023-03-29_14-07-08.png,Switchgrass_J322.A_D_T3.12.2023_I APPL 424,0.9297046229780144,3.0403620777651668
Switchgrass,RGB2,J322.A_D_T3.12.2023_I APPL 424,2023-03-29 14:06:27,1,0,3,2023-03-29_RgbImage_2023-03-29_14-06-26.png,Switchgrass_J322.A_D_T3.12.2023_I APPL 424,0.898698537976473,1.4831348187290132
Switchgrass,RGB1,J446.B_D_T3.12.2023_I APPL 413,2023-03-29 15:22:04,1,0,3,2023-03-29_RgbImage_2023-03-29_15-22-03.png,Switchgrass_J446.B_D_T3.12.2023_I APPL 413,0.965813662855407,3.228722863830626
Switchgrass,RGB2,J446.B_D_T3.12.2023_I APPL 413,2023-03-29 15:21:20,1,0,3,2023-03-29_RgbImage_2023-03-29_15-21-20.png,Switchgrass_J446.B_D_T3.12.2023_I APPL 413,0.9651125858813581,1.4240670441649854
Switchgrass,RGB1,J585.A_WW_T3.14.2023_I APPL 268,2023-04-07 09:59:30,1,0,3,2023-04-7_RgbImage_2023-04-07_09-59-30.png,Switchgrass_J585.A_WW_T3.14.2023_I APPL 268,0.9551837620831953,3.168526215944439
Switchgrass,RGB2,J585.A_WW_T3.14.2023_I APPL 268,2023-04-07 09:58:52,1,0,3,2023-04-7_RgbImage_2023-04-07_09-58-51.png,Switchgrass_J585.A_WW_T3.14.2023_I APPL 268,0.9586849094029066,1.40841746609658
Switchgrass,RGB1,J340.A_D_T3.13.2023_I APPL 343,2023-04-28 12:38:02,1,0,4,2023-04-28_RgbImage_2023-04-28_12-38-02.png,Switchgrass_J340.A_D_T3.13.2023_I APPL 343,0.9472268576220244,3.1564473169855773
Switchgrass,RGB2,J340.A_D_T3.13.2023_I APPL 343,2023-04-28 12:37:23,1,0,4,2023-04-28_RgbImage_2023-04-28_12-37-23.png,Switchgrass_J340.A_D_T3.13.2023_I APPL 343,0.9624092335989282,1.4972256207838655
Switchgrass,RGB1,J466.A_D_T3.15.2023_I APPL 173,2023-04-08 09:38:14,1,0,4,2023-04-8_RgbImage_2023-04-08_09-38-13.png,Switchgrass_J466.A_D_T3.15.2023_I APPL 173,0.9469767995597672,3.259260472841561
Switchgrass,RGB2,J466.A_D_T3.15.2023_I APPL 173,2023-04-08 09:37:36,1,0,4,2023-04-8_RgbImage_2023-04-08_09-37-35.png,Switchgrass_J466.A_D_T3.15.2023_I APPL 173,0.9266646210499249,1.455820884089917
Switchgrass,RGB1,J482.C_WW_T3.15.2023_I APPL 103,2023-04-01 18:36:02,1,0,4,2023-04-1_RgbImage_2023-04-01_18-36-01.png,Switchgrass_J482.C_WW_T3.15.2023_I APPL 103,0.9613896554457867,3.2789032934233546
Switchgrass,RGB2,J482.C_WW_T3.15.2023_I APPL 103,2023-04-01 18:35:22,1,0,4,2023-04-1_RgbImage_2023-04-01_18-35-21.png,Switchgrass_J482.C_WW_T3.15.2023_I APPL 103,0.9604300305371897,1.4574497542344034
Switchgrass,RGB1,AP13_WW_I APPL 133,2022-12-15 15:23:38,1,1,0,2022-12-15_RgbImage_2022-12-15_15-23-37.png,Switchgrass_AP13_WW_I APPL 133,0.9557969309278335,3.132385872770101
Switchgrass,RGB1,AP13_WW_I APPL 133,2022-12-21 15:21:53,1,1,0,2022-12-21_RgbImage_2022-12-21_15-21-52.png,Switchgrass_AP13_WW_I APPL 133,0.9467756335420585,3.172196145169437
Switchgrass,RGB2,AP13_WW_I APPL 133,2022-12-15 15:21:33,1,1,0,2022-12-15_RgbImage_2022-12-15_15-21-32.png,Switchgrass_AP13_WW_I APPL 133,0.9412706011979272,1.3091014218516648
Switchgrass,RGB2,AP13_WW_I APPL 133,2022-12-21 15:19:49,1,1,0,2022-12-21_RgbImage_2022-12-21_15-19-49.png,Switchgrass_AP13_WW_I APPL 133,0.9445139189632452,1.5091946199536324
Switchgrass,RGB1,J341.A_D_T3.14.2023_I APPL 248,2023-04-07 12:31:15,1,1,0,2023-04-7_RgbImage_2023-04-07_12-31-15.png,Switchgrass_J341.A_D_T3.14.2023_I APPL 248,0.9735600152820777,3.277285483200103
Switchgrass,RGB2,J341.A_D_T3.14.2023_I APPL 248,2023-04-07 12:30:36,1,1,0,2023-04-7_RgbImage_2023-04-07_12-30-36.png,Switchgrass_J341.A_D_T3.14.2023_I APPL 248,0.9175464704897122,1.5056123081594706
Switchgrass,RGB1,J008.D_Xtra_I APPL 122,2022-12-19 17:16:27,1,1,1,2022-12-19_RgbImage_2022-12-19_17-16-26.png,Switchgrass_J008.D_Xtra_I APPL 122,0.9733853295705929,3.2460537417791784
Switchgrass,RGB2,J008.D_Xtra_I APPL 122,2022-12-19 17:15:08,1,1,1,2022-12-19_RgbImage_2022-12-19_17-15-07.png,Switchgrass_J008.D_Xtra_I APPL 122,0.9767861930768366,1.4590387679636478
Switchgrass,RGB1,J209.A_D_T3.16.2023_I APPL 14,2023-04-02 17:34:52,1,1,1,2023-04-2_RgbImage_2023-04-02_17-34-52.png,Switchgrass_J209.A_D_T3.16.2023_I APPL 14,0.9759800700297578,3.1648611738346517
Switchgrass,RGB2,J209.A_D_T3.16.2023_I APPL 14,2023-04-02 17:34:11,1,1,1,2023-04-2_RgbImage_2023-04-02_17-34-11.png,Switchgrass_J209.A_D_T3.16.2023_I APPL 14,0.9201991892307667,1.436308128759265
Switchgrass,RGB1,J652.A_WW_T3.15.2023_I APPL 129,2023-04-08 15:12:12,1,1,1,2023-04-8_RgbImage_2023-04-08_15-12-12.png,Switchgrass_J652.A_WW_T3.15.2023_I APPL 129,0.9595011182971926,2.9644072838127613
Switchgrass,RGB2,J652.A_WW_T3.15.2023_I APPL 129,2023-04-08 15:11:32,1,1,1,2023-04-8_RgbImage_2023-04-08_15-11-32.png,Switchgrass_J652.A_WW_T3.15.2023_I APPL 129,0.9643720862471511,1.5371394380927086
Switchgrass,RGB1,J020.C_WW_T3.12.2023_I APPL 496,2023-04-12 09:55:42,1,1,2,2023-04-12_RgbImage_2023-04-12_09-55-42.png,Switchgrass_J020.C_WW_T3.12.2023_I APPL 496,0.9566762860156962,3.054524064064026
Switchgrass,RGB2,J020.C_WW_T3.12.2023_I APPL 496,2023-04-12 09:55:00,1,1,2,2023-04-12_RgbImage_2023-04-12_09-55-00.png,Switchgrass_J020.C_WW_T3.12.2023_I APPL 496,0.9240392231853263,1.465834897942841
Switchgrass,RGB1,J458.C_D_T3.15.2023_I APPL 120,2023-04-08 16:10:40,1,1,2,2023-04-8_RgbImage_2023-04-08_16-10-39.png,Switchgrass_J458.C_D_T3.15.2023_I APPL 120,0.9386941711482255,3.279284001328051
Switchgrass,RGB2,J458.C_D_T3.15.2023_I APPL 120,2023-04-08 16:10:00,1,1,2,2023-04-8_RgbImage_2023-04-08_16-10-00.png,Switchgrass_J458.C_D_T3.15.2023_I APPL 120,0.9462311018283464,1.4819532339461148
Switchgrass,RGB1,J576.A_WW_T3.14.2023_I APPL 263,2023-03-31 10:42:10,1,1,2,2023-03-31_RgbImage_2023-03-31_10-42-09.png,Switchgrass_J576.A_WW_T3.14.2023_I APPL 263,0.9609336405035979,3.1697962656617165
Switchgrass,RGB2,J576.A_WW_T3.14.2023_I APPL 263,2023-03-31 10:41:30,1,1,2,2023-03-31_RgbImage_2023-03-31_10-41-29.png,Switchgrass_J576.A_WW_T3.14.2023_I APPL 263,0.9460360674680933,1.4520031460560858
Switchgrass,RGB1,J008.D_D_I APPL 5,2022-11-30 10:37:07,1,1,3,2022-11-30_RgbImage_2022-11-30_10-37-07.png,Switchgrass_J008.D_D_I APPL 5,0.9476655911950165,3.2166772866621614
Switchgrass,RGB2,J008.D_D_I APPL 5,2022-11-30 10:35:00,1,1,3,2022-11-30_RgbImage_2022-11-30_10-35-00.png,Switchgrass_J008.D_D_I APPL 5,0.8989108474048696,1.5120023689232767
Switchgrass,RGB1,J327.A_WW_T3.12.2023_I APPL 418,2023-03-29 14:40:20,1,1,3,2023-03-29_RgbImage_2023-03-29_14-40-20.png,Switchgrass_J327.A_WW_T3.12.2023_I APPL 418,0.9651189179376773,3.2170106167905033
Switchgrass,RGB2,J327.A_WW_T3.12.2023_I APPL 418,2023-03-29 14:39:45,1,1,3,2023-03-29_RgbImage_2023-03-29_14-39-44.png,Switchgrass_J327.A_WW_T3.12.2023_I APPL 418,0.9607715837445485,1.479709941893816
Switchgrass,RGB1,J458.B_WW_T3.14.2023_I APPL 252,2023-04-22 11:54:58,1,1,3,2023-04-22_RgbImage_2023-04-22_11-54-58.png,Switchgrass_J458.B_WW_T3.14.2023_I APPL 252,0.9648510746859976,3.2159110167995095
Switchgrass,RGB2,J458.B_WW_T3.14.2023_I APPL 252,2023-04-22 11:54:24,1,1,3,2023-04-22_RgbImage_2023-04-22_11-54-23.png,Switchgrass_J458.B_WW_T3.14.2023_I APPL 252,0.938903708252964,1.4708720613270998
Switchgrass,RGB1,J586.B_WW_T3.16.2023_I APPL 63,2023-04-17 11:31:22,1,1,3,2023-04-17_RgbImage_2023-04-17_11-31-22.png,Switchgrass_J586.B_WW_T3.16.2023_I APPL 63,0.9467919325804935,3.176801301073283
Switchgrass,RGB2,J586.B_WW_T3.16.2023_I APPL 63,2023-04-17 11:30:43,1,1,3,2023-04-17_RgbImage_2023-04-17_11-30-42.png,Switchgrass_J586.B_WW_T3.16.2023_I APPL 63,0.9537062492086055,1.4401058796793222
Switchgrass,RGB1,J182.A_WW_T3.13.2023_I APPL 385,2023-04-20 07:26:07,1,1,4,2023-04-20_RgbImage_2023-04-20_07-26-07.png,Switchgrass_J182.A_WW_T3.13.2023_I APPL 385,0.95095295946506,2.9829715937376022
Switchgrass,RGB2,J182.A_WW_T3.13.2023_I APPL 385,2023-04-20 07:25:29,1,1,4,2023-04-20_RgbImage_2023-04-20_07-25-28.png,Switchgrass_J182.A_WW_T3.13.2023_I APPL 385,0.9557564293946821,1.4899939959868789
Switchgrass,RGB1,J215.A_WW_I APPL 152,2022-12-15 13:53:38,1,1,4,2022-12-15_RgbImage_2022-12-15_13-53-38.png,Switchgrass_J215.A_WW_I APPL 152,0.9599657720245692,3.283365488052368
Switchgrass,RGB1,J215.A_WW_I APPL 152,2022-12-06 13:55:05,1,1,4,2022-12-6_RgbImage_2022-12-06_13-55-04.png,Switchgrass_J215.A_WW_I APPL 152,0.9442280547881502,3.275373897049576
Switchgrass,RGB2,J215.A_WW_I APPL 152,2022-12-15 13:51:37,1,1,4,2022-12-15_RgbImage_2022-12-15_13-51-37.png,Switchgrass_J215.A_WW_I APPL 152,0.9542728559871706,1.4971525319851935
Switchgrass,RGB2,J215.A_WW_I APPL 152,2022-12-06 13:53:04,1,1,4,2022-12-6_RgbImage_2022-12-06_13-53-04.png,Switchgrass_J215.A_WW_I APPL 152,0.9377134278229079,1.382023329846561
Switchgrass,RGB1,J477.B_WW_T3.16.2023_I APPL 38,2023-04-10 14:27:24,1,1,4,2023-04-10_RgbImage_2023-04-10_14-27-24.png,Switchgrass_J477.B_WW_T3.16.2023_I APPL 38,0.9715538094979559,3.1691566961817443
Switchgrass,RGB2,J477.B_WW_T3.16.2023_I APPL 38,2023-04-10 14:26:45,1,1,4,2023-04-10_RgbImage_2023-04-10_14-26-45.png,Switchgrass_J477.B_WW_T3.16.2023_I APPL 38,0.9419897522816397,1.4328837739303708
Switchgrass,RGB1,J235.A_D_T3.13.2023_I APPL 297,2023-04-14 23:05:00,1,2,0,2023-04-14_RgbImage_2023-04-14_23-04-59.png,Switchgrass_J235.A_D_T3.13.2023_I APPL 297,0.9670876365054248,3.218639126047492
Switchgrass,RGB2,J235.A_D_T3.13.2023_I APPL 297,2023-04-14 23:04:19,1,2,0,2023-04-14_RgbImage_2023-04-14_23-04-18.png,Switchgrass_J235.A_D_T3.13.2023_I APPL 297,0.8644051316961286,1.5020318171009421
Switchgrass,RGB1,J251.B_WW_T3.12.2023_I APPL 518,2023-04-05 09:31:13,1,2,0,2023-04-5_RgbImage_2023-04-05_09-31-12.png,Switchgrass_J251.B_WW_T3.12.2023_I APPL 518,0.9828860238583896,3.245723646134138
Switchgrass,RGB2,J251.B_WW_T3.12.2023_I APPL 518,2023-04-05 09:30:38,1,2,0,2023-04-5_RgbImage_2023-04-05_09-30-37.png,Switchgrass_J251.B_WW_T3.12.2023_I APPL 518,0.9584635339900471,1.4643750372342765
Switchgrass,RGB1,J587.C_D_T3.16.2023_I APPL 37,2023-04-10 14:35:46,1,2,0,2023-04-10_RgbImage_2023-04-10_14-35-46.png,Switchgrass_J587.C_D_T3.16.2023_I APPL 37,0.9621096460794624,2.977569429203868
Switchgrass,RGB2,J587.C_D_T3.16.2023_I APPL 37,2023-04-10 14:35:06,1,2,0,2023-04-10_RgbImage_2023-04-10_14-35-05.png,Switchgrass_J587.C_D_T3.16.2023_I APPL 37,0.9548655876146102,1.4815477360971272
Switchgrass,RGB1,J306.A_WW_T3.12.2023_I APPL 437,2023-04-12 12:14:51,1,2,1,2023-04-12_RgbImage_2023-04-12_12-14-51.png,Switchgrass_J306.A_WW_T3.12.2023_I APPL 437,0.9341841319409446,2.998081122059375
Switchgrass,RGB2,J306.A_WW_T3.12.2023_I APPL 437,2023-04-12 12:14:12,1,2,1,2023-04-12_RgbImage_2023-04-12_12-14-11.png,Switchgrass_J306.A_WW_T3.12.2023_I APPL 437,0.962111519110808,1.4692667960189283
Switchgrass,RGB1,J621.C_WW_T3.16.2023_I APPL 73,2023-04-17 10:07:22,1,2,1,2023-04-17_RgbImage_2023-04-17_10-07-22.png,Switchgrass_J621.C_WW_T3.16.2023_I APPL 73,0.9325909690208493,3.1891408101655543
Switchgrass,RGB2,J621.C_WW_T3.16.2023_I APPL 73,2023-04-17 10:06:45,1,2,1,2023-04-17_RgbImage_2023-04-17_10-06-44.png,Switchgrass_J621.C_WW_T3.16.2023_I APPL 73,0.9466275211922401,1.493743546307087
Switchgrass,RGB1,Rambo 5_D_T3.15.2023_I APPL 138,2023-04-16 13:55:15,1,2,1,2023-04-16_RgbImage_2023-04-16_13-55-15.png,Switchgrass_Rambo 5_D_T3.15.2023_I APPL 138,0.9094394789600665,3.2490037879906595
Switchgrass,RGB2,Rambo 5_D_T3.15.2023_I APPL 138,2023-04-16 13:54:36,1,2,1,2023-04-16_RgbImage_2023-04-16_13-54-36.png,Switchgrass_Rambo 5_D_T3.15.2023_I APPL 138,0.9551148642626427,1.451779942959547
Switchgrass,RGB1,AP13_D_I APPL 261,2022-12-06 11:41:05,1,2,2,2022-12-6_RgbImage_2022-12-06_11-41-04.png,Switchgrass_AP13_D_I APPL 261,0.9541682129486676,3.2425734880380332
Switchgrass,RGB2,AP13_D_I APPL 261,2022-12-06 11:40:26,1,2,2,2022-12-6_RgbImage_2022-12-06_11-40-25.png,Switchgrass_AP13_D_I APPL 261,0.9242251704703963,1.4913272471167147
Switchgrass,RGB1,J008.D_Xtra_I APPL 122,2022-12-08 17:19:01,1,2,2,2022-12-8_RgbImage_2022-12-08_17-19-00.png,Switchgrass_J008.D_Xtra_I APPL 122,0.9345961002791588,2.977102185599506
Switchgrass,RGB2,J008.D_Xtra_I APPL 122,2022-12-08 17:18:22,1,2,2,2022-12-8_RgbImage_2022-12-08_17-18-21.png,Switchgrass_J008.D_Xtra_I APPL 122,0.9646436219425328,1.4988108458928764
Switchgrass,RGB1,J306.B_WW_T3.12.2023_I APPL 517,2023-03-29 07:19:54,1,2,2,2023-03-29_RgbImage_2023-03-29_07-19-53.png,Switchgrass_J306.B_WW_T3.12.2023_I APPL 517,0.9630503472684604,3.1948460680432618
Switchgrass,RGB2,J306.B_WW_T3.12.2023_I APPL 517,2023-03-29 07:19:14,1,2,2,2023-03-29_RgbImage_2023-03-29_07-19-14.png,Switchgrass_J306.B_WW_T3.12.2023_I APPL 517,0.911300552260214,1.4872660981491208
Switchgrass,RGB1,J215.A_D_I APPL 121,2022-11-30 16:33:11,1,2,3,2022-11-30_RgbImage_2022-11-30_16-33-11.png,Switchgrass_J215.A_D_I APPL 121,0.948629322799823,3.2317953002639115
Switchgrass,RGB2,J215.A_D_I APPL 121,2022-11-30 16:31:50,1,2,3,2022-11-30_RgbImage_2022-11-30_16-31-50.png,Switchgrass_J215.A_D_I APPL 121,0.8883443559592391,1.4618672849610448
Switchgrass,RGB1,J215.A_D_I APPL 4,2022-11-30 10:45:17,1,2,3,2022-11-30_RgbImage_2022-11-30_10-45-16.png,Switchgrass_J215.A_D_I APPL 4,0.974144493583819,3.0542550929822028
Switchgrass,RGB2,J215.A_D_I APPL 4,2022-11-30 10:43:17,1,2,3,2022-11-30_RgbImage_2022-11-30_10-43-16.png,Switchgrass_J215.A_D_I APPL 4,0.9432458075783985,1.524078651331365
Switchgrass,RGB1,J215.A_WW_I APPL 131,2022-12-11 15:14:55,1,2,3,2022-12-11_RgbImage_2022-12-11_15-14-55.png,Switchgrass_J215.A_WW_I APPL 131,0.9565861521324307,3.2323700161650777
Switchgrass,RGB2,J215.A_WW_I APPL 131,2022-12-11 15:13:36,1,2,3,2022-12-11_RgbImage_2022-12-11_15-13-35.png,Switchgrass_J215.A_WW_I APPL 131,0.9527269995967221,1.4893163740634918
Switchgrass,RGB1,J618.A_WW_T3.14.2023_I APPL 255,2023-04-15 11:30:34,1,2,3,2023-04-15_RgbImage_2023-04-15_11-30-33.png,Switchgrass_J618.A_WW_T3.14.2023_I APPL 255,0.9680435277863374,3.1412262651138008
Switchgrass,RGB2,J618.A_WW_T3.14.2023_I APPL 255,2023-04-15 11:29:56,1,2,3,2023-04-15_RgbImage_2023-04-15_11-29-56.png,Switchgrass_J618.A_WW_T3.14.2023_I APPL 255,0.953872909935405,1.4614815348759294
Switchgrass,RGB1,J215.A_D_I APPL 121,2022-11-27 16:33:59,1,2,4,2022-11-27_RgbImage_2022-11-27_16-33-59.png,Switchgrass_J215.A_D_I APPL 121,0.9243055271454051,3.2500690408051014
Switchgrass,RGB1,J215.A_D_I APPL 121,2022-12-08 16:30:26,1,2,4,2022-12-8_RgbImage_2022-12-08_16-30-25.png,Switchgrass_J215.A_D_I APPL 121,0.9286241207459726,3.258155439980328
Switchgrass,RGB2,J215.A_D_I APPL 121,2022-11-27 16:32:39,1,2,4,2022-11-27_RgbImage_2022-11-27_16-32-39.png,Switchgrass_J215.A_D_I APPL 121,0.887473819338432,1.5028862319886684
Switchgrass,RGB2,J215.A_D_I APPL 121,2022-12-08 16:29:07,1,2,4,2022-12-8_RgbImage_2022-12-08_16-29-07.png,Switchgrass_J215.A_D_I APPL 121,0.9145429882542457,1.3502892069518566
Switchgrass,RGB1,J215.A_WW_I APPL 21,2022-12-11 12:14:41,1,2,4,2022-12-11_RgbImage_2022-12-11_12-14-41.png,Switchgrass_J215.A_WW_I APPL 21,0.9650191608537629,3.21520259603858
Switchgrass,RGB2,J215.A_WW_I APPL 21,2022-12-11 12:12:36,1,2,4,2022-12-11_RgbImage_2022-12-11_12-12-35.png,Switchgrass_J215.A_WW_I APPL 21,0.8601505678222927,1.432676793076098
Switchgrass,RGB1,VS16_D_I APPL 124,2022-12-15 16:53:50,1,2,4,2022-12-15_RgbImage_2022-12-15_16-53-50.png,Switchgrass_VS16_D_I APPL 124,0.9460010235895779,3.1996638760901988
Switchgrass,RGB2,VS16_D_I APPL 124,2022-12-15 16:51:46,1,2,4,2022-12-15_RgbImage_2022-12-15_16-51-45.png,Switchgrass_VS16_D_I APPL 124,0.9520660943153968,1.463355046696961
Switchgrass,RGB1,J008.B_WW_T3.13.2023_I APPL 330,2023-04-14 19:05:41,1,3,0,2023-04-14_RgbImage_2023-04-14_19-05-41.png,Switchgrass_J008.B_WW_T3.13.2023_I APPL 330,0.9713610276421591,3.2658482557162642
Switchgrass,RGB2,J008.B_WW_T3.13.2023_I APPL 330,2023-04-14 19:05:10,1,3,0,2023-04-14_RgbImage_2023-04-14_19-05-10.png,Switchgrass_J008.B_WW_T3.13.2023_I APPL 330,0.8936414301085706,1.4775851941667497
Switchgrass,RGB1,J484.A_D_T3.16.2023_I APPL 50,2023-04-17 13:02:39,1,3,0,2023-04-17_RgbImage_2023-04-17_13-02-39.png,Switchgrass_J484.A_D_T3.16.2023_I APPL 50,0.9335599217811998,3.0163313881494105
Switchgrass,RGB2,J484.A_D_T3.16.2023_I APPL 50,2023-04-17 13:02:00,1,3,0,2023-04-17_RgbImage_2023-04-17_13-01-59.png,Switchgrass_J484.A_D_T3.16.2023_I APPL 50,0.9318478475847868,1.485369951929897
Switchgrass,RGB1,J587.C_D_T3.16.2023_I APPL 37,2023-04-17 14:33:58,1,3,0,2023-04-17_RgbImage_2023-04-17_14-33-57.png,Switchgrass_J587.C_D_T3.16.2023_I APPL 37,0.9558523547895663,3.0007318928837776
Switchgrass,RGB2,J587.C_D_T3.16.2023_I APPL 37,2023-04-17 14:33:20,1,3,0,2023-04-17_RgbImage_2023-04-17_14-33-19.png,Switchgrass_J587.C_D_T3.16.2023_I APPL 37,0.8992056487208473,1.4298798143863678
Switchgrass,RGB1,AP13_D_I APPL 261,2022-12-16 11:40:58,1,3,1,2022-12-16_RgbImage_2022-12-16_11-40-58.png,Switchgrass_AP13_D_I APPL 261,0.9680968172737252,3.1883659129962325
Switchgrass,RGB2,AP13_D_I APPL 261,2022-12-16 11:39:42,1,3,1,2022-12-16_RgbImage_2022-12-16_11-39-42.png,Switchgrass_AP13_D_I APPL 261,0.9260164453933637,1.443902628030628
Switchgrass,RGB1,J216.A_WW_T3.14.2023_I APPL 209,2023-04-15 17:18:06,1,3,1,2023-04-15_RgbImage_2023-04-15_17-18-05.png,Switchgrass_J216.A_WW_T3.14.2023_I APPL 209,0.974147470073467,3.2702071061357856
Switchgrass,RGB2,J216.A_WW_T3.14.2023_I APPL 209,2023-04-15 17:17:33,1,3,1,2023-04-15_RgbImage_2023-04-15_17-17-32.png,Switchgrass_J216.A_WW_T3.14.2023_I APPL 209,0.9652393280818512,1.4686974892392755
Switchgrass,RGB1,VS16_D_I APPL 60,2023-02-04 13:13:21,1,3,1,2023-02-4_RgbImage_2023-02-04_13-13-20.png,Switchgrass_VS16_D_I APPL 60,0.946938665335374,3.0284899761900306
Switchgrass,RGB1,VS16_D_I APPL 60,2023-01-23 13:34:16,1,3,1,2023-01-23_RgbImage_2023-01-23_13-34-15.png,Switchgrass_VS16_D_I APPL 60,0.9522259577297991,3.2726144772022963
Switchgrass,RGB2,VS16_D_I APPL 60,2023-02-04 13:11:22,1,3,1,2023-02-4_RgbImage_2023-02-04_13-11-21.png,Switchgrass_VS16_D_I APPL 60,0.8616650023101111,1.4515725788660347
Switchgrass,RGB2,VS16_D_I APPL 60,2023-01-23 13:32:16,1,3,1,2023-01-23_RgbImage_2023-01-23_13-32-15.png,Switchgrass_VS16_D_I APPL 60,0.9140101504521825,1.4035496800206602
Switchgrass,RGB1,AP13_D_I APPL 261,2022-12-15 11:40:59,1,3,2,2022-12-15_RgbImage_2022-12-15_11-40-58.png,Switchgrass_AP13_D_I APPL 261,0.968153777892395,3.14216774282977
Switchgrass,RGB2,AP13_D_I APPL 261,2022-12-15 11:39:41,1,3,2,2022-12-15_RgbImage_2022-12-15_11-39-41.png,Switchgrass_AP13_D_I APPL 261,0.9424651611106786,1.4100310141220689
Switchgrass,RGB1,J215.A_WW_I APPL 131,2022-12-06 15:17:05,1,3,2,2022-12-6_RgbImage_2022-12-06_15-17-04.png,Switchgrass_J215.A_WW_I APPL 131,0.9439257380327781,3.21408936008811
Switchgrass,RGB2,J215.A_WW_I APPL 131,2022-12-06 15:15:03,1,3,2,2022-12-6_RgbImage_2022-12-06_15-15-03.png,Switchgrass_J215.A_WW_I APPL 131,0.8979128365974927,1.4834687071852386
Switchgrass,RGB1,J477.B_D_T3.16.2023_I APPL 68,2023-04-02 10:51:30,1,3,2,2023-04-2_RgbImage_2023-04-02_10-51-29.png,Switchgrass_J477.B_D_T3.16.2023_I APPL 68,0.9532999470711928,3.2506684730760753
Switchgrass,RGB2,J477.B_D_T3.16.2023_I APPL 68,2023-04-02 10:50:48,1,3,2,2023-04-2_RgbImage_2023-04-02_10-50-48.png,Switchgrass_J477.B_D_T3.16.2023_I APPL 68,0.9353495951439554,1.4603611659258604
Switchgrass,RGB1,J182.A_WW_T3.13.2023_I APPL 385,2023-03-30 07:26:15,1,3,3,2023-03-30_RgbImage_2023-03-30_07-26-14.png,Switchgrass_J182.A_WW_T3.13.2023_I APPL 385,0.956323812012233,3.25251926202327
Switchgrass,RGB2,J182.A_WW_T3.13.2023_I APPL 385,2023-03-30 07:25:32,1,3,3,2023-03-30_RgbImage_2023-03-30_07-25-32.png,Switchgrass_J182.A_WW_T3.13.2023_I APPL 385,0.9304630352325983,1.4533717911690474
Switchgrass,RGB1,J215.A_WW_I APPL 221,2022-11-25 14:20:42,1,3,3,2022-11-25_RgbImage_2022-11-25_14-20-42.png,Switchgrass_J215.A_WW_I APPL 221,0.9595054571012638,3.217859742231667
Switchgrass,RGB2,J215.A_WW_I APPL 221,2022-11-25 14:20:03,1,3,3,2022-11-25_RgbImage_2022-11-25_14-20-03.png,Switchgrass_J215.A_WW_I APPL 221,0.9232253812859342,1.4672387349419296
Switchgrass,RGB1,J335.A_WW_T3.13.2023_I APPL 383,2023-04-06 07:42:46,1,3,3,2023-04-6_RgbImage_2023-04-06_07-42-46.png,Switchgrass_J335.A_WW_T3.13.2023_I APPL 383,0.9593295459127336,3.262618515174836
Switchgrass,RGB2,J335.A_WW_T3.13.2023_I APPL 383,2023-04-06 07:42:05,1,3,3,2023-04-6_RgbImage_2023-04-06_07-42-05.png,Switchgrass_J335.A_WW_T3.13.2023_I APPL 383,0.9514740210559853,1.4594917972572148
Switchgrass,RGB1,J502.A_D_T3.15.2023_I APPL 148,2023-04-24 12:47:58,1,3,3,2023-04-24_RgbImage_2023-04-24_12-47-58.png,Switchgrass_J502.A_D_T3.15.2023_I APPL 148,0.953873348781097,3.253091641701758
Switchgrass,RGB2,J502.A_D_T3.15.2023_I APPL 148,2023-04-24 12:47:17,1,3,3,2023-04-24_RgbImage_2023-04-24_12-47-17.png,Switchgrass_J502.A_D_T3.15.2023_I APPL 148,0.9294119461462745,1.5061410497874022
Switchgrass,RGB1,J461.B_D_T3.13.2023_I APPL 295,2023-04-28 18:24:03,1,3,4,2023-04-28_RgbImage_2023-04-28_18-24-03.png,Switchgrass_J461.B_D_T3.13.2023_I APPL 295,0.9607226440470593,3.2281656116247177
Switchgrass,RGB2,J461.B_D_T3.13.2023_I APPL 295,2023-04-28 18:23:26,1,3,4,2023-04-28_RgbImage_2023-04-28_18-23-25.png,Switchgrass_J461.B_D_T3.13.2023_I APPL 295,0.948145121555682,1.4494418539106846
Switchgrass,RGB1,J498.B_D_T3.14.2023_I APPL 257,2023-05-05 11:14:04,1,3,4,2023-05-5_RgbImage_2023-05-05_11-14-04.png,Switchgrass_J498.B_D_T3.14.2023_I APPL 257,0.9545072889924734,3.2176874089054763
Switchgrass,RGB2,J498.B_D_T3.14.2023_I APPL 257,2023-05-05 11:13:26,1,3,4,2023-05-5_RgbImage_2023-05-05_11-13-25.png,Switchgrass_J498.B_D_T3.14.2023_I APPL 257,0.9475965085936334,1.4585255002602935
Switchgrass,RGB1,J502.A_D_T3.15.2023_I APPL 148,2023-04-08 12:50:25,1,3,4,2023-04-8_RgbImage_2023-04-08_12-50-24.png,Switchgrass_J502.A_D_T3.15.2023_I APPL 148,0.9375000000008241,3.0636758459731936
Switchgrass,RGB2,J502.A_D_T3.15.2023_I APPL 148,2023-04-08 12:49:44,1,3,4,2023-04-8_RgbImage_2023-04-08_12-49-43.png,Switchgrass_J502.A_D_T3.15.2023_I APPL 148,0.9374423641952981,1.4794424092397094
Switchgrass,RGB1,VS16_D_I APPL 2,2022-11-30 11:35:01,1,3,4,2022-11-30_RgbImage_2022-11-30_11-35-01.png,Switchgrass_VS16_D_I APPL 2,0.9747730234819922,3.280792187899351
Switchgrass,RGB2,VS16_D_I APPL 2,2022-11-30 11:32:59,1,3,4,2022-11-30_RgbImage_2022-11-30_11-32-58.png,Switchgrass_VS16_D_I APPL 2,0.9753090640890959,1.4560242886655033
Switchgrass,RGB1,J026.B_WW_T3.16.2023_I APPL 20,2023-04-10 16:41:58,1,4,0,2023-04-10_RgbImage_2023-04-10_16-41-58.png,Switchgrass_J026.B_WW_T3.16.2023_I APPL 20,0.9711490804749501,3.2559689511545002
Switchgrass,RGB2,J026.B_WW_T3.16.2023_I APPL 20,2023-04-10 16:41:20,1,4,0,2023-04-10_RgbImage_2023-04-10_16-41-19.png,Switchgrass_J026.B_WW_T3.16.2023_I APPL 20,0.9231290810346884,1.4475813363678753
Switchgrass,RGB1,J279.A_D_T3.12.2023_I APPL 397,2023-04-26 17:05:20,1,4,0,2023-04-26_RgbImage_2023-04-26_17-05-19.png,Switchgrass_J279.A_D_T3.12.2023_I APPL 397,0.9442453060232612,3.201043498236686
Switchgrass,RGB2,J279.A_D_T3.12.2023_I APPL 397,2023-04-26 17:04:40,1,4,0,2023-04-26_RgbImage_2023-04-26_17-04-39.png,Switchgrass_J279.A_D_T3.12.2023_I APPL 397,0.9200318242683327,1.4519688920117915
Switchgrass,RGB1,J317.A_D_I APPL 6,2022-12-17 10:27:23,1,4,0,2022-12-17_RgbImage_2022-12-17_10-27-22.png,Switchgrass_J317.A_D_I APPL 6,0.9592875054616176,3.332810422871262
Switchgrass,RGB2,J317.A_D_I APPL 6,2022-12-17 10:26:09,1,4,0,2022-12-17_RgbImage_2022-12-17_10-26-08.png,Switchgrass_J317.A_D_I APPL 6,0.9508949642378859,1.5025433576665819
Switchgrass,RGB1,J614.B_D_T3.14.2023_I APPL 230,2023-04-22 14:40:18,1,4,0,2023-04-22_RgbImage_2023-04-22_14-40-17.png,Switchgrass_J614.B_D_T3.14.2023_I APPL 230,0.9410311008877157,3.0059008626267314
Switchgrass,RGB2,J614.B_D_T3.14.2023_I APPL 230,2023-04-22 14:39:40,1,4,0,2023-04-22_RgbImage_2023-04-22_14-39-39.png,Switchgrass_J614.B_D_T3.14.2023_I APPL 230,0.9202654970312443,1.5321795218624175
Switchgrass,RGB1,J008.D_WW_I APPL 15,2022-11-30 10:19:15,1,4,1,2022-11-30_RgbImage_2022-11-30_10-19-15.png,Switchgrass_J008.D_WW_I APPL 15,0.9785381142033798,3.263373180758208
Switchgrass,RGB1,J008.D_WW_I APPL 15,2022-11-29 10:19:17,1,4,1,2022-11-29_RgbImage_2022-11-29_10-19-17.png,Switchgrass_J008.D_WW_I APPL 15,0.9809792567618255,3.1960273133590817
Switchgrass,RGB2,J008.D_WW_I APPL 15,2022-11-30 10:18:30,1,4,1,2022-11-30_RgbImage_2022-11-30_10-18-30.png,Switchgrass_J008.D_WW_I APPL 15,0.9624019972845587,1.4514343608170748
Switchgrass,RGB2,J008.D_WW_I APPL 15,2022-11-29 10:18:31,1,4,1,2022-11-29_RgbImage_2022-11-29_10-18-31.png,Switchgrass_J008.D_WW_I APPL 15,0.9596706137352666,1.3341857492923737
Switchgrass,RGB1,J317.A_WW_I APPL 225,2022-12-11 14:50:54,1,4,1,2022-12-11_RgbImage_2022-12-11_14-50-53.png,Switchgrass_J317.A_WW_I APPL 225,0.9636471681727174,3.320837222971022
Switchgrass,RGB2,J317.A_WW_I APPL 225,2022-12-11 14:48:56,1,4,1,2022-12-11_RgbImage_2022-12-11_14-48-55.png,Switchgrass_J317.A_WW_I APPL 225,0.9375884380482022,1.511545036919415
Switchgrass,RGB1,J008.D_D_I APPL 338,2022-12-15 11:57:21,1,4,2,2022-12-15_RgbImage_2022-12-15_11-57-21.png,Switchgrass_J008.D_D_I APPL 338,0.962405287986943,3.306479867082089
Switchgrass,RGB2,J008.D_D_I APPL 338,2022-12-15 11:56:01,1,4,2,2022-12-15_RgbImage_2022-12-15_11-56-00.png,Switchgrass_J008.D_D_I APPL 338,0.9711010021707668,1.5187088120728731
Switchgrass,RGB1,J303.A_WW_T3.15.2023_I APPL 152,2023-04-24 12:14:21,1,4,2,2023-04-24_RgbImage_2023-04-24_12-14-21.png,Switchgrass_J303.A_WW_T3.15.2023_I APPL 152,0.9572749027717209,3.237695900257677
Switchgrass,RGB2,J303.A_WW_T3.15.2023_I APPL 152,2023-04-24 12:13:44,1,4,2,2023-04-24_RgbImage_2023-04-24_12-13-44.png,Switchgrass_J303.A_WW_T3.15.2023_I APPL 152,0.9042043311598168,1.4719782951287925
Switchgrass,RGB1,J586.A_WW_T3.14.2023_I APPL 215,2023-04-07 16:34:22,1,4,2,2023-04-7_RgbImage_2023-04-07_16-34-22.png,Switchgrass_J586.A_WW_T3.14.2023_I APPL 215,0.9648843295150242,2.949130523018539
Switchgrass,RGB2,J586.A_WW_T3.14.2023_I APPL 215,2023-04-07 16:33:47,1,4,2,2023-04-7_RgbImage_2023-04-07_16-33-47.png,Switchgrass_J586.A_WW_T3.14.2023_I APPL 215,0.9425655415882587,1.4933457770384848
Switchgrass,RGB1,J248.A_WW_T3.13.2023_I APPL 368,2023-03-30 09:31:27,1,4,3,2023-03-30_RgbImage_2023-03-30_09-31-26.png,Switchgrass_J248.A_WW_T3.13.2023_I APPL 368,0.9604787218814816,3.054304474964738
Switchgrass,RGB1,J248.A_WW_T3.13.2023_I APPL 368,2023-04-06 09:30:54,1,4,3,2023-04-6_RgbImage_2023-04-06_09-30-53.png,Switchgrass_J248.A_WW_T3.13.2023_I APPL 368,0.9487939782511787,3.2577839018777013
Switchgrass,RGB2,J248.A_WW_T3.13.2023_I APPL 368,2023-03-30 09:30:49,1,4,3,2023-03-30_RgbImage_2023-03-30_09-30-48.png,Switchgrass_J248.A_WW_T3.13.2023_I APPL 368,0.8955126060753872,1.4663343438878655
Switchgrass,RGB2,J248.A_WW_T3.13.2023_I APPL 368,2023-04-06 09:30:17,1,4,3,2023-04-6_RgbImage_2023-04-06_09-30-17.png,Switchgrass_J248.A_WW_T3.13.2023_I APPL 368,0.8935565880605852,1.4701327248476446
Switchgrass,RGB1,J587.B_WW_T3.15.2023_I APPL 164,2023-04-16 10:52:01,1,4,3,2023-04-16_RgbImage_2023-04-16_10-52-00.png,Switchgrass_J587.B_WW_T3.15.2023_I APPL 164,0.9656723311804879,3.3006445108912885
Switchgrass,RGB2,J587.B_WW_T3.15.2023_I APPL 164,2023-04-16 10:51:25,1,4,3,2023-04-16_RgbImage_2023-04-16_10-51-25.png,Switchgrass_J587.B_WW_T3.15.2023_I APPL 164,0.9549979341220125,1.4747159518301487
Switchgrass,RGB1,VS16_D_I APPL 2,2022-11-27 11:34:38,1,4,3,2022-11-27_RgbImage_2022-11-27_11-34-38.png,Switchgrass_VS16_D_I APPL 2,0.954095769498547,3.0601009535603225
Switchgrass,RGB2,VS16_D_I APPL 2,2022-11-27 11:33:18,1,4,3,2022-11-27_RgbImage_2022-11-27_11-33-17.png,Switchgrass_VS16_D_I APPL 2,0.9696009381480682,1.4659246383234859
Switchgrass,RGB1,VS16_WW_I APPL 10,2022-12-17 11:49:10,1,4,4,2022-12-17_RgbImage_2022-12-17_11-49-09.png,Switchgrass_VS16_WW_I APPL 10,0.944426508014739,3.3428263999521732
Switchgrass,RGB1,VS16_WW_I APPL 10,2022-12-16 11:49:10,1,4,4,2022-12-16_RgbImage_2022-12-16_11-49-10.png,Switchgrass_VS16_WW_I APPL 10,0.9599624863130037,3.3817667472176254
Switchgrass,RGB2,VS16_WW_I APPL 10,2022-12-17 11:47:49,1,4,4,2022-12-17_RgbImage_2022-12-17_11-47-49.png,Switchgrass_VS16_WW_I APPL 10,0.9668805639867899,1.4905016580596566
Switchgrass,RGB2,VS16_WW_I APPL 10,2022-12-16 11:47:51,1,4,4,2022-12-16_RgbImage_2022-12-16_11-47-50.png,Switchgrass_VS16_WW_I APPL 10,0.9641288294771175,1.348462793044746
Switchgrass,RGB1,AP13_WW_I APPL 133,2022-12-30 13:52:09,2,0,0,2022-12-30_RgbImage_2022-12-30_13-52-09.png,Switchgrass_AP13_WW_I APPL 133,0.963277318092795,3.325552446767688
Switchgrass,RGB2,AP13_WW_I APPL 133,2022-12-30 13:50:51,2,0,0,2022-12-30_RgbImage_2022-12-30_13-50-50.png,Switchgrass_AP13_WW_I APPL 133,0.9548203947678162,1.5142412949353456
Switchgrass,RGB1,J250.C_D_T3.13.2023_I APPL 358,2023-04-06 10:39:04,2,0,0,2023-04-6_RgbImage_2023-04-06_10-39-04.png,Switchgrass_J250.C_D_T3.13.2023_I APPL 358,0.9554196647313302,3.2243911023251712
Switchgrass,RGB2,J250.C_D_T3.13.2023_I APPL 358,2023-04-06 10:38:23,2,0,0,2023-04-6_RgbImage_2023-04-06_10-38-23.png,Switchgrass_J250.C_D_T3.13.2023_I APPL 358,0.9552129027479848,1.4595643118955195
Switchgrass,RGB1,J458.C_D_T3.15.2023_I APPL 120,2023-04-16 16:07:58,2,0,1,2023-04-16_RgbImage_2023-04-16_16-07-58.png,Switchgrass_J458.C_D_T3.15.2023_I APPL 120,0.9587385216116948,3.219870112836361
Switchgrass,RGB2,J458.C_D_T3.15.2023_I APPL 120,2023-04-16 16:07:23,2,0,1,2023-04-16_RgbImage_2023-04-16_16-07-22.png,Switchgrass_J458.C_D_T3.15.2023_I APPL 120,0.9190083533990732,1.5340194213204086
Switchgrass,RGB1,J466.A_WW_T3.15.2023_I APPL 107,2023-04-24 17:54:55,2,0,1,2023-04-24_RgbImage_2023-04-24_17-54-54.png,Switchgrass_J466.A_WW_T3.15.2023_I APPL 107,0.9631178237189714,2.97964063892141
Switchgrass,RGB2,J466.A_WW_T3.15.2023_I APPL 107,2023-04-24 17:54:22,2,0,1,2023-04-24_RgbImage_2023-04-24_17-54-21.png,Switchgrass_J466.A_WW_T3.15.2023_I APPL 107,0.9411363643887709,1.4856938892044127
Switchgrass,RGB1,J598.B_WW_T3.14.2023_I APPL 238,2023-04-15 13:35:02,2,0,1,2023-04-15_RgbImage_2023-04-15_13-35-02.png,Switchgrass_J598.B_WW_T3.14.2023_I APPL 238,0.964380514283471,3.0742684709839523
Switchgrass,RGB2,J598.B_WW_T3.14.2023_I APPL 238,2023-04-15 13:34:33,2,0,1,2023-04-15_RgbImage_2023-04-15_13-34-32.png,Switchgrass_J598.B_WW_T3.14.2023_I APPL 238,0.9083146329383989,1.479268257971853
Switchgrass,RGB1,J602.A_D_T3.14.2023_I APPL 288,2023-04-22 07:28:51,2,0,2,2023-04-22_RgbImage_2023-04-22_07-28-50.png,Switchgrass_J602.A_D_T3.14.2023_I APPL 288,0.968307358973695,3.2313303630799055
Switchgrass,RGB2,J602.A_D_T3.14.2023_I APPL 288,2023-04-22 07:28:14,2,0,2,2023-04-22_RgbImage_2023-04-22_07-28-14.png,Switchgrass_J602.A_D_T3.14.2023_I APPL 288,0.936029355597294,1.4746028361842036
Switchgrass,RGB1,J215.A_WW_I APPL 152,2022-12-30 13:44:01,2,0,3,2022-12-30_RgbImage_2022-12-30_13-44-00.png,Switchgrass_J215.A_WW_I APPL 152,0.9717918767465864,3.1833474058657885
Switchgrass,RGB2,J215.A_WW_I APPL 152,2022-12-30 13:42:44,2,0,3,2022-12-30_RgbImage_2022-12-30_13-42-43.png,Switchgrass_J215.A_WW_I APPL 152,0.9695194003573154,1.486936807166785
Switchgrass,RGB1,J502.C_WW_T3.13.2023_I APPL 291,2023-04-06 19:04:24,2,0,3,2023-04-6_RgbImage_2023-04-06_19-04-23.png,Switchgrass_J502.C_WW_T3.13.2023_I APPL 291,0.9477371685488232,3.3379038902930915
Switchgrass,RGB2,J502.C_WW_T3.13.2023_I APPL 291,2023-04-06 19:03:44,2,0,3,2023-04-6_RgbImage_2023-04-06_19-03-43.png,Switchgrass_J502.C_WW_T3.13.2023_I APPL 291,0.941285656062003,1.5203751432709396
Switchgrass,RGB1,J609.A_WW_T3.15.2023_I APPL 125,2023-04-30 15:41:07,2,0,3,2023-04-30_RgbImage_2023-04-30_15-41-07.png,Switchgrass_J609.A_WW_T3.15.2023_I APPL 125,0.973679163116324,3.3271774291060865
Switchgrass,RGB2,J609.A_WW_T3.15.2023_I APPL 125,2023-04-30 15:40:32,2,0,3,2023-04-30_RgbImage_2023-04-30_15-40-32.png,Switchgrass_J609.A_WW_T3.15.2023_I APPL 125,0.9425505998567413,1.5407919762656093
Switchgrass,RGB1,J618.A_D_T3.14.2023_I APPL 243,2023-04-29 13:09:19,2,0,3,2023-04-29_RgbImage_2023-04-29_13-09-19.png,Switchgrass_J618.A_D_T3.14.2023_I APPL 243,0.9316992941502861,3.246392020955682
Switchgrass,RGB2,J618.A_D_T3.14.2023_I APPL 243,2023-04-29 13:08:38,2,0,3,2023-04-29_RgbImage_2023-04-29_13-08-38.png,Switchgrass_J618.A_D_T3.14.2023_I APPL 243,0.911977970822733,1.4815161670558155
Switchgrass,RGB1,J181.A_WW_T3.13.2023_I APPL 310,2023-05-04 21:11:39,2,0,4,2023-05-4_RgbImage_2023-05-04_21-11-39.png,Switchgrass_J181.A_WW_T3.13.2023_I APPL 310,0.974004147266604,3.257041174918413
Switchgrass,RGB2,J181.A_WW_T3.13.2023_I APPL 310,2023-05-04 21:11:05,2,0,4,2023-05-4_RgbImage_2023-05-04_21-11-04.png,Switchgrass_J181.A_WW_T3.13.2023_I APPL 310,0.9659724098036607,1.5055809896439314
Switchgrass,RGB1,J182.A_WW_T3.13.2023_I APPL 385,2023-04-28 07:26:03,2,0,4,2023-04-28_RgbImage_2023-04-28_07-26-03.png,Switchgrass_J182.A_WW_T3.13.2023_I APPL 385,0.9609892283809505,3.3321151142008603
Switchgrass,RGB2,J182.A_WW_T3.13.2023_I APPL 385,2023-04-28 07:25:28,2,0,4,2023-04-28_RgbImage_2023-04-28_07-25-27.png,Switchgrass_J182.A_WW_T3.13.2023_I APPL 385,0.9458742091224932,1.5229307641275227
Switchgrass,RGB1,AP13_WW_I APPL 133,2023-01-07 13:56:34,2,1,0,2023-01-7_RgbImage_2023-01-07_13-56-34.png,Switchgrass_AP13_WW_I APPL 133,0.9547363774864742,3.3416512846015394
Switchgrass,RGB2,AP13_WW_I APPL 133,2023-01-07 13:55:24,2,1,0,2023-01-7_RgbImage_2023-01-07_13-55-23.png,Switchgrass_AP13_WW_I APPL 133,0.9391176529014008,1.5400401749648154
Switchgrass,RGB1,J251.B_D_T3.12.2023_I APPL 438,2023-04-05 14:27:51,2,1,0,2023-04-5_RgbImage_2023-04-05_14-27-50.png,Switchgrass_J251.B_D_T3.12.2023_I APPL 438,0.9684619896277487,3.2861360679380596
Switchgrass,RGB2,J251.B_D_T3.12.2023_I APPL 438,2023-04-05 14:27:18,2,1,0,2023-04-5_RgbImage_2023-04-05_14-27-18.png,Switchgrass_J251.B_D_T3.12.2023_I APPL 438,0.9105801860789907,1.48603694466874
Switchgrass,RGB1,J418.A_D_T3.15.2023_I APPL 150,2023-04-24 12:31:05,2,1,0,2023-04-24_RgbImage_2023-04-24_12-31-05.png,Switchgrass_J418.A_D_T3.15.2023_I APPL 150,0.9651499379715769,3.0282927290536463
Switchgrass,RGB2,J418.A_D_T3.15.2023_I APPL 150,2023-04-24 12:30:30,2,1,0,2023-04-24_RgbImage_2023-04-24_12-30-29.png,Switchgrass_J418.A_D_T3.15.2023_I APPL 150,0.9424275362321448,1.5012263651005924
Switchgrass,RGB1,J008.D_Xtra_I APPL 122,2022-12-16 17:17:46,2,1,1,2022-12-16_RgbImage_2022-12-16_17-17-46.png,Switchgrass_J008.D_Xtra_I APPL 122,0.9689380507949699,3.3316464466042817
Switchgrass,RGB2,J008.D_Xtra_I APPL 122,2022-12-16 17:16:27,2,1,1,2022-12-16_RgbImage_2022-12-16_17-16-27.png,Switchgrass_J008.D_Xtra_I APPL 122,0.9670242305896555,1.4981614709831774
Switchgrass,RGB1,J009.C_WW_T3.15.2023_I APPL 155,2023-04-01 11:53:11,2,1,1,2023-04-1_RgbImage_2023-04-01_11-53-10.png,Switchgrass_J009.C_WW_T3.15.2023_I APPL 155,0.9700714466016878,3.327537337783724
Switchgrass,RGB2,J009.C_WW_T3.15.2023_I APPL 155,2023-04-01 11:52:37,2,1,1,2023-04-1_RgbImage_2023-04-01_11-52-37.png,Switchgrass_J009.C_WW_T3.15.2023_I APPL 155,0.9273004496198811,1.5071568386629224
Switchgrass,RGB1,J271.A_D_T3.13.2023_I APPL 298,2023-04-28 17:59:12,2,1,1,2023-04-28_RgbImage_2023-04-28_17-59-11.png,Switchgrass_J271.A_D_T3.13.2023_I APPL 298,0.9547431792608077,3.2149823899380863
Switchgrass,RGB2,J271.A_D_T3.13.2023_I APPL 298,2023-04-28 17:58:35,2,1,1,2023-04-28_RgbImage_2023-04-28_17-58-34.png,Switchgrass_J271.A_D_T3.13.2023_I APPL 298,0.9419537681200595,1.4510531388223171
Switchgrass,RGB1,J312.A_WW_T3.12.2023_I APPL 486,2023-04-26 11:16:38,2,1,2,2023-04-26_RgbImage_2023-04-26_11-16-37.png,Switchgrass_J312.A_WW_T3.12.2023_I APPL 486,0.9584801882207592,3.193632231093943
Switchgrass,RGB2,J312.A_WW_T3.12.2023_I APPL 486,2023-04-26 11:16:04,2,1,2,2023-04-26_RgbImage_2023-04-26_11-16-03.png,Switchgrass_J312.A_WW_T3.12.2023_I APPL 486,0.9399072002836595,1.5206363047473133
Switchgrass,RGB1,J317.A_WW_I APPL 262,2022-12-21 13:01:30,2,1,2,2022-12-21_RgbImage_2022-12-21_13-01-29.png,Switchgrass_J317.A_WW_I APPL 262,0.9593157837529653,3.014993221964687
Switchgrass,RGB2,J317.A_WW_I APPL 262,2022-12-21 13:00:54,2,1,2,2022-12-21_RgbImage_2022-12-21_13-00-53.png,Switchgrass_J317.A_WW_I APPL 262,0.9519230604772427,1.4785256232134998
Switchgrass,RGB1,J458.C_D_T3.15.2023_I APPL 120,2023-04-30 16:05:58,2,1,2,2023-04-30_RgbImage_2023-04-30_16-05-57.png,Switchgrass_J458.C_D_T3.15.2023_I APPL 120,0.981870726011081,3.3496339269913733
Switchgrass,RGB2,J458.C_D_T3.15.2023_I APPL 120,2023-04-30 16:05:24,2,1,2,2023-04-30_RgbImage_2023-04-30_16-05-23.png,Switchgrass_J458.C_D_T3.15.2023_I APPL 120,0.9343023144333404,1.4980808077380061
Switchgrass,RGB1,J601.B_D_T3.16.2023_I APPL 44,2023-05-02 13:52:03,2,1,2,2023-05-2_RgbImage_2023-05-02_13-52-03.png,Switchgrass_J601.B_D_T3.16.2023_I APPL 44,0.9701129426002171,3.1914220019243658
Switchgrass,RGB2,J601.B_D_T3.16.2023_I APPL 44,2023-05-02 13:51:27,2,1,2,2023-05-2_RgbImage_2023-05-02_13-51-27.png,Switchgrass_J601.B_D_T3.16.2023_I APPL 44,0.9421204970490419,1.4422888061963022
Switchgrass,RGB1,J215.A_D_I APPL 146,2023-01-01 14:38:26,2,1,3,2023-01-1_RgbImage_2023-01-01_14-38-25.png,Switchgrass_J215.A_D_I APPL 146,0.9110458083759438,3.1746205133385956
Switchgrass,RGB2,J215.A_D_I APPL 146,2023-01-01 14:36:29,2,1,3,2023-01-1_RgbImage_2023-01-01_14-36-29.png,Switchgrass_J215.A_D_I APPL 146,0.9296175283495705,1.4838624531403184
Switchgrass,RGB1,J215.A_D_I APPL 4,2022-12-12 10:44:38,2,1,3,2022-12-12_RgbImage_2022-12-12_10-44-37.png,Switchgrass_J215.A_D_I APPL 4,0.9587081293435514,3.327281883917749
Switchgrass,RGB1,J215.A_D_I APPL 4,2022-12-02 10:44:32,2,1,3,2022-12-2_RgbImage_2022-12-02_10-44-31.png,Switchgrass_J215.A_D_I APPL 4,0.9625910233836378,3.345132785849273
Switchgrass,RGB2,J215.A_D_I APPL 4,2022-12-12 10:42:36,2,1,3,2022-12-12_RgbImage_2022-12-12_10-42-36.png,Switchgrass_J215.A_D_I APPL 4,0.9594863404140582,1.4967127600684762
Switchgrass,RGB2,J215.A_D_I APPL 4,2022-12-02 10:43:13,2,1,3,2022-12-2_RgbImage_2022-12-02_10-43-13.png,Switchgrass_J215.A_D_I APPL 4,0.9189334934148716,1.3852029889822006
Switchgrass,RGB1,J215.A_WW_I APPL 131,2022-12-20 15:29:21,2,1,3,2022-12-20_RgbImage_2022-12-20_15-29-20.png,Switchgrass_J215.A_WW_I APPL 131,0.970796481274088,3.1979320598766208
Switchgrass,RGB2,J215.A_WW_I APPL 131,2022-12-20 15:28:01,2,1,3,2022-12-20_RgbImage_2022-12-20_15-28-01.png,Switchgrass_J215.A_WW_I APPL 131,0.9492613852925805,1.4367960100062191
Switchgrass,RGB1,J215.A_WW_I APPL 152,2022-12-16 13:52:22,2,1,4,2022-12-16_RgbImage_2022-12-16_13-52-21.png,Switchgrass_J215.A_WW_I APPL 152,0.9689942387348172,3.2688518948853016
Switchgrass,RGB2,J215.A_WW_I APPL 152,2022-12-16 13:51:45,2,1,4,2022-12-16_RgbImage_2022-12-16_13-51-45.png,Switchgrass_J215.A_WW_I APPL 152,0.9529442458713951,1.5342322909273207
Switchgrass,RGB1,VS16_D_I APPL 402,2023-01-06 11:05:46,2,1,4,2023-01-6_RgbImage_2023-01-06_11-05-45.png,Switchgrass_VS16_D_I APPL 402,0.9617132148407029,3.3387955920770764
Switchgrass,RGB2,VS16_D_I APPL 402,2023-01-06 11:05:12,2,1,4,2023-01-6_RgbImage_2023-01-06_11-05-12.png,Switchgrass_VS16_D_I APPL 402,0.9413372292886674,1.526345499791205
Switchgrass,RGB1,VS16_WW_I APPL 10,2022-12-29 15:57:15,2,1,4,2022-12-29_RgbImage_2022-12-29_15-57-15.png,Switchgrass_VS16_WW_I APPL 10,0.968315692315107,2.9685148089192808
Switchgrass,RGB2,VS16_WW_I APPL 10,2022-12-29 15:56:40,2,1,4,2022-12-29_RgbImage_2022-12-29_15-56-40.png,Switchgrass_VS16_WW_I APPL 10,0.9624156087476784,1.4833487016148865
Switchgrass,RGB1,VS16_Xtra_I APPL 129,2023-01-02 17:35:06,2,1,4,2023-01-2_RgbImage_2023-01-02_17-35-05.png,Switchgrass_VS16_Xtra_I APPL 129,0.964611435191655,3.0287916800007224
Switchgrass,RGB2,VS16_Xtra_I APPL 129,2023-01-02 17:33:46,2,1,4,2023-01-2_RgbImage_2023-01-02_17-33-46.png,Switchgrass_VS16_Xtra_I APPL 129,0.9664528055677211,1.4855969119817019
Switchgrass,RGB1,J001.B_D_T3.13.2023_I APPL 375,2023-04-14 13:27:22,2,2,0,2023-04-14_RgbImage_2023-04-14_13-27-22.png,Switchgrass_J001.B_D_T3.13.2023_I APPL 375,0.9487992365433079,3.2382423183880746
Switchgrass,RGB2,J001.B_D_T3.13.2023_I APPL 375,2023-04-14 13:26:52,2,2,0,2023-04-14_RgbImage_2023-04-14_13-26-52.png,Switchgrass_J001.B_D_T3.13.2023_I APPL 375,0.9103745848933322,1.4635001919232309
Switchgrass,RGB1,J008.D_Xtra_I APPL 122,2022-12-31 17:11:32,2,2,0,2022-12-31_RgbImage_2022-12-31_17-11-31.png,Switchgrass_J008.D_Xtra_I APPL 122,0.9715060687996802,3.2911999793723226
Switchgrass,RGB2,J008.D_Xtra_I APPL 122,2022-12-31 17:10:21,2,2,0,2022-12-31_RgbImage_2022-12-31_17-10-21.png,Switchgrass_J008.D_Xtra_I APPL 122,0.9594714727007736,1.4955548299476504
Switchgrass,RGB1,J276.A_D_T3.12.2023_I APPL 426,2023-04-05 16:06:52,2,2,0,2023-04-5_RgbImage_2023-04-05_16-06-52.png,Switchgrass_J276.A_D_T3.12.2023_I APPL 426,0.9687472367684805,3.3658934789709747
Switchgrass,RGB2,J276.A_D_T3.12.2023_I APPL 426,2023-04-05 16:06:15,2,2,0,2023-04-5_RgbImage_2023-04-05_16-06-14.png,Switchgrass_J276.A_D_T3.12.2023_I APPL 426,0.9588755123925613,1.4937159339897335
Switchgrass,RGB1,J003.F_D_T3.14.2023_I APPL 256,2023-04-15 11:22:18,2,2,1,2023-04-15_RgbImage_2023-04-15_11-22-18.png,Switchgrass_J003.F_D_T3.14.2023_I APPL 256,0.9589091920973033,3.252706775907427
Switchgrass,RGB2,J003.F_D_T3.14.2023_I APPL 256,2023-04-15 11:21:42,2,2,1,2023-04-15_RgbImage_2023-04-15_11-21-42.png,Switchgrass_J003.F_D_T3.14.2023_I APPL 256,0.9503287346256012,1.4601283771917224
Switchgrass,RGB1,J008.D_D_I APPL 125,2022-12-19 16:43:27,2,2,1,2022-12-19_RgbImage_2022-12-19_16-43-27.png,Switchgrass_J008.D_D_I APPL 125,0.9739324383461456,3.005595430266112
Switchgrass,RGB2,J008.D_D_I APPL 125,2022-12-19 16:42:12,2,2,1,2022-12-19_RgbImage_2022-12-19_16-42-11.png,Switchgrass_J008.D_D_I APPL 125,0.9602548511037587,1.4793340610340238
Switchgrass,RGB1,J018.B_D_T3.13.2023_I APPL 345,2023-04-28 12:21:45,2,2,1,2023-04-28_RgbImage_2023-04-28_12-21-44.png,Switchgrass_J018.B_D_T3.13.2023_I APPL 345,0.9691949594671508,3.3912884751334786
Switchgrass,RGB2,J018.B_D_T3.13.2023_I APPL 345,2023-04-28 12:21:11,2,2,1,2023-04-28_RgbImage_2023-04-28_12-21-11.png,Switchgrass_J018.B_D_T3.13.2023_I APPL 345,0.9522630998789905,1.5788498339243233
Switchgrass,RGB1,J317.A_D_I APPL 132,2022-12-30 20:14:40,2,2,1,2022-12-30_RgbImage_2022-12-30_20-14-40.png,Switchgrass_J317.A_D_I APPL 132,0.9605010785664847,3.6411747471429408
Switchgrass,RGB2,J317.A_D_I APPL 132,2022-12-30 20:12:45,2,2,1,2022-12-30_RgbImage_2022-12-30_20-12-45.png,Switchgrass_J317.A_D_I APPL 132,0.9558855501204366,1.6402772101573646
Switchgrass,RGB1,J215.A_D_I APPL 146,2023-01-05 14:37:57,2,2,2,2023-01-5_RgbImage_2023-01-05_14-37-57.png,Switchgrass_J215.A_D_I APPL 146,0.9545111573937411,3.3568864068947732
Switchgrass,RGB2,J215.A_D_I APPL 146,2023-01-05 14:36:02,2,2,2,2023-01-5_RgbImage_2023-01-05_14-36-02.png,Switchgrass_J215.A_D_I APPL 146,0.9264542320102989,1.4910025941208005
Switchgrass,RGB1,J250.A_WW_T3.13.2023_I APPL 320,2023-04-14 20:11:18,2,2,2,2023-04-14_RgbImage_2023-04-14_20-11-18.png,Switchgrass_J250.A_WW_T3.13.2023_I APPL 320,0.9769034550839457,3.3106446927413344
Switchgrass,RGB2,J250.A_WW_T3.13.2023_I APPL 320,2023-04-14 20:10:44,2,2,2,2023-04-14_RgbImage_2023-04-14_20-10-43.png,Switchgrass_J250.A_WW_T3.13.2023_I APPL 320,0.9391341881871076,1.4865113901905715
Switchgrass,RGB1,J215.A_D_I APPL 4,2022-12-10 10:44:47,2,2,3,2022-12-10_RgbImage_2022-12-10_10-44-46.png,Switchgrass_J215.A_D_I APPL 4,0.973974087313843,3.3376862537115812
Switchgrass,RGB2,J215.A_D_I APPL 4,2022-12-10 10:42:46,2,2,3,2022-12-10_RgbImage_2022-12-10_10-42-45.png,Switchgrass_J215.A_D_I APPL 4,0.9640741353198888,1.457357486244291
Switchgrass,RGB1,J215.A_Xtra_I APPL 138,2022-12-31 17:19:50,2,2,3,2022-12-31_RgbImage_2022-12-31_17-19-49.png,Switchgrass_J215.A_Xtra_I APPL 138,0.9626785358869019,3.0253023910336196
Switchgrass,RGB2,J215.A_Xtra_I APPL 138,2022-12-31 17:18:31,2,2,3,2022-12-31_RgbImage_2022-12-31_17-18-31.png,Switchgrass_J215.A_Xtra_I APPL 138,0.9508876984118767,1.4797409502789378
Switchgrass,RGB1,J327.A_D_T3.12.2023_I APPL 503,2023-04-12 09:14:07,2,2,3,2023-04-12_RgbImage_2023-04-12_09-14-06.png,Switchgrass_J327.A_D_T3.12.2023_I APPL 503,0.9499103063461981,3.3586424780078232
Switchgrass,RGB2,J327.A_D_T3.12.2023_I APPL 503,2023-04-12 09:13:30,2,2,3,2023-04-12_RgbImage_2023-04-12_09-13-29.png,Switchgrass_J327.A_D_T3.12.2023_I APPL 503,0.9614299606988946,1.5037784092128277
Switchgrass,RGB1,VS16_D_I APPL 124,2022-12-29 20:59:13,2,2,3,2022-12-29_RgbImage_2022-12-29_20-59-12.png,Switchgrass_VS16_D_I APPL 124,0.9662432672267004,3.2833865843713284
Switchgrass,RGB2,VS16_D_I APPL 124,2022-12-29 20:57:14,2,2,3,2022-12-29_RgbImage_2022-12-29_20-57-13.png,Switchgrass_VS16_D_I APPL 124,0.9622848208362805,1.4526124550029635
Switchgrass,RGB1,J003.D_WW_T3.13.2023_I APPL 363,2023-04-14 15:07:08,2,2,4,2023-04-14_RgbImage_2023-04-14_15-07-07.png,Switchgrass_J003.D_WW_T3.13.2023_I APPL 363,0.9747578997453491,3.3508296739310026
Switchgrass,RGB2,J003.D_WW_T3.13.2023_I APPL 363,2023-04-14 15:06:33,2,2,4,2023-04-14_RgbImage_2023-04-14_15-06-33.png,Switchgrass_J003.D_WW_T3.13.2023_I APPL 363,0.9723254447258077,1.4937778897583485
Switchgrass,RGB1,J215.A_D_I APPL 121,2022-12-17 16:27:41,2,2,4,2022-12-17_RgbImage_2022-12-17_16-27-40.png,Switchgrass_J215.A_D_I APPL 121,0.9611089502895397,3.281159041915089
Switchgrass,RGB2,J215.A_D_I APPL 121,2022-12-17 16:27:05,2,2,4,2022-12-17_RgbImage_2022-12-17_16-27-05.png,Switchgrass_J215.A_D_I APPL 121,0.9355159905361912,1.5080029359087348
Switchgrass,RGB1,J215.A_WW_I APPL 221,2022-12-11 14:17:32,2,2,4,2022-12-11_RgbImage_2022-12-11_14-17-32.png,Switchgrass_J215.A_WW_I APPL 221,0.9642449136952094,3.360898912884295
Switchgrass,RGB2,J215.A_WW_I APPL 221,2022-12-11 14:16:12,2,2,4,2022-12-11_RgbImage_2022-12-11_14-16-12.png,Switchgrass_J215.A_WW_I APPL 221,0.9497126682956802,1.478387510869652
Switchgrass,RGB1,J618.A_WW_T3.14.2023_I APPL 255,2023-05-05 11:30:24,2,2,4,2023-05-5_RgbImage_2023-05-05_11-30-24.png,Switchgrass_J618.A_WW_T3.14.2023_I APPL 255,0.9411226804747859,3.306086834985763
Switchgrass,RGB2,J618.A_WW_T3.14.2023_I APPL 255,2023-05-05 11:29:50,2,2,4,2023-05-5_RgbImage_2023-05-05_11-29-49.png,Switchgrass_J618.A_WW_T3.14.2023_I APPL 255,0.9171864837700342,1.4637496918439865
Switchgrass,RGB1,J008.D_D_I APPL 5,2023-01-27 10:34:47,2,3,0,2023-01-27_RgbImage_2023-01-27_10-34-47.png,Switchgrass_J008.D_D_I APPL 5,0.9668825796423051,3.370804341044277
Switchgrass,RGB2,J008.D_D_I APPL 5,2023-01-27 10:33:02,2,3,0,2023-01-27_RgbImage_2023-01-27_10-33-02.png,Switchgrass_J008.D_D_I APPL 5,0.9597350283678977,1.4960811343044043
Switchgrass,RGB1,J296.A_D_T3.12.2023_I APPL 485,2023-04-26 11:24:43,2,3,0,2023-04-26_RgbImage_2023-04-26_11-24-42.png,Switchgrass_J296.A_D_T3.12.2023_I APPL 485,0.9573562460962144,3.32420723605901
Switchgrass,RGB2,J296.A_D_T3.12.2023_I APPL 485,2023-04-26 11:24:10,2,3,0,2023-04-26_RgbImage_2023-04-26_11-24-10.png,Switchgrass_J296.A_D_T3.12.2023_I APPL 485,0.898544422575569,1.4651393601670861
Switchgrass,RGB1,J317.A_D_I APPL 103,2022-12-29 15:09:19,2,3,1,2022-12-29_RgbImage_2022-12-29_15-09-19.png,Switchgrass_J317.A_D_I APPL 103,0.9716440777141782,3.360655141994357
Switchgrass,RGB2,J317.A_D_I APPL 103,2022-12-29 15:08:09,2,3,1,2022-12-29_RgbImage_2022-12-29_15-08-09.png,Switchgrass_J317.A_D_I APPL 103,0.9422328775271207,1.4901278070174158
Switchgrass,RGB1,AP13_D_I APPL 261,2022-12-18 11:40:00,2,3,2,2022-12-18_RgbImage_2022-12-18_11-40-00.png,Switchgrass_AP13_D_I APPL 261,0.964852465592128,3.043032332789153
Switchgrass,RGB2,AP13_D_I APPL 261,2022-12-18 11:39:25,2,3,2,2022-12-18_RgbImage_2022-12-18_11-39-25.png,Switchgrass_AP13_D_I APPL 261,0.9296852097443311,1.4906482119113207
Switchgrass,RGB1,J003.D_WW_T3.13.2023_I APPL 363,2023-04-06 10:14:14,2,3,2,2023-04-6_RgbImage_2023-04-06_10-14-14.png,Switchgrass_J003.D_WW_T3.13.2023_I APPL 363,0.9815638768119241,3.3710415503010154
Switchgrass,RGB2,J003.D_WW_T3.13.2023_I APPL 363,2023-04-06 10:13:37,2,3,2,2023-04-6_RgbImage_2023-04-06_10-13-37.png,Switchgrass_J003.D_WW_T3.13.2023_I APPL 363,0.9542853449606775,1.4898653607815504
Switchgrass,RGB1,J022.B_D_T3.13.2023_I APPL 371,2023-05-04 13:40:32,2,3,2,2023-05-4_RgbImage_2023-05-04_13-40-32.png,Switchgrass_J022.B_D_T3.13.2023_I APPL 371,0.9694790837859109,3.34888554783538
Switchgrass,RGB2,J022.B_D_T3.13.2023_I APPL 371,2023-05-04 13:39:58,2,3,2,2023-05-4_RgbImage_2023-05-04_13-39-58.png,Switchgrass_J022.B_D_T3.13.2023_I APPL 371,0.9520810345042536,1.5172327468171716
Switchgrass,RGB1,J307.A_WW_T3.14.2023_I APPL 273,2023-05-05 09:17:23,2,3,3,2023-05-5_RgbImage_2023-05-05_09-17-22.png,Switchgrass_J307.A_WW_T3.14.2023_I APPL 273,0.9835079643387302,3.3138912110589445
Switchgrass,RGB2,J307.A_WW_T3.14.2023_I APPL 273,2023-05-05 09:16:47,2,3,3,2023-05-5_RgbImage_2023-05-05_09-16-46.png,Switchgrass_J307.A_WW_T3.14.2023_I APPL 273,0.9782555287850367,1.4596994640305638
Switchgrass,RGB1,J613.A_WW_T3.16.2023_I APPL 12,2023-04-10 17:48:33,2,3,3,2023-04-10_RgbImage_2023-04-10_17-48-32.png,Switchgrass_J613.A_WW_T3.16.2023_I APPL 12,0.9698987202038776,3.3378864000551403
Switchgrass,RGB2,J613.A_WW_T3.16.2023_I APPL 12,2023-04-10 17:47:58,2,3,3,2023-04-10_RgbImage_2023-04-10_17-47-57.png,Switchgrass_J613.A_WW_T3.16.2023_I APPL 12,0.9400131314539603,1.51711295126006
Switchgrass,RGB1,VS16_D_I APPL 2,2022-12-09 11:33:10,2,3,3,2022-12-9_RgbImage_2022-12-09_11-33-10.png,Switchgrass_VS16_D_I APPL 2,0.9691504768151238,3.308836623094976
Switchgrass,RGB2,VS16_D_I APPL 2,2022-12-09 11:31:55,2,3,3,2022-12-9_RgbImage_2022-12-09_11-31-55.png,Switchgrass_VS16_D_I APPL 2,0.9587450788904729,1.4766236739233136
Switchgrass,RGB1,J215.A_WW_I APPL 221,2022-12-16 14:18:02,2,3,4,2022-12-16_RgbImage_2022-12-16_14-18-02.png,Switchgrass_J215.A_WW_I APPL 221,0.9607369328326804,3.392082022037357
Switchgrass,RGB2,J215.A_WW_I APPL 221,2022-12-16 14:16:01,2,3,4,2022-12-16_RgbImage_2022-12-16_14-16-01.png,Switchgrass_J215.A_WW_I APPL 221,0.9440844328494401,1.5067271729931235
Switchgrass,RGB1,J248.A_WW_T3.13.2023_I APPL 368,2023-04-13 09:30:47,2,3,4,2023-04-13_RgbImage_2023-04-13_09-30-47.png,Switchgrass_J248.A_WW_T3.13.2023_I APPL 368,0.9638093206189849,3.31324519822374
Switchgrass,RGB2,J248.A_WW_T3.13.2023_I APPL 368,2023-04-13 09:30:11,2,3,4,2023-04-13_RgbImage_2023-04-13_09-30-11.png,Switchgrass_J248.A_WW_T3.13.2023_I APPL 368,0.9085943159774313,1.487805056385696
Switchgrass,RGB1,J502.A_WW_T3.15.2023_I APPL 112,2023-05-06 17:12:22,2,3,4,2023-05-6_RgbImage_2023-05-06_17-12-22.png,Switchgrass_J502.A_WW_T3.15.2023_I APPL 112,0.9711228370467058,3.0529046091251075
Switchgrass,RGB2,J502.A_WW_T3.15.2023_I APPL 112,2023-05-06 17:11:47,2,3,4,2023-05-6_RgbImage_2023-05-06_17-11-47.png,Switchgrass_J502.A_WW_T3.15.2023_I APPL 112,0.926550043343158,1.5228715590201318
Switchgrass,RGB1,J586.A_WW_T3.14.2023_I APPL 215,2023-04-22 16:27:49,2,3,4,2023-04-22_RgbImage_2023-04-22_16-27-48.png,Switchgrass_J586.A_WW_T3.14.2023_I APPL 215,0.9617778818222158,3.363323586061597
Switchgrass,RGB2,J586.A_WW_T3.14.2023_I APPL 215,2023-04-22 16:27:18,2,3,4,2023-04-22_RgbImage_2023-04-22_16-27-18.png,Switchgrass_J586.A_WW_T3.14.2023_I APPL 215,0.9492903396846435,1.5072555323131382
Switchgrass,RGB1,J008.D_D_I APPL 5,2023-02-03 10:34:42,2,4,0,2023-02-3_RgbImage_2023-02-03_10-34-41.png,Switchgrass_J008.D_D_I APPL 5,0.9494567753042388,3.3589945500716567
Switchgrass,RGB2,J008.D_D_I APPL 5,2023-02-03 10:32:57,2,4,0,2023-02-3_RgbImage_2023-02-03_10-32-57.png,Switchgrass_J008.D_D_I APPL 5,0.9539863193010357,1.4610927989706397
Switchgrass,RGB1,J016.A_D_T3.13.2023_I APPL 373,2023-04-13 08:49:06,2,4,0,2023-04-13_RgbImage_2023-04-13_08-49-05.png,Switchgrass_J016.A_D_T3.13.2023_I APPL 373,0.9675285546403608,3.0669214418157935
Switchgrass,RGB2,J016.A_D_T3.13.2023_I APPL 373,2023-04-13 08:48:34,2,4,0,2023-04-13_RgbImage_2023-04-13_08-48-33.png,Switchgrass_J016.A_D_T3.13.2023_I APPL 373,0.9135981453585064,1.5094652911648154
Switchgrass,RGB1,J614.C_D_T3.16.2023_I APPL 77,2023-04-25 09:34:09,2,4,0,2023-04-25_RgbImage_2023-04-25_09-34-09.png,Switchgrass_J614.C_D_T3.16.2023_I APPL 77,0.9459881398645793,3.3776805917732418
Switchgrass,RGB2,J614.C_D_T3.16.2023_I APPL 77,2023-04-25 09:33:35,2,4,0,2023-04-25_RgbImage_2023-04-25_09-33-34.png,Switchgrass_J614.C_D_T3.16.2023_I APPL 77,0.8614867137575528,1.478418115992099
Switchgrass,RGB1,PTCL-32_D_T3.15.2023_I APPL 133,2023-04-24 14:35:52,2,4,0,2023-04-24_RgbImage_2023-04-24_14-35-51.png,Switchgrass_PTCL-32_D_T3.15.2023_I APPL 133,0.9642173831301241,3.3561474573798478
Switchgrass,RGB2,PTCL-32_D_T3.15.2023_I APPL 133,2023-04-24 14:35:17,2,4,0,2023-04-24_RgbImage_2023-04-24_14-35-17.png,Switchgrass_PTCL-32_D_T3.15.2023_I APPL 133,0.9232640806187739,1.4920064099133015
Switchgrass,RGB1,AP13_WW_I APPL 133,2023-02-05 15:12:48,2,4,1,2023-02-5_RgbImage_2023-02-05_15-12-47.png,Switchgrass_AP13_WW_I APPL 133,0.933042093881376,3.3221863843500614
Switchgrass,RGB2,AP13_WW_I APPL 133,2023-02-05 15:12:23,2,4,1,2023-02-5_RgbImage_2023-02-05_15-12-23.png,Switchgrass_AP13_WW_I APPL 133,0.7463683968375673,1.5131352501921356
Switchgrass,RGB1,J296.A_D_T3.12.2023_I APPL 485,2023-05-03 11:24:20,2,4,1,2023-05-3_RgbImage_2023-05-03_11-24-19.png,Switchgrass_J296.A_D_T3.12.2023_I APPL 485,0.9603724538376176,3.1022595781832933
Switchgrass,RGB2,J296.A_D_T3.12.2023_I APPL 485,2023-05-03 11:23:44,2,4,1,2023-05-3_RgbImage_2023-05-03_11-23-44.png,Switchgrass_J296.A_D_T3.12.2023_I APPL 485,0.9430258857228746,1.5204077707603574
Switchgrass,RGB1,J317.A_D_I APPL 6,2022-12-16 10:27:28,2,4,1,2022-12-16_RgbImage_2022-12-16_10-27-28.png,Switchgrass_J317.A_D_I APPL 6,0.9748435100980827,3.3624892868101597
Switchgrass,RGB2,J317.A_D_I APPL 6,2022-12-16 10:26:13,2,4,1,2022-12-16_RgbImage_2022-12-16_10-26-13.png,Switchgrass_J317.A_D_I APPL 6,0.9479079035394721,1.5353528880514205
Switchgrass,RGB1,J004.B_WW_T3.12.2023_I APPL 400,2023-04-12 16:45:06,2,4,2,2023-04-12_RgbImage_2023-04-12_16-45-06.png,Switchgrass_J004.B_WW_T3.12.2023_I APPL 400,0.9464374966439346,3.35651101404801
Switchgrass,RGB2,J004.B_WW_T3.12.2023_I APPL 400,2023-04-12 16:44:32,2,4,2,2023-04-12_RgbImage_2023-04-12_16-44-32.png,Switchgrass_J004.B_WW_T3.12.2023_I APPL 400,0.9441387907042189,1.5289225298911333
Switchgrass,RGB1,J006.C_D_T3.13.2023_I APPL 316,2023-04-20 15:48:23,2,4,2,2023-04-20_RgbImage_2023-04-20_15-48-23.png,Switchgrass_J006.C_D_T3.13.2023_I APPL 316,0.953433189974882,3.3094588168896735
Switchgrass,RGB2,J006.C_D_T3.13.2023_I APPL 316,2023-04-20 15:47:47,2,4,2,2023-04-20_RgbImage_2023-04-20_15-47-46.png,Switchgrass_J006.C_D_T3.13.2023_I APPL 316,0.9102399058064723,1.4652656582184136
Switchgrass,RGB1,J587.A_D_T3.14.2023_I APPL 259,2023-04-22 10:57:00,2,4,3,2023-04-22_RgbImage_2023-04-22_10-57-00.png,Switchgrass_J587.A_D_T3.14.2023_I APPL 259,0.9694843932549047,3.350995165295899
Switchgrass,RGB2,J587.A_D_T3.14.2023_I APPL 259,2023-04-22 10:56:21,2,4,3,2023-04-22_RgbImage_2023-04-22_10-56-21.png,Switchgrass_J587.A_D_T3.14.2023_I APPL 259,0.9162362156037669,1.5399005771614611
Switchgrass,RGB1,J587.A_WW_T3.14.2023_I APPL 203,2023-04-15 18:08:03,2,4,4,2023-04-15_RgbImage_2023-04-15_18-08-02.png,Switchgrass_J587.A_WW_T3.14.2023_I APPL 203,0.9570035166877403,3.065116267185658
Switchgrass,RGB2,J587.A_WW_T3.14.2023_I APPL 203,2023-04-15 18:07:29,2,4,4,2023-04-15_RgbImage_2023-04-15_18-07-28.png,Switchgrass_J587.A_WW_T3.14.2023_I APPL 203,0.9574142825945586,1.502085154876113
Switchgrass,RGB1,J588.B_WW_T3.14.2023_I APPL 284,2023-04-29 08:02:09,2,4,4,2023-04-29_RgbImage_2023-04-29_08-02-08.png,Switchgrass_J588.B_WW_T3.14.2023_I APPL 284,0.95761127946436,3.3646475579589605
Switchgrass,RGB2,J588.B_WW_T3.14.2023_I APPL 284,2023-04-29 08:01:34,2,4,4,2023-04-29_RgbImage_2023-04-29_08-01-33.png,Switchgrass_J588.B_WW_T3.14.2023_I APPL 284,0.9676944415139787,1.4845023397356272
Switchgrass,RGB1,VS16_D_I APPL 2,2022-12-04 11:33:40,2,4,4,2022-12-4_RgbImage_2022-12-04_11-33-40.png,Switchgrass_VS16_D_I APPL 2,0.9694794632852225,3.467700798995793
Switchgrass,RGB2,VS16_D_I APPL 2,2022-12-04 11:32:22,2,4,4,2022-12-4_RgbImage_2022-12-04_11-32-21.png,Switchgrass_VS16_D_I APPL 2,0.9757001198649776,1.6435371106490493
Switchgrass,RGB1,J322.A_WW_T3.12.2023_I APPL 519,2023-04-26 07:02:51,3,0,0,2023-04-26_RgbImage_2023-04-26_07-02-50.png,Switchgrass_J322.A_WW_T3.12.2023_I APPL 519,0.9620246076609325,3.5066129132173955
Switchgrass,RGB2,J322.A_WW_T3.12.2023_I APPL 519,2023-04-26 07:02:16,3,0,0,2023-04-26_RgbImage_2023-04-26_07-02-16.png,Switchgrass_J322.A_WW_T3.12.2023_I APPL 519,0.9509370777875292,1.5205601979978383
Switchgrass,RGB1,J005.A_D_T3.13.2023_I APPL 315,2023-04-20 15:56:31,3,0,1,2023-04-20_RgbImage_2023-04-20_15-56-30.png,Switchgrass_J005.A_D_T3.13.2023_I APPL 315,0.9640347417187344,3.4454980180598795
Switchgrass,RGB2,J005.A_D_T3.13.2023_I APPL 315,2023-04-20 15:55:57,3,0,1,2023-04-20_RgbImage_2023-04-20_15-55-57.png,Switchgrass_J005.A_D_T3.13.2023_I APPL 315,0.92541765626155,1.47496198117733
Switchgrass,RGB1,J241.A_WW_T3.12.2023_I APPL 412,2023-05-03 15:19:54,3,0,1,2023-05-3_RgbImage_2023-05-03_15-19-53.png,Switchgrass_J241.A_WW_T3.12.2023_I APPL 412,0.9723301649031596,3.2809599917382
Switchgrass,RGB2,J241.A_WW_T3.12.2023_I APPL 412,2023-05-03 15:19:24,3,0,1,2023-05-3_RgbImage_2023-05-03_15-19-23.png,Switchgrass_J241.A_WW_T3.12.2023_I APPL 412,0.947924352106347,1.4760027192533016
Switchgrass,RGB1,J317.A_D_I APPL 123,2023-01-07 16:53:00,3,0,1,2023-01-7_RgbImage_2023-01-07_16-53-00.png,Switchgrass_J317.A_D_I APPL 123,0.9636551090780708,3.3255307553336024
Switchgrass,RGB1,J317.A_D_I APPL 123,2023-01-08 16:52:42,3,0,1,2023-01-8_RgbImage_2023-01-08_16-52-41.png,Switchgrass_J317.A_D_I APPL 123,0.9566042568558627,3.26133088581264
Switchgrass,RGB2,J317.A_D_I APPL 123,2023-01-07 16:52:29,3,0,1,2023-01-7_RgbImage_2023-01-07_16-52-29.png,Switchgrass_J317.A_D_I APPL 123,0.8857675143151852,1.4670853689312935
Switchgrass,RGB2,J317.A_D_I APPL 123,2023-01-08 16:52:11,3,0,1,2023-01-8_RgbImage_2023-01-08_16-52-10.png,Switchgrass_J317.A_D_I APPL 123,0.88617375146298,1.3473562547005713
Switchgrass,RGB1,J250.C_D_T3.13.2023_I APPL 358,2023-03-23 10:39:05,3,0,2,2023-03-23_RgbImage_2023-03-23_10-39-04.png,Switchgrass_J250.C_D_T3.13.2023_I APPL 358,0.9474224962041583,3.326680839061737
Switchgrass,RGB2,J250.C_D_T3.13.2023_I APPL 358,2023-03-23 10:38:22,3,0,2,2023-03-23_RgbImage_2023-03-23_10-38-21.png,Switchgrass_J250.C_D_T3.13.2023_I APPL 358,0.9557912342726671,1.4799875738099217
Switchgrass,RGB1,J503.C_WW_T3.15.2023_I APPL 187,2023-04-08 07:58:11,3,0,2,2023-04-8_RgbImage_2023-04-08_07-58-10.png,Switchgrass_J503.C_WW_T3.15.2023_I APPL 187,0.9708847595411665,3.3313579517416656
Switchgrass,RGB2,J503.C_WW_T3.15.2023_I APPL 187,2023-04-08 07:57:41,3,0,2,2023-04-8_RgbImage_2023-04-08_07-57-40.png,Switchgrass_J503.C_WW_T3.15.2023_I APPL 187,0.9430233339794181,1.5178160890936852
Switchgrass,RGB1,J585.B_D_T3.16.2023_I APPL 52,2023-05-02 12:45:46,3,0,2,2023-05-2_RgbImage_2023-05-02_12-45-46.png,Switchgrass_J585.B_D_T3.16.2023_I APPL 52,0.9445949892606912,3.316744340583682
Switchgrass,RGB2,J585.B_D_T3.16.2023_I APPL 52,2023-05-02 12:45:15,3,0,2,2023-05-2_RgbImage_2023-05-02_12-45-15.png,Switchgrass_J585.B_D_T3.16.2023_I APPL 52,0.904415401639372,1.5235818112269044
Switchgrass,RGB1,J215.A_D_I APPL 130,2023-01-03 14:05:57,3,0,3,2023-01-3_RgbImage_2023-01-03_14-05-57.png,Switchgrass_J215.A_D_I APPL 130,0.965701322418614,3.0482655852101743
Switchgrass,RGB1,J215.A_D_I APPL 130,2023-01-11 14:03:44,3,0,3,2023-01-11_RgbImage_2023-01-11_14-03-43.png,Switchgrass_J215.A_D_I APPL 130,0.9633663199873814,3.3837948301807046
Switchgrass,RGB2,J215.A_D_I APPL 130,2023-01-03 14:04:04,3,0,3,2023-01-3_RgbImage_2023-01-03_14-04-04.png,Switchgrass_J215.A_D_I APPL 130,0.9396007477163976,1.486584817059338
Switchgrass,RGB2,J215.A_D_I APPL 130,2023-01-11 14:02:28,3,0,3,2023-01-11_RgbImage_2023-01-11_14-02-28.png,Switchgrass_J215.A_D_I APPL 130,0.9589728895459461,1.361933397129178
Switchgrass,RGB1,J215.A_WW_I APPL 152,2023-01-07 13:48:37,3,0,3,2023-01-7_RgbImage_2023-01-07_13-48-36.png,Switchgrass_J215.A_WW_I APPL 152,0.9554140535724087,3.302489707712084
Switchgrass,RGB1,J215.A_WW_I APPL 152,2023-01-09 13:48:23,3,0,3,2023-01-9_RgbImage_2023-01-09_13-48-22.png,Switchgrass_J215.A_WW_I APPL 152,0.9530468774098716,3.366593895945698
Switchgrass,RGB2,J215.A_WW_I APPL 152,2023-01-07 13:47:23,3,0,3,2023-01-7_RgbImage_2023-01-07_13-47-23.png,Switchgrass_J215.A_WW_I APPL 152,0.9557786973566545,1.4772421419620514
Switchgrass,RGB2,J215.A_WW_I APPL 152,2023-01-09 13:47:10,3,0,3,2023-01-9_RgbImage_2023-01-09_13-47-10.png,Switchgrass_J215.A_WW_I APPL 152,0.9516732301719886,1.4761228156276047
Switchgrass,RGB1,J215.A_D_I APPL 121,2022-12-31 16:23:25,3,0,4,2022-12-31_RgbImage_2022-12-31_16-23-25.png,Switchgrass_J215.A_D_I APPL 121,0.9631325388343254,3.326514292974025
Switchgrass,RGB1,J215.A_D_I APPL 121,2023-01-03 16:22:06,3,0,4,2023-01-3_RgbImage_2023-01-03_16-22-06.png,Switchgrass_J215.A_D_I APPL 121,0.9637752401119538,3.3422101601026952
Switchgrass,RGB1,J215.A_D_I APPL 121,2023-01-01 16:23:15,3,0,4,2023-01-1_RgbImage_2023-01-01_16-23-14.png,Switchgrass_J215.A_D_I APPL 121,0.9660117000194457,3.111875898204744
Switchgrass,RGB2,J215.A_D_I APPL 121,2022-12-31 16:22:10,3,0,4,2022-12-31_RgbImage_2022-12-31_16-22-10.png,Switchgrass_J215.A_D_I APPL 121,0.9496092344920872,1.501229016110301
Switchgrass,RGB2,J215.A_D_I APPL 121,2023-01-03 16:21:33,3,0,4,2023-01-3_RgbImage_2023-01-03_16-21-33.png,Switchgrass_J215.A_D_I APPL 121,0.9489706996440561,1.5214881910942495
Switchgrass,RGB2,J215.A_D_I APPL 121,2023-01-01 16:22:00,3,0,4,2023-01-1_RgbImage_2023-01-01_16-22-00.png,Switchgrass_J215.A_D_I APPL 121,0.9480848527001704,1.5100221307948232
Switchgrass,RGB1,J502.C_WW_T3.13.2023_I APPL 291,2023-04-20 18:57:40,3,0,4,2023-04-20_RgbImage_2023-04-20_18-57-40.png,Switchgrass_J502.C_WW_T3.13.2023_I APPL 291,0.9729940434104456,3.2835410302504897
Switchgrass,RGB2,J502.C_WW_T3.13.2023_I APPL 291,2023-04-20 18:57:02,3,0,4,2023-04-20_RgbImage_2023-04-20_18-57-02.png,Switchgrass_J502.C_WW_T3.13.2023_I APPL 291,0.9620715114153097,1.4758461616002023
Switchgrass,RGB1,J008.D_Xtra_I APPL 122,2023-01-01 17:11:18,3,1,0,2023-01-1_RgbImage_2023-01-01_17-11-18.png,Switchgrass_J008.D_Xtra_I APPL 122,0.9662718309385768,3.1261994000524282
Switchgrass,RGB2,J008.D_Xtra_I APPL 122,2023-01-01 17:10:08,3,1,0,2023-01-1_RgbImage_2023-01-01_17-10-08.png,Switchgrass_J008.D_Xtra_I APPL 122,0.9561108823339532,1.5198605139739811
Switchgrass,RGB1,J008.D_D_I APPL 125,2023-01-05 16:38:10,3,1,1,2023-01-5_RgbImage_2023-01-05_16-38-09.png,Switchgrass_J008.D_D_I APPL 125,0.9702451470359648,3.3118263208307326
Switchgrass,RGB2,J008.D_D_I APPL 125,2023-01-05 16:37:02,3,1,1,2023-01-5_RgbImage_2023-01-05_16-37-01.png,Switchgrass_J008.D_D_I APPL 125,0.9575221238938602,1.4961413661949337
Switchgrass,RGB1,J300.A_D_T3.13.2023_I APPL 319,2023-04-14 20:19:31,3,1,1,2023-04-14_RgbImage_2023-04-14_20-19-30.png,Switchgrass_J300.A_D_T3.13.2023_I APPL 319,0.9769381364602079,3.348173295147717
Switchgrass,RGB2,J300.A_D_T3.13.2023_I APPL 319,2023-04-14 20:18:55,3,1,1,2023-04-14_RgbImage_2023-04-14_20-18-54.png,Switchgrass_J300.A_D_T3.13.2023_I APPL 319,0.9324479394205476,1.4918271689675748
Switchgrass,RGB1,J317.A_D_I APPL 123,2023-01-10 16:52:07,3,1,1,2023-01-10_RgbImage_2023-01-10_16-52-07.png,Switchgrass_J317.A_D_I APPL 123,0.9631954010605358,3.2939126598648727
Switchgrass,RGB2,J317.A_D_I APPL 123,2023-01-10 16:51:37,3,1,1,2023-01-10_RgbImage_2023-01-10_16-51-37.png,Switchgrass_J317.A_D_I APPL 123,0.9018842169834305,1.4692982910200953
Switchgrass,RGB1,J215.A_D_I APPL 146,2023-01-25 14:01:15,3,1,2,2023-01-25_RgbImage_2023-01-25_14-01-15.png,Switchgrass_J215.A_D_I APPL 146,0.970799202804847,3.335698566865176
Switchgrass,RGB1,J215.A_D_I APPL 146,2023-01-23 14:22:29,3,1,2,2023-01-23_RgbImage_2023-01-23_14-22-29.png,Switchgrass_J215.A_D_I APPL 146,0.9680268531364269,3.328723620157689
Switchgrass,RGB1,J215.A_D_I APPL 146,2023-01-20 14:03:15,3,1,2,2023-01-20_RgbImage_2023-01-20_14-03-15.png,Switchgrass_J215.A_D_I APPL 146,0.9603768262137679,3.126628560014069
Switchgrass,RGB2,J215.A_D_I APPL 146,2023-01-25 14:00:44,3,1,2,2023-01-25_RgbImage_2023-01-25_14-00-44.png,Switchgrass_J215.A_D_I APPL 146,0.9505391027920557,1.5105171166360378
Switchgrass,RGB2,J215.A_D_I APPL 146,2023-01-23 14:20:36,3,1,2,2023-01-23_RgbImage_2023-01-23_14-20-35.png,Switchgrass_J215.A_D_I APPL 146,0.9457362145629874,1.4933428540825844
Switchgrass,RGB2,J215.A_D_I APPL 146,2023-01-20 14:01:21,3,1,2,2023-01-20_RgbImage_2023-01-20_14-01-21.png,Switchgrass_J215.A_D_I APPL 146,0.9516960283959379,1.5010188482701778
Switchgrass,RGB1,J250.A_WW_T3.13.2023_I APPL 320,2023-05-04 19:49:39,3,1,2,2023-05-4_RgbImage_2023-05-04_19-49-38.png,Switchgrass_J250.A_WW_T3.13.2023_I APPL 320,0.9673494598580836,3.2670306810177863
Switchgrass,RGB2,J250.A_WW_T3.13.2023_I APPL 320,2023-05-04 19:49:06,3,1,2,2023-05-4_RgbImage_2023-05-04_19-49-05.png,Switchgrass_J250.A_WW_T3.13.2023_I APPL 320,0.9383877041832686,1.4650236582383513
Switchgrass,RGB1,J215.A_D_I APPL 4,2022-12-20 11:00:01,3,1,3,2022-12-20_RgbImage_2022-12-20_11-00-01.png,Switchgrass_J215.A_D_I APPL 4,0.9634704316239464,3.173503751400858
Switchgrass,RGB2,J215.A_D_I APPL 4,2022-12-20 10:58:05,3,1,3,2022-12-20_RgbImage_2022-12-20_10-58-04.png,Switchgrass_J215.A_D_I APPL 4,0.955522918166632,1.4914672877639532
Switchgrass,RGB1,J215.A_WW_I APPL 131,2023-01-19 15:07:28,3,1,3,2023-01-19_RgbImage_2023-01-19_15-07-27.png,Switchgrass_J215.A_WW_I APPL 131,0.9601638967014176,3.3381068911403418
Switchgrass,RGB2,J215.A_WW_I APPL 131,2023-01-19 15:05:37,3,1,3,2023-01-19_RgbImage_2023-01-19_15-05-36.png,Switchgrass_J215.A_WW_I APPL 131,0.9589363291735322,1.5030291290022433
Switchgrass,RGB1,J601.B_D_T3.16.2023_I APPL 44,2023-05-07 13:51:43,3,1,3,2023-05-7_RgbImage_2023-05-07_13-51-42.png,Switchgrass_J601.B_D_T3.16.2023_I APPL 44,0.9701851614084958,3.2678824407048523
Switchgrass,RGB2,J601.B_D_T3.16.2023_I APPL 44,2023-05-07 13:51:08,3,1,3,2023-05-7_RgbImage_2023-05-07_13-51-07.png,Switchgrass_J601.B_D_T3.16.2023_I APPL 44,0.9565418705355294,1.4663304900750518
Switchgrass,RGB1,J609.A_D_T3.15.2023_I APPL 147,2023-05-06 12:55:48,3,1,3,2023-05-6_RgbImage_2023-05-06_12-55-47.png,Switchgrass_J609.A_D_T3.15.2023_I APPL 147,0.9649610997692296,3.028399330098182
Switchgrass,RGB2,J609.A_D_T3.15.2023_I APPL 147,2023-05-06 12:55:16,3,1,3,2023-05-6_RgbImage_2023-05-06_12-55-15.png,Switchgrass_J609.A_D_T3.15.2023_I APPL 147,0.9363458339476188,1.5124884936958551
Switchgrass,RGB1,J215.A_D_I APPL 121,2022-12-30 21:02:03,3,1,4,2022-12-30_RgbImage_2022-12-30_21-02-03.png,Switchgrass_J215.A_D_I APPL 121,0.9737392000824999,3.3301814650185406
Switchgrass,RGB2,J215.A_D_I APPL 121,2022-12-30 21:01:30,3,1,4,2022-12-30_RgbImage_2022-12-30_21-01-29.png,Switchgrass_J215.A_D_I APPL 121,0.9444260526906938,1.4569184933789074
Switchgrass,RGB1,J215.A_WW_I APPL 136,2022-12-21 16:33:49,3,1,4,2022-12-21_RgbImage_2022-12-21_16-33-49.png,Switchgrass_J215.A_WW_I APPL 136,0.9783205185744539,3.347914403770119
Switchgrass,RGB2,J215.A_WW_I APPL 136,2022-12-21 16:33:15,3,1,4,2022-12-21_RgbImage_2022-12-21_16-33-14.png,Switchgrass_J215.A_WW_I APPL 136,0.9578270610142581,1.5089548421092331
Switchgrass,RGB1,J215.A_WW_I APPL 221,2022-12-30 19:25:21,3,1,4,2022-12-30_RgbImage_2022-12-30_19-25-21.png,Switchgrass_J215.A_WW_I APPL 221,0.9688832247402102,3.253493284340948
Switchgrass,RGB2,J215.A_WW_I APPL 221,2022-12-30 19:24:06,3,1,4,2022-12-30_RgbImage_2022-12-30_19-24-06.png,Switchgrass_J215.A_WW_I APPL 221,0.9652150023819844,1.4812261844053864
Switchgrass,RGB1,VS16_D_I APPL 402,2023-01-10 11:05:11,3,1,4,2023-01-10_RgbImage_2023-01-10_11-05-10.png,Switchgrass_VS16_D_I APPL 402,0.9581627680886456,3.301968249026686
Switchgrass,RGB2,VS16_D_I APPL 402,2023-01-10 11:04:38,3,1,4,2023-01-10_RgbImage_2023-01-10_11-04-38.png,Switchgrass_VS16_D_I APPL 402,0.9449301927719888,1.5068899779580534
Switchgrass,RGB1,AP13_WW_I APPL 133,2023-01-27 15:13:36,3,2,0,2023-01-27_RgbImage_2023-01-27_15-13-35.png,Switchgrass_AP13_WW_I APPL 133,0.9730011669059787,3.3262253841385245
Switchgrass,RGB2,AP13_WW_I APPL 133,2023-01-27 15:11:51,3,2,0,2023-01-27_RgbImage_2023-01-27_15-11-50.png,Switchgrass_AP13_WW_I APPL 133,0.9431248257724966,1.4815978659316897
Switchgrass,RGB1,J003.B_WW_T3.13.2023_I APPL 292,2023-04-20 18:49:23,3,2,1,2023-04-20_RgbImage_2023-04-20_18-49-23.png,Switchgrass_J003.B_WW_T3.13.2023_I APPL 292,0.9544114522208754,3.393623218871653
Switchgrass,RGB2,J003.B_WW_T3.13.2023_I APPL 292,2023-04-20 18:48:50,3,2,1,2023-04-20_RgbImage_2023-04-20_18-48-50.png,Switchgrass_J003.B_WW_T3.13.2023_I APPL 292,0.9580218981051558,1.4803714072331786
Switchgrass,RGB1,J317.A_WW_I APPL 262,2023-01-22 12:56:29,3,2,1,2023-01-22_RgbImage_2023-01-22_12-56-29.png,Switchgrass_J317.A_WW_I APPL 262,0.9774924970618012,3.310135951731354
Switchgrass,RGB2,J317.A_WW_I APPL 262,2023-01-22 12:56:03,3,2,1,2023-01-22_RgbImage_2023-01-22_12-56-02.png,Switchgrass_J317.A_WW_I APPL 262,0.9405046103730301,1.5070298919454217
Switchgrass,RGB1,J621.A_WW_T3.16.2023_I APPL 55,2023-05-02 12:20:32,3,2,1,2023-05-2_RgbImage_2023-05-02_12-20-32.png,Switchgrass_J621.A_WW_T3.16.2023_I APPL 55,0.947704904599461,3.3399026850238442
Switchgrass,RGB2,J621.A_WW_T3.16.2023_I APPL 55,2023-05-02 12:20:03,3,2,1,2023-05-2_RgbImage_2023-05-02_12-20-03.png,Switchgrass_J621.A_WW_T3.16.2023_I APPL 55,0.9266852207545416,1.5036869021132588
Switchgrass,RGB1,J215.A_D_I APPL 146,2023-02-02 14:01:30,3,2,2,2023-02-2_RgbImage_2023-02-02_14-01-30.png,Switchgrass_J215.A_D_I APPL 146,0.9525073057597907,3.2716377400793135
Switchgrass,RGB1,J215.A_D_I APPL 146,2023-02-04 14:01:15,3,2,2,2023-02-4_RgbImage_2023-02-04_14-01-14.png,Switchgrass_J215.A_D_I APPL 146,0.9435206513521482,3.3500596089288592
Switchgrass,RGB2,J215.A_D_I APPL 146,2023-02-02 13:59:43,3,2,2,2023-02-2_RgbImage_2023-02-02_13-59-43.png,Switchgrass_J215.A_D_I APPL 146,0.9249570802749639,1.5299395900219679
Switchgrass,RGB2,J215.A_D_I APPL 146,2023-02-04 13:59:27,3,2,2,2023-02-4_RgbImage_2023-02-04_13-59-26.png,Switchgrass_J215.A_D_I APPL 146,0.9241205022840304,1.3787136827595532
Switchgrass,RGB1,J535.A_WW_T3.16.2023_I APPL 6,2023-05-02 18:44:34,3,2,2,2023-05-2_RgbImage_2023-05-02_18-44-34.png,Switchgrass_J535.A_WW_T3.16.2023_I APPL 6,0.9702072235571915,3.299716429784894
Switchgrass,RGB2,J535.A_WW_T3.16.2023_I APPL 6,2023-05-02 18:44:00,3,2,2,2023-05-2_RgbImage_2023-05-02_18-44-00.png,Switchgrass_J535.A_WW_T3.16.2023_I APPL 6,0.9492570054554167,1.4984599477611482
Switchgrass,RGB1,J005.A_WW_T3.13.2023_I APPL 378,2023-04-13 08:07:19,3,2,3,2023-04-13_RgbImage_2023-04-13_08-07-18.png,Switchgrass_J005.A_WW_T3.13.2023_I APPL 378,0.9733785777012564,3.39290037099272
Switchgrass,RGB2,J005.A_WW_T3.13.2023_I APPL 378,2023-04-13 08:06:46,3,2,3,2023-04-13_RgbImage_2023-04-13_08-06-45.png,Switchgrass_J005.A_WW_T3.13.2023_I APPL 378,0.946906429138925,1.5237523010000587
Switchgrass,RGB1,J215.A_WW_I APPL 131,2023-01-07 15:41:23,3,2,3,2023-01-7_RgbImage_2023-01-07_15-41-22.png,Switchgrass_J215.A_WW_I APPL 131,0.9657796967842504,3.3330715680494905
Switchgrass,RGB2,J215.A_WW_I APPL 131,2023-01-07 15:40:10,3,2,3,2023-01-7_RgbImage_2023-01-07_15-40-09.png,Switchgrass_J215.A_WW_I APPL 131,0.9479036039475585,1.510621433146298
Switchgrass,RGB1,J503.C_D_T3.15.2023_I APPL 166,2023-05-06 10:34:52,3,2,3,2023-05-6_RgbImage_2023-05-06_10-34-51.png,Switchgrass_J503.C_D_T3.15.2023_I APPL 166,0.9784750474640994,3.0362024307250977
Switchgrass,RGB2,J503.C_D_T3.15.2023_I APPL 166,2023-05-06 10:34:19,3,2,3,2023-05-6_RgbImage_2023-05-06_10-34-18.png,Switchgrass_J503.C_D_T3.15.2023_I APPL 166,0.9223545014344664,1.5100332712754607
Switchgrass,RGB1,VS16_Xtra_I APPL 129,2023-01-22 17:28:39,3,2,3,2023-01-22_RgbImage_2023-01-22_17-28-38.png,Switchgrass_VS16_Xtra_I APPL 129,0.9546184318602747,3.0818724134005606
Switchgrass,RGB2,VS16_Xtra_I APPL 129,2023-01-22 17:28:10,3,2,3,2023-01-22_RgbImage_2023-01-22_17-28-09.png,Switchgrass_VS16_Xtra_I APPL 129,0.9423398777217944,1.510567411314696
Switchgrass,RGB1,J585.B_WW_T3.16.2023_I APPL 92,2023-05-07 07:44:56,3,2,4,2023-05-7_RgbImage_2023-05-07_07-44-55.png,Switchgrass_J585.B_WW_T3.16.2023_I APPL 92,0.9707677100982504,3.412836126051843
Switchgrass,RGB2,J585.B_WW_T3.16.2023_I APPL 92,2023-05-07 07:44:26,3,2,4,2023-05-7_RgbImage_2023-05-07_07-44-26.png,Switchgrass_J585.B_WW_T3.16.2023_I APPL 92,0.9028975667817678,1.4915765821933746
Switchgrass,RGB1,VS16_D_I APPL 2,2022-12-31 11:30:14,3,2,4,2022-12-31_RgbImage_2022-12-31_11-30-14.png,Switchgrass_VS16_D_I APPL 2,0.9685244719900235,3.3043705909512937
Switchgrass,RGB2,VS16_D_I APPL 2,2022-12-31 11:29:43,3,2,4,2022-12-31_RgbImage_2022-12-31_11-29-42.png,Switchgrass_VS16_D_I APPL 2,0.9498688128525705,1.5141249569132924
Switchgrass,RGB1,J251.B_D_T3.12.2023_I APPL 438,2023-04-26 12:05:07,3,3,0,2023-04-26_RgbImage_2023-04-26_12-05-06.png,Switchgrass_J251.B_D_T3.12.2023_I APPL 438,0.9505730990219797,3.081956553272903
Switchgrass,RGB2,J251.B_D_T3.12.2023_I APPL 438,2023-04-26 12:04:36,3,3,0,2023-04-26_RgbImage_2023-04-26_12-04-35.png,Switchgrass_J251.B_D_T3.12.2023_I APPL 438,0.8735595728939118,1.4945836691185832
Switchgrass,RGB1,J279.A_WW_T3.12.2023_I APPL 391,2023-04-26 17:54:17,3,3,0,2023-04-26_RgbImage_2023-04-26_17-54-16.png,Switchgrass_J279.A_WW_T3.12.2023_I APPL 391,0.9558266084203617,3.3136686510406435
Switchgrass,RGB2,J279.A_WW_T3.12.2023_I APPL 391,2023-04-26 17:53:50,3,3,0,2023-04-26_RgbImage_2023-04-26_17-53-49.png,Switchgrass_J279.A_WW_T3.12.2023_I APPL 391,0.9211533292880343,1.5188112989999354
Switchgrass,RGB1,J317.A_D_I APPL 6,2023-01-31 10:27:06,3,3,0,2023-01-31_RgbImage_2023-01-31_10-27-05.png,Switchgrass_J317.A_D_I APPL 6,0.9667890854194339,3.3207812989130616
Switchgrass,RGB2,J317.A_D_I APPL 6,2023-01-31 10:25:20,3,3,0,2023-01-31_RgbImage_2023-01-31_10-25-19.png,Switchgrass_J317.A_D_I APPL 6,0.9195078450613696,1.4845763673074543
Switchgrass,RGB1,J251.B_WW_T3.12.2023_I APPL 518,2023-04-12 07:10:50,3,3,1,2023-04-12_RgbImage_2023-04-12_07-10-49.png,Switchgrass_J251.B_WW_T3.12.2023_I APPL 518,0.9569345101432034,3.3248902782797813
Switchgrass,RGB2,J251.B_WW_T3.12.2023_I APPL 518,2023-04-12 07:10:22,3,3,1,2023-04-12_RgbImage_2023-04-12_07-10-21.png,Switchgrass_J251.B_WW_T3.12.2023_I APPL 518,0.9221888323835068,1.4554207497276366
Switchgrass,RGB1,J317.A_D_I APPL 103,2023-01-19 10:56:59,3,3,1,2023-01-19_RgbImage_2023-01-19_10-56-58.png,Switchgrass_J317.A_D_I APPL 103,0.9663072346292614,3.2536979080177844
Switchgrass,RGB2,J317.A_D_I APPL 103,2023-01-19 10:56:31,3,3,1,2023-01-19_RgbImage_2023-01-19_10-56-30.png,Switchgrass_J317.A_D_I APPL 103,0.9354024671375673,1.4703841619193554
Switchgrass,RGB1,AP13_D_I APPL 261,2023-01-07 11:37:49,3,3,2,2023-01-7_RgbImage_2023-01-07_11-37-49.png,Switchgrass_AP13_D_I APPL 261,0.9595620877145776,3.2835339908488095
Switchgrass,RGB2,AP13_D_I APPL 261,2023-01-07 11:37:19,3,3,2,2023-01-7_RgbImage_2023-01-07_11-37-18.png,Switchgrass_AP13_D_I APPL 261,0.9504837292660143,1.5029104016721249
Switchgrass,RGB1,J226.A_WW_T3.13.2023_I APPL 294,2023-04-14 23:29:31,3,3,2,2023-04-14_RgbImage_2023-04-14_23-29-31.png,Switchgrass_J226.A_WW_T3.13.2023_I APPL 294,0.967614624341271,3.062845997978002
Switchgrass,RGB2,J226.A_WW_T3.13.2023_I APPL 294,2023-04-14 23:29:02,3,3,2,2023-04-14_RgbImage_2023-04-14_23-29-01.png,Switchgrass_J226.A_WW_T3.13.2023_I APPL 294,0.9242460338014251,1.5186887755990028
Switchgrass,RGB1,J317.A_D_I APPL 103,2023-01-02 10:57:28,3,3,2,2023-01-2_RgbImage_2023-01-02_10-57-27.png,Switchgrass_J317.A_D_I APPL 103,0.9564318944670622,3.351469622924924
Switchgrass,RGB2,J317.A_D_I APPL 103,2023-01-02 10:56:59,3,3,2,2023-01-2_RgbImage_2023-01-02_10-56-59.png,Switchgrass_J317.A_D_I APPL 103,0.9300398265610945,1.5161804128438234
Switchgrass,RGB1,J317.A_WW_I APPL 351,2023-01-05 10:51:06,3,3,2,2023-01-5_RgbImage_2023-01-05_10-51-06.png,Switchgrass_J317.A_WW_I APPL 351,0.9754703930551513,3.29934562696144
Switchgrass,RGB2,J317.A_WW_I APPL 351,2023-01-05 10:49:15,3,3,2,2023-01-5_RgbImage_2023-01-05_10-49-15.png,Switchgrass_J317.A_WW_I APPL 351,0.971928371194007,1.4996370831504464
Switchgrass,RGB1,J018.B_WW_T3.13.2023_I APPL 293,2023-04-28 18:40:14,3,3,3,2023-04-28_RgbImage_2023-04-28_18-40-13.png,Switchgrass_J018.B_WW_T3.13.2023_I APPL 293,0.9702550828375603,3.436540794093162
Switchgrass,RGB2,J018.B_WW_T3.13.2023_I APPL 293,2023-04-28 18:39:38,3,3,3,2023-04-28_RgbImage_2023-04-28_18-39-38.png,Switchgrass_J018.B_WW_T3.13.2023_I APPL 293,0.9747762359366988,1.509950424078852
Switchgrass,RGB1,J018.C_WW_T3.15.2023_I APPL 185,2023-04-16 08:14:35,3,3,3,2023-04-16_RgbImage_2023-04-16_08-14-34.png,Switchgrass_J018.C_WW_T3.15.2023_I APPL 185,0.9748597016893996,3.328860694076866
Switchgrass,RGB2,J018.C_WW_T3.15.2023_I APPL 185,2023-04-16 08:14:02,3,3,3,2023-04-16_RgbImage_2023-04-16_08-14-01.png,Switchgrass_J018.C_WW_T3.15.2023_I APPL 185,0.955219946759533,1.4615784618072212
Switchgrass,RGB1,J215.A_Xtra_I APPL 138,2023-01-19 17:14:23,3,3,3,2023-01-19_RgbImage_2023-01-19_17-14-23.png,Switchgrass_J215.A_Xtra_I APPL 138,0.9361312092968854,3.3384680398739874
Switchgrass,RGB2,J215.A_Xtra_I APPL 138,2023-01-19 17:13:10,3,3,3,2023-01-19_RgbImage_2023-01-19_17-13-10.png,Switchgrass_J215.A_Xtra_I APPL 138,0.9485073582976845,1.4745831107720733
Switchgrass,RGB1,J587.C_WW_T3.16.2023_I APPL 58,2023-04-25 11:55:43,3,3,3,2023-04-25_RgbImage_2023-04-25_11-55-43.png,Switchgrass_J587.C_WW_T3.16.2023_I APPL 58,0.9581086985230923,3.3333210069686174
Switchgrass,RGB2,J587.C_WW_T3.16.2023_I APPL 58,2023-04-25 11:55:11,3,3,3,2023-04-25_RgbImage_2023-04-25_11-55-10.png,Switchgrass_J587.C_WW_T3.16.2023_I APPL 58,0.9606309896961368,1.4893424487672746
Switchgrass,RGB1,J585.A_WW_T3.14.2023_I APPL 268,2023-05-05 09:59:11,3,3,4,2023-05-5_RgbImage_2023-05-05_09-59-11.png,Switchgrass_J585.A_WW_T3.14.2023_I APPL 268,0.9567497279565608,3.341016548220068
Switchgrass,RGB2,J585.A_WW_T3.14.2023_I APPL 268,2023-05-05 09:58:39,3,3,4,2023-05-5_RgbImage_2023-05-05_09-58-38.png,Switchgrass_J585.A_WW_T3.14.2023_I APPL 268,0.9426909320090583,1.4899516399018466
Switchgrass,RGB1,J587.B_WW_T3.15.2023_I APPL 164,2023-05-06 10:51:21,3,3,4,2023-05-6_RgbImage_2023-05-06_10-51-21.png,Switchgrass_J587.B_WW_T3.15.2023_I APPL 164,0.9816783550306678,3.3322180421091616
Switchgrass,RGB2,J587.B_WW_T3.15.2023_I APPL 164,2023-05-06 10:50:49,3,3,4,2023-05-6_RgbImage_2023-05-06_10-50-49.png,Switchgrass_J587.B_WW_T3.15.2023_I APPL 164,0.9645626841062263,1.4898500079289079
Switchgrass,RGB1,J008.D_D_I APPL 338,2023-01-23 12:13:19,3,4,0,2023-01-23_RgbImage_2023-01-23_12-13-19.png,Switchgrass_J008.D_D_I APPL 338,0.9670680414239164,3.275079355109483
Switchgrass,RGB2,J008.D_D_I APPL 338,2023-01-23 12:12:09,3,4,0,2023-01-23_RgbImage_2023-01-23_12-12-09.png,Switchgrass_J008.D_D_I APPL 338,0.9611475109881669,1.4860272500663996
Switchgrass,RGB1,J317.A_D_I APPL 6,2023-01-21 10:27:14,3,4,0,2023-01-21_RgbImage_2023-01-21_10-27-14.png,Switchgrass_J317.A_D_I APPL 6,0.9490567739762467,3.036463411990553
Switchgrass,RGB2,J317.A_D_I APPL 6,2023-01-21 10:25:26,3,4,0,2023-01-21_RgbImage_2023-01-21_10-25-26.png,Switchgrass_J317.A_D_I APPL 6,0.9092759160596713,1.4939173683524132
Switchgrass,RGB1,J008.D_D_I APPL 338,2023-02-09 11:51:56,3,4,1,2023-02-9_RgbImage_2023-02-09_11-51-55.png,Switchgrass_J008.D_D_I APPL 338,0.9818341200269877,3.3573915380984545
Switchgrass,RGB2,J008.D_D_I APPL 338,2023-02-09 11:51:28,3,4,1,2023-02-9_RgbImage_2023-02-09_11-51-27.png,Switchgrass_J008.D_D_I APPL 338,0.9582741795989725,1.517097386997193
Switchgrass,RGB1,J317.A_D_I APPL 103,2023-02-02 10:57:54,3,4,1,2023-02-2_RgbImage_2023-02-02_10-57-53.png,Switchgrass_J317.A_D_I APPL 103,0.9527266637704103,3.3233242351561785
Switchgrass,RGB2,J317.A_D_I APPL 103,2023-02-02 10:56:09,3,4,1,2023-02-2_RgbImage_2023-02-02_10-56-09.png,Switchgrass_J317.A_D_I APPL 103,0.8990004332801835,1.4820511611178517
Switchgrass,RGB1,J247.A_D_T3.12.2023_I APPL 411,2023-04-12 15:31:39,3,4,2,2023-04-12_RgbImage_2023-04-12_15-31-38.png,Switchgrass_J247.A_D_T3.12.2023_I APPL 411,0.9588416129253821,3.287041240837425
Switchgrass,RGB2,J247.A_D_T3.12.2023_I APPL 411,2023-04-12 15:31:03,3,4,2,2023-04-12_RgbImage_2023-04-12_15-31-03.png,Switchgrass_J247.A_D_T3.12.2023_I APPL 411,0.9654190847296625,1.4963069059886038
Switchgrass,RGB1,AP13_WW_I APPL 142,2022-12-08 14:01:33,3,4,3,2022-12-8_RgbImage_2022-12-08_14-01-32.png,Switchgrass_AP13_WW_I APPL 142,0.9698068712699505,3.2397052492015064
Switchgrass,RGB2,AP13_WW_I APPL 142,2022-12-08 14:00:59,3,4,3,2022-12-8_RgbImage_2022-12-08_14-00-59.png,Switchgrass_AP13_WW_I APPL 142,0.9553811778259798,1.482489210087806
Switchgrass,RGB1,J009.C_D_T3.15.2023_I APPL 175,2023-05-06 09:20:33,3,4,3,2023-05-6_RgbImage_2023-05-06_09-20-32.png,Switchgrass_J009.C_D_T3.15.2023_I APPL 175,0.9784590512144864,3.3183786026202142
Switchgrass,RGB2,J009.C_D_T3.15.2023_I APPL 175,2023-05-06 09:20:02,3,4,3,2023-05-6_RgbImage_2023-05-06_09-20-02.png,Switchgrass_J009.C_D_T3.15.2023_I APPL 175,0.9342545547313202,1.4719636081717908
Switchgrass,RGB1,J318.A_WW_T3.12.2023_I APPL 407,2023-04-12 16:03:56,3,4,3,2023-04-12_RgbImage_2023-04-12_16-03-56.png,Switchgrass_J318.A_WW_T3.12.2023_I APPL 407,0.9572847222681758,3.3220600741915405
Switchgrass,RGB2,J318.A_WW_T3.12.2023_I APPL 407,2023-04-12 16:03:29,3,4,3,2023-04-12_RgbImage_2023-04-12_16-03-29.png,Switchgrass_J318.A_WW_T3.12.2023_I APPL 407,0.9609504073038975,1.470093762036413
Switchgrass,RGB1,J251.A_WW_T3.16.2023_I APPL 48,2023-05-02 13:18:41,3,4,4,2023-05-2_RgbImage_2023-05-02_13-18-41.png,Switchgrass_J251.A_WW_T3.16.2023_I APPL 48,0.9564203288603018,3.2095566638745368
Switchgrass,RGB2,J251.A_WW_T3.16.2023_I APPL 48,2023-05-02 13:18:09,3,4,4,2023-05-2_RgbImage_2023-05-02_13-18-09.png,Switchgrass_J251.A_WW_T3.16.2023_I APPL 48,0.948876991572755,1.4334766371175647
Switchgrass,RGB1,Rambo 5_WW_T3.15.2023_I APPL 189,2023-05-06 07:41:21,3,4,4,2023-05-6_RgbImage_2023-05-06_07-41-21.png,Switchgrass_Rambo 5_WW_T3.15.2023_I APPL 189,0.9695949331946945,3.0188073278404772
Switchgrass,RGB2,Rambo 5_WW_T3.15.2023_I APPL 189,2023-05-06 07:40:50,3,4,4,2023-05-6_RgbImage_2023-05-06_07-40-50.png,Switchgrass_Rambo 5_WW_T3.15.2023_I APPL 189,0.9527130973069181,1.5045105870813131
Switchgrass,RGB1,VS16_D_I APPL 2,2023-02-07 11:28:24,3,4,4,2023-02-7_RgbImage_2023-02-07_11-28-23.png,Switchgrass_VS16_D_I APPL 2,0.9694992975828206,3.2482896000146866
Switchgrass,RGB1,VS16_D_I APPL 2,2023-02-05 11:30:15,3,4,4,2023-02-5_RgbImage_2023-02-05_11-30-14.png,Switchgrass_VS16_D_I APPL 2,0.9669556840510091,3.266268955077976
Switchgrass,RGB2,VS16_D_I APPL 2,2023-02-07 11:27:56,3,4,4,2023-02-7_RgbImage_2023-02-07_11-27-56.png,Switchgrass_VS16_D_I APPL 2,0.9482010164814528,1.4687531078234315
Switchgrass,RGB2,VS16_D_I APPL 2,2023-02-05 11:29:47,3,4,4,2023-02-5_RgbImage_2023-02-05_11-29-47.png,Switchgrass_VS16_D_I APPL 2,0.9563560257678436,1.4011340639553964
Switchgrass,RGB1,J001.B_WW_T3.13.2023_I APPL 349,2023-04-14 16:53:53,4,0,0,2023-04-14_RgbImage_2023-04-14_16-53-52.png,Switchgrass_J001.B_WW_T3.13.2023_I APPL 349,0.9600470968874122,3.2635821937583387
Switchgrass,RGB2,J001.B_WW_T3.13.2023_I APPL 349,2023-04-14 16:53:26,4,0,0,2023-04-14_RgbImage_2023-04-14_16-53-26.png,Switchgrass_J001.B_WW_T3.13.2023_I APPL 349,0.9452521153473755,1.4979863818734884
Switchgrass,RGB1,J008.D_D_I APPL 125,2023-01-06 16:38:16,4,0,0,2023-01-6_RgbImage_2023-01-06_16-38-16.png,Switchgrass_J008.D_D_I APPL 125,0.961916108970482,3.2634069519117475
Switchgrass,RGB1,J008.D_D_I APPL 125,2023-01-07 16:37:45,4,0,0,2023-01-7_RgbImage_2023-01-07_16-37-44.png,Switchgrass_J008.D_D_I APPL 125,0.9710003265911097,3.3429164281114936
Switchgrass,RGB2,J008.D_D_I APPL 125,2023-01-06 16:37:08,4,0,0,2023-01-6_RgbImage_2023-01-06_16-37-08.png,Switchgrass_J008.D_D_I APPL 125,0.9505849851438127,1.4754362339153886
Switchgrass,RGB2,J008.D_D_I APPL 125,2023-01-07 16:36:37,4,0,0,2023-01-7_RgbImage_2023-01-07_16-36-36.png,Switchgrass_J008.D_D_I APPL 125,0.9530677148858914,1.4663846190087497
Switchgrass,RGB1,J215.A_Xtra_I APPL 138,2023-01-28 17:12:51,4,0,0,2023-01-28_RgbImage_2023-01-28_17-12-51.png,Switchgrass_J215.A_Xtra_I APPL 138,0.9608588297122018,3.330342612694949
Switchgrass,RGB2,J215.A_Xtra_I APPL 138,2023-01-28 17:11:03,4,0,0,2023-01-28_RgbImage_2023-01-28_17-11-03.png,Switchgrass_J215.A_Xtra_I APPL 138,0.9425649212221189,1.434823403134942
Switchgrass,RGB1,J005.A_D_T3.13.2023_I APPL 315,2023-05-04 20:30:18,4,0,1,2023-05-4_RgbImage_2023-05-04_20-30-18.png,Switchgrass_J005.A_D_T3.13.2023_I APPL 315,0.9766557557721811,3.2319051399827003
Switchgrass,RGB2,J005.A_D_T3.13.2023_I APPL 315,2023-05-04 20:29:47,4,0,1,2023-05-4_RgbImage_2023-05-04_20-29-46.png,Switchgrass_J005.A_D_T3.13.2023_I APPL 315,0.9412372573663716,1.464076954871416
Switchgrass,RGB1,J215.A_WW_I APPL 152,2023-01-22 13:46:50,4,0,1,2023-01-22_RgbImage_2023-01-22_13-46-50.png,Switchgrass_J215.A_WW_I APPL 152,0.9478315090966646,3.282779712229967
Switchgrass,RGB1,J215.A_WW_I APPL 152,2023-01-23 14:06:30,4,0,1,2023-01-23_RgbImage_2023-01-23_14-06-29.png,Switchgrass_J215.A_WW_I APPL 152,0.9457345120227163,3.293569994159043
Switchgrass,RGB2,J215.A_WW_I APPL 152,2023-01-22 13:45:03,4,0,1,2023-01-22_RgbImage_2023-01-22_13-45-02.png,Switchgrass_J215.A_WW_I APPL 152,0.933353153740118,1.4930202597752213
Switchgrass,RGB2,J215.A_WW_I APPL 152,2023-01-23 14:04:45,4,0,1,2023-01-23_RgbImage_2023-01-23_14-04-45.png,Switchgrass_J215.A_WW_I APPL 152,0.9372732826518138,1.4527947027236223
Switchgrass,RGB1,J215.A_D_I APPL 121,2023-01-09 16:20:56,4,0,2,2023-01-9_RgbImage_2023-01-09_16-20-55.png,Switchgrass_J215.A_D_I APPL 121,0.9648776312472016,3.285386651288718
Switchgrass,RGB2,J215.A_D_I APPL 121,2023-01-09 16:20:24,4,0,2,2023-01-9_RgbImage_2023-01-09_16-20-24.png,Switchgrass_J215.A_D_I APPL 121,0.9465716907495084,1.4301613378338516
Switchgrass,RGB1,J215.A_D_I APPL 130,2023-01-19 15:23:06,4,0,2,2023-01-19_RgbImage_2023-01-19_15-23-06.png,Switchgrass_J215.A_D_I APPL 130,0.9598425802763899,3.262285922188312
Switchgrass,RGB2,J215.A_D_I APPL 130,2023-01-19 15:21:15,4,0,2,2023-01-19_RgbImage_2023-01-19_15-21-15.png,Switchgrass_J215.A_D_I APPL 130,0.9524261897040809,1.4342896728776395
Switchgrass,RGB1,J215.A_D_I APPL 146,2023-01-29 14:01:16,4,0,2,2023-01-29_RgbImage_2023-01-29_14-01-15.png,Switchgrass_J215.A_D_I APPL 146,0.9626874003758547,3.312160573899746
Switchgrass,RGB2,J215.A_D_I APPL 146,2023-01-29 14:00:05,4,0,2,2023-01-29_RgbImage_2023-01-29_14-00-05.png,Switchgrass_J215.A_D_I APPL 146,0.9313546680611704,1.4942756239324808
Switchgrass,RGB1,J215.A_WW_I APPL 131,2023-01-25 15:06:31,4,0,2,2023-01-25_RgbImage_2023-01-25_15-06-31.png,Switchgrass_J215.A_WW_I APPL 131,0.9630832328139531,3.321104485075921
Switchgrass,RGB2,J215.A_WW_I APPL 131,2023-01-25 15:04:40,4,0,2,2023-01-25_RgbImage_2023-01-25_15-04-40.png,Switchgrass_J215.A_WW_I APPL 131,0.9618105313487231,1.478748566005379
Switchgrass,RGB1,J215.A_WW_I APPL 221,2023-01-06 14:45:27,4,0,3,2023-01-6_RgbImage_2023-01-06_14-45-27.png,Switchgrass_J215.A_WW_I APPL 221,0.967148308801944,2.9824636480771005
Switchgrass,RGB2,J215.A_WW_I APPL 221,2023-01-06 14:44:10,4,0,3,2023-01-6_RgbImage_2023-01-06_14-44-10.png,Switchgrass_J215.A_WW_I APPL 221,0.9638089963208017,1.487964121159166
Switchgrass,RGB1,J461.C_WW_T3.15.2023_I APPL 136,2023-05-06 14:10:18,4,0,3,2023-05-6_RgbImage_2023-05-06_14-10-18.png,Switchgrass_J461.C_WW_T3.15.2023_I APPL 136,0.9759973341181939,3.0384289561770856
Switchgrass,RGB2,J461.C_WW_T3.15.2023_I APPL 136,2023-05-06 14:09:48,4,0,3,2023-05-6_RgbImage_2023-05-06_14-09-47.png,Switchgrass_J461.C_WW_T3.15.2023_I APPL 136,0.9279851541870676,1.4976031947880983
Switchgrass,RGB1,VS16_D_I APPL 402,2023-02-09 11:04:20,4,0,3,2023-02-9_RgbImage_2023-02-09_11-04-20.png,Switchgrass_VS16_D_I APPL 402,0.9633666904932422,3.3167085722088814
Switchgrass,RGB2,VS16_D_I APPL 402,2023-02-09 11:03:53,4,0,3,2023-02-9_RgbImage_2023-02-09_11-03-53.png,Switchgrass_VS16_D_I APPL 402,0.9329774660592566,1.5152931129559875
Switchgrass,RGB1,J215.A_WW_I APPL 221,2023-01-10 14:44:16,4,0,4,2023-01-10_RgbImage_2023-01-10_14-44-16.png,Switchgrass_J215.A_WW_I APPL 221,0.970463741690285,3.278446167241782
Switchgrass,RGB2,J215.A_WW_I APPL 221,2023-01-10 14:43:02,4,0,4,2023-01-10_RgbImage_2023-01-10_14-43-01.png,Switchgrass_J215.A_WW_I APPL 221,0.9579066267483934,1.5811074441298842
Switchgrass,RGB1,J323.A_WW_T3.13.2023_I APPL 367,2023-04-20 09:38:39,4,0,4,2023-04-20_RgbImage_2023-04-20_09-38-39.png,Switchgrass_J323.A_WW_T3.13.2023_I APPL 367,0.9653288649120175,3.2241766252554953
Switchgrass,RGB1,J323.A_WW_T3.13.2023_I APPL 367,2023-04-28 09:38:14,4,0,4,2023-04-28_RgbImage_2023-04-28_09-38-14.png,Switchgrass_J323.A_WW_T3.13.2023_I APPL 367,0.9694690985168819,3.2543804328888655
Switchgrass,RGB2,J323.A_WW_T3.13.2023_I APPL 367,2023-04-20 09:38:05,4,0,4,2023-04-20_RgbImage_2023-04-20_09-38-04.png,Switchgrass_J323.A_WW_T3.13.2023_I APPL 367,0.9469173261597621,1.4641044968739152
Switchgrass,RGB2,J323.A_WW_T3.13.2023_I APPL 367,2023-04-28 09:37:42,4,0,4,2023-04-28_RgbImage_2023-04-28_09-37-42.png,Switchgrass_J323.A_WW_T3.13.2023_I APPL 367,0.9478916167264688,1.394764028955251
Switchgrass,RGB1,J340.A_WW_T3.13.2023_I APPL 306,2023-05-04 21:44:01,4,0,4,2023-05-4_RgbImage_2023-05-04_21-44-00.png,Switchgrass_J340.A_WW_T3.13.2023_I APPL 306,0.977200471265266,3.2795736882835627
Switchgrass,RGB2,J340.A_WW_T3.13.2023_I APPL 306,2023-05-04 21:43:27,4,0,4,2023-05-4_RgbImage_2023-05-04_21-43-27.png,Switchgrass_J340.A_WW_T3.13.2023_I APPL 306,0.9576437559228326,1.5096737183630466
Switchgrass,RGB1,AP13_WW_I APPL 142,2023-01-21 13:54:54,4,1,0,2023-01-21_RgbImage_2023-01-21_13-54-53.png,Switchgrass_AP13_WW_I APPL 142,0.9732469715236901,3.287081564310938
Switchgrass,RGB1,AP13_WW_I APPL 142,2023-01-22 13:54:49,4,1,0,2023-01-22_RgbImage_2023-01-22_13-54-48.png,Switchgrass_AP13_WW_I APPL 142,0.9705436328029119,3.300291891209781
Switchgrass,RGB2,AP13_WW_I APPL 142,2023-01-21 13:53:04,4,1,0,2023-01-21_RgbImage_2023-01-21_13-53-04.png,Switchgrass_AP13_WW_I APPL 142,0.947023503128686,1.503328540828079
Switchgrass,RGB2,AP13_WW_I APPL 142,2023-01-22 13:52:59,4,1,0,2023-01-22_RgbImage_2023-01-22_13-52-59.png,Switchgrass_AP13_WW_I APPL 142,0.939729076971627,1.453985745087266
Switchgrass,RGB1,J008.D_D_I APPL 125,2023-01-08 16:37:26,4,1,1,2023-01-8_RgbImage_2023-01-08_16-37-25.png,Switchgrass_J008.D_D_I APPL 125,0.9559457104561648,3.322209272067994
Switchgrass,RGB2,J008.D_D_I APPL 125,2023-01-08 16:36:18,4,1,1,2023-01-8_RgbImage_2023-01-08_16-36-18.png,Switchgrass_J008.D_D_I APPL 125,0.9564685889322314,1.407505300361663
Switchgrass,RGB1,J250.C_D_T3.13.2023_I APPL 358,2023-05-04 15:11:05,4,1,1,2023-05-4_RgbImage_2023-05-04_15-11-05.png,Switchgrass_J250.C_D_T3.13.2023_I APPL 358,0.9639448399989731,3.264598754234612
Switchgrass,RGB2,J250.C_D_T3.13.2023_I APPL 358,2023-05-04 15:10:35,4,1,1,2023-05-4_RgbImage_2023-05-04_15-10-34.png,Switchgrass_J250.C_D_T3.13.2023_I APPL 358,0.9485112452879851,1.451042799744755
Switchgrass,RGB1,J330.A_WW_T3.12.2023_I APPL 396,2023-04-26 17:13:22,4,1,1,2023-04-26_RgbImage_2023-04-26_17-13-22.png,Switchgrass_J330.A_WW_T3.12.2023_I APPL 396,0.9631095356143102,3.34370543807745
Switchgrass,RGB2,J330.A_WW_T3.12.2023_I APPL 396,2023-04-26 17:12:51,4,1,1,2023-04-26_RgbImage_2023-04-26_17-12-51.png,Switchgrass_J330.A_WW_T3.12.2023_I APPL 396,0.9476427662120631,1.5090205520391464
Switchgrass,RGB1,J215.A_D_I APPL 146,2023-02-08 14:01:09,4,1,2,2023-02-8_RgbImage_2023-02-08_14-01-08.png,Switchgrass_J215.A_D_I APPL 146,0.9491905873259447,3.29504342796281
Switchgrass,RGB2,J215.A_D_I APPL 146,2023-02-08 13:59:21,4,1,2,2023-02-8_RgbImage_2023-02-08_13-59-21.png,Switchgrass_J215.A_D_I APPL 146,0.9133414177367258,1.5199723108671606
Switchgrass,RGB1,J215.A_D_I APPL 4,2023-01-11 10:41:39,4,1,2,2023-01-11_RgbImage_2023-01-11_10-41-39.png,Switchgrass_J215.A_D_I APPL 4,0.9746488712158472,3.006092273630202
Switchgrass,RGB2,J215.A_D_I APPL 4,2023-01-11 10:41:11,4,1,2,2023-01-11_RgbImage_2023-01-11_10-41-10.png,Switchgrass_J215.A_D_I APPL 4,0.9508813129688174,1.4705888666212559
Switchgrass,RGB1,J215.A_WW_I APPL 131,2023-01-27 15:05:55,4,1,2,2023-01-27_RgbImage_2023-01-27_15-05-54.png,Switchgrass_J215.A_WW_I APPL 131,0.9650330076194011,3.0693440488539636
Switchgrass,RGB1,J215.A_WW_I APPL 131,2023-02-09 15:04:31,4,1,2,2023-02-9_RgbImage_2023-02-09_15-04-31.png,Switchgrass_J215.A_WW_I APPL 131,0.9623814089991308,3.3183054509572685
Switchgrass,RGB2,J215.A_WW_I APPL 131,2023-01-27 15:04:04,4,1,2,2023-01-27_RgbImage_2023-01-27_15-04-03.png,Switchgrass_J215.A_WW_I APPL 131,0.9563787159042523,1.5140071818605065
Switchgrass,RGB2,J215.A_WW_I APPL 131,2023-02-09 15:02:47,4,1,2,2023-02-9_RgbImage_2023-02-09_15-02-47.png,Switchgrass_J215.A_WW_I APPL 131,0.9319329619209464,1.4804877741262317
Switchgrass,RGB1,J215.A_D_I APPL 4,2023-01-25 10:41:21,4,1,3,2023-01-25_RgbImage_2023-01-25_10-41-20.png,Switchgrass_J215.A_D_I APPL 4,0.9795458631407519,3.3122439002618194
Switchgrass,RGB2,J215.A_D_I APPL 4,2023-01-25 10:40:53,4,1,3,2023-01-25_RgbImage_2023-01-25_10-40-53.png,Switchgrass_J215.A_D_I APPL 4,0.9506689416914863,1.4768664059229195
Switchgrass,RGB1,J215.A_WW_I APPL 136,2023-01-19 16:26:09,4,1,3,2023-01-19_RgbImage_2023-01-19_16-26-08.png,Switchgrass_J215.A_WW_I APPL 136,0.9735050798875219,3.109858612064272
Switchgrass,RGB2,J215.A_WW_I APPL 136,2023-01-19 16:25:44,4,1,3,2023-01-19_RgbImage_2023-01-19_16-25-43.png,Switchgrass_J215.A_WW_I APPL 136,0.9520526787028991,1.4891255260445178
Switchgrass,RGB1,J215.A_WW_I APPL 221,2023-01-28 14:09:00,4,1,3,2023-01-28_RgbImage_2023-01-28_14-09-00.png,Switchgrass_J215.A_WW_I APPL 221,0.9741602157104711,3.2716576089151204
Switchgrass,RGB2,J215.A_WW_I APPL 221,2023-01-28 14:07:56,4,1,3,2023-01-28_RgbImage_2023-01-28_14-07-56.png,Switchgrass_J215.A_WW_I APPL 221,0.9373766769634485,1.498562237713486
Switchgrass,RGB1,VS16_D_I APPL 124,2023-01-21 16:41:46,4,1,3,2023-01-21_RgbImage_2023-01-21_16-41-46.png,Switchgrass_VS16_D_I APPL 124,0.9713390005482478,3.2461791448295116
Switchgrass,RGB2,VS16_D_I APPL 124,2023-01-21 16:40:40,4,1,3,2023-01-21_RgbImage_2023-01-21_16-40-40.png,Switchgrass_VS16_D_I APPL 124,0.9410456204089727,1.5092480322346091
Switchgrass,RGB1,J215.A_D_I APPL 4,2022-12-30 10:42:10,4,1,4,2022-12-30_RgbImage_2022-12-30_10-42-10.png,Switchgrass_J215.A_D_I APPL 4,0.978913618530567,3.060756130144
Switchgrass,RGB2,J215.A_D_I APPL 4,2022-12-30 10:41:37,4,1,4,2022-12-30_RgbImage_2022-12-30_10-41-36.png,Switchgrass_J215.A_D_I APPL 4,0.9706924226490575,1.5366120832040906
Switchgrass,RGB1,J215.A_WW_I APPL 221,2023-02-05 14:09:58,4,1,4,2023-02-5_RgbImage_2023-02-05_14-09-57.png,Switchgrass_J215.A_WW_I APPL 221,0.9684153027372214,3.2905675126239657
Switchgrass,RGB2,J215.A_WW_I APPL 221,2023-02-05 14:08:52,4,1,4,2023-02-5_RgbImage_2023-02-05_14-08-52.png,Switchgrass_J215.A_WW_I APPL 221,0.9381895200956651,1.4907613177783787
Switchgrass,RGB1,VS16_D_I APPL 2,2023-01-10 11:29:28,4,1,4,2023-01-10_RgbImage_2023-01-10_11-29-27.png,Switchgrass_VS16_D_I APPL 2,0.9742604596182968,3.232108369935304
Switchgrass,RGB2,VS16_D_I APPL 2,2023-01-10 11:28:56,4,1,4,2023-01-10_RgbImage_2023-01-10_11-28-56.png,Switchgrass_VS16_D_I APPL 2,0.9592106101169028,1.4971930389292538
Switchgrass,RGB1,VS16_WW_I APPL 10,2023-01-23 12:06:08,4,1,4,2023-01-23_RgbImage_2023-01-23_12-06-08.png,Switchgrass_VS16_WW_I APPL 10,0.9662823065473477,3.236048480030149
Switchgrass,RGB2,VS16_WW_I APPL 10,2023-01-23 12:04:14,4,1,4,2023-01-23_RgbImage_2023-01-23_12-04-14.png,Switchgrass_VS16_WW_I APPL 10,0.9479269353789179,1.5233720876276493
Switchgrass,RGB1,AP13_D_I APPL 261,2023-01-20 11:38:18,4,2,0,2023-01-20_RgbImage_2023-01-20_11-38-17.png,Switchgrass_AP13_D_I APPL 261,0.9478771253634344,3.3324746801517904
Switchgrass,RGB2,AP13_D_I APPL 261,2023-01-20 11:36:29,4,2,0,2023-01-20_RgbImage_2023-01-20_11-36-29.png,Switchgrass_AP13_D_I APPL 261,0.9439680584991736,1.523645805194974
Switchgrass,RGB1,AP13_WW_I APPL 142,2023-02-04 13:52:48,4,2,0,2023-02-4_RgbImage_2023-02-04_13-52-47.png,Switchgrass_AP13_WW_I APPL 142,0.9700096480589723,3.108399303164333
Switchgrass,RGB2,AP13_WW_I APPL 142,2023-02-04 13:51:44,4,2,0,2023-02-4_RgbImage_2023-02-04_13-51-43.png,Switchgrass_AP13_WW_I APPL 142,0.9362301526940194,1.500749112572521
Switchgrass,RGB1,J317.A_D_I APPL 123,2023-02-04 16:46:31,4,2,0,2023-02-4_RgbImage_2023-02-04_16-46-30.png,Switchgrass_J317.A_D_I APPL 123,0.9670101581504158,3.2440525628626347
Switchgrass,RGB2,J317.A_D_I APPL 123,2023-02-04 16:46:08,4,2,0,2023-02-4_RgbImage_2023-02-04_16-46-07.png,Switchgrass_J317.A_D_I APPL 123,0.8926406343891186,1.4872451992705464
Switchgrass,RGB1,AP13_WW_I APPL 142,2023-01-27 13:52:51,4,2,1,2023-01-27_RgbImage_2023-01-27_13-52-50.png,Switchgrass_AP13_WW_I APPL 142,0.9713567242028129,3.301658681128174
Switchgrass,RGB2,AP13_WW_I APPL 142,2023-01-27 13:52:26,4,2,1,2023-01-27_RgbImage_2023-01-27_13-52-25.png,Switchgrass_AP13_WW_I APPL 142,0.9438529972813742,1.5156431533396244
Switchgrass,RGB1,J317.A_Xtra_I APPL 137,2023-01-19 17:21:27,4,2,1,2023-01-19_RgbImage_2023-01-19_17-21-27.png,Switchgrass_J317.A_Xtra_I APPL 137,0.9638775292391989,3.2924273377284408
Switchgrass,RGB2,J317.A_Xtra_I APPL 137,2023-01-19 17:21:01,4,2,1,2023-01-19_RgbImage_2023-01-19_17-21-01.png,Switchgrass_J317.A_Xtra_I APPL 137,0.942691629586177,1.5309316809289157
Switchgrass,RGB1,J215.A_Xtra_I APPL 138,2023-01-21 17:13:48,4,2,2,2023-01-21_RgbImage_2023-01-21_17-13-47.png,Switchgrass_J215.A_Xtra_I APPL 138,0.9706208066679642,3.2282621758058667
Switchgrass,RGB2,J215.A_Xtra_I APPL 138,2023-01-21 17:12:35,4,2,2,2023-01-21_RgbImage_2023-01-21_17-12-35.png,Switchgrass_J215.A_Xtra_I APPL 138,0.9536201188739353,1.4497093269601464
Switchgrass,RGB1,J308.A_WW_T3.12.2023_I APPL 498,2023-04-26 09:38:46,4,2,2,2023-04-26_RgbImage_2023-04-26_09-38-46.png,Switchgrass_J308.A_WW_T3.12.2023_I APPL 498,0.9631574755425882,3.2072436749003828
Switchgrass,RGB2,J308.A_WW_T3.12.2023_I APPL 498,2023-04-26 09:38:20,4,2,2,2023-04-26_RgbImage_2023-04-26_09-38-20.png,Switchgrass_J308.A_WW_T3.12.2023_I APPL 498,0.9408168354998185,1.5073970616795123
Switchgrass,RGB1,J215.A_D_I APPL 130,2023-01-23 15:40:47,4,2,3,2023-01-23_RgbImage_2023-01-23_15-40-47.png,Switchgrass_J215.A_D_I APPL 130,0.9765139697345808,3.3101970269344747
Switchgrass,RGB2,J215.A_D_I APPL 130,2023-01-23 15:40:18,4,2,3,2023-01-23_RgbImage_2023-01-23_15-40-17.png,Switchgrass_J215.A_D_I APPL 130,0.9475742775640603,1.4982892111875117
Switchgrass,RGB1,J215.A_WW_I APPL 152,2023-02-04 13:44:15,4,2,3,2023-02-4_RgbImage_2023-02-04_13-44-15.png,Switchgrass_J215.A_WW_I APPL 152,0.9490466832116726,3.3192990659736097
Switchgrass,RGB1,J215.A_WW_I APPL 152,2023-02-05 13:45:57,4,2,3,2023-02-5_RgbImage_2023-02-05_13-45-56.png,Switchgrass_J215.A_WW_I APPL 152,0.9563241632312199,3.2342832698486745
Switchgrass,RGB2,J215.A_WW_I APPL 152,2023-02-04 13:43:50,4,2,3,2023-02-4_RgbImage_2023-02-04_13-43-49.png,Switchgrass_J215.A_WW_I APPL 152,0.9388110488876664,1.3684848179109395
Switchgrass,RGB2,J215.A_WW_I APPL 152,2023-02-05 13:45:31,4,2,3,2023-02-5_RgbImage_2023-02-05_13-45-31.png,Switchgrass_J215.A_WW_I APPL 152,0.9313709453412461,1.4569389568641782
Switchgrass,RGB1,J613.A_WW_T3.16.2023_I APPL 12,2023-05-02 17:53:58,4,2,3,2023-05-2_RgbImage_2023-05-02_17-53-57.png,Switchgrass_J613.A_WW_T3.16.2023_I APPL 12,0.9767272919349874,3.256904150824994
Switchgrass,RGB2,J613.A_WW_T3.16.2023_I APPL 12,2023-05-02 17:53:30,4,2,3,2023-05-2_RgbImage_2023-05-02_17-53-30.png,Switchgrass_J613.A_WW_T3.16.2023_I APPL 12,0.9579697737130003,1.5139259761199355
Switchgrass,RGB1,J215.A_WW_I APPL 136,2023-01-29 16:24:03,4,2,4,2023-01-29_RgbImage_2023-01-29_16-24-02.png,Switchgrass_J215.A_WW_I APPL 136,0.9697865875745424,3.364670183043927
Switchgrass,RGB2,J215.A_WW_I APPL 136,2023-01-29 16:23:40,4,2,4,2023-01-29_RgbImage_2023-01-29_16-23-40.png,Switchgrass_J215.A_WW_I APPL 136,0.9438326284444085,1.4863322917371988
Switchgrass,RGB1,VS16_D_I APPL 2,2023-01-04 11:30:07,4,2,4,2023-01-4_RgbImage_2023-01-04_11-30-06.png,Switchgrass_VS16_D_I APPL 2,0.9733211027053769,3.3287634821608663
Switchgrass,RGB2,VS16_D_I APPL 2,2023-01-04 11:29:35,4,2,4,2023-01-4_RgbImage_2023-01-04_11-29-34.png,Switchgrass_VS16_D_I APPL 2,0.9603830192497023,1.52280463417992
Switchgrass,RGB1,VS16_WW_I APPL 10,2023-02-09 11:45:27,4,2,4,2023-02-9_RgbImage_2023-02-09_11-45-26.png,Switchgrass_VS16_WW_I APPL 10,0.9658306261852394,2.9898099340498447
Switchgrass,RGB2,VS16_WW_I APPL 10,2023-02-09 11:43:35,4,2,4,2023-02-9_RgbImage_2023-02-09_11-43-35.png,Switchgrass_VS16_WW_I APPL 10,0.9590728801867997,1.485746605321765
Switchgrass,RGB1,J317.A_WW_I APPL 225,2023-01-27 14:40:46,4,3,0,2023-01-27_RgbImage_2023-01-27_14-40-46.png,Switchgrass_J317.A_WW_I APPL 225,0.9693201272421059,3.1055008699186146
Switchgrass,RGB2,J317.A_WW_I APPL 225,2023-01-27 14:39:43,4,3,0,2023-01-27_RgbImage_2023-01-27_14-39-42.png,Switchgrass_J317.A_WW_I APPL 225,0.9225171995794672,1.5035159541293979
Switchgrass,RGB1,J317.A_WW_I APPL 351,2023-01-11 10:49:25,4,3,0,2023-01-11_RgbImage_2023-01-11_10-49-25.png,Switchgrass_J317.A_WW_I APPL 351,0.975154420711314,3.2817435669712722
Switchgrass,RGB2,J317.A_WW_I APPL 351,2023-01-11 10:49:01,4,3,0,2023-01-11_RgbImage_2023-01-11_10-49-00.png,Switchgrass_J317.A_WW_I APPL 351,0.9486362976735211,1.5623463690280914
Switchgrass,RGB1,J317.A_Xtra_I APPL 137,2023-01-29 17:19:42,4,3,0,2023-01-29_RgbImage_2023-01-29_17-19-41.png,Switchgrass_J317.A_Xtra_I APPL 137,0.9632046719886783,3.313399290200323
Switchgrass,RGB2,J317.A_Xtra_I APPL 137,2023-01-29 17:18:36,4,3,0,2023-01-29_RgbImage_2023-01-29_17-18-36.png,Switchgrass_J317.A_Xtra_I APPL 137,0.943161063211109,1.4850294291973114
Switchgrass,RGB1,AP13_WW_I APPL 142,2023-01-07 14:28:50,4,3,1,2023-01-7_RgbImage_2023-01-07_14-28-49.png,Switchgrass_AP13_WW_I APPL 142,0.9721040976373465,3.0759409782476723
Switchgrass,RGB2,AP13_WW_I APPL 142,2023-01-07 14:27:38,4,3,1,2023-01-7_RgbImage_2023-01-07_14-27-38.png,Switchgrass_AP13_WW_I APPL 142,0.9434938212280896,1.515717051923275
Switchgrass,RGB1,J317.A_WW_I APPL 351,2023-01-06 10:51:12,4,3,1,2023-01-6_RgbImage_2023-01-06_10-51-12.png,Switchgrass_J317.A_WW_I APPL 351,0.9673240070002543,3.2723698732443154
Switchgrass,RGB2,J317.A_WW_I APPL 351,2023-01-06 10:49:23,4,3,1,2023-01-6_RgbImage_2023-01-06_10-49-22.png,Switchgrass_J317.A_WW_I APPL 351,0.9612431032541963,1.4928476507775486
Switchgrass,RGB1,J317.A_Xtra_I APPL 137,2023-01-09 17:24:42,4,3,1,2023-01-9_RgbImage_2023-01-09_17-24-41.png,Switchgrass_J317.A_Xtra_I APPL 137,0.9681364929325573,3.3014497058466077
Switchgrass,RGB2,J317.A_Xtra_I APPL 137,2023-01-09 17:24:15,4,3,1,2023-01-9_RgbImage_2023-01-09_17-24-15.png,Switchgrass_J317.A_Xtra_I APPL 137,0.9549428948411962,1.471459109801799
Switchgrass,RGB1,J215.A_D_I APPL 121,2023-01-26 17:13:11,4,3,2,2023-01-26_RgbImage_2023-01-26_17-13-10.png,Switchgrass_J215.A_D_I APPL 121,0.971300149013421,3.2658795500174165
Switchgrass,RGB2,J215.A_D_I APPL 121,2023-01-26 17:12:43,4,3,2,2023-01-26_RgbImage_2023-01-26_17-12-42.png,Switchgrass_J215.A_D_I APPL 121,0.9426289625948254,1.5053043039515615
Switchgrass,RGB1,J215.A_WW_I APPL 152,2023-02-08 13:44:09,4,3,2,2023-02-8_RgbImage_2023-02-08_13-44-08.png,Switchgrass_J215.A_WW_I APPL 152,0.9545226177712312,3.248093700967729
Switchgrass,RGB2,J215.A_WW_I APPL 152,2023-02-08 13:43:44,4,3,2,2023-02-8_RgbImage_2023-02-08_13-43-43.png,Switchgrass_J215.A_WW_I APPL 152,0.9379605501309669,1.5111342268064618
Switchgrass,RGB1,J215.A_Xtra_I APPL 138,2023-02-02 17:11:28,4,3,2,2023-02-2_RgbImage_2023-02-02_17-11-27.png,Switchgrass_J215.A_Xtra_I APPL 138,0.9515267175572838,3.2642672923393548
Switchgrass,RGB2,J215.A_Xtra_I APPL 138,2023-02-02 17:10:21,4,3,2,2023-02-2_RgbImage_2023-02-02_17-10-21.png,Switchgrass_J215.A_Xtra_I APPL 138,0.9272433244625132,1.5265474300831556
Switchgrass,RGB1,J216.A_WW_T3.14.2023_I APPL 209,2023-04-29 17:32:50,4,3,2,2023-04-29_RgbImage_2023-04-29_17-32-49.png,Switchgrass_J216.A_WW_T3.14.2023_I APPL 209,0.9535948456346529,3.31568117486313
Switchgrass,RGB2,J216.A_WW_T3.14.2023_I APPL 209,2023-04-29 17:32:19,4,3,2,2023-04-29_RgbImage_2023-04-29_17-32-19.png,Switchgrass_J216.A_WW_T3.14.2023_I APPL 209,0.9695233692991945,1.4782492988742888
Switchgrass,RGB1,J215.A_D_I APPL 121,2023-02-02 16:15:56,4,3,3,2023-02-2_RgbImage_2023-02-02_16-15-56.png,Switchgrass_J215.A_D_I APPL 121,0.965294204353243,3.319064582232386
Switchgrass,RGB2,J215.A_D_I APPL 121,2023-02-02 16:15:30,4,3,3,2023-02-2_RgbImage_2023-02-02_16-15-29.png,Switchgrass_J215.A_D_I APPL 121,0.932347377262444,1.540066952817142
Switchgrass,RGB1,J215.A_D_I APPL 130,2023-02-05 15:20:47,4,3,3,2023-02-5_RgbImage_2023-02-05_15-20-46.png,Switchgrass_J215.A_D_I APPL 130,0.9626615901774598,3.342670595739037
Switchgrass,RGB2,J215.A_D_I APPL 130,2023-02-05 15:20:15,4,3,3,2023-02-5_RgbImage_2023-02-05_15-20-14.png,Switchgrass_J215.A_D_I APPL 130,0.9436533031196166,1.5026281839236617
Switchgrass,RGB1,J215.A_WW_I APPL 152,2023-02-09 13:44:09,4,3,3,2023-02-9_RgbImage_2023-02-09_13-44-09.png,Switchgrass_J215.A_WW_I APPL 152,0.9551781020971208,3.3148349337279797
Switchgrass,RGB2,J215.A_WW_I APPL 152,2023-02-09 13:43:45,4,3,3,2023-02-9_RgbImage_2023-02-09_13-43-44.png,Switchgrass_J215.A_WW_I APPL 152,0.9295356787930722,1.4707255829125643
Switchgrass,RGB1,VS16_D_I APPL 2,2023-01-28 11:28:44,4,3,3,2023-01-28_RgbImage_2023-01-28_11-28-43.png,Switchgrass_VS16_D_I APPL 2,0.9733073197091513,3.2279984150081873
Switchgrass,RGB2,VS16_D_I APPL 2,2023-01-28 11:28:15,4,3,3,2023-01-28_RgbImage_2023-01-28_11-28-14.png,Switchgrass_VS16_D_I APPL 2,0.9507503346685862,1.4924026802182198
Switchgrass,RGB1,J215.A_D_I APPL 130,2023-01-28 15:19:52,4,3,4,2023-01-28_RgbImage_2023-01-28_15-19-51.png,Switchgrass_J215.A_D_I APPL 130,0.9680134348821646,3.3496354538947344
Switchgrass,RGB2,J215.A_D_I APPL 130,2023-01-28 15:19:24,4,3,4,2023-01-28_RgbImage_2023-01-28_15-19-23.png,Switchgrass_J215.A_D_I APPL 130,0.9423754294117244,1.5090499059297144
Switchgrass,RGB1,VS16_D_I APPL 124,2023-02-08 16:39:43,4,3,4,2023-02-8_RgbImage_2023-02-08_16-39-43.png,Switchgrass_VS16_D_I APPL 124,0.9635463468719365,3.050416426267475
Switchgrass,RGB1,VS16_D_I APPL 124,2023-02-07 16:40:20,4,3,4,2023-02-7_RgbImage_2023-02-07_16-40-19.png,Switchgrass_VS16_D_I APPL 124,0.9706130230280959,3.3413341771811247
Switchgrass,RGB2,VS16_D_I APPL 124,2023-02-08 16:38:36,4,3,4,2023-02-8_RgbImage_2023-02-08_16-38-36.png,Switchgrass_VS16_D_I APPL 124,0.9385019775354567,1.5008799489587545
Switchgrass,RGB2,VS16_D_I APPL 124,2023-02-07 16:39:12,4,3,4,2023-02-7_RgbImage_2023-02-07_16-39-12.png,Switchgrass_VS16_D_I APPL 124,0.9279841879088147,1.4845564840361476
Switchgrass,RGB1,VS16_D_I APPL 2,2023-01-29 11:28:42,4,3,4,2023-01-29_RgbImage_2023-01-29_11-28-42.png,Switchgrass_VS16_D_I APPL 2,0.9717024568819254,3.3223077431321144
Switchgrass,RGB2,VS16_D_I APPL 2,2023-01-29 11:28:14,4,3,4,2023-01-29_RgbImage_2023-01-29_11-28-13.png,Switchgrass_VS16_D_I APPL 2,0.9578595222706424,1.5081541421823204
Switchgrass,RGB1,J317.A_D_I APPL 6,2023-02-03 10:25:40,4,4,0,2023-02-3_RgbImage_2023-02-03_10-25-40.png,Switchgrass_J317.A_D_I APPL 6,0.9611621390707591,3.0758795202709734
Switchgrass,RGB1,J317.A_D_I APPL 6,2023-02-05 10:25:40,4,4,0,2023-02-5_RgbImage_2023-02-05_10-25-39.png,Switchgrass_J317.A_D_I APPL 6,0.9722260723785539,3.27547415997833
Switchgrass,RGB2,J317.A_D_I APPL 6,2023-02-03 10:25:18,4,4,0,2023-02-3_RgbImage_2023-02-03_10-25-17.png,Switchgrass_J317.A_D_I APPL 6,0.9198560015089151,1.5222036470659077
Switchgrass,RGB2,J317.A_D_I APPL 6,2023-02-05 10:25:17,4,4,0,2023-02-5_RgbImage_2023-02-05_10-25-17.png,Switchgrass_J317.A_D_I APPL 6,0.9140323693003717,1.507922304328531
Switchgrass,RGB1,J247.A_WW_T3.12.2023_I APPL 509,2023-04-26 08:24:52,4,4,1,2023-04-26_RgbImage_2023-04-26_08-24-51.png,Switchgrass_J247.A_WW_T3.12.2023_I APPL 509,0.9681734297725769,3.2926245480775833
Switchgrass,RGB2,J247.A_WW_T3.12.2023_I APPL 509,2023-04-26 08:24:25,4,4,1,2023-04-26_RgbImage_2023-04-26_08-24-25.png,Switchgrass_J247.A_WW_T3.12.2023_I APPL 509,0.9394413158551163,1.5074007171206176
Switchgrass,RGB1,J317.A_D_I APPL 132,2023-02-09 14:55:17,4,4,2,2023-02-9_RgbImage_2023-02-09_14-55-17.png,Switchgrass_J317.A_D_I APPL 132,0.9694712858107674,3.1546105430461466
Switchgrass,RGB2,J317.A_D_I APPL 132,2023-02-09 14:54:55,4,4,2,2023-02-9_RgbImage_2023-02-09_14-54-55.png,Switchgrass_J317.A_D_I APPL 132,0.8832835919456515,1.4925853949971497
Switchgrass,RGB1,J317.A_WW_I APPL 351,2023-01-22 10:49:42,4,4,2,2023-01-22_RgbImage_2023-01-22_10-49-41.png,Switchgrass_J317.A_WW_I APPL 351,0.9764308958001351,3.3353170100599527
Switchgrass,RGB2,J317.A_WW_I APPL 351,2023-01-22 10:48:37,4,4,2,2023-01-22_RgbImage_2023-01-22_10-48-36.png,Switchgrass_J317.A_WW_I APPL 351,0.9271428948673555,1.4732052711769938
Switchgrass,RGB1,J023.B_WW_T3.12.2023_I APPL 491,2023-04-26 10:36:03,4,4,3,2023-04-26_RgbImage_2023-04-26_10-36-02.png,Switchgrass_J023.B_WW_T3.12.2023_I APPL 491,0.9670073104318431,3.2686579721048474
Switchgrass,RGB2,J023.B_WW_T3.12.2023_I APPL 491,2023-04-26 10:35:38,4,4,3,2023-04-26_RgbImage_2023-04-26_10-35-38.png,Switchgrass_J023.B_WW_T3.12.2023_I APPL 491,0.9390261825618924,1.528812862932682
Switchgrass,RGB1,J216.A_WW_T3.14.2023_I APPL 209,2023-05-05 17:33:09,4,4,3,2023-05-5_RgbImage_2023-05-05_17-33-09.png,Switchgrass_J216.A_WW_T3.14.2023_I APPL 209,0.9624258416491372,3.2215377390384674
Switchgrass,RGB2,J216.A_WW_T3.14.2023_I APPL 209,2023-05-05 17:32:40,4,4,3,2023-05-5_RgbImage_2023-05-05_17-32-40.png,Switchgrass_J216.A_WW_T3.14.2023_I APPL 209,0.9392519918874582,1.4944099336862564
Switchgrass,RGB1,J215.A_D_I APPL 121,2023-02-08 16:15:47,4,4,4,2023-02-8_RgbImage_2023-02-08_16-15-47.png,Switchgrass_J215.A_D_I APPL 121,0.9677538701357773,3.623592927120626
Switchgrass,RGB1,J215.A_D_I APPL 121,2023-02-09 16:15:44,4,4,4,2023-02-9_RgbImage_2023-02-09_16-15-43.png,Switchgrass_J215.A_D_I APPL 121,0.9681883373168156,3.32119412580505
Switchgrass,RGB2,J215.A_D_I APPL 121,2023-02-08 16:15:21,4,4,4,2023-02-8_RgbImage_2023-02-08_16-15-20.png,Switchgrass_J215.A_D_I APPL 121,0.9366856686002603,1.3647237657569349
Switchgrass,RGB2,J215.A_D_I APPL 121,2023-02-09 16:15:19,4,4,4,2023-02-9_RgbImage_2023-02-09_16-15-18.png,Switchgrass_J215.A_D_I APPL 121,0.9218519446533621,1.530245590955019
Switchgrass,RGB1,J215.A_D_I APPL 130,2023-02-07 15:19:48,4,4,4,2023-02-7_RgbImage_2023-02-07_15-19-47.png,Switchgrass_J215.A_D_I APPL 130,0.9643566488198235,3.3095308230258524
Switchgrass,RGB2,J215.A_D_I APPL 130,2023-02-07 15:19:15,4,4,4,2023-02-7_RgbImage_2023-02-07_15-19-15.png,Switchgrass_J215.A_D_I APPL 130,0.9356898300917875,1.5325474929995835
Switchgrass,RGB1,VS16_D_I APPL 2,2023-02-08 11:29:49,4,4,4,2023-02-8_RgbImage_2023-02-08_11-29-48.png,Switchgrass_VS16_D_I APPL 2,0.9651087332261196,3.3362922430969775
Switchgrass,RGB2,VS16_D_I APPL 2,2023-02-08 11:27:59,4,4,4,2023-02-8_RgbImage_2023-02-08_11-27-59.png,Switchgrass_VS16_D_I APPL 2,0.9569322096762523,1.5210294560529292
