Species,Modality,Plant ID,Date,PC1,PC2,PC3,File Name,Group,Dice,Time (s)
Poplar,RGB1,49_BESC-4+Na_R1_I APPL 518,2023-09-22 11:12:44,0,0,0,2023-09-22_RgbImage_2023-09-22_11-12-44.png,Poplar_49_BESC-4+Na_R1_I APPL 518,0.967121945597102,24.764409418217838
Poplar,RGB2,49_BESC-4+Na_R1_I APPL 518,2023-09-22 11:12:03,0,0,0,2023-09-22_RgbImage_2023-09-22_11-12-02.png,Poplar_49_BESC-4+Na_R1_I APPL 518,0.9895802296094064,1.6230100579559803
Poplar,RGB1,WELC-27-3,2024-04-10 16:10:25,0,0,0,2024-04-10_RgbImage_2024-04-10_16-10-25.png,Poplar_WELC-27-3,0.9453217004347537,3.1273275297135115
Poplar,RGB2,WELC-27-3,2024-04-10 16:09:43,0,0,0,2024-04-10_RgbImage_2024-04-10_16-09-42.png,Poplar_WELC-27-3,0.9679608488885558,1.2928689462132752
Poplar,RGB1,27_GW-9914+K_R3_IV APPL 108,2023-09-22 09:47:29,0,0,1,2023-09-22_RgbImage_2023-09-22_09-47-29.png,Poplar_27_GW-9914+K_R3_IV APPL 108,0.9749286232111333,3.2397216092795134
Poplar,RGB2,27_GW-9914+K_R3_IV APPL 108,2023-09-22 09:46:49,0,0,1,2023-09-22_RgbImage_2023-09-22_09-46-48.png,Poplar_27_GW-9914+K_R3_IV APPL 108,0.9842423346332384,1.285533688031137
Poplar,RGB1,61 52-225 R5,2023-10-09 18:19:05,0,0,1,2023-10-9_RgbImage_2023-10-09_18-19-05.png,Poplar_61 52-225 R5,0.958679526493767,3.2170344348996878
Poplar,RGB2,61 52-225 R5,2023-10-09 18:18:21,0,0,1,2023-10-9_RgbImage_2023-10-09_18-18-20.png,Poplar_61 52-225 R5,0.9864000426937025,1.287541955243796
Poplar,RGB1,68_YALE-27-3+Na_R2_I APPL 368,2023-09-15 15:57:18,0,0,1,2023-09-15_RgbImage_2023-09-15_15-57-17.png,Poplar_68_YALE-27-3+Na_R2_I APPL 368,0.9826900342863182,3.251686100382358
Poplar,RGB2,68_YALE-27-3+Na_R2_I APPL 368,2023-09-15 15:56:36,0,0,1,2023-09-15_RgbImage_2023-09-15_15-56-36.png,Poplar_68_YALE-27-3+Na_R2_I APPL 368,0.9892364762130286,1.282835466787219
Poplar,RGB1,20 LILB_26-1 R4,2023-10-09 19:38:45,0,0,2,2023-10-9_RgbImage_2023-10-09_19-38-44.png,Poplar_20 LILB_26-1 R4,0.972638535932933,2.9583690189756453
Poplar,RGB2,20 LILB_26-1 R4,2023-10-09 19:38:00,0,0,2,2023-10-9_RgbImage_2023-10-09_19-38-00.png,Poplar_20 LILB_26-1 R4,0.9785302561342727,1.284784872084856
Poplar,RGB1,5_GW-9588-C_R5_I APPL 224,2023-09-15 16:40:54,0,0,2,2023-09-15_RgbImage_2023-09-15_16-40-54.png,Poplar_5_GW-9588-C_R5_I APPL 224,0.9848664838861487,3.378632481675595
Poplar,RGB2,5_GW-9588-C_R5_I APPL 224,2023-09-15 16:40:10,0,0,2,2023-09-15_RgbImage_2023-09-15_16-40-10.png,Poplar_5_GW-9588-C_R5_I APPL 224,0.9891329372193979,1.332071855198592
Poplar,RGB1,68 LILB_26-1 R7,2023-10-07 07:09:35,0,0,2,2023-10-7_RgbImage_2023-10-07_07-09-35.png,Poplar_68 LILB_26-1 R7,0.9268070426684412,3.3359173233620822
Poplar,RGB2,68 LILB_26-1 R7,2023-10-07 07:08:51,0,0,2,2023-10-7_RgbImage_2023-10-07_07-08-51.png,Poplar_68 LILB_26-1 R7,0.978493938273788,1.3202630998566747
Poplar,RGB1,1_GW-9588-C_R1_I APPL 398,2023-09-25 17:56:31,0,0,3,2023-09-25_RgbImage_2023-09-25_17-56-30.png,Poplar_1_GW-9588-C_R1_I APPL 398,0.9780882819943013,3.2295387177728117
Poplar,RGB2,1_GW-9588-C_R1_I APPL 398,2023-09-25 17:55:50,0,0,3,2023-09-25_RgbImage_2023-09-25_17-55-50.png,Poplar_1_GW-9588-C_R1_I APPL 398,0.9879373792531351,1.2929860288277268
Poplar,RGB1,3_GW-9588-C_R3_I APPL 412,2023-09-22 09:26:14,0,0,3,2023-09-22_RgbImage_2023-09-22_09-26-14.png,Poplar_3_GW-9588-C_R3_I APPL 412,0.9696445997908562,3.2926783529110253
Poplar,RGB2,3_GW-9588-C_R3_I APPL 412,2023-09-22 09:25:34,0,0,3,2023-09-22_RgbImage_2023-09-22_09-25-33.png,Poplar_3_GW-9588-C_R3_I APPL 412,0.9881645305353649,1.2942233579233289
Poplar,RGB1,46_BESC-4+K_R4_IV APPL 114,2023-09-25 19:21:52,0,0,3,2023-09-25_RgbImage_2023-09-25_19-21-51.png,Poplar_46_BESC-4+K_R4_IV APPL 114,0.9727601792332902,3.208313168026507
Poplar,RGB2,46_BESC-4+K_R4_IV APPL 114,2023-09-25 19:21:12,0,0,3,2023-09-25_RgbImage_2023-09-25_19-21-12.png,Poplar_46_BESC-4+K_R4_IV APPL 114,0.9868574785525448,1.2952036708593369
Poplar,RGB1,5_GW-9588-C_R5_I APPL 224,2023-09-18 12:39:15,0,0,3,2023-09-18_RgbImage_2023-09-18_12-39-14.png,Poplar_5_GW-9588-C_R5_I APPL 224,0.9831505285054439,3.2560502919368446
Poplar,RGB2,5_GW-9588-C_R5_I APPL 224,2023-09-18 12:38:32,0,0,3,2023-09-18_RgbImage_2023-09-18_12-38-32.png,Poplar_5_GW-9588-C_R5_I APPL 224,0.9903023658002995,1.3379608909599483
Poplar,RGB1,81 FL-0012 R3,2023-10-28 15:32:41,0,0,4,2023-10-28_RgbImage_2023-10-28_15-32-41.png,Poplar_81 FL-0012 R3,0.9814658752630322,3.2828500722534955
Poplar,RGB1,81 FL-0012 R3,2023-10-29 10:18:44,0,0,4,2023-10-29_RgbImage_2023-10-29_10-18-44.png,Poplar_81 FL-0012 R3,0.9826050300136129,3.328469693195075
Poplar,RGB2,81 FL-0012 R3,2023-10-28 15:31:57,0,0,4,2023-10-28_RgbImage_2023-10-28_15-31-56.png,Poplar_81 FL-0012 R3,0.9890684797153405,1.3368154251948
Poplar,RGB2,81 FL-0012 R3,2023-10-29 10:18:01,0,0,4,2023-10-29_RgbImage_2023-10-29_10-18-00.png,Poplar_81 FL-0012 R3,0.9870323257817536,1.3610041378997266
Poplar,RGB1,354_BESC-1098_1,2024-06-01 10:41:59,0,1,0,2024-06-1_RgbImage_2024-06-01_10-41-58.png,Poplar_354_BESC-1098_1,0.9778339631147516,3.2701351433061063
Poplar,RGB2,354_BESC-1098_1,2024-06-01 10:41:21,0,1,0,2024-06-1_RgbImage_2024-06-01_10-41-20.png,Poplar_354_BESC-1098_1,0.9839027397481118,1.3078914489597082
Poplar,RGB1,BESC-1147,2024-04-09 13:54:43,0,1,0,2024-04-9_RgbImage_2024-04-09_13-54-42.png,Poplar_BESC-1147,0.9718709720202923,3.3266535899601877
Poplar,RGB2,BESC-1147,2024-04-09 13:54:00,0,1,0,2024-04-9_RgbImage_2024-04-09_13-53-59.png,Poplar_BESC-1147,0.9852745373260526,1.3535267296247184
Poplar,RGB1,BESC-906,2024-04-09 09:56:33,0,1,0,2024-04-9_RgbImage_2024-04-09_09-56-32.png,Poplar_BESC-906,0.9607661846935008,3.0837851497344673
Poplar,RGB2,BESC-906,2024-04-09 09:55:53,0,1,0,2024-04-9_RgbImage_2024-04-09_09-55-53.png,Poplar_BESC-906,0.9892973528416253,1.3044472769834101
Poplar,RGB1,GW-2283,2024-04-17 13:21:05,0,1,0,2024-04-17_RgbImage_2024-04-17_13-21-05.png,Poplar_GW-2283,0.9670366854339699,3.2131527890451252
Poplar,RGB2,GW-2283,2024-04-17 13:20:26,0,1,0,2024-04-17_RgbImage_2024-04-17_13-20-26.png,Poplar_GW-2283,0.9682333663921577,1.3500876487232745
Poplar,RGB1,11 Besc-801 R8,2023-10-21 21:56:01,0,1,1,2023-10-21_RgbImage_2023-10-21_21-56-01.png,Poplar_11 Besc-801 R8,0.9790666680028077,3.3010223009623587
Poplar,RGB2,11 Besc-801 R8,2023-10-21 21:55:20,0,1,1,2023-10-21_RgbImage_2023-10-21_21-55-19.png,Poplar_11 Besc-801 R8,0.9897615616876893,1.35023188078776
Poplar,RGB1,22_GW-9914-C_R4_I APPL 197,2023-09-25 19:00:42,0,1,1,2023-09-25_RgbImage_2023-09-25_19-00-41.png,Poplar_22_GW-9914-C_R4_I APPL 197,0.968543052602634,3.28426037915051
Poplar,RGB2,22_GW-9914-C_R4_I APPL 197,2023-09-25 19:00:01,0,1,1,2023-09-25_RgbImage_2023-09-25_19-00-01.png,Poplar_22_GW-9914-C_R4_I APPL 197,0.9856812940213562,1.3127896911464632
Poplar,RGB1,57_52-225_R2_FS,2024-05-10 13:35:26,0,1,1,2024-05-10_RgbImage_2024-05-10_13-35-25.png,Poplar_57_52-225_R2_FS,0.9638876939402796,3.090705364011228
Poplar,RGB2,57_52-225_R2_FS,2024-05-10 13:34:44,0,1,1,2024-05-10_RgbImage_2024-05-10_13-34-43.png,Poplar_57_52-225_R2_FS,0.9776129739988428,1.3395502949133515
Poplar,RGB1,CHWJ-27-1,2024-04-07 14:17:57,0,1,1,2024-04-7_RgbImage_2024-04-07_14-17-56.png,Poplar_CHWJ-27-1,0.9700642041976985,3.091599114239216
Poplar,RGB2,CHWJ-27-1,2024-04-07 14:17:16,0,1,1,2024-04-7_RgbImage_2024-04-07_14-17-15.png,Poplar_CHWJ-27-1,0.9903945310701073,1.313326916191727
Poplar,RGB1,27_BESC 24_R6_PM,2024-05-10 14:47:33,0,1,2,2024-05-10_RgbImage_2024-05-10_14-47-32.png,Poplar_27_BESC 24_R6_PM,0.9717051915335628,3.2321082283742726
Poplar,RGB2,27_BESC 24_R6_PM,2024-05-10 14:46:53,0,1,2,2024-05-10_RgbImage_2024-05-10_14-46-53.png,Poplar_27_BESC 24_R6_PM,0.9865708747107113,1.3087168200872838
Poplar,RGB1,35 GW-9898 R1,2023-10-22 13:56:33,0,1,2,2023-10-22_RgbImage_2023-10-22_13-56-32.png,Poplar_35 GW-9898 R1,0.977037827433318,3.245547026861459
Poplar,RGB2,35 GW-9898 R1,2023-10-22 13:55:51,0,1,2,2023-10-22_RgbImage_2023-10-22_13-55-50.png,Poplar_35 GW-9898 R1,0.9800250177491058,1.34505802905187
Poplar,RGB1,51_BESC-4+Na_R3_I APPL 391,2023-09-15 18:36:14,0,1,3,2023-09-15_RgbImage_2023-09-15_18-36-14.png,Poplar_51_BESC-4+Na_R3_I APPL 391,0.9770075645486452,3.3607812551781535
Poplar,RGB2,51_BESC-4+Na_R3_I APPL 391,2023-09-15 18:35:32,0,1,3,2023-09-15_RgbImage_2023-09-15_18-35-32.png,Poplar_51_BESC-4+Na_R3_I APPL 391,0.9945268505144239,1.3632325609214604
Poplar,RGB1,4_ILL-101_R1_FS,2024-05-10 16:50:38,0,1,4,2024-05-10_RgbImage_2024-05-10_16-50-37.png,Poplar_4_ILL-101_R1_FS,0.9827464361663698,3.3612712710164487
Poplar,RGB2,4_ILL-101_R1_FS,2024-05-10 16:49:56,0,1,4,2024-05-10_RgbImage_2024-05-10_16-49-55.png,Poplar_4_ILL-101_R1_FS,0.9819987215940599,1.390879633370787
Poplar,RGB1,64_YALE-27-3+K_R4_IV APPL 120,2023-09-18 13:22:16,0,1,4,2023-09-18_RgbImage_2023-09-18_13-22-15.png,Poplar_64_YALE-27-3+K_R4_IV APPL 120,0.9840250743563742,3.238587537780404
Poplar,RGB2,64_YALE-27-3+K_R4_IV APPL 120,2023-09-18 13:21:35,0,1,4,2023-09-18_RgbImage_2023-09-18_13-21-34.png,Poplar_64_YALE-27-3+K_R4_IV APPL 120,0.9907715322491056,1.3287511090748012
Poplar,RGB1,99_D-124_R4_FS,2024-05-13 08:59:49,0,1,4,2024-05-13_RgbImage_2024-05-13_08-59-48.png,Poplar_99_D-124_R4_FS,0.980755705913221,3.239732683170587
Poplar,RGB2,99_D-124_R4_FS,2024-05-13 08:59:07,0,1,4,2024-05-13_RgbImage_2024-05-13_08-59-07.png,Poplar_99_D-124_R4_FS,0.9675788646852179,1.3228493509814143
Poplar,RGB1,BESC-154,2024-03-27 15:00:58,0,2,0,2024-03-27_RgbImage_2024-03-27_15-00-57.png,Poplar_BESC-154,0.9530765265054626,3.2357992376200855
Poplar,RGB2,BESC-154,2024-03-27 15:00:16,0,2,0,2024-03-27_RgbImage_2024-03-27_15-00-16.png,Poplar_BESC-154,0.9842846070622925,1.3117816550657153
Poplar,RGB1,VNDL-27-5,2024-03-29 06:48:54,0,2,0,2024-03-29_RgbImage_2024-03-29_06-48-53.png,Poplar_VNDL-27-5,0.9724898722344266,3.1682257601059973
Poplar,RGB2,VNDL-27-5,2024-03-29 06:48:08,0,2,0,2024-03-29_RgbImage_2024-03-29_06-48-07.png,Poplar_VNDL-27-5,0.9830899070232585,1.3215845497325063
Poplar,RGB1,68 LILB_26-1 R7,2023-10-21 13:19:09,0,2,1,2023-10-21_RgbImage_2023-10-21_13-19-08.png,Poplar_68 LILB_26-1 R7,0.9351895096104941,3.1578149660490453
Poplar,RGB2,68 LILB_26-1 R7,2023-10-21 13:18:26,0,2,1,2023-10-21_RgbImage_2023-10-21_13-18-25.png,Poplar_68 LILB_26-1 R7,0.9788655980907144,1.3843949930742383
Poplar,RGB1,BESC-250,2024-04-02 12:29:08,0,2,1,2024-04-2_RgbImage_2024-04-02_12-29-08.png,Poplar_BESC-250,0.9761921763243475,3.2309363232925534
Poplar,RGB2,BESC-250,2024-04-02 12:28:26,0,2,1,2024-04-2_RgbImage_2024-04-02_12-28-25.png,Poplar_BESC-250,0.9870411286850613,1.3489981587044895
Poplar,RGB1,HRSO-27-2,2024-03-26 12:40:55,0,2,1,2024-03-26_RgbImage_2024-03-26_12-40-55.png,Poplar_HRSO-27-2,0.9724209230475853,3.218099514953792
Poplar,RGB2,HRSO-27-2,2024-03-26 12:40:13,0,2,1,2024-03-26_RgbImage_2024-03-26_12-40-13.png,Poplar_HRSO-27-2,0.9900029959475966,1.3805747400037944
Poplar,RGB1,35_GW-9914+Na_R5_I APPL 167,2023-10-13 10:02:49,0,2,2,2023-10-13_RgbImage_2023-10-13_10-02-48.png,Poplar_35_GW-9914+Na_R5_I APPL 167,0.9784904197254025,3.1278433613479137
Poplar,RGB2,35_GW-9914+Na_R5_I APPL 167,2023-10-13 10:02:03,0,2,2,2023-10-13_RgbImage_2023-10-13_10-02-03.png,Poplar_35_GW-9914+Na_R5_I APPL 167,0.9796089263284353,1.295580844860524
Poplar,RGB1,414_CHWH-27-4_2,2024-06-02 08:18:45,0,2,2,2024-06-2_RgbImage_2024-06-02_08-18-45.png,Poplar_414_CHWH-27-4_2,0.9648500749388771,3.0741838789545
Poplar,RGB2,414_CHWH-27-4_2,2024-06-02 08:18:05,0,2,2,2024-06-2_RgbImage_2024-06-02_08-18-05.png,Poplar_414_CHWH-27-4_2,0.9724440941470973,1.2953359838575125
Poplar,RGB1,SKWA-24-5,2024-03-31 13:09:04,0,2,2,2024-03-31_RgbImage_2024-03-31_13-09-04.png,Poplar_SKWA-24-5,0.9759254061809967,3.0934024453163147
Poplar,RGB2,SKWA-24-5,2024-03-31 13:08:22,0,2,2,2024-03-31_RgbImage_2024-03-31_13-08-21.png,Poplar_SKWA-24-5,0.9871137667470462,1.3044236241839826
Poplar,RGB1,29 CMBF_28-5 R1,2023-12-21 10:21:51,0,2,3,2023-12-21_RgbImage_2023-12-21_10-21-51.png,Poplar_29 CMBF_28-5 R1,0.9588457800703929,3.1063561872579157
Poplar,RGB2,29 CMBF_28-5 R1,2023-12-21 10:21:08,0,2,3,2023-12-21_RgbImage_2023-12-21_10-21-07.png,Poplar_29 CMBF_28-5 R1,0.992210059351348,1.296260030940175
Poplar,RGB1,8_GW-9588+K_R2_IV APPL 101,2023-09-15 16:19:06,0,2,3,2023-09-15_RgbImage_2023-09-15_16-19-05.png,Poplar_8_GW-9588+K_R2_IV APPL 101,0.9762911513835844,3.0912849819287658
Poplar,RGB2,8_GW-9588+K_R2_IV APPL 101,2023-09-15 16:18:23,0,2,3,2023-09-15_RgbImage_2023-09-15_16-18-23.png,Poplar_8_GW-9588+K_R2_IV APPL 101,0.9837122735113893,1.2964198319241405
Poplar,RGB1,49_BESC-4+Na_R1_I APPL 518,2023-09-15 14:30:43,0,2,4,2023-09-15_RgbImage_2023-09-15_14-30-43.png,Poplar_49_BESC-4+Na_R1_I APPL 518,0.975471891436578,3.0803392468951643
Poplar,RGB2,49_BESC-4+Na_R1_I APPL 518,2023-09-15 14:29:59,0,2,4,2023-09-15_RgbImage_2023-09-15_14-29-58.png,Poplar_49_BESC-4+Na_R1_I APPL 518,0.9897112580991083,1.2937464881688356
Poplar,RGB1,60 Besc-801 R6,2023-12-21 09:53:40,0,2,4,2023-12-21_RgbImage_2023-12-21_09-53-39.png,Poplar_60 Besc-801 R6,0.9772876796871319,3.096439537126571
Poplar,RGB2,60 Besc-801 R6,2023-12-21 09:52:56,0,2,4,2023-12-21_RgbImage_2023-12-21_09-52-56.png,Poplar_60 Besc-801 R6,0.9851225566908083,1.2954570818692446
Poplar,RGB1,BESC-182,2024-04-03 11:40:27,0,3,0,2024-04-3_RgbImage_2024-04-03_11-40-27.png,Poplar_BESC-182,0.9760610739547922,3.1024930528365076
Poplar,RGB2,BESC-182,2024-04-03 11:39:45,0,3,0,2024-04-3_RgbImage_2024-04-03_11-39-45.png,Poplar_BESC-182,0.9644541439909541,1.296371681150049
Poplar,RGB1,GW-9877,2024-03-31 18:46:11,0,3,0,2024-03-31_RgbImage_2024-03-31_18-46-10.png,Poplar_GW-9877,0.9739621714568129,3.0767076308839023
Poplar,RGB2,GW-9877,2024-03-31 18:45:28,0,3,0,2024-03-31_RgbImage_2024-03-31_18-45-28.png,Poplar_GW-9877,0.9850882609174038,1.2978027579374611
Poplar,RGB1,17 Nisq-1 R2,2023-12-19 13:04:47,0,3,1,2023-12-19_RgbImage_2023-12-19_13-04-47.png,Poplar_17 Nisq-1 R2,0.9641566986272301,3.0814612288959324
Poplar,RGB2,17 Nisq-1 R2,2023-12-19 13:04:04,0,3,1,2023-12-19_RgbImage_2023-12-19_13-04-03.png,Poplar_17 Nisq-1 R2,0.9839027503230224,1.2992477887310088
Poplar,RGB1,BESC-190,2024-03-28 22:19:33,0,3,1,2024-03-28_RgbImage_2024-03-28_22-19-33.png,Poplar_BESC-190,0.9685330341105118,3.1345243230462074
Poplar,RGB2,BESC-190,2024-03-28 22:18:51,0,3,1,2024-03-28_RgbImage_2024-03-28_22-18-51.png,Poplar_BESC-190,0.9843023124307585,1.3785864408127964
Poplar,RGB1,BESC-312,2024-03-27 15:15:39,0,3,1,2024-03-27_RgbImage_2024-03-27_15-15-39.png,Poplar_BESC-312,0.9712641419633858,3.321995055768639
Poplar,RGB2,BESC-312,2024-03-27 15:14:57,0,3,1,2024-03-27_RgbImage_2024-03-27_15-14-56.png,Poplar_BESC-312,0.9871952837061538,1.3195785880088806
Poplar,RGB1,BESC-77,2024-04-05 11:02:03,0,3,1,2024-04-5_RgbImage_2024-04-05_11-02-03.png,Poplar_BESC-77,0.9718625388630228,3.3607548479922116
Poplar,RGB2,BESC-77,2024-04-05 11:01:22,0,3,1,2024-04-5_RgbImage_2024-04-05_11-01-21.png,Poplar_BESC-77,0.9711108230488056,1.3090342017821968
Poplar,RGB1,45 Nisq-1 R7,2023-12-21 12:14:55,0,3,2,2023-12-21_RgbImage_2023-12-21_12-14-55.png,Poplar_45 Nisq-1 R7,0.97249484917722,3.1100511141121387
Poplar,RGB2,45 Nisq-1 R7,2023-12-21 12:14:12,0,3,2,2023-12-21_RgbImage_2023-12-21_12-14-11.png,Poplar_45 Nisq-1 R7,0.9773882821641894,1.3094188701361418
Poplar,RGB1,77 Besc-801 R7,2023-12-19 07:53:44,0,3,2,2023-12-19_RgbImage_2023-12-19_07-53-44.png,Poplar_77 Besc-801 R7,0.9684926778761551,3.089963125064969
Poplar,RGB2,77 Besc-801 R7,2023-12-19 07:53:00,0,3,2,2023-12-19_RgbImage_2023-12-19_07-53-00.png,Poplar_77 Besc-801 R7,0.9675010995591877,1.3730690102092922
Poplar,RGB1,94_BESC 24_R3_FS,2024-05-07 15:04:19,0,3,2,2024-05-7_RgbImage_2024-05-07_15-04-18.png,Poplar_94_BESC 24_R3_FS,0.97608631557145,3.09475712897256
Poplar,RGB2,94_BESC 24_R3_FS,2024-05-07 15:03:38,0,3,2,2024-05-7_RgbImage_2024-05-07_15-03-37.png,Poplar_94_BESC 24_R3_FS,0.9892661449375426,1.3002706626430154
Poplar,RGB1,54 52-225 R4,2023-12-27 09:10:52,0,3,3,2023-12-27_RgbImage_2023-12-27_09-10-51.png,Poplar_54 52-225 R4,0.9635661181833579,3.082800591830164
Poplar,RGB2,54 52-225 R4,2023-12-27 09:10:08,0,3,3,2023-12-27_RgbImage_2023-12-27_09-10-08.png,Poplar_54 52-225 R4,0.9687501038783354,1.326210917904973
Poplar,RGB1,65 Besc-801 R5,2023-12-27 06:28:47,0,3,3,2023-12-27_RgbImage_2023-12-27_06-28-46.png,Poplar_65 Besc-801 R5,0.9749997581558735,3.223605857230723
Poplar,RGB2,65 Besc-801 R5,2023-12-27 06:28:04,0,3,3,2023-12-27_RgbImage_2023-12-27_06-28-03.png,Poplar_65 Besc-801 R5,0.9901898784694415,1.2968228650279343
Poplar,RGB1,GW-2283,2024-03-28 14:50:22,0,3,3,2024-03-28_RgbImage_2024-03-28_14-50-22.png,Poplar_GW-2283,0.9695516193293156,3.0842800103127956
Poplar,RGB2,GW-2283,2024-03-28 14:49:40,0,3,3,2024-03-28_RgbImage_2024-03-28_14-49-39.png,Poplar_GW-2283,0.98672749605197,1.2925924472510815
Poplar,RGB1,GW-8585,2024-03-29 08:24:24,0,3,3,2024-03-29_RgbImage_2024-03-29_08-24-23.png,Poplar_GW-8585,0.9806698189481058,3.136577958241105
Poplar,RGB2,GW-8585,2024-03-29 08:23:42,0,3,3,2024-03-29_RgbImage_2024-03-29_08-23-41.png,Poplar_GW-8585,0.9604689153317296,1.2995462538674474
Poplar,RGB1,35_GW-9914+Na_R5_I APPL 167,2023-09-27 06:55:13,0,3,4,2023-09-27_RgbImage_2023-09-27_06-55-13.png,Poplar_35_GW-9914+Na_R5_I APPL 167,0.9656072059204531,3.0771541581489146
Poplar,RGB2,35_GW-9914+Na_R5_I APPL 167,2023-09-27 06:54:23,0,3,4,2023-09-27_RgbImage_2023-09-27_06-54-22.png,Poplar_35_GW-9914+Na_R5_I APPL 167,0.9861179374265061,1.2938016019761562
Poplar,RGB1,6 GW-9898 R4,2023-12-19 15:04:47,0,3,4,2023-12-19_RgbImage_2023-12-19_15-04-47.png,Poplar_6 GW-9898 R4,0.9714384489068512,3.097405156120658
Poplar,RGB2,6 GW-9898 R4,2023-12-19 15:04:04,0,3,4,2023-12-19_RgbImage_2023-12-19_15-04-04.png,Poplar_6 GW-9898 R4,0.9738318921951624,1.296773811802268
Poplar,RGB1,BESC-1017,2024-03-27 10:14:42,0,4,0,2024-03-27_RgbImage_2024-03-27_10-14-41.png,Poplar_BESC-1017,0.9571477597715373,3.0895833070389926
Poplar,RGB2,BESC-1017,2024-03-27 10:13:59,0,4,0,2024-03-27_RgbImage_2024-03-27_10-13-58.png,Poplar_BESC-1017,0.9836245752632694,1.2886536600999534
Poplar,RGB1,BESC-111,2024-03-31 14:07:42,0,4,0,2024-03-31_RgbImage_2024-03-31_14-07-42.png,Poplar_BESC-111,0.9769535621431171,3.0964152039960027
Poplar,RGB2,BESC-111,2024-03-31 14:06:59,0,4,0,2024-03-31_RgbImage_2024-03-31_14-06-59.png,Poplar_BESC-111,0.976104168854453,1.285740150604397
Poplar,RGB1,SQMC-25-4,2024-03-31 11:41:06,0,4,0,2024-03-31_RgbImage_2024-03-31_11-41-05.png,Poplar_SQMC-25-4,0.9447707061457623,3.212119100149721
Poplar,RGB2,SQMC-25-4,2024-03-31 11:40:24,0,4,0,2024-03-31_RgbImage_2024-03-31_11-40-23.png,Poplar_SQMC-25-4,0.9588083982204834,1.304314058739692
Poplar,RGB1,BESC-209,2024-03-28 08:51:07,0,4,1,2024-03-28_RgbImage_2024-03-28_08-51-06.png,Poplar_BESC-209,0.9563077026474431,3.1250137547031045
Poplar,RGB2,BESC-209,2024-03-28 08:50:25,0,4,1,2024-03-28_RgbImage_2024-03-28_08-50-24.png,Poplar_BESC-209,0.9837428096066299,1.2989849732257426
Poplar,RGB1,GW-9864,2024-03-26 14:38:27,0,4,1,2024-03-26_RgbImage_2024-03-26_14-38-26.png,Poplar_GW-9864,0.9701345318842585,3.1117334659211338
Poplar,RGB2,GW-9864,2024-03-26 14:37:44,0,4,1,2024-03-26_RgbImage_2024-03-26_14-37-44.png,Poplar_GW-9864,0.907030433166277,1.2863540230318904
Poplar,RGB1,SLMB-28-2,2024-03-26 11:27:26,0,4,1,2024-03-26_RgbImage_2024-03-26_11-27-25.png,Poplar_SLMB-28-2,0.9615155101095213,3.0854517868719995
Poplar,RGB2,SLMB-28-2,2024-03-26 11:26:43,0,4,1,2024-03-26_RgbImage_2024-03-26_11-26-43.png,Poplar_SLMB-28-2,0.9812749481764006,1.2834773543290794
Poplar,RGB1,SQMC-25-3,2024-04-04 12:17:19,0,4,1,2024-04-4_RgbImage_2024-04-04_12-17-18.png,Poplar_SQMC-25-3,0.9678414994399112,3.1211660499684513
Poplar,RGB2,SQMC-25-3,2024-04-04 12:16:36,0,4,1,2024-04-4_RgbImage_2024-04-04_12-16-36.png,Poplar_SQMC-25-3,0.9846247587284016,1.2907313080504537
Poplar,RGB1,BESC-192,2024-03-26 18:55:55,0,4,2,2024-03-26_RgbImage_2024-03-26_18-55-54.png,Poplar_BESC-192,0.9714108707934311,3.107776375953108
Poplar,RGB2,BESC-192,2024-03-26 18:55:13,0,4,2,2024-03-26_RgbImage_2024-03-26_18-55-12.png,Poplar_BESC-192,0.9587559018445644,1.3024975643493235
Poplar,RGB1,HARB-26-2,2024-03-28 15:34:18,0,4,2,2024-03-28_RgbImage_2024-03-28_15-34-18.png,Poplar_HARB-26-2,0.9532642003378196,3.100180724170059
Poplar,RGB2,HARB-26-2,2024-03-28 15:33:34,0,4,2,2024-03-28_RgbImage_2024-03-28_15-33-34.png,Poplar_HARB-26-2,0.7669953449669539,1.2845356347970665
Poplar,RGB1,23 93-968 R7,2023-12-19 13:47:08,0,4,3,2023-12-19_RgbImage_2023-12-19_13-47-08.png,Poplar_23 93-968 R7,0.9617688415509276,3.0874890494160354
Poplar,RGB2,23 93-968 R7,2023-12-19 13:46:25,0,4,3,2023-12-19_RgbImage_2023-12-19_13-46-24.png,Poplar_23 93-968 R7,0.9726637679094281,1.2823767131194472
Poplar,RGB1,BESC-1091,2024-03-30 10:21:18,0,4,3,2024-03-30_RgbImage_2024-03-30_10-21-17.png,Poplar_BESC-1091,0.9555846887477045,3.103201426099986
Poplar,RGB2,BESC-1091,2024-03-30 10:20:35,0,4,3,2024-03-30_RgbImage_2024-03-30_10-20-35.png,Poplar_BESC-1091,0.9578049415648724,1.2828760482370853
Poplar,RGB1,WELC-27-1,2024-04-01 18:38:36,0,4,3,2024-04-1_RgbImage_2024-04-01_18-38-35.png,Poplar_WELC-27-1,0.968647881853527,3.0801560152322054
Poplar,RGB2,WELC-27-1,2024-04-01 18:37:53,0,4,3,2024-04-1_RgbImage_2024-04-01_18-37-53.png,Poplar_WELC-27-1,0.9504921306644929,1.2869742750190198
Poplar,RGB1,16 FL-0165 R4,2023-12-21 12:57:20,0,4,4,2023-12-21_RgbImage_2023-12-21_12-57-20.png,Poplar_16 FL-0165 R4,0.9300670701811685,3.0987593680620193
Poplar,RGB2,16 FL-0165 R4,2023-12-21 12:56:36,0,4,4,2023-12-21_RgbImage_2023-12-21_12-56-35.png,Poplar_16 FL-0165 R4,0.8941797186107284,1.2916611870750785
Poplar,RGB1,22 ILL-101 R7,2023-12-27 13:39:03,0,4,4,2023-12-27_RgbImage_2023-12-27_13-39-03.png,Poplar_22 ILL-101 R7,0.9587868845199462,3.0899214781820774
Poplar,RGB1,22 ILL-101 R7,2023-12-19 13:40:05,0,4,4,2023-12-19_RgbImage_2023-12-19_13-40-04.png,Poplar_22 ILL-101 R7,0.9579786917457895,3.2016926500946283
Poplar,RGB2,22 ILL-101 R7,2023-12-27 13:38:20,0,4,4,2023-12-27_RgbImage_2023-12-27_13-38-19.png,Poplar_22 ILL-101 R7,0.9403557461846808,1.2858279990032315
Poplar,RGB2,22 ILL-101 R7,2023-12-19 13:39:21,0,4,4,2023-12-19_RgbImage_2023-12-19_13-39-21.png,Poplar_22 ILL-101 R7,0.8738713710266733,1.3191031208261847
Poplar,RGB1,42_BESC-4-C_R6_I APPL 435,2023-09-18 08:13:05,0,4,4,2023-09-18_RgbImage_2023-09-18_08-13-04.png,Poplar_42_BESC-4-C_R6_I APPL 435,0.9556508526607342,3.104420672636479
Poplar,RGB2,42_BESC-4-C_R6_I APPL 435,2023-09-18 08:12:21,0,4,4,2023-09-18_RgbImage_2023-09-18_08-12-20.png,Poplar_42_BESC-4-C_R6_I APPL 435,0.9750551052935275,1.3016650811769068
Poplar,RGB1,74_WT717+Na_R2_I APPL 28,2023-09-15 14:52:10,1,0,0,2023-09-15_RgbImage_2023-09-15_14-52-10.png,Poplar_74_WT717+Na_R2_I APPL 28,0.9784680371205845,3.0933659919537604
Poplar,RGB1,74_WT717+Na_R2_I APPL 28,2023-09-20 10:50:28,1,0,0,2023-09-20_RgbImage_2023-09-20_10-50-28.png,Poplar_74_WT717+Na_R2_I APPL 28,0.979710336836895,3.4897272046655416
Poplar,RGB2,74_WT717+Na_R2_I APPL 28,2023-09-15 14:51:40,1,0,0,2023-09-15_RgbImage_2023-09-15_14-51-40.png,Poplar_74_WT717+Na_R2_I APPL 28,0.9868170274629582,1.3284035744145513
Poplar,RGB2,74_WT717+Na_R2_I APPL 28,2023-09-20 10:49:59,1,0,0,2023-09-20_RgbImage_2023-09-20_10-49-58.png,Poplar_74_WT717+Na_R2_I APPL 28,0.9844910469954569,1.2968039698898792
Poplar,RGB1,BESC-407,2024-04-13 12:17:53,1,0,0,2024-04-13_RgbImage_2024-04-13_12-17-53.png,Poplar_BESC-407,0.9791431412075212,3.0869364561513066
Poplar,RGB2,BESC-407,2024-04-13 12:17:13,1,0,0,2024-04-13_RgbImage_2024-04-13_12-17-12.png,Poplar_BESC-407,0.9771152251488627,1.3153270720504224
Poplar,RGB1,GW-2045,2024-04-17 07:45:31,1,0,0,2024-04-17_RgbImage_2024-04-17_07-45-31.png,Poplar_GW-2045,0.9792461960320622,3.1281796521507204
Poplar,RGB2,GW-2045,2024-04-17 07:44:55,1,0,0,2024-04-17_RgbImage_2024-04-17_07-44-54.png,Poplar_GW-2045,0.9910795684587901,1.2909646299667656
Poplar,RGB1,22_GW-9914-C_R4_I APPL 197,2023-10-06 16:06:44,1,0,1,2023-10-6_RgbImage_2023-10-06_16-06-44.png,Poplar_22_GW-9914-C_R4_I APPL 197,0.9745343181717002,3.0799851743504405
Poplar,RGB2,22_GW-9914-C_R4_I APPL 197,2023-10-06 16:06:09,1,0,1,2023-10-6_RgbImage_2023-10-06_16-06-08.png,Poplar_22_GW-9914-C_R4_I APPL 197,0.9888982348751971,1.2939533409662545
Poplar,RGB1,BESC-394,2024-04-07 10:55:21,1,0,1,2024-04-7_RgbImage_2024-04-07_10-55-21.png,Poplar_BESC-394,0.9745701567477837,3.187292816117406
Poplar,RGB2,BESC-394,2024-04-07 10:54:43,1,0,1,2024-04-7_RgbImage_2024-04-07_10-54-43.png,Poplar_BESC-394,0.9904420563462153,1.3058833871036768
Poplar,RGB1,BESC-813,2024-04-14 14:41:17,1,0,1,2024-04-14_RgbImage_2024-04-14_14-41-16.png,Poplar_BESC-813,0.9852275355528428,3.079448509030044
Poplar,RGB2,BESC-813,2024-04-14 14:40:40,1,0,1,2024-04-14_RgbImage_2024-04-14_14-40-39.png,Poplar_BESC-813,0.9897988732301526,1.3035337552428246
Poplar,RGB1,GW-9845,2024-04-11 16:09:56,1,0,1,2024-04-11_RgbImage_2024-04-11_16-09-56.png,Poplar_GW-9845,0.9770863235595979,3.1021744362078607
Poplar,RGB2,GW-9845,2024-04-11 16:09:16,1,0,1,2024-04-11_RgbImage_2024-04-11_16-09-16.png,Poplar_GW-9845,0.9883377946649418,1.3116447888314724
Poplar,RGB1,278_BESC-304_1,2024-05-26 14:23:50,1,0,2,2024-05-26_RgbImage_2024-05-26_14-23-50.png,Poplar_278_BESC-304_1,0.9702778092589006,3.088899507187307
Poplar,RGB2,278_BESC-304_1,2024-05-26 14:23:11,1,0,2,2024-05-26_RgbImage_2024-05-26_14-23-10.png,Poplar_278_BESC-304_1,0.9829764218689209,1.291974751278758
Poplar,RGB1,56_BESC 371_R6_PM,2024-05-07 18:56:19,1,0,2,2024-05-7_RgbImage_2024-05-07_18-56-19.png,Poplar_56_BESC 371_R6_PM,0.9759774026804854,3.1474036490544677
Poplar,RGB2,56_BESC 371_R6_PM,2024-05-07 18:55:41,1,0,2,2024-05-7_RgbImage_2024-05-07_18-55-41.png,Poplar_56_BESC 371_R6_PM,0.9825449915040285,1.3088968037627637
Poplar,RGB1,9_GW-9588+K_R3_IV APPL 102,2023-09-27 09:58:25,1,0,2,2023-09-27_RgbImage_2023-09-27_09-58-25.png,Poplar_9_GW-9588+K_R3_IV APPL 102,0.9728065234853764,3.084193801973015
Poplar,RGB2,9_GW-9588+K_R3_IV APPL 102,2023-09-27 09:57:46,1,0,2,2023-09-27_RgbImage_2023-09-27_09-57-45.png,Poplar_9_GW-9588+K_R3_IV APPL 102,0.985529574540606,1.2936089909635484
Poplar,RGB1,11_GW-9588+K_R5_IV APPL 104,2023-10-02 13:56:27,1,0,3,2023-10-2_RgbImage_2023-10-02_13-56-27.png,Poplar_11_GW-9588+K_R5_IV APPL 104,0.9822171686572093,3.2537914817221463
Poplar,RGB2,11_GW-9588+K_R5_IV APPL 104,2023-10-02 13:55:50,1,0,3,2023-10-2_RgbImage_2023-10-02_13-55-49.png,Poplar_11_GW-9588+K_R5_IV APPL 104,0.9866899746478981,1.30288161104545
Poplar,RGB1,1_GW-9588-C_R1_I APPL 398,2023-10-02 15:06:46,1,0,3,2023-10-2_RgbImage_2023-10-02_15-06-45.png,Poplar_1_GW-9588-C_R1_I APPL 398,0.9844637987925362,3.214995122049004
Poplar,RGB2,1_GW-9588-C_R1_I APPL 398,2023-10-02 15:06:08,1,0,3,2023-10-2_RgbImage_2023-10-02_15-06-07.png,Poplar_1_GW-9588-C_R1_I APPL 398,0.9861155857684512,1.2951689097099006
Poplar,RGB1,67_YALE-27-3+Na_R1_I APPL 189,2023-10-06 07:02:06,1,0,3,2023-10-6_RgbImage_2023-10-06_07-02-06.png,Poplar_67_YALE-27-3+Na_R1_I APPL 189,0.9846198214529495,3.284350879956037
Poplar,RGB2,67_YALE-27-3+Na_R1_I APPL 189,2023-10-06 07:01:31,1,0,3,2023-10-6_RgbImage_2023-10-06_07-01-31.png,Poplar_67_YALE-27-3+Na_R1_I APPL 189,0.9912043778477195,1.3718260522000492
Poplar,RGB1,98_#1428_R1_PM,2024-05-13 08:52:29,1,0,3,2024-05-13_RgbImage_2024-05-13_08-52-28.png,Poplar_98_#1428_R1_PM,0.9889682143888363,3.4321854542940855
Poplar,RGB2,98_#1428_R1_PM,2024-05-13 08:51:51,1,0,3,2024-05-13_RgbImage_2024-05-13_08-51-51.png,Poplar_98_#1428_R1_PM,0.9959533919733236,1.4194843769073486
Poplar,RGB1,23 93-968 R7,2023-10-29 15:31:15,1,0,4,2023-10-29_RgbImage_2023-10-29_15-31-14.png,Poplar_23 93-968 R7,0.9860419899177955,3.37763429665938
Poplar,RGB2,23 93-968 R7,2023-10-29 15:30:36,1,0,4,2023-10-29_RgbImage_2023-10-29_15-30-35.png,Poplar_23 93-968 R7,0.978612134349561,1.4167115753516555
Poplar,RGB1,51_BESC-4+Na_R3_I APPL 391,2023-10-02 14:24:35,1,0,4,2023-10-2_RgbImage_2023-10-02_14-24-35.png,Poplar_51_BESC-4+Na_R3_I APPL 391,0.9824895390214865,3.25635639205575
Poplar,RGB2,51_BESC-4+Na_R3_I APPL 391,2023-10-02 14:24:00,1,0,4,2023-10-2_RgbImage_2023-10-02_14-24-00.png,Poplar_51_BESC-4+Na_R3_I APPL 391,0.9902071969635433,1.3462669886648655
Poplar,RGB1,84_ILL-101_R2_PM,2024-05-13 07:11:30,1,0,4,2024-05-13_RgbImage_2024-05-13_07-11-30.png,Poplar_84_ILL-101_R2_PM,0.9922252483609569,3.2936356449499726
Poplar,RGB2,84_ILL-101_R2_PM,2024-05-13 07:10:51,1,0,4,2024-05-13_RgbImage_2024-05-13_07-10-50.png,Poplar_84_ILL-101_R2_PM,0.9879231855873608,1.3378237555734813
Poplar,RGB1,GW-2402,2024-04-18 15:35:10,1,1,0,2024-04-18_RgbImage_2024-04-18_15-35-09.png,Poplar_GW-2402,0.9628547400218769,3.3058647559955716
Poplar,RGB2,GW-2402,2024-04-18 15:34:31,1,1,0,2024-04-18_RgbImage_2024-04-18_15-34-30.png,Poplar_GW-2402,0.9904832337127674,1.3453007121570408
Poplar,RGB1,GW-4606,2024-04-16 10:51:10,1,1,0,2024-04-16_RgbImage_2024-04-16_10-51-10.png,Poplar_GW-4606,0.9747583345898945,3.2295185616239905
Poplar,RGB2,GW-4606,2024-04-16 10:50:34,1,1,0,2024-04-16_RgbImage_2024-04-16_10-50-33.png,Poplar_GW-4606,0.9903597963152075,1.3049293630756438
Poplar,RGB1,GW-9810,2024-04-19 10:14:35,1,1,0,2024-04-19_RgbImage_2024-04-19_10-14-35.png,Poplar_GW-9810,0.957748756721944,3.2588045122101903
Poplar,RGB2,GW-9810,2024-04-19 10:13:54,1,1,0,2024-04-19_RgbImage_2024-04-19_10-13-53.png,Poplar_GW-9810,0.9723161870307528,1.3141081482172012
Poplar,RGB1,GW-9884,2024-04-21 15:06:06,1,1,0,2024-04-21_RgbImage_2024-04-21_15-06-06.png,Poplar_GW-9884,0.9653834006384905,3.2510579763911664
Poplar,RGB2,GW-9884,2024-04-21 15:05:28,1,1,0,2024-04-21_RgbImage_2024-04-21_15-05-28.png,Poplar_GW-9884,0.9861765755696839,1.3259175149723887
Poplar,RGB1,15_BESC 375_R2_FS,2024-05-06 18:46:51,1,1,1,2024-05-6_RgbImage_2024-05-06_18-46-50.png,Poplar_15_BESC 375_R2_FS,0.9680381822706506,3.2478997446596622
Poplar,RGB2,15_BESC 375_R2_FS,2024-05-06 18:46:12,1,1,1,2024-05-6_RgbImage_2024-05-06_18-46-11.png,Poplar_15_BESC 375_R2_FS,0.9807105471644731,1.31848298991099
Poplar,RGB1,350_KLNE-20-4_6,2024-05-27 11:32:50,1,1,1,2024-05-27_RgbImage_2024-05-27_11-32-49.png,Poplar_350_KLNE-20-4_6,0.9416429927911372,3.4128698059357703
Poplar,RGB2,350_KLNE-20-4_6,2024-05-27 11:32:09,1,1,1,2024-05-27_RgbImage_2024-05-27_11-32-09.png,Poplar_350_KLNE-20-4_6,0.9728169047765384,1.3919605799019337
Poplar,RGB1,352_BESC-1166_8,2024-06-13 11:34:52,1,1,1,2024-06-13_RgbImage_2024-06-13_11-34-52.png,Poplar_352_BESC-1166_8,0.9685162501328214,3.2548898211680353
Poplar,RGB2,352_BESC-1166_8,2024-06-13 11:34:15,1,1,1,2024-06-13_RgbImage_2024-06-13_11-34-15.png,Poplar_352_BESC-1166_8,0.9704944927690243,1.363896891940385
Poplar,RGB1,304_BESC-44_4,2024-06-07 10:36:27,1,1,2,2024-06-7_RgbImage_2024-06-07_10-36-27.png,Poplar_304_BESC-44_4,0.9774471089562103,3.2729466212913394
Poplar,RGB2,304_BESC-44_4,2024-06-07 10:35:50,1,1,2,2024-06-7_RgbImage_2024-06-07_10-35-49.png,Poplar_304_BESC-44_4,0.9885869930728438,1.3490474759601057
Poplar,RGB1,BESC-237,2024-04-07 15:15:34,1,1,2,2024-04-7_RgbImage_2024-04-07_15-15-33.png,Poplar_BESC-237,0.976501955840482,3.370278731919825
Poplar,RGB2,BESC-237,2024-04-07 15:14:55,1,1,2,2024-04-7_RgbImage_2024-04-07_15-14-55.png,Poplar_BESC-237,0.984658078305534,1.3848190079443157
Poplar,RGB1,GW-9811,2024-04-03 12:46:00,1,1,2,2024-04-3_RgbImage_2024-04-03_12-45-59.png,Poplar_GW-9811,0.983211178346309,3.458239677362144
Poplar,RGB2,GW-9811,2024-04-03 12:45:22,1,1,2,2024-04-3_RgbImage_2024-04-03_12-45-21.png,Poplar_GW-9811,0.9881556048786345,1.4203771157190204
Poplar,RGB1,67_YALE-27-3+Na_R1_I APPL 189,2023-09-27 07:02:20,1,1,3,2023-09-27_RgbImage_2023-09-27_07-02-20.png,Poplar_67_YALE-27-3+Na_R1_I APPL 189,0.9807691356952352,3.2759080487303436
Poplar,RGB2,67_YALE-27-3+Na_R1_I APPL 189,2023-09-27 07:01:42,1,1,3,2023-09-27_RgbImage_2023-09-27_07-01-41.png,Poplar_67_YALE-27-3+Na_R1_I APPL 189,0.9851377121036421,1.3898988729342818
Poplar,RGB1,BESC-394,2024-04-02 14:41:05,1,1,3,2024-04-2_RgbImage_2024-04-02_14-41-05.png,Poplar_BESC-394,0.9814404218547892,3.2701839469373226
Poplar,RGB2,BESC-394,2024-04-02 14:40:27,1,1,3,2024-04-2_RgbImage_2024-04-02_14-40-26.png,Poplar_BESC-394,0.9873863458185392,1.3369651227258146
Poplar,RGB1,20_D-124_R6_PM,2024-05-10 18:46:02,1,1,4,2024-05-10_RgbImage_2024-05-10_18-46-02.png,Poplar_20_D-124_R6_PM,0.9877811492550865,3.3945725630037487
Poplar,RGB2,20_D-124_R6_PM,2024-05-10 18:45:24,1,1,4,2024-05-10_RgbImage_2024-05-10_18-45-23.png,Poplar_20_D-124_R6_PM,0.9760826388176045,1.3932910333387554
Poplar,RGB1,89_D-124_R1_PM,2024-05-03 07:48:27,1,1,4,2024-05-3_RgbImage_2024-05-03_07-48-27.png,Poplar_89_D-124_R1_PM,0.9856526753039125,3.2712621451355517
Poplar,RGB2,89_D-124_R1_PM,2024-05-03 07:47:47,1,1,4,2024-05-3_RgbImage_2024-05-03_07-47-46.png,Poplar_89_D-124_R1_PM,0.977133639610331,1.3594948463141918
Poplar,RGB1,GW-6952,2024-04-06 16:22:07,1,1,4,2024-04-6_RgbImage_2024-04-06_16-22-07.png,Poplar_GW-6952,0.9780092843793597,3.257135816849768
Poplar,RGB2,GW-6952,2024-04-06 16:21:28,1,1,4,2024-04-6_RgbImage_2024-04-06_16-21-28.png,Poplar_GW-6952,0.9871533448002932,1.3437932701781392
Poplar,RGB1,15 CMBF_28-5 R6,2023-10-28 17:10:52,1,2,0,2023-10-28_RgbImage_2023-10-28_17-10-51.png,Poplar_15 CMBF_28-5 R6,0.9734438420898871,3.449406614061445
Poplar,RGB2,15 CMBF_28-5 R6,2023-10-28 17:10:11,1,2,0,2023-10-28_RgbImage_2023-10-28_17-10-11.png,Poplar_15 CMBF_28-5 R6,0.9909440856827885,1.3973951018415391
Poplar,RGB1,46_BESC 394_R2_FS,2024-05-10 12:15:56,1,2,0,2024-05-10_RgbImage_2024-05-10_12-15-56.png,Poplar_46_BESC 394_R2_FS,0.9677360964346607,3.264056862331927
Poplar,RGB2,46_BESC 394_R2_FS,2024-05-10 12:15:18,1,2,0,2024-05-10_RgbImage_2024-05-10_12-15-17.png,Poplar_46_BESC 394_R2_FS,0.9839004256089139,1.350197067949921
Poplar,RGB1,BESC-159,2024-04-12 07:38:50,1,2,0,2024-04-12_RgbImage_2024-04-12_07-38-50.png,Poplar_BESC-159,0.9564944665980545,3.2803557976149023
Poplar,RGB2,BESC-159,2024-04-12 07:38:13,1,2,0,2024-04-12_RgbImage_2024-04-12_07-38-12.png,Poplar_BESC-159,0.9830348020434363,1.372440692037344
Poplar,RGB1,GLCB-26-1,2024-04-19 20:45:20,1,2,0,2024-04-19_RgbImage_2024-04-19_20-45-19.png,Poplar_GLCB-26-1,0.95175183868442,3.168935741763562
Poplar,RGB2,GLCB-26-1,2024-04-19 20:44:41,1,2,0,2024-04-19_RgbImage_2024-04-19_20-44-40.png,Poplar_GLCB-26-1,0.9844559326939585,1.2938368190079927
Poplar,RGB1,31 Nisq-1 R8,2023-11-05 12:55:56,1,2,1,2023-11-5_RgbImage_2023-11-05_12-55-55.png,Poplar_31 Nisq-1 R8,0.9725120806446818,3.293047344312072
Poplar,RGB2,31 Nisq-1 R8,2023-11-05 12:55:20,1,2,1,2023-11-5_RgbImage_2023-11-05_12-55-20.png,Poplar_31 Nisq-1 R8,0.9894629245006086,1.321395774371922
Poplar,RGB1,348_BESC-1231_5,2024-06-05 10:06:41,1,2,2,2024-06-5_RgbImage_2024-06-05_10-06-41.png,Poplar_348_BESC-1231_5,0.9692319932461891,3.324395931791514
Poplar,RGB2,348_BESC-1231_5,2024-06-05 10:06:03,1,2,2,2024-06-5_RgbImage_2024-06-05_10-06-03.png,Poplar_348_BESC-1231_5,0.9931727249324837,1.2937473910860717
Poplar,RGB1,GW-7980,2024-04-11 07:17:36,1,2,2,2024-04-11_RgbImage_2024-04-11_07-17-35.png,Poplar_GW-7980,0.9779463358370395,3.1793982428498566
Poplar,RGB2,GW-7980,2024-04-11 07:16:59,1,2,2,2024-04-11_RgbImage_2024-04-11_07-16-59.png,Poplar_GW-7980,0.9936785914095042,1.3294218890368938
Poplar,RGB1,GW-9967,2024-04-12 12:34:27,1,2,2,2024-04-12_RgbImage_2024-04-12_12-34-26.png,Poplar_GW-9967,0.9706823906975873,3.168008720036596
Poplar,RGB2,GW-9967,2024-04-12 12:33:50,1,2,2,2024-04-12_RgbImage_2024-04-12_12-33-49.png,Poplar_GW-9967,0.9883716881364123,1.2869159448891878
Poplar,RGB1,54 52-225 R4,2023-11-05 11:35:17,1,2,3,2023-11-5_RgbImage_2023-11-05_11-35-16.png,Poplar_54 52-225 R4,0.9570857152886713,3.2017894070595503
Poplar,RGB2,54 52-225 R4,2023-11-05 11:34:38,1,2,3,2023-11-5_RgbImage_2023-11-05_11-34-37.png,Poplar_54 52-225 R4,0.9873322423441188,1.2964740758761764
Poplar,RGB1,55_YALE-27-3-C_R1_I APPL 489,2023-09-25 12:01:25,1,2,3,2023-09-25_RgbImage_2023-09-25_12-01-25.png,Poplar_55_YALE-27-3-C_R1_I APPL 489,0.979508666313656,3.174411495216191
Poplar,RGB2,55_YALE-27-3-C_R1_I APPL 489,2023-09-25 12:00:46,1,2,3,2023-09-25_RgbImage_2023-09-25_12-00-45.png,Poplar_55_YALE-27-3-C_R1_I APPL 489,0.9870938228151335,1.3182949018664658
Poplar,RGB1,BESC-1099,2024-04-05 19:48:29,1,2,4,2024-04-5_RgbImage_2024-04-05_19-48-28.png,Poplar_BESC-1099,0.961264045425315,3.168968435842544
Poplar,RGB2,BESC-1099,2024-04-05 19:47:48,1,2,4,2024-04-5_RgbImage_2024-04-05_19-47-47.png,Poplar_BESC-1099,0.9904449589476138,1.2967993118800223
Poplar,RGB1,CHWH-27-3,2024-04-01 15:06:12,1,2,4,2024-04-1_RgbImage_2024-04-01_15-06-12.png,Poplar_CHWH-27-3,0.9658000732333374,3.169195002876222
Poplar,RGB2,CHWH-27-3,2024-04-01 15:05:34,1,2,4,2024-04-1_RgbImage_2024-04-01_15-05-33.png,Poplar_CHWH-27-3,0.9841870742542052,1.3025679280981421
Poplar,RGB1,182_BESC-1096_5,2024-06-26 15:41:17,1,3,0,2024-06-26_RgbImage_2024-06-26_15-41-16.png,Poplar_182_BESC-1096_5,0.9646866917714715,3.319076906889677
Poplar,RGB2,182_BESC-1096_5,2024-06-26 15:40:39,1,3,0,2024-06-26_RgbImage_2024-06-26_15-40-38.png,Poplar_182_BESC-1096_5,0.974493394755885,1.2957786619663239
Poplar,RGB1,379_BESC-1143_1,2024-06-08 11:14:52,1,3,0,2024-06-8_RgbImage_2024-06-08_11-14-51.png,Poplar_379_BESC-1143_1,0.961912126199481,3.169519647024572
Poplar,RGB2,379_BESC-1143_1,2024-06-08 11:14:13,1,3,0,2024-06-8_RgbImage_2024-06-08_11-14-13.png,Poplar_379_BESC-1143_1,0.9652764591137927,1.2941940361633897
Poplar,RGB1,BESC-1158_34_9,2024-04-21 15:20:35,1,3,0,2024-04-21_RgbImage_2024-04-21_15-20-34.png,Poplar_BESC-1158_34_9,0.980059633187748,3.2105372180230916
Poplar,RGB2,BESC-1158_34_9,2024-04-21 15:19:53,1,3,0,2024-04-21_RgbImage_2024-04-21_15-19-52.png,Poplar_BESC-1158_34_9,0.9842368527781659,1.2933406620286405
Poplar,RGB1,BESC-192,2024-04-10 18:41:43,1,3,0,2024-04-10_RgbImage_2024-04-10_18-41-42.png,Poplar_BESC-192,0.9570922081064362,3.41206745011732
Poplar,RGB2,BESC-192,2024-04-10 18:41:01,1,3,0,2024-04-10_RgbImage_2024-04-10_18-41-01.png,Poplar_BESC-192,0.9554709167830455,1.3040761998854578
Poplar,RGB1,114_BESC-354_6,2024-05-26 19:13:43,1,3,1,2024-05-26_RgbImage_2024-05-26_19-13-43.png,Poplar_114_BESC-354_6,0.9703115947277613,3.317711867392063
Poplar,RGB2,114_BESC-354_6,2024-05-26 19:13:07,1,3,1,2024-05-26_RgbImage_2024-05-26_19-13-06.png,Poplar_114_BESC-354_6,0.9920785564712501,1.291554785799235
Poplar,RGB1,BESC-819,2024-04-05 10:18:27,1,3,1,2024-04-5_RgbImage_2024-04-05_10-18-27.png,Poplar_BESC-819,0.9544296268259768,3.247554463800043
Poplar,RGB2,BESC-819,2024-04-05 10:17:47,1,3,1,2024-04-5_RgbImage_2024-04-05_10-17-47.png,Poplar_BESC-819,0.9881869050649773,1.2963051167316735
Poplar,RGB1,DEND-17-2,2024-03-30 18:24:27,1,3,1,2024-03-30_RgbImage_2024-03-30_18-24-26.png,Poplar_DEND-17-2,0.9647307221853737,3.1824038471095264
Poplar,RGB2,DEND-17-2,2024-03-30 18:23:50,1,3,1,2024-03-30_RgbImage_2024-03-30_18-23-49.png,Poplar_DEND-17-2,0.9910527713506839,1.2971979049034417
Poplar,RGB1,NHTB-27-4,2024-04-05 20:53:48,1,3,1,2024-04-5_RgbImage_2024-04-05_20-53-47.png,Poplar_NHTB-27-4,0.9623805515191096,3.470792098902166
Poplar,RGB2,NHTB-27-4,2024-04-05 20:53:10,1,3,1,2024-04-5_RgbImage_2024-04-05_20-53-09.png,Poplar_NHTB-27-4,0.9917316738805116,1.3273696098476648
Poplar,RGB1,436_GW-9762_1,2024-06-21 12:11:31,1,3,2,2024-06-21_RgbImage_2024-06-21_12-11-31.png,Poplar_436_GW-9762_1,0.9651524655315644,3.2080184146761894
Poplar,RGB2,436_GW-9762_1,2024-06-21 12:11:00,1,3,2,2024-06-21_RgbImage_2024-06-21_12-11-00.png,Poplar_436_GW-9762_1,0.9760536071550079,1.3223153236322105
Poplar,RGB1,GW-9833,2024-03-29 15:07:40,1,3,2,2024-03-29_RgbImage_2024-03-29_15-07-39.png,Poplar_GW-9833,0.9757525841448944,3.2934880880638957
Poplar,RGB2,GW-9833,2024-03-29 15:06:59,1,3,2,2024-03-29_RgbImage_2024-03-29_15-06-59.png,Poplar_GW-9833,0.9789780650910088,1.294261222705245
Poplar,RGB1,94_BESC 24_R3_FS,2024-05-13 08:23:36,1,3,3,2024-05-13_RgbImage_2024-05-13_08-23-35.png,Poplar_94_BESC 24_R3_FS,0.9636820752205476,3.299065202008933
Poplar,RGB2,94_BESC 24_R3_FS,2024-05-13 08:22:56,1,3,3,2024-05-13_RgbImage_2024-05-13_08-22-56.png,Poplar_94_BESC 24_R3_FS,0.9885367079326629,1.293782458640635
Poplar,RGB1,BESC-394,2024-03-28 12:16:40,1,3,3,2024-03-28_RgbImage_2024-03-28_12-16-40.png,Poplar_BESC-394,0.9631517796794431,3.1657737558707595
Poplar,RGB2,BESC-394,2024-03-28 12:16:01,1,3,3,2024-03-28_RgbImage_2024-03-28_12-16-00.png,Poplar_BESC-394,0.988388571195384,1.3124099061824381
Poplar,RGB1,109_BESC-14_4,2024-06-04 16:58:53,1,3,4,2024-06-4_RgbImage_2024-06-04_16-58-53.png,Poplar_109_BESC-14_4,0.9680893192753462,3.1998401740565896
Poplar,RGB2,109_BESC-14_4,2024-06-04 16:58:13,1,3,4,2024-06-4_RgbImage_2024-06-04_16-58-13.png,Poplar_109_BESC-14_4,0.9716671978065353,1.2946347501128912
Poplar,RGB1,361_BESC-321_3,2024-06-04 09:54:32,1,3,4,2024-06-4_RgbImage_2024-06-04_09-54-31.png,Poplar_361_BESC-321_3,0.9810056800301475,3.1635067900642753
Poplar,RGB2,361_BESC-321_3,2024-06-04 09:53:52,1,3,4,2024-06-4_RgbImage_2024-06-04_09-53-51.png,Poplar_361_BESC-321_3,0.9683036934609646,1.2952636890113354
Poplar,RGB1,461_BESC-1143_2,2024-06-04 09:27:08,1,3,4,2024-06-4_RgbImage_2024-06-04_09-27-08.png,Poplar_461_BESC-1143_2,0.983503239645334,3.3836070019751787
Poplar,RGB2,461_BESC-1143_2,2024-06-04 09:26:27,1,3,4,2024-06-4_RgbImage_2024-06-04_09-26-27.png,Poplar_461_BESC-1143_2,0.9714986346364235,1.2960306289605796
Poplar,RGB1,88_BESC-1043_4,2024-06-01 16:18:11,1,3,4,2024-06-1_RgbImage_2024-06-01_16-18-10.png,Poplar_88_BESC-1043_4,0.9720211463265612,3.1782999290153384
Poplar,RGB2,88_BESC-1043_4,2024-06-01 16:17:31,1,3,4,2024-06-1_RgbImage_2024-06-01_16-17-31.png,Poplar_88_BESC-1043_4,0.982432822590875,1.3163211117498577
Poplar,RGB1,103_BESC-856_2,2024-05-27 19:14:56,1,4,0,2024-05-27_RgbImage_2024-05-27_19-14-55.png,Poplar_103_BESC-856_2,0.9662792601081573,3.2797710448503494
Poplar,RGB2,103_BESC-856_2,2024-05-27 19:14:15,1,4,0,2024-05-27_RgbImage_2024-05-27_19-14-14.png,Poplar_103_BESC-856_2,0.9756144726664727,1.3007602412253618
Poplar,RGB1,224_BESC-317_5,2024-06-03 15:13:29,1,4,0,2024-06-3_RgbImage_2024-06-03_15-13-29.png,Poplar_224_BESC-317_5,0.9693303336256286,3.2560510388575494
Poplar,RGB2,224_BESC-317_5,2024-06-03 15:12:50,1,4,0,2024-06-3_RgbImage_2024-06-03_15-12-50.png,Poplar_224_BESC-317_5,0.9895058925982708,1.409604957792908
Poplar,RGB1,BESC-1158_34_9,2024-04-11 14:21:53,1,4,0,2024-04-11_RgbImage_2024-04-11_14-21-52.png,Poplar_BESC-1158_34_9,0.9716068105383865,3.477264537010342
Poplar,RGB2,BESC-1158_34_9,2024-04-11 14:21:10,1,4,0,2024-04-11_RgbImage_2024-04-11_14-21-10.png,Poplar_BESC-1158_34_9,0.9787088769648119,1.4023039052262902
Poplar,RGB1,BESC-1240_38_2,2024-04-06 16:07:36,1,4,0,2024-04-6_RgbImage_2024-04-06_16-07-35.png,Poplar_BESC-1240_38_2,0.9445157114958885,3.462865704204887
Poplar,RGB2,BESC-1240_38_2,2024-04-06 16:06:54,1,4,0,2024-04-6_RgbImage_2024-04-06_16-06-53.png,Poplar_BESC-1240_38_2,0.9846127275356574,1.3910967661067843
Poplar,RGB1,17_BESC 394_R3_PM,2024-05-03 18:30:01,1,4,1,2024-05-3_RgbImage_2024-05-03_18-30-01.png,Poplar_17_BESC 394_R3_PM,0.963056018303693,3.2777404370717704
Poplar,RGB2,17_BESC 394_R3_PM,2024-05-03 18:29:22,1,4,1,2024-05-3_RgbImage_2024-05-03_18-29-21.png,Poplar_17_BESC 394_R3_PM,0.9875055202112167,1.345750561915338
Poplar,RGB1,22_BESC-1126_2,2024-06-08 18:08:40,1,4,1,2024-06-8_RgbImage_2024-06-08_18-08-39.png,Poplar_22_BESC-1126_2,0.9753885535249727,3.206231869291514
Poplar,RGB2,22_BESC-1126_2,2024-06-08 18:08:01,1,4,1,2024-06-8_RgbImage_2024-06-08_18-08-01.png,Poplar_22_BESC-1126_2,0.9905808903155564,1.2942955298349261
Poplar,RGB1,391_BESC-1143_3,2024-06-11 07:56:58,1,4,1,2024-06-11_RgbImage_2024-06-11_07-56-58.png,Poplar_391_BESC-1143_3,0.9695156114158797,3.2800131142139435
Poplar,RGB2,391_BESC-1143_3,2024-06-11 07:56:21,1,4,1,2024-06-11_RgbImage_2024-06-11_07-56-20.png,Poplar_391_BESC-1143_3,0.9788003233035213,1.323431805241853
Poplar,RGB1,424_BESC-117_6,2024-06-05 07:03:12,1,4,1,2024-06-5_RgbImage_2024-06-05_07-03-11.png,Poplar_424_BESC-117_6,0.9664467740139697,3.4818165129981935
Poplar,RGB2,424_BESC-117_6,2024-06-05 07:02:32,1,4,1,2024-06-5_RgbImage_2024-06-05_07-02-32.png,Poplar_424_BESC-117_6,0.9833168911263006,1.3171087298542261
Poplar,RGB1,BESC-1091,2024-04-24 10:13:27,1,4,2,2024-04-24_RgbImage_2024-04-24_10-13-26.png,Poplar_BESC-1091,0.9410683345308576,3.5213416824117303
Poplar,RGB2,BESC-1091,2024-04-24 10:12:47,1,4,2,2024-04-24_RgbImage_2024-04-24_10-12-46.png,Poplar_BESC-1091,0.9779266438208248,1.4233216922730207
Poplar,RGB1,BESC-71,2024-04-02 18:35:21,1,4,2,2024-04-2_RgbImage_2024-04-02_18-35-20.png,Poplar_BESC-71,0.9727302813664067,3.2732747439295053
Poplar,RGB2,BESC-71,2024-04-02 18:34:41,1,4,2,2024-04-2_RgbImage_2024-04-02_18-34-41.png,Poplar_BESC-71,0.9820389485982304,1.397648042999208
Poplar,RGB1,GW-8611,2024-03-31 18:09:22,1,4,2,2024-03-31_RgbImage_2024-03-31_18-09-22.png,Poplar_GW-8611,0.9682798600458178,3.289655344095081
Poplar,RGB2,GW-8611,2024-03-31 18:08:42,1,4,2,2024-03-31_RgbImage_2024-03-31_18-08-42.png,Poplar_GW-8611,0.98984923161619,1.3158339001238346
Poplar,RGB1,GW-9969,2024-03-28 22:05:01,1,4,2,2024-03-28_RgbImage_2024-03-28_22-05-00.png,Poplar_GW-9969,0.9606077006340967,3.4093424808233976
Poplar,RGB2,GW-9969,2024-03-28 22:04:21,1,4,2,2024-03-28_RgbImage_2024-03-28_22-04-21.png,Poplar_GW-9969,0.9863315169535386,1.317578008864075
Poplar,RGB1,232_CHWH-27-4_4,2024-06-06 11:35:38,1,4,3,2024-06-6_RgbImage_2024-06-06_11-35-38.png,Poplar_232_CHWH-27-4_4,0.9768981665403182,3.203624519985169
Poplar,RGB2,232_CHWH-27-4_4,2024-06-06 11:34:59,1,4,3,2024-06-6_RgbImage_2024-06-06_11-34-58.png,Poplar_232_CHWH-27-4_4,0.9898059479345196,1.3041353118605912
Poplar,RGB1,36_BESC 371_R3_FS,2024-05-03 15:56:51,1,4,3,2024-05-3_RgbImage_2024-05-03_15-56-51.png,Poplar_36_BESC 371_R3_FS,0.9578962398858689,3.335442202165723
Poplar,RGB2,36_BESC 371_R3_FS,2024-05-03 15:56:12,1,4,3,2024-05-3_RgbImage_2024-05-03_15-56-11.png,Poplar_36_BESC 371_R3_FS,0.9812385251116678,1.3415126288309693
Poplar,RGB1,432_BESC-1166_7,2024-05-27 09:01:42,1,4,3,2024-05-27_RgbImage_2024-05-27_09-01-42.png,Poplar_432_BESC-1166_7,0.9727298573340757,3.3077843110077083
Poplar,RGB2,432_BESC-1166_7,2024-05-27 09:01:02,1,4,3,2024-05-27_RgbImage_2024-05-27_09-01-01.png,Poplar_432_BESC-1166_7,0.9720438670074103,1.2999729327857494
Poplar,RGB1,58_GW10999_R2_PM,2024-05-03 13:46:03,1,4,3,2024-05-3_RgbImage_2024-05-03_13-46-03.png,Poplar_58_GW10999_R2_PM,0.9753487268002121,3.322736400179565
Poplar,RGB2,58_GW10999_R2_PM,2024-05-03 13:45:25,1,4,3,2024-05-3_RgbImage_2024-05-03_13-45-24.png,Poplar_58_GW10999_R2_PM,0.9866743159798192,1.3610707269981503
Poplar,RGB1,116_BESC-1043_8,2024-05-26 19:27:37,1,4,4,2024-05-26_RgbImage_2024-05-26_19-27-36.png,Poplar_116_BESC-1043_8,0.9823275946596243,3.2842388241551816
Poplar,RGB2,116_BESC-1043_8,2024-05-26 19:26:56,1,4,4,2024-05-26_RgbImage_2024-05-26_19-26-56.png,Poplar_116_BESC-1043_8,0.9899378247679786,1.305553874000907
Poplar,RGB1,370_BESC-1132_7,2024-05-26 12:33:54,1,4,4,2024-05-26_RgbImage_2024-05-26_12-33-53.png,Poplar_370_BESC-1132_7,0.9610839314778357,3.2836195128038526
Poplar,RGB2,370_BESC-1132_7,2024-05-26 12:33:12,1,4,4,2024-05-26_RgbImage_2024-05-26_12-33-11.png,Poplar_370_BESC-1132_7,0.893292154428348,1.2980078081600368
Poplar,RGB1,92_CHX20-KO107+Na_R4_I APPL 351,2023-10-02 16:24:00,2,0,0,2023-10-2_RgbImage_2023-10-02_16-24-00.png,Poplar_92_CHX20-KO107+Na_R4_I APPL 351,0.981527249111554,3.320782517082989
Poplar,RGB2,92_CHX20-KO107+Na_R4_I APPL 351,2023-10-02 16:23:31,2,0,0,2023-10-2_RgbImage_2023-10-02_16-23-31.png,Poplar_92_CHX20-KO107+Na_R4_I APPL 351,0.9861261973896273,1.2976141730323434
Poplar,RGB1,74_WT717+Na_R2_I APPL 28,2023-11-10 15:20:20,2,0,1,2023-11-10_RgbImage_2023-11-10_15-20-19.png,Poplar_74_WT717+Na_R2_I APPL 28,0.9895620714750775,3.3969135731458664
Poplar,RGB2,74_WT717+Na_R2_I APPL 28,2023-11-10 15:19:55,2,0,1,2023-11-10_RgbImage_2023-11-10_15-19-55.png,Poplar_74_WT717+Na_R2_I APPL 28,0.9934479530279383,1.298654681071639
Poplar,RGB1,90_CHX20-KO107+Na_R2_I APPL 392,2023-10-13 14:43:58,2,0,1,2023-10-13_RgbImage_2023-10-13_14-43-57.png,Poplar_90_CHX20-KO107+Na_R2_I APPL 392,0.9861355521341808,3.349487888161093
Poplar,RGB2,90_CHX20-KO107+Na_R2_I APPL 392,2023-10-13 14:43:26,2,0,1,2023-10-13_RgbImage_2023-10-13_14-43-25.png,Poplar_90_CHX20-KO107+Na_R2_I APPL 392,0.991158129403012,1.2961151991039515
Poplar,RGB1,BESC-12,2024-04-15 17:44:58,2,0,1,2024-04-15_RgbImage_2024-04-15_17-44-58.png,Poplar_BESC-12,0.9772178165998461,3.1910109743475914
Poplar,RGB2,BESC-12,2024-04-15 17:44:25,2,0,1,2024-04-15_RgbImage_2024-04-15_17-44-25.png,Poplar_BESC-12,0.9896916560370834,1.3119574319571257
Poplar,RGB1,25_GW-9914+K_R1_IV APPL 106,2023-10-06 15:17:53,2,0,2,2023-10-6_RgbImage_2023-10-06_15-17-52.png,Poplar_25_GW-9914+K_R1_IV APPL 106,0.9777096708263163,3.1979928142391145
Poplar,RGB2,25_GW-9914+K_R1_IV APPL 106,2023-10-06 15:17:19,2,0,2,2023-10-6_RgbImage_2023-10-06_15-17-19.png,Poplar_25_GW-9914+K_R1_IV APPL 106,0.9882198880806832,1.292959915008396
Poplar,RGB1,35_GW-9914+Na_R5_I APPL 167,2023-10-25 11:39:47,2,0,2,2023-10-25_RgbImage_2023-10-25_11-39-46.png,Poplar_35_GW-9914+Na_R5_I APPL 167,0.970223428641661,3.565114882774651
Poplar,RGB2,35_GW-9914+Na_R5_I APPL 167,2023-10-25 11:39:04,2,0,2,2023-10-25_RgbImage_2023-10-25_11-39-03.png,Poplar_35_GW-9914+Na_R5_I APPL 167,0.9858878747858261,1.295666580554098
Poplar,RGB1,63_YALE-27-3+K_R3_IV APPL 119,2023-10-02 09:08:17,2,0,2,2023-10-2_RgbImage_2023-10-02_09-08-16.png,Poplar_63_YALE-27-3+K_R3_IV APPL 119,0.9801727158193791,3.200601877178997
Poplar,RGB2,63_YALE-27-3+K_R3_IV APPL 119,2023-10-02 09:07:42,2,0,2,2023-10-2_RgbImage_2023-10-02_09-07-41.png,Poplar_63_YALE-27-3+K_R3_IV APPL 119,0.9902020190357093,1.3009187821298838
Poplar,RGB1,78_CHX20-OE61+Na_R2_I APPL 491,2023-09-15 20:52:54,2,0,2,2023-09-15_RgbImage_2023-09-15_20-52-53.png,Poplar_78_CHX20-OE61+Na_R2_I APPL 491,0.991767674459125,3.295752874109894
Poplar,RGB2,78_CHX20-OE61+Na_R2_I APPL 491,2023-09-15 20:52:23,2,0,2,2023-09-15_RgbImage_2023-09-15_20-52-23.png,Poplar_78_CHX20-OE61+Na_R2_I APPL 491,0.979059944581482,1.362325580790639
Poplar,RGB1,31_GW-9914+Na_R1_I APPL 225,2023-10-04 14:37:46,2,0,3,2023-10-4_RgbImage_2023-10-04_14-37-46.png,Poplar_31_GW-9914+Na_R1_I APPL 225,0.9775336923248311,3.3130022468976676
Poplar,RGB2,31_GW-9914+Na_R1_I APPL 225,2023-10-04 14:37:10,2,0,3,2023-10-4_RgbImage_2023-10-04_14-37-10.png,Poplar_31_GW-9914+Na_R1_I APPL 225,0.9877779365913613,1.299482736736536
Poplar,RGB1,63 93-968 R8,2023-11-23 10:03:16,2,0,3,2023-11-23_RgbImage_2023-11-23_10-03-16.png,Poplar_63 93-968 R8,0.9852604166146662,3.5266533666290343
Poplar,RGB2,63 93-968 R8,2023-11-23 10:02:42,2,0,3,2023-11-23_RgbImage_2023-11-23_10-02-42.png,Poplar_63 93-968 R8,0.9868192718209488,1.399330134037882
Poplar,RGB1,1_GW-9588-C_R1_I APPL 398,2023-10-18 19:54:10,2,0,4,2023-10-18_RgbImage_2023-10-18_19-54-09.png,Poplar_1_GW-9588-C_R1_I APPL 398,0.9842097953116977,3.297916655894369
Poplar,RGB2,1_GW-9588-C_R1_I APPL 398,2023-10-18 19:53:38,2,0,4,2023-10-18_RgbImage_2023-10-18_19-53-38.png,Poplar_1_GW-9588-C_R1_I APPL 398,0.9910643914863286,1.3036302579566836
Poplar,RGB1,48_BESC-4+K_R6_IV APPL 116,2023-10-13 11:32:02,2,0,4,2023-10-13_RgbImage_2023-10-13_11-32-02.png,Poplar_48_BESC-4+K_R6_IV APPL 116,0.9772628244653937,3.3088132180273533
Poplar,RGB2,48_BESC-4+K_R6_IV APPL 116,2023-10-13 11:31:31,2,0,4,2023-10-13_RgbImage_2023-10-13_11-31-31.png,Poplar_48_BESC-4+K_R6_IV APPL 116,0.9841330449698031,1.3848770982585847
Poplar,RGB1,49_BESC-4+Na_R1_I APPL 518,2023-10-11 10:22:39,2,0,4,2023-10-11_RgbImage_2023-10-11_10-22-38.png,Poplar_49_BESC-4+Na_R1_I APPL 518,0.9750021327225786,3.2966795582324266
Poplar,RGB2,49_BESC-4+Na_R1_I APPL 518,2023-10-11 10:22:04,2,0,4,2023-10-11_RgbImage_2023-10-11_10-22-04.png,Poplar_49_BESC-4+Na_R1_I APPL 518,0.9904377272265231,1.326275061815977
Poplar,RGB1,85_CHX20-KO54+Na_R1_I APPL 375,2023-09-16 14:21:02,2,1,0,2023-09-16_RgbImage_2023-09-16_14-21-02.png,Poplar_85_CHX20-KO54+Na_R1_I APPL 375,0.9814421234162404,3.218861178960651
Poplar,RGB2,85_CHX20-KO54+Na_R1_I APPL 375,2023-09-16 14:20:28,2,1,0,2023-09-16_RgbImage_2023-09-16_14-20-28.png,Poplar_85_CHX20-KO54+Na_R1_I APPL 375,0.9839036740689326,1.2957868701778352
Poplar,RGB1,BESC-6,2024-05-01 08:20:19,2,1,0,2024-05-1_RgbImage_2024-05-01_08-20-18.png,Poplar_BESC-6,0.9768150808516688,3.3012436470016837
Poplar,RGB2,BESC-6,2024-05-01 08:19:44,2,1,0,2024-05-1_RgbImage_2024-05-01_08-19-44.png,Poplar_BESC-6,0.9924252436420333,1.2938253311440349
Poplar,RGB1,LILB-26-3,2024-04-11 11:00:28,2,1,0,2024-04-11_RgbImage_2024-04-11_11-00-27.png,Poplar_LILB-26-3,0.9800796956452524,3.1835469738580287
Poplar,RGB2,LILB-26-3,2024-04-11 10:59:51,2,1,0,2024-04-11_RgbImage_2024-04-11_10-59-50.png,Poplar_LILB-26-3,0.991637092660771,1.2934730853885412
Poplar,RGB1,106_BESC 375_R1_FS,2024-05-24 19:13:23,2,1,1,2024-05-24_RgbImage_2024-05-24_19-13-23.png,Poplar_106_BESC 375_R1_FS,0.9710414293423139,3.180762038100511
Poplar,RGB2,106_BESC 375_R1_FS,2024-05-24 19:12:49,2,1,1,2024-05-24_RgbImage_2024-05-24_19-12-48.png,Poplar_106_BESC 375_R1_FS,0.9854739275520716,1.295382094103843
Poplar,RGB1,80_CHX20-OE61+Na_R4_I APPL 497,2023-09-16 07:44:11,2,1,1,2023-09-16_RgbImage_2023-09-16_07-44-11.png,Poplar_80_CHX20-OE61+Na_R4_I APPL 497,0.982454846160657,3.195978195872158
Poplar,RGB2,80_CHX20-OE61+Na_R4_I APPL 497,2023-09-16 07:43:41,2,1,1,2023-09-16_RgbImage_2023-09-16_07-43-40.png,Poplar_80_CHX20-OE61+Na_R4_I APPL 497,0.9710951803539286,1.3197847907431424
Poplar,RGB1,GW-9781,2024-04-22 12:08:47,2,1,1,2024-04-22_RgbImage_2024-04-22_12-08-46.png,Poplar_GW-9781,0.9837247097063039,3.184492661152035
Poplar,RGB2,GW-9781,2024-04-22 12:08:10,2,1,1,2024-04-22_RgbImage_2024-04-22_12-08-10.png,Poplar_GW-9781,0.9882376516286722,1.2959605581127107
Poplar,RGB1,157_KLND-20-1_6,2024-05-28 19:41:39,2,1,2,2024-05-28_RgbImage_2024-05-28_19-41-38.png,Poplar_157_KLND-20-1_6,0.9693292285335516,3.1836996017955244
Poplar,RGB2,157_KLND-20-1_6,2024-05-28 19:41:05,2,1,2,2024-05-28_RgbImage_2024-05-28_19-41-04.png,Poplar_157_KLND-20-1_6,0.9854366355924353,1.2918263119645417
Poplar,RGB1,BESC-361_16_11,2024-04-10 09:54:44,2,1,2,2024-04-10_RgbImage_2024-04-10_09-54-43.png,Poplar_BESC-361_16_11,0.9741874771545119,3.460376692004502
Poplar,RGB2,BESC-361_16_11,2024-04-10 09:54:07,2,1,2,2024-04-10_RgbImage_2024-04-10_09-54-06.png,Poplar_BESC-361_16_11,0.9882846637493339,1.3041788563132286
Poplar,RGB1,BESC-74,2024-04-24 11:24:15,2,1,3,2024-04-24_RgbImage_2024-04-24_11-24-14.png,Poplar_BESC-74,0.9893873595640905,3.3091692118905485
Poplar,RGB2,BESC-74,2024-04-24 11:23:39,2,1,3,2024-04-24_RgbImage_2024-04-24_11-23-38.png,Poplar_BESC-74,0.9908110551327539,1.3347004819661379
Poplar,RGB1,GW-9763,2024-04-11 12:26:29,2,1,3,2024-04-11_RgbImage_2024-04-11_12-26-28.png,Poplar_GW-9763,0.9852281127891135,3.2646112688817084
Poplar,RGB2,GW-9763,2024-04-11 12:25:53,2,1,3,2024-04-11_RgbImage_2024-04-11_12-25-53.png,Poplar_GW-9763,0.9861923461766113,1.428726832382381
Poplar,RGB1,208_BESC-1145_5,2024-06-27 17:13:41,2,1,4,2024-06-27_RgbImage_2024-06-27_17-13-40.png,Poplar_208_BESC-1145_5,0.9863771094292528,3.163793336134404
Poplar,RGB2,208_BESC-1145_5,2024-06-27 17:13:03,2,1,4,2024-06-27_RgbImage_2024-06-27_17-13-03.png,Poplar_208_BESC-1145_5,0.9889473412983424,1.3735466161742806
Poplar,RGB1,41_BESC-4-C_R5_I APPL 219,2023-10-06 15:10:56,2,1,4,2023-10-6_RgbImage_2023-10-06_15-10-56.png,Poplar_41_BESC-4-C_R5_I APPL 219,0.9823191174387439,3.3713942267931998
Poplar,RGB2,41_BESC-4-C_R5_I APPL 219,2023-10-06 15:10:20,2,1,4,2023-10-6_RgbImage_2023-10-06_15-10-20.png,Poplar_41_BESC-4-C_R5_I APPL 219,0.9877504522293957,1.3251464189961553
Poplar,RGB1,71_YALE-27-3+Na_R5_I APPL 485,2023-10-13 10:57:17,2,1,4,2023-10-13_RgbImage_2023-10-13_10-57-16.png,Poplar_71_YALE-27-3+Na_R5_I APPL 485,0.9786604987088495,3.561927619855851
Poplar,RGB2,71_YALE-27-3+Na_R5_I APPL 485,2023-10-13 10:56:46,2,1,4,2023-10-13_RgbImage_2023-10-13_10-56-45.png,Poplar_71_YALE-27-3+Na_R5_I APPL 485,0.9836355911408489,1.3381525282748044
Poplar,RGB1,155_BESC-304_7,2024-06-22 15:10:25,2,2,0,2024-06-22_RgbImage_2024-06-22_15-10-25.png,Poplar_155_BESC-304_7,0.9740287685786465,3.5509633398614824
Poplar,RGB2,155_BESC-304_7,2024-06-22 15:10:00,2,2,0,2024-06-22_RgbImage_2024-06-22_15-09-59.png,Poplar_155_BESC-304_7,0.9782622621001762,1.3752956842072308
Poplar,RGB1,BESC-1174,2024-04-15 12:08:48,2,2,0,2024-04-15_RgbImage_2024-04-15_12-08-48.png,Poplar_BESC-1174,0.982985220769534,3.556048144120723
Poplar,RGB2,BESC-1174,2024-04-15 12:08:16,2,2,0,2024-04-15_RgbImage_2024-04-15_12-08-16.png,Poplar_BESC-1174,0.9903708807983509,1.4085576911456883
Poplar,RGB1,24_GW10999_R4_FS,2024-05-20 14:18:52,2,2,1,2024-05-20_RgbImage_2024-05-20_14-18-51.png,Poplar_24_GW10999_R4_FS,0.9727049712658776,3.5840285853482783
Poplar,RGB2,24_GW10999_R4_FS,2024-05-20 14:18:20,2,2,1,2024-05-20_RgbImage_2024-05-20_14-18-20.png,Poplar_24_GW10999_R4_FS,0.989556715340197,1.4059737450443208
Poplar,RGB1,286_BESC-1098_4,2024-06-12 15:48:09,2,2,1,2024-06-12_RgbImage_2024-06-12_15-48-09.png,Poplar_286_BESC-1098_4,0.962335823558559,3.542971581220627
Poplar,RGB2,286_BESC-1098_4,2024-06-12 15:47:33,2,2,1,2024-06-12_RgbImage_2024-06-12_15-47-33.png,Poplar_286_BESC-1098_4,0.9893394277760402,1.3963350020349026
Poplar,RGB1,348_BESC-1231_5,2024-06-21 13:07:32,2,2,1,2024-06-21_RgbImage_2024-06-21_13-07-32.png,Poplar_348_BESC-1231_5,0.9743594776256784,3.5467586209997535
Poplar,RGB2,348_BESC-1231_5,2024-06-21 13:07:04,2,2,1,2024-06-21_RgbImage_2024-06-21_13-07-04.png,Poplar_348_BESC-1231_5,0.9935720079761696,1.4085690411739051
Poplar,RGB1,BESC-853,2024-04-16 12:52:19,2,2,1,2024-04-16_RgbImage_2024-04-16_12-52-19.png,Poplar_BESC-853,0.9721903113670957,3.556382477283478
Poplar,RGB2,BESC-853,2024-04-16 12:51:42,2,2,1,2024-04-16_RgbImage_2024-04-16_12-51-41.png,Poplar_BESC-853,0.9890535226295514,1.3938812320120633
Poplar,RGB1,140_BESC-44_8,2024-06-03 17:30:35,2,2,2,2024-06-3_RgbImage_2024-06-03_17-30-35.png,Poplar_140_BESC-44_8,0.9698584720959357,3.5185628826729953
Poplar,RGB2,140_BESC-44_8,2024-06-03 17:29:58,2,2,2,2024-06-3_RgbImage_2024-06-03_17-29-58.png,Poplar_140_BESC-44_8,0.9843627176505955,1.3006196869537234
Poplar,RGB1,151_GW-9806_6,2024-05-28 18:39:52,2,2,2,2024-05-28_RgbImage_2024-05-28_18-39-51.png,Poplar_151_GW-9806_6,0.9665728919891657,3.296701170038432
Poplar,RGB2,151_GW-9806_6,2024-05-28 18:39:15,2,2,2,2024-05-28_RgbImage_2024-05-28_18-39-14.png,Poplar_151_GW-9806_6,0.9880162813153043,1.401368287857622
Poplar,RGB1,193_GW-10986_5,2024-06-27 15:34:04,2,2,2,2024-06-27_RgbImage_2024-06-27_15-34-03.png,Poplar_193_GW-10986_5,0.9744076629322747,3.297876443248242
Poplar,RGB2,193_GW-10986_5,2024-06-27 15:33:29,2,2,2,2024-06-27_RgbImage_2024-06-27_15-33-29.png,Poplar_193_GW-10986_5,0.9880780294928474,1.3021758496761322
Poplar,RGB1,BESC-1006,2024-04-28 17:05:21,2,2,2,2024-04-28_RgbImage_2024-04-28_17-05-20.png,Poplar_BESC-1006,0.9856085391099274,3.2538684788160026
Poplar,RGB2,BESC-1006,2024-04-28 17:04:44,2,2,2,2024-04-28_RgbImage_2024-04-28_17-04-44.png,Poplar_BESC-1006,0.990328350226436,1.301391938701272
Poplar,RGB1,324_BESC-1166_4,2024-06-06 09:46:54,2,2,3,2024-06-6_RgbImage_2024-06-06_09-46-53.png,Poplar_324_BESC-1166_4,0.9697915457455601,3.3274508980102837
Poplar,RGB2,324_BESC-1166_4,2024-06-06 09:46:15,2,2,3,2024-06-6_RgbImage_2024-06-06_09-46-15.png,Poplar_324_BESC-1166_4,0.9829889338538279,1.3192634866572917
Poplar,RGB1,455_BESC-284_2,2024-06-12 10:56:09,2,2,3,2024-06-12_RgbImage_2024-06-12_10-56-08.png,Poplar_455_BESC-284_2,0.9848981443765339,3.2829135730862617
Poplar,RGB2,455_BESC-284_2,2024-06-12 10:55:33,2,2,3,2024-06-12_RgbImage_2024-06-12_10-55-32.png,Poplar_455_BESC-284_2,0.9924159732770302,1.4082719506695867
Poplar,RGB1,GW-2551,2024-04-17 08:35:35,2,2,3,2024-04-17_RgbImage_2024-04-17_08-35-34.png,Poplar_GW-2551,0.9838688336230414,3.4742087461054325
Poplar,RGB2,GW-2551,2024-04-17 08:34:58,2,2,3,2024-04-17_RgbImage_2024-04-17_08-34-58.png,Poplar_GW-2551,0.9917676328104568,1.4080387586727738
Poplar,RGB1,344_BESC-1145_4,2024-06-26 09:01:40,2,2,4,2024-06-26_RgbImage_2024-06-26_09-01-39.png,Poplar_344_BESC-1145_4,0.9810540968048206,3.550665007904172
Poplar,RGB2,344_BESC-1145_4,2024-06-26 09:01:04,2,2,4,2024-06-26_RgbImage_2024-06-26_09-01-03.png,Poplar_344_BESC-1145_4,0.9902060235334139,1.3978204410523176
Poplar,RGB1,70_YALE-27-3+Na_R4_I APPL 31,2023-10-11 11:11:08,2,2,4,2023-10-11_RgbImage_2023-10-11_11-11-07.png,Poplar_70_YALE-27-3+Na_R4_I APPL 31,0.9747309817098375,3.491672402713448
Poplar,RGB2,70_YALE-27-3+Na_R4_I APPL 31,2023-10-11 11:10:35,2,2,4,2023-10-11_RgbImage_2023-10-11_11-10-35.png,Poplar_70_YALE-27-3+Na_R4_I APPL 31,0.983847177147602,1.403738428838551
Poplar,RGB1,GW-4530,2024-04-23 12:55:57,2,2,4,2024-04-23_RgbImage_2024-04-23_12-55-57.png,Poplar_GW-4530,0.9894305167858805,3.4921209416352212
Poplar,RGB2,GW-4530,2024-04-23 12:55:22,2,2,4,2024-04-23_RgbImage_2024-04-23_12-55-21.png,Poplar_GW-4530,0.992397847868546,1.3965943022631109
Poplar,RGB1,35_BESC 375_R6_PM,2024-05-24 15:34:15,2,3,0,2024-05-24_RgbImage_2024-05-24_15-34-15.png,Poplar_35_BESC 375_R6_PM,0.9690157198553149,3.324181597214192
Poplar,RGB2,35_BESC 375_R6_PM,2024-05-24 15:33:40,2,3,0,2024-05-24_RgbImage_2024-05-24_15-33-40.png,Poplar_35_BESC 375_R6_PM,0.988225947768453,1.3242141767404974
Poplar,RGB1,GW-9907,2024-05-08 08:50:16,2,3,0,2024-05-8_RgbImage_2024-05-08_08-50-15.png,Poplar_GW-9907,0.9826444976134828,3.3270368948578835
Poplar,RGB2,GW-9907,2024-05-08 08:49:39,2,3,0,2024-05-8_RgbImage_2024-05-08_08-49-38.png,Poplar_GW-9907,0.9892140777503255,1.306789893656969
Poplar,RGB1,251_CHWK-27-4_8,2024-06-21 14:57:13,2,3,1,2024-06-21_RgbImage_2024-06-21_14-57-12.png,Poplar_251_CHWK-27-4_8,0.9731832599513752,3.367521088104695
Poplar,RGB2,251_CHWK-27-4_8,2024-06-21 14:56:46,2,3,1,2024-06-21_RgbImage_2024-06-21_14-56-46.png,Poplar_251_CHWK-27-4_8,0.9826174147804504,1.2990912576206028
Poplar,RGB1,CHWH-27-3,2024-04-16 14:53:53,2,3,1,2024-04-16_RgbImage_2024-04-16_14-53-52.png,Poplar_CHWH-27-3,0.9805461514467244,3.4145287731662393
Poplar,RGB2,CHWH-27-3,2024-04-16 14:53:20,2,3,1,2024-04-16_RgbImage_2024-04-16_14-53-19.png,Poplar_CHWH-27-3,0.9915258520638492,1.3007045779377222
Poplar,RGB1,GW-7996,2024-04-17 13:28:13,2,3,1,2024-04-17_RgbImage_2024-04-17_13-28-13.png,Poplar_GW-7996,0.9796233745211465,3.40813656616956
Poplar,RGB2,GW-7996,2024-04-17 13:27:38,2,3,1,2024-04-17_RgbImage_2024-04-17_13-27-38.png,Poplar_GW-7996,0.9918673271081244,1.2897637621499598
Poplar,RGB1,198_BESC-117_3,2024-06-08 14:38:57,2,3,2,2024-06-8_RgbImage_2024-06-08_14-38-56.png,Poplar_198_BESC-117_3,0.9731077932917966,3.1909623467363417
Poplar,RGB2,198_BESC-117_3,2024-06-08 14:38:20,2,3,2,2024-06-8_RgbImage_2024-06-08_14-38-20.png,Poplar_198_BESC-117_3,0.99231116794094,1.3218305706977844
Poplar,RGB1,BESC-107,2024-04-09 14:30:44,2,3,2,2024-04-9_RgbImage_2024-04-09_14-30-43.png,Poplar_BESC-107,0.9771459833404127,3.208655929658562
Poplar,RGB2,BESC-107,2024-04-09 14:30:09,2,3,2,2024-04-9_RgbImage_2024-04-09_14-30-08.png,Poplar_BESC-107,0.9905994304914704,1.3057634830474854
Poplar,RGB1,BESC-48,2024-04-10 09:33:18,2,3,2,2024-04-10_RgbImage_2024-04-10_09-33-18.png,Poplar_BESC-48,0.965651300078772,3.198484579101205
Poplar,RGB2,BESC-48,2024-04-10 09:32:42,2,3,2,2024-04-10_RgbImage_2024-04-10_09-32-41.png,Poplar_BESC-48,0.9876220215724149,1.3067277362570167
Poplar,RGB1,311_BESC-847_1,2024-05-29 12:26:39,2,3,3,2024-05-29_RgbImage_2024-05-29_12-26-39.png,Poplar_311_BESC-847_1,0.970263291431996,3.479042185936123
Poplar,RGB2,311_BESC-847_1,2024-05-29 12:26:02,2,3,3,2024-05-29_RgbImage_2024-05-29_12-26-01.png,Poplar_311_BESC-847_1,0.9919513618903439,1.3950474690645933
Poplar,RGB1,400_BESC-1145_1,2024-05-29 10:50:47,2,3,3,2024-05-29_RgbImage_2024-05-29_10-50-46.png,Poplar_400_BESC-1145_1,0.9784847382234693,3.590731251053512
Poplar,RGB2,400_BESC-1145_1,2024-05-29 10:50:08,2,3,3,2024-05-29_RgbImage_2024-05-29_10-50-08.png,Poplar_400_BESC-1145_1,0.9844594654339184,1.3740788451395929
Poplar,RGB1,GW-8585,2024-05-02 13:31:37,2,3,3,2024-05-2_RgbImage_2024-05-02_13-31-36.png,Poplar_GW-8585,0.979702243134937,3.543568142224103
Poplar,RGB2,GW-8585,2024-05-02 13:30:59,2,3,3,2024-05-2_RgbImage_2024-05-02_13-30-59.png,Poplar_GW-8585,0.9835626363176772,1.3763726111501455
Poplar,RGB1,43_BESC-1098_8,2024-06-15 15:47:08,2,3,4,2024-06-15_RgbImage_2024-06-15_15-47-08.png,Poplar_43_BESC-1098_8,0.9739620601540215,3.318454200401902
Poplar,RGB2,43_BESC-1098_8,2024-06-15 15:46:34,2,3,4,2024-06-15_RgbImage_2024-06-15_15-46-34.png,Poplar_43_BESC-1098_8,0.9917652030582106,1.3102337149903178
Poplar,RGB1,54 52-225 R4,2023-11-25 09:02:39,2,3,4,2023-11-25_RgbImage_2023-11-25_09-02-38.png,Poplar_54 52-225 R4,0.9689153235333794,3.254870796110481
Poplar,RGB2,54 52-225 R4,2023-11-25 09:02:00,2,3,4,2023-11-25_RgbImage_2023-11-25_09-02-00.png,Poplar_54 52-225 R4,0.9860599936906604,1.425875694025308
Poplar,RGB1,BESC-309,2024-04-02 13:42:22,2,3,4,2024-04-2_RgbImage_2024-04-02_13-42-22.png,Poplar_BESC-309,0.9712011549191736,3.1902366559952497
Poplar,RGB2,BESC-309,2024-04-02 13:41:45,2,3,4,2024-04-2_RgbImage_2024-04-02_13-41-45.png,Poplar_BESC-309,0.9873623756087309,1.3060975354164839
Poplar,RGB1,282_SLMB-28-4_2,2024-06-16 13:48:27,2,4,0,2024-06-16_RgbImage_2024-06-16_13-48-27.png,Poplar_282_SLMB-28-4_2,0.9532650156095746,3.3953015310689807
Poplar,RGB2,282_SLMB-28-4_2,2024-06-16 13:47:53,2,4,0,2024-06-16_RgbImage_2024-06-16_13-47-52.png,Poplar_282_SLMB-28-4_2,0.9920523173410757,1.2960208440199494
Poplar,RGB1,464_LILC-26-2_8,2024-05-30 09:35:20,2,4,0,2024-05-30_RgbImage_2024-05-30_09-35-20.png,Poplar_464_LILC-26-2_8,0.9344721624044401,3.4510206868872046
Poplar,RGB2,464_LILC-26-2_8,2024-05-30 09:34:41,2,4,0,2024-05-30_RgbImage_2024-05-30_09-34-40.png,Poplar_464_LILC-26-2_8,0.9828297455969025,1.2995993690565228
Poplar,RGB1,CA-01-03,2024-05-08 10:44:34,2,4,0,2024-05-8_RgbImage_2024-05-08_10-44-33.png,Poplar_CA-01-03,0.9756496395639602,3.393922435119748
Poplar,RGB2,CA-01-03,2024-05-08 10:43:56,2,4,0,2024-05-8_RgbImage_2024-05-08_10-43-55.png,Poplar_CA-01-03,0.9845815366103676,1.2971203830093145
Poplar,RGB1,HOPF-27-3,2024-04-19 19:56:00,2,4,0,2024-04-19_RgbImage_2024-04-19_19-56-00.png,Poplar_HOPF-27-3,0.96662240026344,3.1951040579006076
Poplar,RGB2,HOPF-27-3,2024-04-19 19:55:27,2,4,0,2024-04-19_RgbImage_2024-04-19_19-55-26.png,Poplar_HOPF-27-3,0.985628947167503,1.3224449222907424
Poplar,RGB1,150_BESC-1103_3,2024-06-14 13:53:10,2,4,1,2024-06-14_RgbImage_2024-06-14_13-53-10.png,Poplar_150_BESC-1103_3,0.9512220231845784,3.195439221803099
Poplar,RGB2,150_BESC-1103_3,2024-06-14 13:52:33,2,4,1,2024-06-14_RgbImage_2024-06-14_13-52-32.png,Poplar_150_BESC-1103_3,0.9882393351687093,1.300898966845125
Poplar,RGB1,258_BESC-1207_6,2024-06-26 12:40:56,2,4,1,2024-06-26_RgbImage_2024-06-26_12-40-56.png,Poplar_258_BESC-1207_6,0.961615536783293,3.4528981070034206
Poplar,RGB2,258_BESC-1207_6,2024-06-26 12:40:21,2,4,1,2024-06-26_RgbImage_2024-06-26_12-40-20.png,Poplar_258_BESC-1207_6,0.985093680825009,1.3346906150691211
Poplar,RGB1,BESC-209,2024-05-02 13:09:59,2,4,1,2024-05-2_RgbImage_2024-05-02_13-09-58.png,Poplar_BESC-209,0.9730523447044847,3.33043494168669
Poplar,RGB2,BESC-209,2024-05-02 13:09:22,2,4,1,2024-05-2_RgbImage_2024-05-02_13-09-21.png,Poplar_BESC-209,0.9917894603777264,1.3983407649211586
Poplar,RGB1,105_LILC-26-2_1,2024-05-26 18:18:42,2,4,2,2024-05-26_RgbImage_2024-05-26_18-18-41.png,Poplar_105_LILC-26-2_1,0.972626340979525,3.332495857961476
Poplar,RGB2,105_LILC-26-2_1,2024-05-26 18:18:07,2,4,2,2024-05-26_RgbImage_2024-05-26_18-18-06.png,Poplar_105_LILC-26-2_1,0.9771114120051491,1.3464210331439972
Poplar,RGB1,SQMC-25-4,2024-05-02 12:41:20,2,4,2,2024-05-2_RgbImage_2024-05-02_12-41-19.png,Poplar_SQMC-25-4,0.9542299554470907,3.393480380065739
Poplar,RGB2,SQMC-25-4,2024-05-02 12:40:43,2,4,2,2024-05-2_RgbImage_2024-05-02_12-40-42.png,Poplar_SQMC-25-4,0.9882818843274889,1.3032430191524327
Poplar,RGB1,109_BESC-14_4,2024-06-26 16:41:20,2,4,3,2024-06-26_RgbImage_2024-06-26_16-41-20.png,Poplar_109_BESC-14_4,0.9718925783572945,3.565857594832778
Poplar,RGB2,109_BESC-14_4,2024-06-26 16:40:45,2,4,3,2024-06-26_RgbImage_2024-06-26_16-40-44.png,Poplar_109_BESC-14_4,0.9903481728979159,1.3929184442386031
Poplar,RGB1,131_BESC-1096_1,2024-06-30 20:05:41,2,4,3,2024-06-30_RgbImage_2024-06-30_20-05-40.png,Poplar_131_BESC-1096_1,0.9449839061225143,3.332723578903824
Poplar,RGB2,131_BESC-1096_1,2024-06-30 20:05:04,2,4,3,2024-06-30_RgbImage_2024-06-30_20-05-03.png,Poplar_131_BESC-1096_1,0.9892016177044292,1.4281896487809718
Poplar,RGB1,426_GW-9851_1,2024-06-01 07:16:45,2,4,3,2024-06-1_RgbImage_2024-06-01_07-16-44.png,Poplar_426_GW-9851_1,0.9790992546745216,3.4540047999471426
Poplar,RGB2,426_GW-9851_1,2024-06-01 07:16:08,2,4,3,2024-06-1_RgbImage_2024-06-01_07-16-07.png,Poplar_426_GW-9851_1,0.9879345048511905,1.297525648958981
Poplar,RGB1,432_BESC-1166_7,2024-06-21 11:51:02,2,4,3,2024-06-21_RgbImage_2024-06-21_11-51-02.png,Poplar_432_BESC-1166_7,0.9763509561555802,3.4093069923110306
Poplar,RGB2,432_BESC-1166_7,2024-06-21 11:50:33,2,4,3,2024-06-21_RgbImage_2024-06-21_11-50-33.png,Poplar_432_BESC-1166_7,0.989259648287694,1.2996782190166414
Poplar,RGB1,211_BESC-56_7,2024-06-07 12:24:28,2,4,4,2024-06-7_RgbImage_2024-06-07_12-24-28.png,Poplar_211_BESC-56_7,0.9803918185661166,3.1976805212907493
Poplar,RGB2,211_BESC-56_7,2024-06-07 12:23:49,2,4,4,2024-06-7_RgbImage_2024-06-07_12-23-49.png,Poplar_211_BESC-56_7,0.9836703968035839,1.3041853308677673
Poplar,RGB1,374_BESC-321_5,2024-05-26 13:01:32,2,4,4,2024-05-26_RgbImage_2024-05-26_13-01-31.png,Poplar_374_BESC-321_5,0.9425883975547048,3.440655000973493
Poplar,RGB2,374_BESC-321_5,2024-05-26 13:00:49,2,4,4,2024-05-26_RgbImage_2024-05-26_13-00-49.png,Poplar_374_BESC-321_5,0.9267581372061021,1.2965822448022664
Poplar,RGB1,BESC-1091,2024-05-09 08:43:16,2,4,4,2024-05-9_RgbImage_2024-05-09_08-43-16.png,Poplar_BESC-1091,0.94073528113224,3.411533331964165
Poplar,RGB2,BESC-1091,2024-05-09 08:42:38,2,4,4,2024-05-9_RgbImage_2024-05-09_08-42-37.png,Poplar_BESC-1091,0.9800192532063021,1.2945791389793158
Poplar,RGB1,BESC-1226,2024-04-11 17:07:11,2,4,4,2024-04-11_RgbImage_2024-04-11_17-07-10.png,Poplar_BESC-1226,0.9731685257763414,3.2235850668512285
Poplar,RGB2,BESC-1226,2024-04-11 17:06:33,2,4,4,2024-04-11_RgbImage_2024-04-11_17-06-33.png,Poplar_BESC-1226,0.9830473559078525,1.3062653131783009
Poplar,RGB1,88_CHX20-KO54+Na_R4_I APPL 45,2023-10-27 17:56:12,3,0,0,2023-10-27_RgbImage_2023-10-27_17-56-11.png,Poplar_88_CHX20-KO54+Na_R4_I APPL 45,0.9869576310489796,3.4605984380468726
Poplar,RGB1,88_CHX20-KO54+Na_R4_I APPL 45,2023-11-01 17:50:21,3,0,0,2023-11-1_RgbImage_2023-11-01_17-50-20.png,Poplar_88_CHX20-KO54+Na_R4_I APPL 45,0.9920774849591142,3.8971579102799296
Poplar,RGB2,88_CHX20-KO54+Na_R4_I APPL 45,2023-10-27 17:55:42,3,0,0,2023-10-27_RgbImage_2023-10-27_17-55-41.png,Poplar_88_CHX20-KO54+Na_R4_I APPL 45,0.9896658166689087,1.3997978009283543
Poplar,RGB2,88_CHX20-KO54+Na_R4_I APPL 45,2023-11-01 17:49:50,3,0,0,2023-11-1_RgbImage_2023-11-01_17-49-50.png,Poplar_88_CHX20-KO54+Na_R4_I APPL 45,0.9924166265004963,1.3507673917338252
Poplar,RGB1,BESC-426,2024-04-24 15:44:13,3,0,0,2024-04-24_RgbImage_2024-04-24_15-44-13.png,Poplar_BESC-426,0.9761356718095686,3.319240970071405
Poplar,RGB2,BESC-426,2024-04-24 15:43:44,3,0,0,2024-04-24_RgbImage_2024-04-24_15-43-44.png,Poplar_BESC-426,0.9900856712435823,1.3601327380165458
Poplar,RGB1,74_WT717+Na_R2_I APPL 28,2023-11-01 15:36:15,3,0,1,2023-11-1_RgbImage_2023-11-01_15-36-15.png,Poplar_74_WT717+Na_R2_I APPL 28,0.9908594857712513,3.5827832161448896
Poplar,RGB2,74_WT717+Na_R2_I APPL 28,2023-11-01 15:35:51,3,0,1,2023-11-1_RgbImage_2023-11-01_15-35-50.png,Poplar_74_WT717+Na_R2_I APPL 28,0.9930362991303232,1.4285091836936772
Poplar,RGB1,92_CHX20-KO107+Na_R4_I APPL 351,2023-11-01 20:57:51,3,0,1,2023-11-1_RgbImage_2023-11-01_20-57-50.png,Poplar_92_CHX20-KO107+Na_R4_I APPL 351,0.9874417870055402,3.323843202088028
Poplar,RGB2,92_CHX20-KO107+Na_R4_I APPL 351,2023-11-01 20:57:23,3,0,1,2023-11-1_RgbImage_2023-11-01_20-57-22.png,Poplar_92_CHX20-KO107+Na_R4_I APPL 351,0.9936809715151431,1.3286327132955194
Poplar,RGB1,2_GW-9588-C_R2_I APPL 213,2023-10-13 15:47:33,3,0,2,2023-10-13_RgbImage_2023-10-13_15-47-32.png,Poplar_2_GW-9588-C_R2_I APPL 213,0.9808107706380976,3.548107147216797
Poplar,RGB2,2_GW-9588-C_R2_I APPL 213,2023-10-13 15:47:01,3,0,2,2023-10-13_RgbImage_2023-10-13_15-47-00.png,Poplar_2_GW-9588-C_R2_I APPL 213,0.9908854416857371,1.4169336291961372
Poplar,RGB1,45_BESC-4+K_R3_IV APPL 113,2023-11-01 19:23:59,3,0,2,2023-11-1_RgbImage_2023-11-01_19-23-59.png,Poplar_45_BESC-4+K_R3_IV APPL 113,0.9847325489573122,3.5428478633984923
Poplar,RGB2,45_BESC-4+K_R3_IV APPL 113,2023-11-01 19:23:32,3,0,2,2023-11-1_RgbImage_2023-11-01_19-23-32.png,Poplar_45_BESC-4+K_R3_IV APPL 113,0.9830241042468868,1.350650510750711
Poplar,RGB1,59_52-225_R5_PM,2024-05-31 13:40:51,3,0,2,2024-05-31_RgbImage_2024-05-31_13-40-50.png,Poplar_59_52-225_R5_PM,0.981596966337832,3.3575160149484873
Poplar,RGB2,59_52-225_R5_PM,2024-05-31 13:40:21,3,0,2,2024-05-31_RgbImage_2024-05-31_13-40-21.png,Poplar_59_52-225_R5_PM,0.9874832593963935,1.3317285948432982
Poplar,RGB1,BESC-345,2024-04-24 15:02:25,3,0,2,2024-04-24_RgbImage_2024-04-24_15-02-24.png,Poplar_BESC-345,0.9846028400037622,3.5432045166380703
Poplar,RGB2,BESC-345,2024-04-24 15:01:57,3,0,2,2024-04-24_RgbImage_2024-04-24_15-01-57.png,Poplar_BESC-345,0.984362050196915,1.4127240809611976
Poplar,RGB1,3_GW-9588-C_R3_I APPL 412,2023-11-10 13:20:24,3,0,3,2023-11-10_RgbImage_2023-11-10_13-20-23.png,Poplar_3_GW-9588-C_R3_I APPL 412,0.981770069764685,3.5632956828922033
Poplar,RGB2,3_GW-9588-C_R3_I APPL 412,2023-11-10 13:19:56,3,0,3,2023-11-10_RgbImage_2023-11-10_13-19-56.png,Poplar_3_GW-9588-C_R3_I APPL 412,0.990051215391481,1.4316296032629907
Poplar,RGB1,45_BESC-4+K_R3_IV APPL 113,2023-10-23 23:39:27,3,0,3,2023-10-23_RgbImage_2023-10-23_23-39-27.png,Poplar_45_BESC-4+K_R3_IV APPL 113,0.9791306985747541,3.327459418680519
Poplar,RGB2,45_BESC-4+K_R3_IV APPL 113,2023-10-23 23:38:57,3,0,3,2023-10-23_RgbImage_2023-10-23_23-38-57.png,Poplar_45_BESC-4+K_R3_IV APPL 113,0.9793089660895555,1.4345564171671867
Poplar,RGB1,46_BESC-4+K_R4_IV APPL 114,2023-10-20 21:44:11,3,0,3,2023-10-20_RgbImage_2023-10-20_21-44-10.png,Poplar_46_BESC-4+K_R4_IV APPL 114,0.9845852073879924,3.586670136079192
Poplar,RGB2,46_BESC-4+K_R4_IV APPL 114,2023-10-20 21:43:43,3,0,3,2023-10-20_RgbImage_2023-10-20_21-43-43.png,Poplar_46_BESC-4+K_R4_IV APPL 114,0.9872831925867688,1.4155312683433294
Poplar,RGB1,63 93-968 R8,2023-11-25 10:03:04,3,0,3,2023-11-25_RgbImage_2023-11-25_10-03-03.png,Poplar_63 93-968 R8,0.9815084669611673,3.314895153976977
Poplar,RGB2,63 93-968 R8,2023-11-25 10:02:30,3,0,3,2023-11-25_RgbImage_2023-11-25_10-02-30.png,Poplar_63 93-968 R8,0.9820463147492825,1.3505025506019592
Poplar,RGB1,18_GW-9588+Na_R6_I APPL 92,2023-10-18 16:01:19,3,0,4,2023-10-18_RgbImage_2023-10-18_16-01-18.png,Poplar_18_GW-9588+Na_R6_I APPL 92,0.9834370597880102,3.651597040705383
Poplar,RGB2,18_GW-9588+Na_R6_I APPL 92,2023-10-18 16:00:47,3,0,4,2023-10-18_RgbImage_2023-10-18_16-00-47.png,Poplar_18_GW-9588+Na_R6_I APPL 92,0.9936035122604312,1.4297263650223613
Poplar,RGB1,9_GW-9588+K_R3_IV APPL 102,2023-10-25 14:35:57,3,0,4,2023-10-25_RgbImage_2023-10-25_14-35-56.png,Poplar_9_GW-9588+K_R3_IV APPL 102,0.9831096667221839,3.3402572753839195
Poplar,RGB1,9_GW-9588+K_R3_IV APPL 102,2023-10-18 14:53:00,3,0,4,2023-10-18_RgbImage_2023-10-18_14-53-00.png,Poplar_9_GW-9588+K_R3_IV APPL 102,0.9808462288140121,3.42580242222175
Poplar,RGB2,9_GW-9588+K_R3_IV APPL 102,2023-10-25 14:35:29,3,0,4,2023-10-25_RgbImage_2023-10-25_14-35-29.png,Poplar_9_GW-9588+K_R3_IV APPL 102,0.9872831371798485,1.3077939343638718
Poplar,RGB2,9_GW-9588+K_R3_IV APPL 102,2023-10-18 14:52:30,3,0,4,2023-10-18_RgbImage_2023-10-18_14-52-30.png,Poplar_9_GW-9588+K_R3_IV APPL 102,0.9920778837109027,1.4712642687372863
Poplar,RGB1,BESC-426,2024-04-28 10:06:25,3,1,0,2024-04-28_RgbImage_2024-04-28_10-06-25.png,Poplar_BESC-426,0.9761457459567155,3.3396831899881363
Poplar,RGB2,BESC-426,2024-04-28 10:05:57,3,1,0,2024-04-28_RgbImage_2024-04-28_10-05-57.png,Poplar_BESC-426,0.9908102162278278,1.435024641919881
Poplar,RGB1,BLCG-28-3,2024-04-16 09:39:42,3,1,0,2024-04-16_RgbImage_2024-04-16_09-39-42.png,Poplar_BLCG-28-3,0.9789919627242267,3.6195178809575737
Poplar,RGB2,BLCG-28-3,2024-04-16 09:39:10,3,1,0,2024-04-16_RgbImage_2024-04-16_09-39-09.png,Poplar_BLCG-28-3,0.9914099949529706,1.4315391033887863
Poplar,RGB1,DEND-17-2,2024-04-19 20:52:13,3,1,0,2024-04-19_RgbImage_2024-04-19_20-52-13.png,Poplar_DEND-17-2,0.9730454282766183,3.5219337129965425
Poplar,RGB2,DEND-17-2,2024-04-19 20:51:44,3,1,0,2024-04-19_RgbImage_2024-04-19_20-51-43.png,Poplar_DEND-17-2,0.9900321710590485,1.4295128928497434
Poplar,RGB1,71_GW10999_R5_PM,2024-05-24 10:22:05,3,1,1,2024-05-24_RgbImage_2024-05-24_10-22-05.png,Poplar_71_GW10999_R5_PM,0.9757298536034519,3.5869400780647993
Poplar,RGB2,71_GW10999_R5_PM,2024-05-24 10:21:37,3,1,1,2024-05-24_RgbImage_2024-05-24_10-21-37.png,Poplar_71_GW10999_R5_PM,0.9896512741654926,1.4470996428281069
Poplar,RGB1,GW-9848,2024-04-19 18:30:58,3,1,1,2024-04-19_RgbImage_2024-04-19_18-30-57.png,Poplar_GW-9848,0.9614692366172578,3.3424201561138034
Poplar,RGB2,GW-9848,2024-04-19 18:30:23,3,1,1,2024-04-19_RgbImage_2024-04-19_18-30-23.png,Poplar_GW-9848,0.9906908812097736,1.325280383694917
Poplar,RGB1,113_BESC-45_5,2024-06-08 16:40:42,3,1,2,2024-06-8_RgbImage_2024-06-08_16-40-42.png,Poplar_113_BESC-45_5,0.9863970422697346,3.6422310429625213
Poplar,RGB2,113_BESC-45_5,2024-06-08 16:40:11,3,1,2,2024-06-8_RgbImage_2024-06-08_16-40-11.png,Poplar_113_BESC-45_5,0.9914997603096135,1.4141495758667588
Poplar,RGB1,319_CHWH-27-4_5,2024-06-30 11:14:32,3,1,2,2024-06-30_RgbImage_2024-06-30_11-14-31.png,Poplar_319_CHWH-27-4_5,0.9808042381332214,3.341478925663978
Poplar,RGB2,319_CHWH-27-4_5,2024-06-30 11:14:03,3,1,2,2024-06-30_RgbImage_2024-06-30_11-14-02.png,Poplar_319_CHWH-27-4_5,0.9880954761698497,1.3396941772662103
Poplar,RGB1,80_BESC 371_R2_FS,2024-05-31 11:27:35,3,1,2,2024-05-31_RgbImage_2024-05-31_11-27-34.png,Poplar_80_BESC 371_R2_FS,0.9847907023910483,3.5840435922145844
Poplar,RGB2,80_BESC 371_R2_FS,2024-05-31 11:27:05,3,1,2,2024-05-31_RgbImage_2024-05-31_11-27-04.png,Poplar_80_BESC 371_R2_FS,0.9830710041757812,1.374746317975223
Poplar,RGB1,23_GW-9914-C_R5_I APPL 235,2023-10-27 16:28:36,3,1,3,2023-10-27_RgbImage_2023-10-27_16-28-35.png,Poplar_23_GW-9914-C_R5_I APPL 235,0.9796114101756233,3.33228254923597
Poplar,RGB2,23_GW-9914-C_R5_I APPL 235,2023-10-27 16:28:07,3,1,3,2023-10-27_RgbImage_2023-10-27_16-28-06.png,Poplar_23_GW-9914-C_R5_I APPL 235,0.9868454657455307,1.3677874109707773
Poplar,RGB1,37_BESC-4-C_R1_I APPL 226,2023-10-11 13:43:46,3,1,3,2023-10-11_RgbImage_2023-10-11_13-43-46.png,Poplar_37_BESC-4-C_R1_I APPL 226,0.9798054613073962,3.4249260760843754
Poplar,RGB2,37_BESC-4-C_R1_I APPL 226,2023-10-11 13:43:14,3,1,3,2023-10-11_RgbImage_2023-10-11_13-43-13.png,Poplar_37_BESC-4-C_R1_I APPL 226,0.9851908507812552,1.396071545779705
Poplar,RGB1,5_GW-9588-C_R5_I APPL 224,2023-10-11 12:27:37,3,1,3,2023-10-11_RgbImage_2023-10-11_12-27-37.png,Poplar_5_GW-9588-C_R5_I APPL 224,0.9846959628818795,3.5312372241169214
Poplar,RGB2,5_GW-9588-C_R5_I APPL 224,2023-10-11 12:27:03,3,1,3,2023-10-11_RgbImage_2023-10-11_12-27-02.png,Poplar_5_GW-9588-C_R5_I APPL 224,0.9817513600058313,1.4257842730730772
Poplar,RGB1,18_GW-9588+Na_R6_I APPL 92,2023-10-20 16:30:25,3,1,4,2023-10-20_RgbImage_2023-10-20_16-30-24.png,Poplar_18_GW-9588+Na_R6_I APPL 92,0.9867115979611187,3.5700755738653243
Poplar,RGB2,18_GW-9588+Na_R6_I APPL 92,2023-10-20 16:29:54,3,1,4,2023-10-20_RgbImage_2023-10-20_16-29-53.png,Poplar_18_GW-9588+Na_R6_I APPL 92,0.9924619830709569,1.3399823713116348
Poplar,RGB1,27_GW-9914+K_R3_IV APPL 108,2023-10-23 18:07:42,3,1,4,2023-10-23_RgbImage_2023-10-23_18-07-42.png,Poplar_27_GW-9914+K_R3_IV APPL 108,0.9752825327850937,3.4040206409990788
Poplar,RGB2,27_GW-9914+K_R3_IV APPL 108,2023-10-23 18:07:15,3,1,4,2023-10-23_RgbImage_2023-10-23_18-07-15.png,Poplar_27_GW-9914+K_R3_IV APPL 108,0.9861046255239287,1.43607871606946
Poplar,RGB1,63_YALE-27-3+K_R3_IV APPL 119,2023-10-23 18:14:28,3,1,4,2023-10-23_RgbImage_2023-10-23_18-14-28.png,Poplar_63_YALE-27-3+K_R3_IV APPL 119,0.9785825781535279,3.698296274058521
Poplar,RGB2,63_YALE-27-3+K_R3_IV APPL 119,2023-10-23 18:14:00,3,1,4,2023-10-23_RgbImage_2023-10-23_18-14-00.png,Poplar_63_YALE-27-3+K_R3_IV APPL 119,0.9886127567616978,1.4178248741663992
Poplar,RGB1,129_GW-9851_2,2024-06-30 20:45:26,3,2,0,2024-06-30_RgbImage_2024-06-30_20-45-26.png,Poplar_129_GW-9851_2,0.9830852683678563,3.362117778044194
Poplar,RGB2,129_GW-9851_2,2024-06-30 20:44:58,3,2,0,2024-06-30_RgbImage_2024-06-30_20-44-58.png,Poplar_129_GW-9851_2,0.9924685006373856,1.4161369539797306
Poplar,RGB1,326_BESC-45_8,2024-06-22 11:46:01,3,2,0,2024-06-22_RgbImage_2024-06-22_11-46-01.png,Poplar_326_BESC-45_8,0.9718580239350014,3.624703377019614
Poplar,RGB2,326_BESC-45_8,2024-06-22 11:45:38,3,2,0,2024-06-22_RgbImage_2024-06-22_11-45-37.png,Poplar_326_BESC-45_8,0.9912334333174279,1.3224875750020146
Poplar,RGB1,GW-1984,2024-04-20 07:41:41,3,2,0,2024-04-20_RgbImage_2024-04-20_07-41-41.png,Poplar_GW-1984,0.9761505863802299,3.307463637087494
Poplar,RGB2,GW-1984,2024-04-20 07:41:08,3,2,0,2024-04-20_RgbImage_2024-04-20_07-41-07.png,Poplar_GW-1984,0.9905970503381979,1.3639723379164934
Poplar,RGB1,BESC-81,2024-04-18 14:37:45,3,2,1,2024-04-18_RgbImage_2024-04-18_14-37-45.png,Poplar_BESC-81,0.9701091117843882,3.551988107152283
Poplar,RGB2,BESC-81,2024-04-18 14:37:12,3,2,1,2024-04-18_RgbImage_2024-04-18_14-37-11.png,Poplar_BESC-81,0.987905168100689,1.3982049808837473
Poplar,RGB1,GW-552,2024-04-24 12:34:48,3,2,1,2024-04-24_RgbImage_2024-04-24_12-34-47.png,Poplar_GW-552,0.9846011179331874,3.2007204019464552
Poplar,RGB2,GW-552,2024-04-24 12:34:15,3,2,1,2024-04-24_RgbImage_2024-04-24_12-34-15.png,Poplar_GW-552,0.9868251760543657,1.3139392640441656
Poplar,RGB1,292_BESC-1142_2,2024-06-26 11:21:16,3,2,2,2024-06-26_RgbImage_2024-06-26_11-21-15.png,Poplar_292_BESC-1142_2,0.9698003399469128,3.5727365552447736
Poplar,RGB2,292_BESC-1142_2,2024-06-26 11:20:46,3,2,2,2024-06-26_RgbImage_2024-06-26_11-20-45.png,Poplar_292_BESC-1142_2,0.9922877806083248,1.389805169776082
Poplar,RGB1,76_BESC-45_2,2024-06-10 17:05:46,3,2,2,2024-06-10_RgbImage_2024-06-10_17-05-46.png,Poplar_76_BESC-45_2,0.9751679574787748,3.4124679630622268
Poplar,RGB2,76_BESC-45_2,2024-06-10 17:05:16,3,2,2,2024-06-10_RgbImage_2024-06-10_17-05-16.png,Poplar_76_BESC-45_2,0.9916645354613739,1.3223845297470689
Poplar,RGB1,25_GW-9919_3,2024-06-16 19:44:47,3,2,3,2024-06-16_RgbImage_2024-06-16_19-44-46.png,Poplar_25_GW-9919_3,0.9761797265096421,3.517480114940554
Poplar,RGB2,25_GW-9919_3,2024-06-16 19:44:18,3,2,3,2024-06-16_RgbImage_2024-06-16_19-44-17.png,Poplar_25_GW-9919_3,0.9952854131106608,1.3106746012344956
Poplar,RGB1,407_BESC-1017_8,2024-06-14 07:29:52,3,2,3,2024-06-14_RgbImage_2024-06-14_07-29-52.png,Poplar_407_BESC-1017_8,0.9749495597217408,3.2320951311849058
Poplar,RGB2,407_BESC-1017_8,2024-06-14 07:29:19,3,2,3,2024-06-14_RgbImage_2024-06-14_07-29-18.png,Poplar_407_BESC-1017_8,0.9841586436624983,1.307747847866267
Poplar,RGB1,70_D-124_R2_FS,2024-05-31 10:17:43,3,2,3,2024-05-31_RgbImage_2024-05-31_10-17-42.png,Poplar_70_D-124_R2_FS,0.9820504125603567,3.5780031429603696
Poplar,RGB2,70_D-124_R2_FS,2024-05-31 10:17:09,3,2,3,2024-05-31_RgbImage_2024-05-31_10-17-08.png,Poplar_70_D-124_R2_FS,0.9685676424862576,1.2964829998090863
Poplar,RGB1,BESC-153,2024-04-30 09:52:07,3,2,3,2024-04-30_RgbImage_2024-04-30_09-52-07.png,Poplar_BESC-153,0.9814026218138879,3.209676817059517
Poplar,RGB2,BESC-153,2024-04-30 09:51:36,3,2,3,2024-04-30_RgbImage_2024-04-30_09-51-35.png,Poplar_BESC-153,0.9928720940688448,1.3060729410499334
Poplar,RGB1,35_GW-9914+Na_R5_I APPL 167,2023-11-13 12:13:55,3,2,4,2023-11-13_RgbImage_2023-11-13_12-13-54.png,Poplar_35_GW-9914+Na_R5_I APPL 167,0.9769531964450436,3.5136381732299924
Poplar,RGB1,35_GW-9914+Na_R5_I APPL 167,2023-11-08 11:39:33,3,2,4,2023-11-8_RgbImage_2023-11-08_11-39-33.png,Poplar_35_GW-9914+Na_R5_I APPL 167,0.9844655706798956,3.808680845890194
Poplar,RGB2,35_GW-9914+Na_R5_I APPL 167,2023-11-13 12:13:18,3,2,4,2023-11-13_RgbImage_2023-11-13_12-13-17.png,Poplar_35_GW-9914+Na_R5_I APPL 167,0.985331116712772,1.2930771610699594
Poplar,RGB2,35_GW-9914+Na_R5_I APPL 167,2023-11-08 11:38:55,3,2,4,2023-11-8_RgbImage_2023-11-08_11-38-54.png,Poplar_35_GW-9914+Na_R5_I APPL 167,0.9827731994107617,1.3292788960970938
Poplar,RGB1,334_KLND-20-1_4,2024-06-22 12:32:16,3,3,0,2024-06-22_RgbImage_2024-06-22_12-32-15.png,Poplar_334_KLND-20-1_4,0.978742255805091,3.399900123011321
Poplar,RGB2,334_KLND-20-1_4,2024-06-22 12:31:55,3,3,0,2024-06-22_RgbImage_2024-06-22_12-31-55.png,Poplar_334_KLND-20-1_4,0.9816660321044247,1.3094106721691787
Poplar,RGB1,BESC-309,2024-05-07 11:57:25,3,3,0,2024-05-7_RgbImage_2024-05-07_11-57-25.png,Poplar_BESC-309,0.9753474678059479,3.175407314673066
Poplar,RGB2,BESC-309,2024-05-07 11:56:51,3,3,0,2024-05-7_RgbImage_2024-05-07_11-56-50.png,Poplar_BESC-309,0.9835607220396856,1.335748738143593
Poplar,RGB1,BESC-906,2024-04-19 12:43:13,3,3,0,2024-04-19_RgbImage_2024-04-19_12-43-13.png,Poplar_BESC-906,0.9759568406063576,3.4744453611783683
Poplar,RGB2,BESC-906,2024-04-19 12:42:37,3,3,0,2024-04-19_RgbImage_2024-04-19_12-42-37.png,Poplar_BESC-906,0.9782380871064098,1.3204591511748731
Poplar,RGB1,111_BESC-1170_1,2024-06-12 19:18:19,3,3,1,2024-06-12_RgbImage_2024-06-12_19-18-19.png,Poplar_111_BESC-1170_1,0.956338770136839,3.6036086953245103
Poplar,RGB2,111_BESC-1170_1,2024-06-12 19:17:44,3,3,1,2024-06-12_RgbImage_2024-06-12_19-17-43.png,Poplar_111_BESC-1170_1,0.9930785803756397,1.3018060638569295
Poplar,RGB1,BESC-105,2024-04-23 11:37:38,3,3,1,2024-04-23_RgbImage_2024-04-23_11-37-37.png,Poplar_BESC-105,0.9700648974975792,3.263012705836445
Poplar,RGB2,BESC-105,2024-04-23 11:37:08,3,3,1,2024-04-23_RgbImage_2024-04-23_11-37-07.png,Poplar_BESC-105,0.9925844884382297,1.3222244381904602
Poplar,RGB1,BESC-261,2024-05-07 07:23:38,3,3,1,2024-05-7_RgbImage_2024-05-07_07-23-37.png,Poplar_BESC-261,0.9686416318563176,3.6039396510459483
Poplar,RGB2,BESC-261,2024-05-07 07:23:06,3,3,1,2024-05-7_RgbImage_2024-05-07_07-23-06.png,Poplar_BESC-261,0.965720959996511,1.296283002011478
Poplar,RGB1,GS-050-08_40_15,2024-04-30 15:58:26,3,3,1,2024-04-30_RgbImage_2024-04-30_15-58-25.png,Poplar_GS-050-08_40_15,0.9883293973019373,3.395937421359122
Poplar,RGB2,GS-050-08_40_15,2024-04-30 15:57:55,3,3,1,2024-04-30_RgbImage_2024-04-30_15-57-54.png,Poplar_GS-050-08_40_15,0.9897461179749841,1.2981853992678225
Poplar,RGB1,52_GW10999_R3_FS,2024-05-31 12:51:53,3,3,2,2024-05-31_RgbImage_2024-05-31_12-51-52.png,Poplar_52_GW10999_R3_FS,0.9815738168968263,3.386169764213264
Poplar,RGB2,52_GW10999_R3_FS,2024-05-31 12:51:26,3,3,2,2024-05-31_RgbImage_2024-05-31_12-51-26.png,Poplar_52_GW10999_R3_FS,0.9915692124069384,1.3153416151180863
Poplar,RGB1,91_BESC-1142_6,2024-06-05 16:36:05,3,3,2,2024-06-5_RgbImage_2024-06-05_16-36-05.png,Poplar_91_BESC-1142_6,0.9710383006347636,3.4576761280186474
Poplar,RGB2,91_BESC-1142_6,2024-06-05 16:35:30,3,3,2,2024-06-5_RgbImage_2024-06-05_16-35-29.png,Poplar_91_BESC-1142_6,0.9674514014418176,1.2939035831950605
Poplar,RGB1,BESC-320,2024-05-01 07:16:59,3,3,2,2024-05-1_RgbImage_2024-05-01_07-16-59.png,Poplar_BESC-320,0.9762750274680975,3.2136968481354415
Poplar,RGB2,BESC-320,2024-05-01 07:16:28,3,3,2,2024-05-1_RgbImage_2024-05-01_07-16-28.png,Poplar_BESC-320,0.9951231092645065,1.29427003627643
Poplar,RGB1,388_BESC-1154_5,2024-06-07 08:26:57,3,3,3,2024-06-7_RgbImage_2024-06-07_08-26-56.png,Poplar_388_BESC-1154_5,0.976782876094366,3.435572318267077
Poplar,RGB2,388_BESC-1154_5,2024-06-07 08:26:24,3,3,3,2024-06-7_RgbImage_2024-06-07_08-26-24.png,Poplar_388_BESC-1154_5,0.9910728333816148,1.301880826242268
Poplar,RGB1,450_BESC-1143_5,2024-06-16 08:52:08,3,3,3,2024-06-16_RgbImage_2024-06-16_08-52-07.png,Poplar_450_BESC-1143_5,0.9770121513418834,3.1996204438619316
Poplar,RGB2,450_BESC-1143_5,2024-06-16 08:51:36,3,3,3,2024-06-16_RgbImage_2024-06-16_08-51-36.png,Poplar_450_BESC-1143_5,0.9941393692379104,1.29801220074296
Poplar,RGB1,232_CHWH-27-4_4,2024-06-30 13:34:18,3,3,4,2024-06-30_RgbImage_2024-06-30_13-34-18.png,Poplar_232_CHWH-27-4_4,0.9812700134735625,3.557184745091945
Poplar,RGB2,232_CHWH-27-4_4,2024-06-30 13:33:48,3,3,4,2024-06-30_RgbImage_2024-06-30_13-33-47.png,Poplar_232_CHWH-27-4_4,0.9887200005729591,1.295813885051757
Poplar,RGB1,301_BESC-430_7,2024-06-11 09:25:27,3,3,4,2024-06-11_RgbImage_2024-06-11_09-25-27.png,Poplar_301_BESC-430_7,0.9757420943512551,3.378734968136996
Poplar,RGB2,301_BESC-430_7,2024-06-11 09:24:53,3,3,4,2024-06-11_RgbImage_2024-06-11_09-24-52.png,Poplar_301_BESC-430_7,0.9898756174517913,1.2964657070115209
Poplar,RGB1,57_YALE-27-3-C_R3_I APPL 196,2023-10-18 14:32:29,3,3,4,2023-10-18_RgbImage_2023-10-18_14-32-28.png,Poplar_57_YALE-27-3-C_R3_I APPL 196,0.953076618680754,3.2255099727772176
Poplar,RGB2,57_YALE-27-3-C_R3_I APPL 196,2023-10-18 14:31:59,3,3,4,2023-10-18_RgbImage_2023-10-18_14-31-58.png,Poplar_57_YALE-27-3-C_R3_I APPL 196,0.9885344835892683,1.3054863032884896
Poplar,RGB1,70_YALE-27-3+Na_R4_I APPL 31,2023-10-25 15:50:09,3,3,4,2023-10-25_RgbImage_2023-10-25_15-50-09.png,Poplar_70_YALE-27-3+Na_R4_I APPL 31,0.9830149796318756,3.464434596709907
Poplar,RGB2,70_YALE-27-3+Na_R4_I APPL 31,2023-10-25 15:49:41,3,3,4,2023-10-25_RgbImage_2023-10-25_15-49-40.png,Poplar_70_YALE-27-3+Na_R4_I APPL 31,0.994563419947288,1.2981826341710985
Poplar,RGB1,129_GW-9851_2,2024-06-23 15:39:39,3,4,0,2024-06-23_RgbImage_2024-06-23_15-39-39.png,Poplar_129_GW-9851_2,0.9815709155413443,3.403255247976631
Poplar,RGB2,129_GW-9851_2,2024-06-23 15:39:17,3,4,0,2024-06-23_RgbImage_2024-06-23_15-39-16.png,Poplar_129_GW-9851_2,0.9926212055178213,1.3000947288237512
Poplar,RGB1,HOMB-21-3,2024-05-01 17:30:33,3,4,0,2024-05-1_RgbImage_2024-05-01_17-30-33.png,Poplar_HOMB-21-3,0.9745248888473029,3.220933771226555
Poplar,RGB2,HOMB-21-3,2024-05-01 17:30:00,3,4,0,2024-05-1_RgbImage_2024-05-01_17-30-00.png,Poplar_HOMB-21-3,0.9923890566977435,1.3066657218150795
Poplar,RGB1,110_BESC-1143_8,2024-06-26 16:47:55,3,4,1,2024-06-26_RgbImage_2024-06-26_16-47-55.png,Poplar_110_BESC-1143_8,0.9726819950263528,3.4517117720097303
Poplar,RGB2,110_BESC-1143_8,2024-06-26 16:47:25,3,4,1,2024-06-26_RgbImage_2024-06-26_16-47-24.png,Poplar_110_BESC-1143_8,0.9914153798533425,1.3750547720119357
Poplar,RGB1,BESC-239,2024-04-23 09:23:43,3,4,1,2024-04-23_RgbImage_2024-04-23_09-23-43.png,Poplar_BESC-239,0.9757574994249602,3.6079208296723664
Poplar,RGB2,BESC-239,2024-04-23 09:23:11,3,4,1,2024-04-23_RgbImage_2024-04-23_09-23-11.png,Poplar_BESC-239,0.9907174039468467,1.3442759211175144
Poplar,RGB1,GW-10987,2024-04-24 09:45:13,3,4,1,2024-04-24_RgbImage_2024-04-24_09-45-13.png,Poplar_GW-10987,0.9729310285100843,3.351533079985529
Poplar,RGB2,GW-10987,2024-04-24 09:44:41,3,4,1,2024-04-24_RgbImage_2024-04-24_09-44-41.png,Poplar_GW-10987,0.9859321004950101,1.321880518924445
Poplar,RGB1,299_BESC-1132_8,2024-06-15 09:11:07,3,4,2,2024-06-15_RgbImage_2024-06-15_09-11-07.png,Poplar_299_BESC-1132_8,0.9794805498165636,3.594068711157888
Poplar,RGB2,299_BESC-1132_8,2024-06-15 09:10:33,3,4,2,2024-06-15_RgbImage_2024-06-15_09-10-32.png,Poplar_299_BESC-1132_8,0.9600085086282933,1.4340035640634596
Poplar,RGB1,341_BESC-1154_4,2024-06-26 10:55:05,3,4,2,2024-06-26_RgbImage_2024-06-26_10-55-04.png,Poplar_341_BESC-1154_4,0.9717040242878595,3.467671507038176
Poplar,RGB2,341_BESC-1154_4,2024-06-26 10:54:34,3,4,2,2024-06-26_RgbImage_2024-06-26_10-54-33.png,Poplar_341_BESC-1154_4,0.9900687988167934,1.330394335091114
Poplar,RGB1,BESC-35,2024-05-05 12:04:24,3,4,2,2024-05-5_RgbImage_2024-05-05_12-04-23.png,Poplar_BESC-35,0.9779789881226705,3.399580951780081
Poplar,RGB2,BESC-35,2024-05-05 12:03:49,3,4,2,2024-05-5_RgbImage_2024-05-05_12-03-49.png,Poplar_BESC-35,0.9868162678356927,1.289726395625621
Poplar,RGB1,GW-9769,2024-05-07 11:22:09,3,4,2,2024-05-7_RgbImage_2024-05-07_11-22-08.png,Poplar_GW-9769,0.9801359040531094,3.3346633659675717
Poplar,RGB2,GW-9769,2024-05-07 11:21:36,3,4,2,2024-05-7_RgbImage_2024-05-07_11-21-36.png,Poplar_GW-9769,0.9888869291645735,1.2962299319915473
Poplar,RGB1,134_BESC-847_3,2024-06-19 14:25:18,3,4,3,2024-06-19_RgbImage_2024-06-19_14-25-17.png,Poplar_134_BESC-847_3,0.9763320019429421,3.6521941260434687
Poplar,RGB2,134_BESC-847_3,2024-06-19 14:24:43,3,4,3,2024-06-19_RgbImage_2024-06-19_14-24-43.png,Poplar_134_BESC-847_3,0.9920484529234002,1.3220313042402267
Poplar,RGB1,330_BESC-1108_8,2024-06-18 10:23:42,3,4,3,2024-06-18_RgbImage_2024-06-18_10-23-42.png,Poplar_330_BESC-1108_8,0.9826843076899495,3.6420065141282976
Poplar,RGB2,330_BESC-1108_8,2024-06-18 10:23:08,3,4,3,2024-06-18_RgbImage_2024-06-18_10-23-07.png,Poplar_330_BESC-1108_8,0.9140546087059953,1.3155137719586492
Poplar,RGB1,92_BESC-284_8,2024-06-13 17:38:28,3,4,3,2024-06-13_RgbImage_2024-06-13_17-38-27.png,Poplar_92_BESC-284_8,0.9648044557559207,3.624063331168145
Poplar,RGB2,92_BESC-284_8,2024-06-13 17:37:59,3,4,3,2024-06-13_RgbImage_2024-06-13_17-37-59.png,Poplar_92_BESC-284_8,0.9914005544827921,1.2947239051572978
Poplar,RGB1,GW-11043,2024-05-07 11:36:17,3,4,4,2024-05-7_RgbImage_2024-05-07_11-36-17.png,Poplar_GW-11043,0.9564562703507045,3.5753748468123376
Poplar,RGB2,GW-11043,2024-05-07 11:35:43,3,4,4,2024-05-7_RgbImage_2024-05-07_11-35-42.png,Poplar_GW-11043,0.9861273593965619,1.4032751489430666
Poplar,RGB1,76_WT717+Na_R4_I APPL 373,2023-11-08 18:53:46,4,0,0,2023-11-8_RgbImage_2023-11-08_18-53-45.png,Poplar_76_WT717+Na_R4_I APPL 373,0.9842752210957872,3.593361112754792
Poplar,RGB2,76_WT717+Na_R4_I APPL 373,2023-11-08 18:53:21,4,0,0,2023-11-8_RgbImage_2023-11-08_18-53-21.png,Poplar_76_WT717+Na_R4_I APPL 373,0.9939449893478145,1.3974053300917149
Poplar,RGB1,86_CHX20-KO54+Na_R2_I APPL 233,2023-11-15 19:13:30,4,0,0,2023-11-15_RgbImage_2023-11-15_19-13-30.png,Poplar_86_CHX20-KO54+Na_R2_I APPL 233,0.9855427844076642,3.379966368433088
Poplar,RGB2,86_CHX20-KO54+Na_R2_I APPL 233,2023-11-15 19:13:06,4,0,0,2023-11-15_RgbImage_2023-11-15_19-13-05.png,Poplar_86_CHX20-KO54+Na_R2_I APPL 233,0.9877148182672433,1.3821467920206487
Poplar,RGB1,BESC-418,2024-04-28 10:54:35,4,0,0,2024-04-28_RgbImage_2024-04-28_10-54-35.png,Poplar_BESC-418,0.9767745841237301,3.587860213126987
Poplar,RGB2,BESC-418,2024-04-28 10:54:07,4,0,0,2024-04-28_RgbImage_2024-04-28_10-54-06.png,Poplar_BESC-418,0.9845300954241921,1.4300544490106404
Poplar,RGB1,85_CHX20-KO54+Na_R1_I APPL 375,2023-11-10 18:33:30,4,0,1,2023-11-10_RgbImage_2023-11-10_18-33-30.png,Poplar_85_CHX20-KO54+Na_R1_I APPL 375,0.9860829062575593,3.660094713792205
Poplar,RGB2,85_CHX20-KO54+Na_R1_I APPL 375,2023-11-10 18:33:06,4,0,1,2023-11-10_RgbImage_2023-11-10_18-33-05.png,Poplar_85_CHX20-KO54+Na_R1_I APPL 375,0.9887269630365207,1.4015092686749995
Poplar,RGB1,88_CHX20-KO54+Na_R4_I APPL 45,2023-11-08 17:33:47,4,0,1,2023-11-8_RgbImage_2023-11-08_17-33-47.png,Poplar_88_CHX20-KO54+Na_R4_I APPL 45,0.9876700888911905,3.508461407851428
Poplar,RGB2,88_CHX20-KO54+Na_R4_I APPL 45,2023-11-08 17:33:18,4,0,1,2023-11-8_RgbImage_2023-11-08_17-33-18.png,Poplar_88_CHX20-KO54+Na_R4_I APPL 45,0.9903185542204507,1.327501938212663
Poplar,RGB1,18_GW-9588+Na_R6_I APPL 92,2023-11-06 15:40:44,4,0,2,2023-11-6_RgbImage_2023-11-06_15-40-43.png,Poplar_18_GW-9588+Na_R6_I APPL 92,0.9827121697041654,3.5836918028071523
Poplar,RGB2,18_GW-9588+Na_R6_I APPL 92,2023-11-06 15:40:19,4,0,2,2023-11-6_RgbImage_2023-11-06_15-40-19.png,Poplar_18_GW-9588+Na_R6_I APPL 92,0.9871436556735661,1.407611376605928
Poplar,RGB1,45_BESC-4+K_R3_IV APPL 113,2023-11-08 19:07:07,4,0,2,2023-11-8_RgbImage_2023-11-08_19-07-06.png,Poplar_45_BESC-4+K_R3_IV APPL 113,0.9796100071423715,3.5989393410272896
Poplar,RGB2,45_BESC-4+K_R3_IV APPL 113,2023-11-08 19:06:42,4,0,2,2023-11-8_RgbImage_2023-11-08_19-06-42.png,Poplar_45_BESC-4+K_R3_IV APPL 113,0.9833197583465692,1.4013567017391324
Poplar,RGB1,46_BESC-4+K_R4_IV APPL 114,2023-11-01 21:04:31,4,0,2,2023-11-1_RgbImage_2023-11-01_21-04-31.png,Poplar_46_BESC-4+K_R4_IV APPL 114,0.9823861757223151,3.6267144638113678
Poplar,RGB2,46_BESC-4+K_R4_IV APPL 114,2023-11-01 21:04:07,4,0,2,2023-11-1_RgbImage_2023-11-01_21-04-06.png,Poplar_46_BESC-4+K_R4_IV APPL 114,0.9827296631017214,1.4020198551006615
Poplar,RGB1,18_GW-9588+Na_R6_I APPL 92,2023-10-27 16:01:33,4,0,3,2023-10-27_RgbImage_2023-10-27_16-01-32.png,Poplar_18_GW-9588+Na_R6_I APPL 92,0.9800366036892977,3.4652387788519263
Poplar,RGB2,18_GW-9588+Na_R6_I APPL 92,2023-10-27 16:01:05,4,0,3,2023-10-27_RgbImage_2023-10-27_16-01-04.png,Poplar_18_GW-9588+Na_R6_I APPL 92,0.9887009731837709,1.3500332771800458
Poplar,RGB1,46_BESC-4+K_R4_IV APPL 114,2023-11-06 20:47:58,4,0,3,2023-11-6_RgbImage_2023-11-06_20-47-58.png,Poplar_46_BESC-4+K_R4_IV APPL 114,0.9705510009350847,3.643859088886529
Poplar,RGB2,46_BESC-4+K_R4_IV APPL 114,2023-11-06 20:47:33,4,0,3,2023-11-6_RgbImage_2023-11-06_20-47-33.png,Poplar_46_BESC-4+K_R4_IV APPL 114,0.9823366903984344,1.4066433259285986
Poplar,RGB1,6_GW-9588-C_R6_I APPL 217,2023-11-01 19:37:24,4,0,3,2023-11-1_RgbImage_2023-11-01_19-37-24.png,Poplar_6_GW-9588-C_R6_I APPL 217,0.9855345001500823,3.496265040244907
Poplar,RGB2,6_GW-9588-C_R6_I APPL 217,2023-11-01 19:36:58,4,0,3,2023-11-1_RgbImage_2023-11-01_19-36-58.png,Poplar_6_GW-9588-C_R6_I APPL 217,0.9836465273568253,1.3780178260058165
Poplar,RGB1,9_GW-9588+K_R3_IV APPL 102,2023-11-03 14:49:20,4,0,3,2023-11-3_RgbImage_2023-11-03_14-49-19.png,Poplar_9_GW-9588+K_R3_IV APPL 102,0.9794351487038414,3.5985624492168427
Poplar,RGB2,9_GW-9588+K_R3_IV APPL 102,2023-11-03 14:48:55,4,0,3,2023-11-3_RgbImage_2023-11-03_14-48-55.png,Poplar_9_GW-9588+K_R3_IV APPL 102,0.980877866607679,1.4282557992264628
Poplar,RGB1,40_BESC-4-C_R4_I APPL 369,2023-10-25 17:31:44,4,0,4,2023-10-25_RgbImage_2023-10-25_17-31-43.png,Poplar_40_BESC-4-C_R4_I APPL 369,0.975290306715239,3.626437440980226
Poplar,RGB2,40_BESC-4-C_R4_I APPL 369,2023-10-25 17:31:16,4,0,4,2023-10-25_RgbImage_2023-10-25_17-31-16.png,Poplar_40_BESC-4-C_R4_I APPL 369,0.9881194360808326,1.411238614935428
Poplar,RGB1,63_YALE-27-3+K_R3_IV APPL 119,2023-11-01 14:02:44,4,0,4,2023-11-1_RgbImage_2023-11-01_14-02-43.png,Poplar_63_YALE-27-3+K_R3_IV APPL 119,0.9810284039653238,3.633221265859902
Poplar,RGB2,63_YALE-27-3+K_R3_IV APPL 119,2023-11-01 14:02:19,4,0,4,2023-11-1_RgbImage_2023-11-01_14-02-19.png,Poplar_63_YALE-27-3+K_R3_IV APPL 119,0.9850296569521608,1.3537274608388543
Poplar,RGB1,9_GW-9588+K_R3_IV APPL 102,2023-11-01 14:49:27,4,0,4,2023-11-1_RgbImage_2023-11-01_14-49-27.png,Poplar_9_GW-9588+K_R3_IV APPL 102,0.9788507592583855,3.6504522738978267
Poplar,RGB2,9_GW-9588+K_R3_IV APPL 102,2023-11-01 14:49:03,4,0,4,2023-11-1_RgbImage_2023-11-01_14-49-02.png,Poplar_9_GW-9588+K_R3_IV APPL 102,0.9834138687428267,1.3939377451315522
Poplar,RGB1,80_CHX20-OE61+Na_R4_I APPL 497,2023-11-03 12:41:58,4,1,0,2023-11-3_RgbImage_2023-11-03_12-41-57.png,Poplar_80_CHX20-OE61+Na_R4_I APPL 497,0.9867222435573851,3.6571717490442097
Poplar,RGB2,80_CHX20-OE61+Na_R4_I APPL 497,2023-11-03 12:41:33,4,1,0,2023-11-3_RgbImage_2023-11-03_12-41-33.png,Poplar_80_CHX20-OE61+Na_R4_I APPL 497,0.9942524486300327,1.4123938591219485
Poplar,RGB1,85_CHX20-KO54+Na_R1_I APPL 375,2023-10-23 13:30:25,4,1,0,2023-10-23_RgbImage_2023-10-23_13-30-24.png,Poplar_85_CHX20-KO54+Na_R1_I APPL 375,0.9880393262878276,3.660315454006195
Poplar,RGB2,85_CHX20-KO54+Na_R1_I APPL 375,2023-10-23 13:29:55,4,1,0,2023-10-23_RgbImage_2023-10-23_13-29-55.png,Poplar_85_CHX20-KO54+Na_R1_I APPL 375,0.9956230273983094,1.3314164993353188
Poplar,RGB1,BESC-336,2024-04-29 07:51:00,4,1,0,2024-04-29_RgbImage_2024-04-29_07-50-59.png,Poplar_BESC-336,0.9842527683539385,3.4556019701994956
Poplar,RGB2,BESC-336,2024-04-29 07:50:31,4,1,0,2024-04-29_RgbImage_2024-04-29_07-50-30.png,Poplar_BESC-336,0.9885013941030601,1.4286214602179825
Poplar,RGB1,22_GW-9914-C_R4_I APPL 197,2023-10-24 01:00:30,4,1,1,2023-10-24_RgbImage_2023-10-24_01-00-29.png,Poplar_22_GW-9914-C_R4_I APPL 197,0.9744452554334604,3.594566746149212
Poplar,RGB2,22_GW-9914-C_R4_I APPL 197,2023-10-24 01:00:01,4,1,1,2023-10-24_RgbImage_2023-10-24_01-00-00.png,Poplar_22_GW-9914-C_R4_I APPL 197,0.9894634329779404,1.3983164941892028
Poplar,RGB1,55_YALE-27-3-C_R1_I APPL 489,2023-11-17 13:53:19,4,1,1,2023-11-17_RgbImage_2023-11-17_13-53-19.png,Poplar_55_YALE-27-3-C_R1_I APPL 489,0.9819989806080571,3.6359208920039237
Poplar,RGB2,55_YALE-27-3-C_R1_I APPL 489,2023-11-17 13:52:55,4,1,1,2023-11-17_RgbImage_2023-11-17_13-52-54.png,Poplar_55_YALE-27-3-C_R1_I APPL 489,0.9926498457879696,1.304980827961117
Poplar,RGB1,57_YALE-27-3-C_R3_I APPL 196,2023-11-01 14:29:25,4,1,1,2023-11-1_RgbImage_2023-11-01_14-29-24.png,Poplar_57_YALE-27-3-C_R3_I APPL 196,0.9833320506774123,3.647052767686546
Poplar,RGB2,57_YALE-27-3-C_R3_I APPL 196,2023-11-01 14:28:58,4,1,1,2023-11-1_RgbImage_2023-11-01_14-28-58.png,Poplar_57_YALE-27-3-C_R3_I APPL 196,0.9885457129322646,1.394223426003009
Poplar,RGB1,BESC-400,2024-04-24 09:38:11,4,1,1,2024-04-24_RgbImage_2024-04-24_09-38-11.png,Poplar_BESC-400,0.9858202570175744,3.7157732248306274
Poplar,RGB2,BESC-400,2024-04-24 09:37:46,4,1,1,2024-04-24_RgbImage_2024-04-24_09-37-46.png,Poplar_BESC-400,0.9857238543898115,1.3295700177550316
Poplar,RGB1,22_GW-9914-C_R4_I APPL 197,2023-11-01 20:44:15,4,1,2,2023-11-1_RgbImage_2023-11-01_20-44-15.png,Poplar_22_GW-9914-C_R4_I APPL 197,0.9823001034985978,3.5780358421616256
Poplar,RGB2,22_GW-9914-C_R4_I APPL 197,2023-11-01 20:43:49,4,1,2,2023-11-1_RgbImage_2023-11-01_20-43-49.png,Poplar_22_GW-9914-C_R4_I APPL 197,0.9873262016704862,1.4231644328683615
Poplar,RGB1,419_BESC-847_8,2024-06-14 08:50:23,4,1,2,2024-06-14_RgbImage_2024-06-14_08-50-22.png,Poplar_419_BESC-847_8,0.9799801533486123,3.6008093785494566
Poplar,RGB2,419_BESC-847_8,2024-06-14 08:49:53,4,1,2,2024-06-14_RgbImage_2024-06-14_08-49-53.png,Poplar_419_BESC-847_8,0.991954532814393,1.4287648419849575
Poplar,RGB1,41_BESC-4-C_R5_I APPL 219,2023-11-18 11:33:42,4,1,2,2023-11-18_RgbImage_2023-11-18_11-33-41.png,Poplar_41_BESC-4-C_R5_I APPL 219,0.9861667217574099,3.608386112842709
Poplar,RGB2,41_BESC-4-C_R5_I APPL 219,2023-11-18 11:33:18,4,1,2,2023-11-18_RgbImage_2023-11-18_11-33-17.png,Poplar_41_BESC-4-C_R5_I APPL 219,0.9799591552328756,1.4110275860875845
Poplar,RGB1,16_GW-9588+Na_R4_I APPL 49,2023-11-03 18:10:24,4,1,3,2023-11-3_RgbImage_2023-11-03_18-10-23.png,Poplar_16_GW-9588+Na_R4_I APPL 49,0.9788052276948724,3.6603395300917327
Poplar,RGB2,16_GW-9588+Na_R4_I APPL 49,2023-11-03 18:09:56,4,1,3,2023-11-3_RgbImage_2023-11-03_18-09-55.png,Poplar_16_GW-9588+Na_R4_I APPL 49,0.9908662667195822,1.4060374107211828
Poplar,RGB1,34_GW-9914+Na_R4_I APPL 323,2023-11-01 14:56:05,4,1,3,2023-11-1_RgbImage_2023-11-01_14-56-05.png,Poplar_34_GW-9914+Na_R4_I APPL 323,0.9767063613123896,3.698050618171692
Poplar,RGB2,34_GW-9914+Na_R4_I APPL 323,2023-11-01 14:55:41,4,1,3,2023-11-1_RgbImage_2023-11-01_14-55-41.png,Poplar_34_GW-9914+Na_R4_I APPL 323,0.9858030182221027,1.3956695599481463
Poplar,RGB1,6_GW-9588-C_R6_I APPL 217,2023-11-03 19:37:10,4,1,3,2023-11-3_RgbImage_2023-11-03_19-37-10.png,Poplar_6_GW-9588-C_R6_I APPL 217,0.9849965467125432,3.741623930167407
Poplar,RGB2,6_GW-9588-C_R6_I APPL 217,2023-11-03 19:36:44,4,1,3,2023-11-3_RgbImage_2023-11-03_19-36-44.png,Poplar_6_GW-9588-C_R6_I APPL 217,0.9817406847730465,1.4025259632617235
Poplar,RGB1,11_GW-9588+K_R5_IV APPL 104,2023-11-03 18:37:02,4,1,4,2023-11-3_RgbImage_2023-11-03_18-37-02.png,Poplar_11_GW-9588+K_R5_IV APPL 104,0.9828339517867556,3.6965894671157002
Poplar,RGB2,11_GW-9588+K_R5_IV APPL 104,2023-11-03 18:36:36,4,1,4,2023-11-3_RgbImage_2023-11-03_18-36-36.png,Poplar_11_GW-9588+K_R5_IV APPL 104,0.9844193160094373,1.4153055241331458
Poplar,RGB1,49_BESC-4+Na_R1_I APPL 518,2023-10-27 15:21:13,4,1,4,2023-10-27_RgbImage_2023-10-27_15-21-13.png,Poplar_49_BESC-4+Na_R1_I APPL 518,0.9761176424509191,3.6389897656627
Poplar,RGB2,49_BESC-4+Na_R1_I APPL 518,2023-10-27 15:20:44,4,1,4,2023-10-27_RgbImage_2023-10-27_15-20-44.png,Poplar_49_BESC-4+Na_R1_I APPL 518,0.9912769015616545,1.3716947305947542
Poplar,RGB1,449_HARA-26-2_3,2024-06-24 07:14:07,4,2,0,2024-06-24_RgbImage_2024-06-24_07-14-07.png,Poplar_449_HARA-26-2_3,0.9790209873125325,3.6610524179413915
Poplar,RGB2,449_HARA-26-2_3,2024-06-24 07:13:51,4,2,0,2024-06-24_RgbImage_2024-06-24_07-13-50.png,Poplar_449_HARA-26-2_3,0.9814341110145915,1.4308516681194305
Poplar,RGB1,89_CHX20-KO107+Na_R1_I APPL 383,2023-10-23 13:03:15,4,2,0,2023-10-23_RgbImage_2023-10-23_13-03-14.png,Poplar_89_CHX20-KO107+Na_R1_I APPL 383,0.9845965620161669,3.6754115568473935
Poplar,RGB2,89_CHX20-KO107+Na_R1_I APPL 383,2023-10-23 13:02:48,4,2,0,2023-10-23_RgbImage_2023-10-23_13-02-48.png,Poplar_89_CHX20-KO107+Na_R1_I APPL 383,0.9937496054743019,1.353449325542897
Poplar,RGB1,BESC-1019,2024-04-17 17:37:21,4,2,0,2024-04-17_RgbImage_2024-04-17_17-37-20.png,Poplar_BESC-1019,0.9836428382236148,3.4395007602870464
Poplar,RGB2,BESC-1019,2024-04-17 17:36:53,4,2,0,2024-04-17_RgbImage_2024-04-17_17-36-52.png,Poplar_BESC-1019,0.9865231175618074,1.4143382362090051
Poplar,RGB1,GW-7059,2024-04-24 08:20:34,4,2,0,2024-04-24_RgbImage_2024-04-24_08-20-33.png,Poplar_GW-7059,0.9749385924317541,3.6441667531616986
Poplar,RGB2,GW-7059,2024-04-24 08:20:06,4,2,0,2024-04-24_RgbImage_2024-04-24_08-20-05.png,Poplar_GW-7059,0.9943979571220037,1.331433482002467
Poplar,RGB1,57_YALE-27-3-C_R3_I APPL 196,2023-11-17 14:13:17,4,2,1,2023-11-17_RgbImage_2023-11-17_14-13-16.png,Poplar_57_YALE-27-3-C_R3_I APPL 196,0.9808476320286147,3.6529047838412225
Poplar,RGB2,57_YALE-27-3-C_R3_I APPL 196,2023-11-17 14:12:53,4,2,1,2023-11-17_RgbImage_2023-11-17_14-12-52.png,Poplar_57_YALE-27-3-C_R3_I APPL 196,0.9875279808074282,1.4124991493299603
Poplar,RGB1,BESC-371,2024-05-07 12:25:25,4,2,1,2024-05-7_RgbImage_2024-05-07_12-25-25.png,Poplar_BESC-371,0.9837650322045307,3.641753922216594
Poplar,RGB2,BESC-371,2024-05-07 12:24:56,4,2,1,2024-05-7_RgbImage_2024-05-07_12-24-56.png,Poplar_BESC-371,0.9815029389950791,1.3914380599744618
Poplar,RGB1,50_BESC-4+Na_R2_I APPL 172,2023-11-03 21:17:29,4,2,2,2023-11-3_RgbImage_2023-11-03_21-17-28.png,Poplar_50_BESC-4+Na_R2_I APPL 172,0.9781686696436402,3.6620140466839075
Poplar,RGB2,50_BESC-4+Na_R2_I APPL 172,2023-11-03 21:17:04,4,2,2,2023-11-3_RgbImage_2023-11-03_21-17-03.png,Poplar_50_BESC-4+Na_R2_I APPL 172,0.9842749155192476,1.4073344450443983
Poplar,RGB1,31_GW-9914+Na_R1_I APPL 225,2023-10-27 19:23:41,4,2,3,2023-10-27_RgbImage_2023-10-27_19-23-40.png,Poplar_31_GW-9914+Na_R1_I APPL 225,0.9798667041151748,3.557820402085781
Poplar,RGB2,31_GW-9914+Na_R1_I APPL 225,2023-10-27 19:23:14,4,2,3,2023-10-27_RgbImage_2023-10-27_19-23-14.png,Poplar_31_GW-9914+Na_R1_I APPL 225,0.9867371885574991,1.3630295991897583
Poplar,RGB1,33_GW-9914+Na_R3_I APPL 228,2023-11-01 16:16:27,4,2,3,2023-11-1_RgbImage_2023-11-01_16-16-26.png,Poplar_33_GW-9914+Na_R3_I APPL 228,0.9839626860486649,3.6458041490986943
Poplar,RGB2,33_GW-9914+Na_R3_I APPL 228,2023-11-01 16:16:02,4,2,3,2023-11-1_RgbImage_2023-11-01_16-16-01.png,Poplar_33_GW-9914+Na_R3_I APPL 228,0.983054437251427,1.4423786718398333
Poplar,RGB1,34_GW-9914+Na_R4_I APPL 323,2023-10-20 15:29:01,4,2,3,2023-10-20_RgbImage_2023-10-20_15-29-01.png,Poplar_34_GW-9914+Na_R4_I APPL 323,0.9818269494144202,3.655574000906199
Poplar,RGB2,34_GW-9914+Na_R4_I APPL 323,2023-10-20 15:28:34,4,2,3,2023-10-20_RgbImage_2023-10-20_15-28-34.png,Poplar_34_GW-9914+Na_R4_I APPL 323,0.9877298775235093,1.4113764772191644
Poplar,RGB1,3_GW-9588-C_R3_I APPL 412,2023-10-25 13:21:51,4,2,4,2023-10-25_RgbImage_2023-10-25_13-21-50.png,Poplar_3_GW-9588-C_R3_I APPL 412,0.9786062748611972,3.5668720258399844
Poplar,RGB2,3_GW-9588-C_R3_I APPL 412,2023-10-25 13:21:20,4,2,4,2023-10-25_RgbImage_2023-10-25_13-21-19.png,Poplar_3_GW-9588-C_R3_I APPL 412,0.9875011244187454,1.3258849023841321
Poplar,RGB1,51_BESC-4+Na_R3_I APPL 391,2023-10-18 19:13:03,4,2,4,2023-10-18_RgbImage_2023-10-18_19-13-02.png,Poplar_51_BESC-4+Na_R3_I APPL 391,0.9824491951997064,3.6501892311498523
Poplar,RGB2,51_BESC-4+Na_R3_I APPL 391,2023-10-18 19:12:33,4,2,4,2023-10-18_RgbImage_2023-10-18_19-12-33.png,Poplar_51_BESC-4+Na_R3_I APPL 391,0.9898691308799806,1.4230507090687752
Poplar,RGB1,343_BESC-1009_5,2024-06-17 10:12:05,4,3,0,2024-06-17_RgbImage_2024-06-17_10-12-04.png,Poplar_343_BESC-1009_5,0.9836405964227777,3.682639482896775
Poplar,RGB2,343_BESC-1009_5,2024-06-17 10:11:34,4,3,0,2024-06-17_RgbImage_2024-06-17_10-11-34.png,Poplar_343_BESC-1009_5,0.9914356200791351,1.3874492580071092
Poplar,RGB1,BESC-1019,2024-04-28 06:48:46,4,3,0,2024-04-28_RgbImage_2024-04-28_06-48-45.png,Poplar_BESC-1019,0.9830091592530704,3.6732782241888344
Poplar,RGB2,BESC-1019,2024-04-28 06:48:15,4,3,0,2024-04-28_RgbImage_2024-04-28_06-48-15.png,Poplar_BESC-1019,0.9879777128552338,1.3996795816347003
Poplar,RGB1,BESC-132,2024-04-22 13:47:08,4,3,0,2024-04-22_RgbImage_2024-04-22_13-47-08.png,Poplar_BESC-132,0.9782874793954219,3.640724395867437
Poplar,RGB2,BESC-132,2024-04-22 13:46:38,4,3,0,2024-04-22_RgbImage_2024-04-22_13-46-38.png,Poplar_BESC-132,0.990284768703779,1.4161091949790716
Poplar,RGB1,DENC-17-3,2024-04-23 10:19:59,4,3,0,2024-04-23_RgbImage_2024-04-23_10-19-58.png,Poplar_DENC-17-3,0.9847506876731,3.641438476741314
Poplar,RGB2,DENC-17-3,2024-04-23 10:19:28,4,3,0,2024-04-23_RgbImage_2024-04-23_10-19-28.png,Poplar_DENC-17-3,0.9904470416594021,1.4115043990314007
Poplar,RGB1,328_BESC-856_3,2024-06-30 12:14:13,4,3,1,2024-06-30_RgbImage_2024-06-30_12-14-12.png,Poplar_328_BESC-856_3,0.9848586948319441,3.6644973740912974
Poplar,RGB2,328_BESC-856_3,2024-06-30 12:13:48,4,3,1,2024-06-30_RgbImage_2024-06-30_12-13-48.png,Poplar_328_BESC-856_3,0.9901882235791714,1.417954723816365
Poplar,RGB1,48_GW-9919_6,2024-06-23 16:10:15,4,3,1,2024-06-23_RgbImage_2024-06-23_16-10-14.png,Poplar_48_GW-9919_6,0.9786425840604487,3.6613344331271946
Poplar,RGB2,48_GW-9919_6,2024-06-23 16:09:56,4,3,1,2024-06-23_RgbImage_2024-06-23_16-09-55.png,Poplar_48_GW-9919_6,0.9926374855218478,1.3597804261371493
Poplar,RGB1,22_GW-9914-C_R4_I APPL 197,2023-11-13 21:01:19,4,3,2,2023-11-13_RgbImage_2023-11-13_21-01-18.png,Poplar_22_GW-9914-C_R4_I APPL 197,0.9736830097530447,3.6625015600584447
Poplar,RGB2,22_GW-9914-C_R4_I APPL 197,2023-11-13 21:00:54,4,3,2,2023-11-13_RgbImage_2023-11-13_21-00-54.png,Poplar_22_GW-9914-C_R4_I APPL 197,0.9775580717602699,1.3407270940952003
Poplar,RGB1,23_GW-9914-C_R5_I APPL 235,2023-11-03 16:22:55,4,3,2,2023-11-3_RgbImage_2023-11-03_16-22-55.png,Poplar_23_GW-9914-C_R5_I APPL 235,0.9789289179211906,3.6698411367833614
Poplar,RGB2,23_GW-9914-C_R5_I APPL 235,2023-11-03 16:22:29,4,3,2,2023-11-3_RgbImage_2023-11-03_16-22-28.png,Poplar_23_GW-9914-C_R5_I APPL 235,0.9871392256808681,1.3964408892206848
Poplar,RGB1,59_YALE-27-3-C_R5_I APPL 234,2023-11-10 16:53:35,4,3,2,2023-11-10_RgbImage_2023-11-10_16-53-34.png,Poplar_59_YALE-27-3-C_R5_I APPL 234,0.9683579975010336,3.6398075139150023
Poplar,RGB2,59_YALE-27-3-C_R5_I APPL 234,2023-11-10 16:53:10,4,3,2,2023-11-10_RgbImage_2023-11-10_16-53-10.png,Poplar_59_YALE-27-3-C_R5_I APPL 234,0.9598586773079469,1.3409304590895772
Poplar,RGB1,23_GW-9914-C_R5_I APPL 235,2023-11-10 16:07:00,4,3,3,2023-11-10_RgbImage_2023-11-10_16-06-59.png,Poplar_23_GW-9914-C_R5_I APPL 235,0.9793540623632908,3.6991244107484818
Poplar,RGB2,23_GW-9914-C_R5_I APPL 235,2023-11-10 16:06:34,4,3,3,2023-11-10_RgbImage_2023-11-10_16-06-34.png,Poplar_23_GW-9914-C_R5_I APPL 235,0.9826916437856795,1.415178335737437
Poplar,RGB1,31_GW-9914+Na_R1_I APPL 225,2023-11-06 19:01:03,4,3,3,2023-11-6_RgbImage_2023-11-06_19-01-03.png,Poplar_31_GW-9914+Na_R1_I APPL 225,0.9799727942418189,3.6567749129608274
Poplar,RGB2,31_GW-9914+Na_R1_I APPL 225,2023-11-06 19:00:39,4,3,3,2023-11-6_RgbImage_2023-11-06_19-00-39.png,Poplar_31_GW-9914+Na_R1_I APPL 225,0.9849604484400725,1.4133109147660434
Poplar,RGB1,6_GW-9588-C_R6_I APPL 217,2023-11-15 19:20:08,4,3,3,2023-11-15_RgbImage_2023-11-15_19-20-08.png,Poplar_6_GW-9588-C_R6_I APPL 217,0.9825949713044912,3.6773672457784414
Poplar,RGB2,6_GW-9588-C_R6_I APPL 217,2023-11-15 19:19:44,4,3,3,2023-11-15_RgbImage_2023-11-15_19-19-44.png,Poplar_6_GW-9588-C_R6_I APPL 217,0.9817213318424706,1.3372498601675034
Poplar,RGB1,71_YALE-27-3+Na_R5_I APPL 485,2023-11-08 12:33:28,4,3,3,2023-11-8_RgbImage_2023-11-08_12-33-27.png,Poplar_71_YALE-27-3+Na_R5_I APPL 485,0.9865164008624258,3.696144348010421
Poplar,RGB2,71_YALE-27-3+Na_R5_I APPL 485,2023-11-08 12:33:04,4,3,3,2023-11-8_RgbImage_2023-11-08_12-33-03.png,Poplar_71_YALE-27-3+Na_R5_I APPL 485,0.9876019663983611,1.4039753642864525
Poplar,RGB1,31_GW-9914+Na_R1_I APPL 225,2023-10-20 19:55:09,4,3,4,2023-10-20_RgbImage_2023-10-20_19-55-08.png,Poplar_31_GW-9914+Na_R1_I APPL 225,0.9824252280310076,3.6737509188242257
Poplar,RGB2,31_GW-9914+Na_R1_I APPL 225,2023-10-20 19:54:40,4,3,4,2023-10-20_RgbImage_2023-10-20_19-54-39.png,Poplar_31_GW-9914+Na_R1_I APPL 225,0.9850710799453306,1.3341603577136993
Poplar,RGB1,3_GW-9588-C_R3_I APPL 412,2023-10-23 17:47:24,4,3,4,2023-10-23_RgbImage_2023-10-23_17-47-24.png,Poplar_3_GW-9588-C_R3_I APPL 412,0.9747037730133296,3.6811458808369935
Poplar,RGB2,3_GW-9588-C_R3_I APPL 412,2023-10-23 17:46:53,4,3,4,2023-10-23_RgbImage_2023-10-23_17-46-52.png,Poplar_3_GW-9588-C_R3_I APPL 412,0.9829413804741562,1.3931649159640074
Poplar,RGB1,52_BESC-4+Na_R4_I APPL 347,2023-11-13 12:40:49,4,3,4,2023-11-13_RgbImage_2023-11-13_12-40-49.png,Poplar_52_BESC-4+Na_R4_I APPL 347,0.9825186728884184,3.668473972938955
Poplar,RGB2,52_BESC-4+Na_R4_I APPL 347,2023-11-13 12:40:24,4,3,4,2023-11-13_RgbImage_2023-11-13_12-40-24.png,Poplar_52_BESC-4+Na_R4_I APPL 347,0.9892716733708474,1.4096973021514714
Poplar,RGB1,64_YALE-27-3+K_R4_IV APPL 120,2023-10-20 18:33:15,4,3,4,2023-10-20_RgbImage_2023-10-20_18-33-14.png,Poplar_64_YALE-27-3+K_R4_IV APPL 120,0.9753586042794293,3.640791716054082
Poplar,RGB2,64_YALE-27-3+K_R4_IV APPL 120,2023-10-20 18:32:46,4,3,4,2023-10-20_RgbImage_2023-10-20_18-32-45.png,Poplar_64_YALE-27-3+K_R4_IV APPL 120,0.9902553850962454,1.408642258029431
Poplar,RGB1,BESC-1226,2024-05-05 08:33:56,4,4,0,2024-05-5_RgbImage_2024-05-05_08-33-56.png,Poplar_BESC-1226,0.978942236188408,3.659404033794999
Poplar,RGB2,BESC-1226,2024-05-05 08:33:26,4,4,0,2024-05-5_RgbImage_2024-05-05_08-33-25.png,Poplar_BESC-1226,0.9884505668543664,1.4033195651136339
Poplar,RGB1,NHTA-27-5,2024-04-28 09:32:08,4,4,0,2024-04-28_RgbImage_2024-04-28_09-32-07.png,Poplar_NHTA-27-5,0.9741024285665125,3.399006281979382
Poplar,RGB2,NHTA-27-5,2024-04-28 09:31:40,4,4,0,2024-04-28_RgbImage_2024-04-28_09-31-39.png,Poplar_NHTA-27-5,0.9912489211914874,1.3067247467115521
Poplar,RGB1,231_BESC-97_1,2024-06-30 13:27:40,4,4,1,2024-06-30_RgbImage_2024-06-30_13-27-39.png,Poplar_231_BESC-97_1,0.9723017901993013,3.6596972490660846
Poplar,RGB2,231_BESC-97_1,2024-06-30 13:27:16,4,4,1,2024-06-30_RgbImage_2024-06-30_13-27-15.png,Poplar_231_BESC-97_1,0.9898162605026671,1.3558284062892199
Poplar,RGB1,BESC-1219,2024-05-07 07:58:56,4,4,1,2024-05-7_RgbImage_2024-05-07_07-58-56.png,Poplar_BESC-1219,0.964324390952579,3.671995581127703
Poplar,RGB2,BESC-1219,2024-05-07 07:58:23,4,4,1,2024-05-7_RgbImage_2024-05-07_07-58-22.png,Poplar_BESC-1219,0.9834782789182116,1.4157464699819684
Poplar,RGB1,BESC-239,2024-05-07 09:23:03,4,4,1,2024-05-7_RgbImage_2024-05-07_09-23-02.png,Poplar_BESC-239,0.9737613845596129,3.6875898353755474
Poplar,RGB2,BESC-239,2024-05-07 09:22:33,4,4,1,2024-05-7_RgbImage_2024-05-07_09-22-32.png,Poplar_BESC-239,0.9854603468381024,1.3974210522137582
Poplar,RGB1,346_BESC-1108_2,2024-06-17 10:32:25,4,4,2,2024-06-17_RgbImage_2024-06-17_10-32-24.png,Poplar_346_BESC-1108_2,0.9787592254721064,3.6776537392288446
Poplar,RGB2,346_BESC-1108_2,2024-06-17 10:31:52,4,4,2,2024-06-17_RgbImage_2024-06-17_10-31-51.png,Poplar_346_BESC-1108_2,0.9828723322205426,1.3751543047837913
Poplar,RGB1,450_BESC-1143_5,2024-06-26 07:28:22,4,4,2,2024-06-26_RgbImage_2024-06-26_07-28-22.png,Poplar_450_BESC-1143_5,0.9839621122622936,3.708027455024421
Poplar,RGB2,450_BESC-1143_5,2024-06-26 07:27:55,4,4,2,2024-06-26_RgbImage_2024-06-26_07-27-54.png,Poplar_450_BESC-1143_5,0.9945859418131281,1.4100746968761086
Poplar,RGB1,GW-7990,2024-04-28 11:28:55,4,4,2,2024-04-28_RgbImage_2024-04-28_11-28-55.png,Poplar_GW-7990,0.9740513654429829,3.7442524041980505
Poplar,RGB2,GW-7990,2024-04-28 11:28:27,4,4,2,2024-04-28_RgbImage_2024-04-28_11-28-26.png,Poplar_GW-7990,0.9928404994792162,1.394704356789589
Poplar,RGB1,23_GW-9914-C_R5_I APPL 235,2023-11-13 16:41:27,4,4,3,2023-11-13_RgbImage_2023-11-13_16-41-26.png,Poplar_23_GW-9914-C_R5_I APPL 235,0.9649725649205133,3.615606728941202
Poplar,RGB2,23_GW-9914-C_R5_I APPL 235,2023-11-13 16:41:01,4,4,3,2023-11-13_RgbImage_2023-11-13_16-41-01.png,Poplar_23_GW-9914-C_R5_I APPL 235,0.9718259894626797,1.3570093992166221
Poplar,RGB1,33_GW-9914+Na_R3_I APPL 228,2023-11-15 16:00:15,4,4,3,2023-11-15_RgbImage_2023-11-15_16-00-14.png,Poplar_33_GW-9914+Na_R3_I APPL 228,0.9820169558141186,3.7483963700942695
Poplar,RGB2,33_GW-9914+Na_R3_I APPL 228,2023-11-15 15:59:50,4,4,3,2023-11-15_RgbImage_2023-11-15_15-59-50.png,Poplar_33_GW-9914+Na_R3_I APPL 228,0.9872256365106434,1.4089563018642366
Poplar,RGB1,59_YALE-27-3-C_R5_I APPL 234,2023-11-06 16:54:12,4,4,3,2023-11-6_RgbImage_2023-11-06_16-54-11.png,Poplar_59_YALE-27-3-C_R5_I APPL 234,0.9760805207509994,3.703632797114551
Poplar,RGB1,59_YALE-27-3-C_R5_I APPL 234,2023-11-08 16:53:43,4,4,3,2023-11-8_RgbImage_2023-11-08_16-53-43.png,Poplar_59_YALE-27-3-C_R5_I APPL 234,0.9701670398682276,4.056757414713502
Poplar,RGB2,59_YALE-27-3-C_R5_I APPL 234,2023-11-06 16:53:46,4,4,3,2023-11-6_RgbImage_2023-11-06_16-53-46.png,Poplar_59_YALE-27-3-C_R5_I APPL 234,0.9689489899514335,1.402450452093035
Poplar,RGB2,59_YALE-27-3-C_R5_I APPL 234,2023-11-08 16:53:18,4,4,3,2023-11-8_RgbImage_2023-11-08_16-53-18.png,Poplar_59_YALE-27-3-C_R5_I APPL 234,0.9711269802663197,1.3398045301437378
Poplar,RGB1,26_GW-9914+K_R2_IV APPL 107,2023-11-17 14:53:09,4,4,4,2023-11-17_RgbImage_2023-11-17_14-53-09.png,Poplar_26_GW-9914+K_R2_IV APPL 107,0.9792586366461186,3.6671532467007637
Poplar,RGB2,26_GW-9914+K_R2_IV APPL 107,2023-11-17 14:52:45,4,4,4,2023-11-17_RgbImage_2023-11-17_14-52-45.png,Poplar_26_GW-9914+K_R2_IV APPL 107,0.985281375347367,1.4503860319964588
Poplar,RGB1,34_GW-9914+Na_R4_I APPL 323,2023-11-15 14:40:14,4,4,4,2023-11-15_RgbImage_2023-11-15_14-40-14.png,Poplar_34_GW-9914+Na_R4_I APPL 323,0.9783796338492906,3.7422843440435827
Poplar,RGB2,34_GW-9914+Na_R4_I APPL 323,2023-11-15 14:39:50,4,4,4,2023-11-15_RgbImage_2023-11-15_14-39-49.png,Poplar_34_GW-9914+Na_R4_I APPL 323,0.9887606325886852,1.4441300337202847
Poplar,RGB1,51_BESC-4+Na_R3_I APPL 391,2023-11-15 18:46:52,4,4,4,2023-11-15_RgbImage_2023-11-15_18-46-51.png,Poplar_51_BESC-4+Na_R3_I APPL 391,0.9854611545162576,3.731031137984246
Poplar,RGB2,51_BESC-4+Na_R3_I APPL 391,2023-11-15 18:46:27,4,4,4,2023-11-15_RgbImage_2023-11-15_18-46-27.png,Poplar_51_BESC-4+Na_R3_I APPL 391,0.9915265796094858,1.3667212007567286
Switchgrass,RGB1,J020.B_WW_T3.12.2023_I APPL 399,2023-03-22 17:06:43,0,0,0,2023-03-22_RgbImage_2023-03-22_17-06-42.png,Switchgrass_J020.B_WW_T3.12.2023_I APPL 399,0.8890356125989751,3.7325559607706964
Switchgrass,RGB2,J020.B_WW_T3.12.2023_I APPL 399,2023-03-22 17:05:59,0,0,0,2023-03-22_RgbImage_2023-03-22_17-05-59.png,Switchgrass_J020.B_WW_T3.12.2023_I APPL 399,0.9342105263168451,1.4212711150757968
Switchgrass,RGB1,J326.A_D_T3.12.2023_I APPL 497,2023-03-29 09:49:40,0,0,0,2023-03-29_RgbImage_2023-03-29_09-49-39.png,Switchgrass_J326.A_D_T3.12.2023_I APPL 497,0.8792016330261011,3.468467330094427
Switchgrass,RGB2,J326.A_D_T3.12.2023_I APPL 497,2023-03-29 09:48:57,0,0,0,2023-03-29_RgbImage_2023-03-29_09-48-57.png,Switchgrass_J326.A_D_T3.12.2023_I APPL 497,0.8858080503675617,1.3296340419910848
Switchgrass,RGB1,J460.B_WW_T3.16.2023_I APPL 57,2023-03-26 12:07:33,0,0,0,2023-03-26_RgbImage_2023-03-26_12-07-33.png,Switchgrass_J460.B_WW_T3.16.2023_I APPL 57,0.9148128052166022,3.7072592740878463
Switchgrass,RGB2,J460.B_WW_T3.16.2023_I APPL 57,2023-03-26 12:06:49,0,0,0,2023-03-26_RgbImage_2023-03-26_12-06-49.png,Switchgrass_J460.B_WW_T3.16.2023_I APPL 57,0.872534790409266,1.3722798400558531
Switchgrass,RGB1,AP13_WW_I APPL 133,2022-12-01 15:26:37,0,0,1,2022-12-1_RgbImage_2022-12-01_15-26-36.png,Switchgrass_AP13_WW_I APPL 133,0.6507828455028265,3.7734092422761023
Switchgrass,RGB2,AP13_WW_I APPL 133,2022-12-01 15:25:13,0,0,1,2022-12-1_RgbImage_2022-12-01_15-25-12.png,Switchgrass_AP13_WW_I APPL 133,0.6277079433501327,1.4216699600219727
Switchgrass,RGB1,J250.A_D_T3.13.2023_I APPL 303,2023-03-31 00:36:51,0,0,1,2023-03-31_RgbImage_2023-03-31_00-36-51.png,Switchgrass_J250.A_D_T3.13.2023_I APPL 303,0.9533377615417912,3.726863177958876
Switchgrass,RGB2,J250.A_D_T3.13.2023_I APPL 303,2023-03-31 00:36:08,0,0,1,2023-03-31_RgbImage_2023-03-31_00-36-08.png,Switchgrass_J250.A_D_T3.13.2023_I APPL 303,0.9010787869092575,1.446743574924767
Switchgrass,RGB1,J469.C_WW_T3.14.2023_I APPL 214,2023-03-24 16:45:05,0,0,1,2023-03-24_RgbImage_2023-03-24_16-45-05.png,Switchgrass_J469.C_WW_T3.14.2023_I APPL 214,0.9129581151903666,3.74398730462417
Switchgrass,RGB2,J469.C_WW_T3.14.2023_I APPL 214,2023-03-24 16:44:23,0,0,1,2023-03-24_RgbImage_2023-03-24_16-44-22.png,Switchgrass_J469.C_WW_T3.14.2023_I APPL 214,0.7934928229862687,1.4309564270079136
Switchgrass,RGB1,J458.B_WW_T3.14.2023_I APPL 252,2023-03-31 11:57:57,0,0,2,2023-03-31_RgbImage_2023-03-31_11-57-57.png,Switchgrass_J458.B_WW_T3.14.2023_I APPL 252,0.865581675713322,3.671639719977975
Switchgrass,RGB2,J458.B_WW_T3.14.2023_I APPL 252,2023-03-31 11:57:15,0,0,2,2023-03-31_RgbImage_2023-03-31_11-57-14.png,Switchgrass_J458.B_WW_T3.14.2023_I APPL 252,0.9354478253409092,1.3665834101848304
Switchgrass,RGB1,J591.A_D_T3.14.2023_I APPL 229,2023-04-07 14:53:00,0,0,2,2023-04-7_RgbImage_2023-04-07_14-52-59.png,Switchgrass_J591.A_D_T3.14.2023_I APPL 229,0.9306506143345159,3.7372168344445527
Switchgrass,RGB2,J591.A_D_T3.14.2023_I APPL 229,2023-04-07 14:52:17,0,0,2,2023-04-7_RgbImage_2023-04-07_14-52-16.png,Switchgrass_J591.A_D_T3.14.2023_I APPL 229,0.8997470915629998,1.4186346409842372
Switchgrass,RGB1,4.4(1)_WW_T3.14.2023_I APPL 235,2023-03-24 14:05:25,0,0,3,2023-03-24_RgbImage_2023-03-24_14-05-24.png,Switchgrass_4.4(1)_WW_T3.14.2023_I APPL 235,0.8572815534153785,3.701193646993488
Switchgrass,RGB2,4.4(1)_WW_T3.14.2023_I APPL 235,2023-03-24 14:04:41,0,0,3,2023-03-24_RgbImage_2023-03-24_14-04-40.png,Switchgrass_4.4(1)_WW_T3.14.2023_I APPL 235,0.8574171382448759,1.3913988280110061
Switchgrass,RGB1,J441.B_WW_T3.15.2023_I APPL 126,2023-03-25 15:44:09,0,0,3,2023-03-25_RgbImage_2023-03-25_15-44-08.png,Switchgrass_J441.B_WW_T3.15.2023_I APPL 126,0.9389298177617812,3.772081470582634
Switchgrass,RGB2,J441.B_WW_T3.15.2023_I APPL 126,2023-03-25 15:43:26,0,0,3,2023-03-25_RgbImage_2023-03-25_15-43-25.png,Switchgrass_J441.B_WW_T3.15.2023_I APPL 126,0.8184041079216561,1.417499935720116
Switchgrass,RGB1,J482.B_WW_T3.15.2023_I APPL 160,2023-03-25 11:12:45,0,0,3,2023-03-25_RgbImage_2023-03-25_11-12-45.png,Switchgrass_J482.B_WW_T3.15.2023_I APPL 160,0.9526213845795856,3.780823600012809
Switchgrass,RGB2,J482.B_WW_T3.15.2023_I APPL 160,2023-03-25 11:12:02,0,0,3,2023-03-25_RgbImage_2023-03-25_11-12-01.png,Switchgrass_J482.B_WW_T3.15.2023_I APPL 160,0.9171722278413134,1.4514437410980463
Switchgrass,RGB1,J585.A_D_T3.14.2023_I APPL 218,2023-03-24 16:11:30,0,0,3,2023-03-24_RgbImage_2023-03-24_16-11-30.png,Switchgrass_J585.A_D_T3.14.2023_I APPL 218,0.9036083059144557,3.6986755756661296
Switchgrass,RGB2,J585.A_D_T3.14.2023_I APPL 218,2023-03-24 16:10:49,0,0,3,2023-03-24_RgbImage_2023-03-24_16-10-48.png,Switchgrass_J585.A_D_T3.14.2023_I APPL 218,0.9509886005029821,1.4260114589706063
Switchgrass,RGB1,J340.A_D_T3.13.2023_I APPL 343,2023-04-06 12:43:07,0,0,4,2023-04-6_RgbImage_2023-04-06_12-43-06.png,Switchgrass_J340.A_D_T3.13.2023_I APPL 343,0.926046280342696,3.714518229942769
Switchgrass,RGB2,J340.A_D_T3.13.2023_I APPL 343,2023-04-06 12:42:27,0,0,4,2023-04-6_RgbImage_2023-04-06_12-42-26.png,Switchgrass_J340.A_D_T3.13.2023_I APPL 343,0.9561279760357363,1.425938680768013
Switchgrass,RGB1,J498.B_D_T3.14.2023_I APPL 257,2023-03-24 11:16:28,0,0,4,2023-03-24_RgbImage_2023-03-24_11-16-27.png,Switchgrass_J498.B_D_T3.14.2023_I APPL 257,0.9556126482222211,3.4514671904034913
Switchgrass,RGB2,J498.B_D_T3.14.2023_I APPL 257,2023-03-24 11:15:46,0,0,4,2023-03-24_RgbImage_2023-03-24_11-15-45.png,Switchgrass_J498.B_D_T3.14.2023_I APPL 257,0.9023148827900378,1.3811843772418797
Switchgrass,RGB1,J020.B_D_T3.12.2023_I APPL 403,2023-04-05 19:00:01,0,1,0,2023-04-5_RgbImage_2023-04-05_19-00-01.png,Switchgrass_J020.B_D_T3.12.2023_I APPL 403,0.924567683606859,3.5575556671246886
Switchgrass,RGB2,J020.B_D_T3.12.2023_I APPL 403,2023-04-05 18:59:21,0,1,0,2023-04-5_RgbImage_2023-04-05_18-59-21.png,Switchgrass_J020.B_D_T3.12.2023_I APPL 403,0.9355941249531906,1.4632591311819851
Switchgrass,RGB1,J065.A_WW_T3.13.2023_I APPL 305,2023-03-23 17:30:35,0,1,0,2023-03-23_RgbImage_2023-03-23_17-30-35.png,Switchgrass_J065.A_WW_T3.13.2023_I APPL 305,0.8764355887814536,3.691148405894637
Switchgrass,RGB2,J065.A_WW_T3.13.2023_I APPL 305,2023-03-23 17:29:51,0,1,0,2023-03-23_RgbImage_2023-03-23_17-29-51.png,Switchgrass_J065.A_WW_T3.13.2023_I APPL 305,0.05645557215109093,1.4167940220795572
Switchgrass,RGB1,J306.C_D_T3.14.2023_I APPL 266,2023-04-15 10:15:47,0,1,0,2023-04-15_RgbImage_2023-04-15_10-15-47.png,Switchgrass_J306.C_D_T3.14.2023_I APPL 266,0.9424676648961299,3.7718971632421017
Switchgrass,RGB1,J306.C_D_T3.14.2023_I APPL 266,2023-04-29 10:15:29,0,1,0,2023-04-29_RgbImage_2023-04-29_10-15-29.png,Switchgrass_J306.C_D_T3.14.2023_I APPL 266,0.9240658463023559,3.9364252598024905
Switchgrass,RGB2,J306.C_D_T3.14.2023_I APPL 266,2023-04-15 10:15:06,0,1,0,2023-04-15_RgbImage_2023-04-15_10-15-06.png,Switchgrass_J306.C_D_T3.14.2023_I APPL 266,0.8031557831765921,1.3932075179181993
Switchgrass,RGB2,J306.C_D_T3.14.2023_I APPL 266,2023-04-29 10:14:48,0,1,0,2023-04-29_RgbImage_2023-04-29_10-14-48.png,Switchgrass_J306.C_D_T3.14.2023_I APPL 266,0.7989386484502916,1.332160429097712
Switchgrass,RGB1,AP13_WW_I APPL 133,2023-02-09 15:12:39,0,1,1,2023-02-9_RgbImage_2023-02-09_15-12-38.png,Switchgrass_AP13_WW_I APPL 133,0.9433006159588718,3.6352939340285957
Switchgrass,RGB2,AP13_WW_I APPL 133,2023-02-09 15:10:40,0,1,1,2023-02-9_RgbImage_2023-02-09_15-10-39.png,Switchgrass_AP13_WW_I APPL 133,0.9590965545039924,1.3741946509107947
Switchgrass,RGB1,J297.A_D_T3.12.2023_I APPL 440,2023-03-22 11:56:31,0,1,1,2023-03-22_RgbImage_2023-03-22_11-56-31.png,Switchgrass_J297.A_D_T3.12.2023_I APPL 440,0.9392255909942215,3.785359045956284
Switchgrass,RGB2,J297.A_D_T3.12.2023_I APPL 440,2023-03-22 11:55:50,0,1,1,2023-03-22_RgbImage_2023-03-22_11-55-50.png,Switchgrass_J297.A_D_T3.12.2023_I APPL 440,0.9195443377270545,1.4226405350491405
Switchgrass,RGB1,J484.A_D_T3.16.2023_I APPL 50,2023-03-26 13:06:30,0,1,1,2023-03-26_RgbImage_2023-03-26_13-06-30.png,Switchgrass_J484.A_D_T3.16.2023_I APPL 50,0.8415002155709872,3.625782130751759
Switchgrass,RGB2,J484.A_D_T3.16.2023_I APPL 50,2023-03-26 13:05:47,0,1,1,2023-03-26_RgbImage_2023-03-26_13-05-47.png,Switchgrass_J484.A_D_T3.16.2023_I APPL 50,0.0948987855716763,1.433148262090981
Switchgrass,RGB1,J317.A_WW_I APPL 351,2022-11-29 10:53:39,0,1,2,2022-11-29_RgbImage_2022-11-29_10-53-38.png,Switchgrass_J317.A_WW_I APPL 351,0.9595866990440608,3.7655828362330794
Switchgrass,RGB2,J317.A_WW_I APPL 351,2022-11-29 10:51:35,0,1,2,2022-11-29_RgbImage_2022-11-29_10-51-34.png,Switchgrass_J317.A_WW_I APPL 351,0.9523584596214346,1.4604765502735972
Switchgrass,RGB1,J597.C_D_T3.15.2023_I APPL 186,2023-04-01 08:06:52,0,1,2,2023-04-1_RgbImage_2023-04-01_08-06-52.png,Switchgrass_J597.C_D_T3.15.2023_I APPL 186,0.9533551554836825,3.739230362698436
Switchgrass,RGB2,J597.C_D_T3.15.2023_I APPL 186,2023-04-01 08:06:11,0,1,2,2023-04-1_RgbImage_2023-04-01_08-06-11.png,Switchgrass_J597.C_D_T3.15.2023_I APPL 186,0.9368231524884578,1.4135060859844089
Switchgrass,RGB1,J190.A_D_T3.12.2023_I APPL 415,2023-04-05 17:21:05,0,1,3,2023-04-5_RgbImage_2023-04-05_17-21-05.png,Switchgrass_J190.A_D_T3.12.2023_I APPL 415,0.9218069896195039,3.575849606189877
Switchgrass,RGB2,J190.A_D_T3.12.2023_I APPL 415,2023-04-05 17:20:24,0,1,3,2023-04-5_RgbImage_2023-04-05_17-20-24.png,Switchgrass_J190.A_D_T3.12.2023_I APPL 415,0.8227596234823839,1.424699658062309
Switchgrass,RGB1,J215.A_Xtra_I APPL 138,2022-11-26 17:33:18,0,1,3,2022-11-26_RgbImage_2022-11-26_17-33-18.png,Switchgrass_J215.A_Xtra_I APPL 138,0.899091398004498,3.777365514077246
Switchgrass,RGB2,J215.A_Xtra_I APPL 138,2022-11-26 17:31:10,0,1,3,2022-11-26_RgbImage_2022-11-26_17-31-10.png,Switchgrass_J215.A_Xtra_I APPL 138,0.6572453904304605,1.396826911251992
Switchgrass,RGB1,J317.A_D_I APPL 123,2022-12-11 17:00:53,0,1,3,2022-12-11_RgbImage_2022-12-11_17-00-52.png,Switchgrass_J317.A_D_I APPL 123,0.9455063369530456,3.509705349802971
Switchgrass,RGB2,J317.A_D_I APPL 123,2022-12-11 17:00:15,0,1,3,2022-12-11_RgbImage_2022-12-11_17-00-14.png,Switchgrass_J317.A_D_I APPL 123,0.866651532351621,1.4235028461553156
Switchgrass,RGB1,J215.A_D_I APPL 146,2022-12-20 14:24:07,0,1,4,2022-12-20_RgbImage_2022-12-20_14-24-06.png,Switchgrass_J215.A_D_I APPL 146,0.9520545597864762,3.7897104141302407
Switchgrass,RGB1,J215.A_D_I APPL 146,2022-12-05 14:11:31,0,1,4,2022-12-5_RgbImage_2022-12-05_14-11-31.png,Switchgrass_J215.A_D_I APPL 146,0.9289202387439377,4.067319105844945
Switchgrass,RGB2,J215.A_D_I APPL 146,2022-12-20 14:22:47,0,1,4,2022-12-20_RgbImage_2022-12-20_14-22-47.png,Switchgrass_J215.A_D_I APPL 146,0.9254446374045536,1.3967701643705368
Switchgrass,RGB2,J215.A_D_I APPL 146,2022-12-05 14:09:24,0,1,4,2022-12-5_RgbImage_2022-12-05_14-09-23.png,Switchgrass_J215.A_D_I APPL 146,0.7703602991474697,1.368360250722617
Switchgrass,RGB1,J483.C_WW_T3.14.2023_I APPL 250,2023-03-31 12:14:37,0,1,4,2023-03-31_RgbImage_2023-03-31_12-14-37.png,Switchgrass_J483.C_WW_T3.14.2023_I APPL 250,0.9394277013356783,3.7117012860253453
Switchgrass,RGB2,J483.C_WW_T3.14.2023_I APPL 250,2023-03-31 12:13:56,0,1,4,2023-03-31_RgbImage_2023-03-31_12-13-56.png,Switchgrass_J483.C_WW_T3.14.2023_I APPL 250,0.9532537810465294,1.4280692101456225
Switchgrass,RGB1,J279.A_D_T3.12.2023_I APPL 397,2023-04-12 17:09:50,0,2,0,2023-04-12_RgbImage_2023-04-12_17-09-49.png,Switchgrass_J279.A_D_T3.12.2023_I APPL 397,0.933526057978531,3.732868906110525
Switchgrass,RGB2,J279.A_D_T3.12.2023_I APPL 397,2023-04-12 17:09:09,0,2,0,2023-04-12_RgbImage_2023-04-12_17-09-09.png,Switchgrass_J279.A_D_T3.12.2023_I APPL 397,0.8659409591683501,1.40277542732656
Switchgrass,RGB1,J321.A_D_T3.16.2023_I APPL 76,2023-03-26 09:44:34,0,2,0,2023-03-26_RgbImage_2023-03-26_09-44-34.png,Switchgrass_J321.A_D_T3.16.2023_I APPL 76,0.9283105560812821,3.7805611970834434
Switchgrass,RGB2,J321.A_D_T3.16.2023_I APPL 76,2023-03-26 09:43:52,0,2,0,2023-03-26_RgbImage_2023-03-26_09-43-51.png,Switchgrass_J321.A_D_T3.16.2023_I APPL 76,0.9187381083913531,1.4322375999763608
Switchgrass,RGB1,AP13_D_I APPL 261,2022-11-25 11:42:21,0,2,1,2022-11-25_RgbImage_2022-11-25_11-42-21.png,Switchgrass_AP13_D_I APPL 261,0.9481136588338134,3.736988274846226
Switchgrass,RGB2,AP13_D_I APPL 261,2022-11-25 11:41:39,0,2,1,2022-11-25_RgbImage_2022-11-25_11-41-38.png,Switchgrass_AP13_D_I APPL 261,0.825309491071794,1.429997915867716
Switchgrass,RGB1,J272.A_D_T3.13.2023_I APPL 369,2023-03-23 09:23:53,0,2,1,2023-03-23_RgbImage_2023-03-23_09-23-52.png,Switchgrass_J272.A_D_T3.13.2023_I APPL 369,0.9429357863759462,3.665694040711969
Switchgrass,RGB2,J272.A_D_T3.13.2023_I APPL 369,2023-03-23 09:23:12,0,2,1,2023-03-23_RgbImage_2023-03-23_09-23-11.png,Switchgrass_J272.A_D_T3.13.2023_I APPL 369,0.879688978749679,1.34665970178321
Switchgrass,RGB1,J615.A_WW_T3.14.2023_I APPL 247,2023-04-15 12:36:43,0,2,1,2023-04-15_RgbImage_2023-04-15_12-36-42.png,Switchgrass_J615.A_WW_T3.14.2023_I APPL 247,0.9566572427152298,3.8096475191414356
Switchgrass,RGB2,J615.A_WW_T3.14.2023_I APPL 247,2023-04-15 12:36:02,0,2,1,2023-04-15_RgbImage_2023-04-15_12-36-01.png,Switchgrass_J615.A_WW_T3.14.2023_I APPL 247,0.9369662634574331,1.4234710759483278
Switchgrass,RGB1,J008.D_D_I APPL 338,2022-12-08 11:58:16,0,2,2,2022-12-8_RgbImage_2022-12-08_11-58-15.png,Switchgrass_J008.D_D_I APPL 338,0.9704094180779416,3.4540820461697876
Switchgrass,RGB2,J008.D_D_I APPL 338,2022-12-08 11:56:53,0,2,2,2022-12-8_RgbImage_2022-12-08_11-56-53.png,Switchgrass_J008.D_D_I APPL 338,0.9593768574955476,1.3319603209383786
Switchgrass,RGB1,J215.A_WW_I APPL 21,2022-12-05 12:15:39,0,2,3,2022-12-5_RgbImage_2022-12-05_12-15-38.png,Switchgrass_J215.A_WW_I APPL 21,0.910432465673784,3.845146205276251
Switchgrass,RGB2,J215.A_WW_I APPL 21,2022-12-05 12:13:31,0,2,3,2022-12-5_RgbImage_2022-12-05_12-13-30.png,Switchgrass_J215.A_WW_I APPL 21,0.5330058336130895,1.4243509201332927
Switchgrass,RGB1,VS16_D_I APPL 124,2022-12-05 16:56:19,0,2,3,2022-12-5_RgbImage_2022-12-05_16-56-18.png,Switchgrass_VS16_D_I APPL 124,0.9134490104044537,3.8033510646782815
Switchgrass,RGB2,VS16_D_I APPL 124,2022-12-05 16:54:13,0,2,3,2022-12-5_RgbImage_2022-12-05_16-54-13.png,Switchgrass_VS16_D_I APPL 124,0.9071722841952641,1.391435377765447
Switchgrass,RGB1,VS16_Xtra_I APPL 129,2022-12-21 17:39:29,0,2,3,2022-12-21_RgbImage_2022-12-21_17-39-28.png,Switchgrass_VS16_Xtra_I APPL 129,0.9699903901129466,3.805519014131278
Switchgrass,RGB2,VS16_Xtra_I APPL 129,2022-12-21 17:38:10,0,2,3,2022-12-21_RgbImage_2022-12-21_17-38-10.png,Switchgrass_VS16_Xtra_I APPL 129,0.931826806315158,1.4540017996914685
Switchgrass,RGB1,J215.A_WW_I APPL 131,2022-11-27 15:19:03,0,2,4,2022-11-27_RgbImage_2022-11-27_15-19-03.png,Switchgrass_J215.A_WW_I APPL 131,0.9439930502339416,3.7645980659872293
Switchgrass,RGB2,J215.A_WW_I APPL 131,2022-11-27 15:17:41,0,2,4,2022-11-27_RgbImage_2022-11-27_15-17-40.png,Switchgrass_J215.A_WW_I APPL 131,0.8918783756805422,1.436946203932166
Switchgrass,RGB1,J215.A_WW_I APPL 21,2022-12-09 12:15:00,0,2,4,2022-12-9_RgbImage_2022-12-09_12-14-59.png,Switchgrass_J215.A_WW_I APPL 21,0.922749655311296,3.7050249851308763
Switchgrass,RGB2,J215.A_WW_I APPL 21,2022-12-09 12:12:53,0,2,4,2022-12-9_RgbImage_2022-12-09_12-12-52.png,Switchgrass_J215.A_WW_I APPL 21,0.7751720127973841,1.3442697036080062
Switchgrass,RGB1,J481.C_D_T3.15.2023_I APPL 118,2023-05-06 16:22:55,0,2,4,2023-05-6_RgbImage_2023-05-06_16-22-54.png,Switchgrass_J481.C_D_T3.15.2023_I APPL 118,0.9579038728996103,3.824649472720921
Switchgrass,RGB2,J481.C_D_T3.15.2023_I APPL 118,2023-05-06 16:22:15,0,2,4,2023-05-6_RgbImage_2023-05-06_16-22-14.png,Switchgrass_J481.C_D_T3.15.2023_I APPL 118,0.843805880798483,1.4254699349403381
Switchgrass,RGB1,VS16_WW_I APPL 10,2022-11-27 11:51:14,0,2,4,2022-11-27_RgbImage_2022-11-27_11-51-13.png,Switchgrass_VS16_WW_I APPL 10,0.9545622536141327,3.681389427743852
Switchgrass,RGB2,VS16_WW_I APPL 10,2022-11-27 11:49:53,0,2,4,2022-11-27_RgbImage_2022-11-27_11-49-52.png,Switchgrass_VS16_WW_I APPL 10,0.9279242280355255,1.3864029739052057
Switchgrass,RGB1,J501.B_D_T3.14.2023_I APPL 279,2023-04-07 08:27:30,0,3,0,2023-04-7_RgbImage_2023-04-07_08-27-30.png,Switchgrass_J501.B_D_T3.14.2023_I APPL 279,0.9439346282313964,3.814363745972514
Switchgrass,RGB1,J501.B_D_T3.14.2023_I APPL 279,2023-05-05 08:27:16,0,3,0,2023-05-5_RgbImage_2023-05-05_08-27-16.png,Switchgrass_J501.B_D_T3.14.2023_I APPL 279,0.9509737448060165,4.0881324098445475
Switchgrass,RGB2,J501.B_D_T3.14.2023_I APPL 279,2023-04-07 08:26:50,0,3,0,2023-04-7_RgbImage_2023-04-07_08-26-49.png,Switchgrass_J501.B_D_T3.14.2023_I APPL 279,0.9027960217707264,1.3984826318919659
Switchgrass,RGB2,J501.B_D_T3.14.2023_I APPL 279,2023-05-05 08:26:37,0,3,0,2023-05-5_RgbImage_2023-05-05_08-26-37.png,Switchgrass_J501.B_D_T3.14.2023_I APPL 279,0.9304072133659342,1.3389515192247927
Switchgrass,RGB1,VS16_D_I APPL 60,2022-11-27 13:23:43,0,3,0,2022-11-27_RgbImage_2022-11-27_13-23-42.png,Switchgrass_VS16_D_I APPL 60,0.9156898956048811,3.7418531142175198
Switchgrass,RGB1,VS16_D_I APPL 60,2022-12-01 13:23:02,0,3,0,2022-12-1_RgbImage_2022-12-01_13-23-02.png,Switchgrass_VS16_D_I APPL 60,0.9058629879328318,4.108194350730628
Switchgrass,RGB2,VS16_D_I APPL 60,2022-11-27 13:21:37,0,3,0,2022-11-27_RgbImage_2022-11-27_13-21-37.png,Switchgrass_VS16_D_I APPL 60,0.627653943443648,1.3912672009319067
Switchgrass,RGB2,VS16_D_I APPL 60,2022-12-01 13:20:56,0,3,0,2022-12-1_RgbImage_2022-12-01_13-20-55.png,Switchgrass_VS16_D_I APPL 60,0.6204568742317849,1.3615736090578139
Switchgrass,RGB1,J215.A_D_I APPL 146,2022-11-27 14:12:44,0,3,1,2022-11-27_RgbImage_2022-11-27_14-12-44.png,Switchgrass_J215.A_D_I APPL 146,0.7942973523770711,3.7025315607897937
Switchgrass,RGB2,J215.A_D_I APPL 146,2022-11-27 14:11:19,0,3,1,2022-11-27_RgbImage_2022-11-27_14-11-19.png,Switchgrass_J215.A_D_I APPL 146,0.4242867597481442,1.396454598288983
Switchgrass,RGB1,VS16_D_I APPL 402,2022-12-04 11:08:58,0,3,1,2022-12-4_RgbImage_2022-12-04_11-08-58.png,Switchgrass_VS16_D_I APPL 402,0.9375143447344069,3.851200462784618
Switchgrass,RGB2,VS16_D_I APPL 402,2022-12-04 11:07:37,0,3,1,2022-12-4_RgbImage_2022-12-04_11-07-36.png,Switchgrass_VS16_D_I APPL 402,0.8167567207113097,1.4486248949542642
Switchgrass,RGB1,VS16_D_I APPL 60,2023-01-06 13:15:35,0,3,1,2023-01-6_RgbImage_2023-01-06_13-15-34.png,Switchgrass_VS16_D_I APPL 60,0.9528537900091191,3.7812870307825506
Switchgrass,RGB2,VS16_D_I APPL 60,2023-01-06 13:14:54,0,3,1,2023-01-6_RgbImage_2023-01-06_13-14-54.png,Switchgrass_VS16_D_I APPL 60,0.6666305320017716,1.423003451898694
Switchgrass,RGB1,J303.A_D_T3.15.2023_I APPL 144,2023-04-08 13:23:37,0,3,2,2023-04-8_RgbImage_2023-04-08_13-23-37.png,Switchgrass_J303.A_D_T3.15.2023_I APPL 144,0.9208476941250451,3.797485616058111
Switchgrass,RGB1,J303.A_D_T3.15.2023_I APPL 144,2023-04-24 13:21:08,0,3,2,2023-04-24_RgbImage_2023-04-24_13-21-08.png,Switchgrass_J303.A_D_T3.15.2023_I APPL 144,0.9327524860101329,4.111056922934949
Switchgrass,RGB2,J303.A_D_T3.15.2023_I APPL 144,2023-04-08 13:22:57,0,3,2,2023-04-8_RgbImage_2023-04-08_13-22-56.png,Switchgrass_J303.A_D_T3.15.2023_I APPL 144,0.8343744994426883,1.3980640820227563
Switchgrass,RGB2,J303.A_D_T3.15.2023_I APPL 144,2023-04-24 13:20:28,0,3,2,2023-04-24_RgbImage_2023-04-24_13-20-28.png,Switchgrass_J303.A_D_T3.15.2023_I APPL 144,0.8768366009150707,1.3581064837053418
Switchgrass,RGB1,VS16_D_I APPL 402,2022-11-25 11:09:53,0,3,2,2022-11-25_RgbImage_2022-11-25_11-09-52.png,Switchgrass_VS16_D_I APPL 402,0.9109732971190112,3.687046834733337
Switchgrass,RGB2,VS16_D_I APPL 402,2022-11-25 11:08:28,0,3,2,2022-11-25_RgbImage_2022-11-25_11-08-28.png,Switchgrass_VS16_D_I APPL 402,0.8439290950390558,1.4597128578461707
Switchgrass,RGB1,J215.A_WW_I APPL 21,2022-12-03 12:15:55,0,3,4,2022-12-3_RgbImage_2022-12-03_12-15-55.png,Switchgrass_J215.A_WW_I APPL 21,0.9158744907500626,3.755460129585117
Switchgrass,RGB2,J215.A_WW_I APPL 21,2022-12-03 12:13:47,0,3,4,2022-12-3_RgbImage_2022-12-03_12-13-46.png,Switchgrass_J215.A_WW_I APPL 21,0.49055392028415556,1.4148117150180042
Switchgrass,RGB1,VS16_Xtra_I APPL 129,2022-12-20 17:55:55,0,3,4,2022-12-20_RgbImage_2022-12-20_17-55-54.png,Switchgrass_VS16_Xtra_I APPL 129,0.9576028326145988,3.7930191019549966
Switchgrass,RGB1,VS16_Xtra_I APPL 129,2022-12-18 17:40:39,0,3,4,2022-12-18_RgbImage_2022-12-18_17-40-38.png,Switchgrass_VS16_Xtra_I APPL 129,0.9402556295269283,4.123045769985765
Switchgrass,RGB1,VS16_Xtra_I APPL 129,2022-12-14 17:41:49,0,3,4,2022-12-14_RgbImage_2022-12-14_17-41-48.png,Switchgrass_VS16_Xtra_I APPL 129,0.949320581789605,4.19009968591854
Switchgrass,RGB2,VS16_Xtra_I APPL 129,2022-12-20 17:54:36,0,3,4,2022-12-20_RgbImage_2022-12-20_17-54-35.png,Switchgrass_VS16_Xtra_I APPL 129,0.9412056414026024,1.4596117967739701
Switchgrass,RGB2,VS16_Xtra_I APPL 129,2022-12-18 17:40:00,0,3,4,2022-12-18_RgbImage_2022-12-18_17-40-00.png,Switchgrass_VS16_Xtra_I APPL 129,0.9609944432420348,1.3021179200150073
Switchgrass,RGB2,VS16_Xtra_I APPL 129,2022-12-14 17:41:09,0,3,4,2022-12-14_RgbImage_2022-12-14_17-41-08.png,Switchgrass_VS16_Xtra_I APPL 129,0.9583640944517682,1.3344231587834656
Switchgrass,RGB1,J215.A_WW_I APPL 21,2022-11-25 12:17:06,0,4,0,2022-11-25_RgbImage_2022-11-25_12-17-06.png,Switchgrass_J215.A_WW_I APPL 21,0.8866580866678114,3.787081114947796
Switchgrass,RGB2,J215.A_WW_I APPL 21,2022-11-25 12:14:59,0,4,0,2022-11-25_RgbImage_2022-11-25_12-14-58.png,Switchgrass_J215.A_WW_I APPL 21,0.00028822611323126875,1.4408726776018739
Switchgrass,RGB1,VS16_D_I APPL 60,2022-12-30 13:16:52,0,4,0,2022-12-30_RgbImage_2022-12-30_13-16-51.png,Switchgrass_VS16_D_I APPL 60,0.9248336277199445,3.7387246401049197
Switchgrass,RGB1,VS16_D_I APPL 60,2022-12-14 13:20:17,0,4,0,2022-12-14_RgbImage_2022-12-14_13-20-16.png,Switchgrass_VS16_D_I APPL 60,0.943139982002696,4.09244119701907
Switchgrass,RGB1,VS16_D_I APPL 60,2022-12-08 13:21:51,0,4,0,2022-12-8_RgbImage_2022-12-08_13-21-50.png,Switchgrass_VS16_D_I APPL 60,0.9352299491776611,4.234216026030481
Switchgrass,RGB2,VS16_D_I APPL 60,2022-12-30 13:15:29,0,4,0,2022-12-30_RgbImage_2022-12-30_13-15-28.png,Switchgrass_VS16_D_I APPL 60,0.6936486899890016,1.3652118491008878
Switchgrass,RGB2,VS16_D_I APPL 60,2022-12-14 13:18:54,0,4,0,2022-12-14_RgbImage_2022-12-14_13-18-54.png,Switchgrass_VS16_D_I APPL 60,0.7252916292900359,1.3389198696240783
Switchgrass,RGB2,VS16_D_I APPL 60,2022-12-08 13:19:48,0,4,0,2022-12-8_RgbImage_2022-12-08_13-19-47.png,Switchgrass_VS16_D_I APPL 60,0.5697896749744308,1.3394882851280272
Switchgrass,RGB1,J317.A_D_I APPL 123,2022-11-25 17:08:08,0,4,1,2022-11-25_RgbImage_2022-11-25_17-08-07.png,Switchgrass_J317.A_D_I APPL 123,0.8714726570137765,3.699991289060563
Switchgrass,RGB1,J317.A_D_I APPL 123,2022-11-28 17:04:13,0,4,1,2022-11-28_RgbImage_2022-11-28_17-04-13.png,Switchgrass_J317.A_D_I APPL 123,0.855542260419462,4.084113974124193
Switchgrass,RGB2,J317.A_D_I APPL 123,2022-11-25 17:06:43,0,4,1,2022-11-25_RgbImage_2022-11-25_17-06-43.png,Switchgrass_J317.A_D_I APPL 123,0.7003676470750234,1.3030725149437785
Switchgrass,RGB2,J317.A_D_I APPL 123,2022-11-28 17:02:50,0,4,1,2022-11-28_RgbImage_2022-11-28_17-02-50.png,Switchgrass_J317.A_D_I APPL 123,0.7396935338612034,1.3754277443513274
Switchgrass,RGB1,VS16_D_I APPL 124,2022-11-25 17:00:29,0,4,1,2022-11-25_RgbImage_2022-11-25_17-00-29.png,Switchgrass_VS16_D_I APPL 124,0.8129490022338848,3.6543457289226353
Switchgrass,RGB2,VS16_D_I APPL 124,2022-11-25 16:58:21,0,4,1,2022-11-25_RgbImage_2022-11-25_16-58-20.png,Switchgrass_VS16_D_I APPL 124,4.705882350726643e-10,1.3226374760270119
Switchgrass,RGB1,VS16_D_I APPL 124,2022-11-26 16:59:48,0,4,2,2022-11-26_RgbImage_2022-11-26_16-59-48.png,Switchgrass_VS16_D_I APPL 124,0.8026371397343727,3.68912056600675
Switchgrass,RGB1,VS16_D_I APPL 124,2022-11-27 16:59:26,0,4,2,2022-11-27_RgbImage_2022-11-27_16-59-26.png,Switchgrass_VS16_D_I APPL 124,0.8237139272409258,4.110861132852733
Switchgrass,RGB2,VS16_D_I APPL 124,2022-11-26 16:57:41,0,4,2,2022-11-26_RgbImage_2022-11-26_16-57-40.png,Switchgrass_VS16_D_I APPL 124,0.3049168732561313,1.3268403019756079
Switchgrass,RGB2,VS16_D_I APPL 124,2022-11-27 16:57:17,0,4,2,2022-11-27_RgbImage_2022-11-27_16-57-17.png,Switchgrass_VS16_D_I APPL 124,0.7431967469770413,1.3362500318326056
Switchgrass,RGB1,VS16_Xtra_I APPL 129,2022-11-29 17:47:58,0,4,2,2022-11-29_RgbImage_2022-11-29_17-47-57.png,Switchgrass_VS16_Xtra_I APPL 129,0.9176371544887304,3.7480580979026854
Switchgrass,RGB1,VS16_Xtra_I APPL 129,2022-11-25 19:20:05,0,4,2,2022-11-25_RgbImage_2022-11-25_19-20-04.png,Switchgrass_VS16_Xtra_I APPL 129,0.7995685005826173,4.116270611062646
Switchgrass,RGB2,VS16_Xtra_I APPL 129,2022-11-29 17:46:34,0,4,2,2022-11-29_RgbImage_2022-11-29_17-46-33.png,Switchgrass_VS16_Xtra_I APPL 129,0.2778489118828909,1.3979244870133698
Switchgrass,RGB2,VS16_Xtra_I APPL 129,2022-11-25 19:18:34,0,4,2,2022-11-25_RgbImage_2022-11-25_19-18-34.png,Switchgrass_VS16_Xtra_I APPL 129,2.499999375000156e-07,1.3724184553138912
Switchgrass,RGB1,J003.F_D_T3.14.2023_I APPL 256,2023-03-24 11:24:56,0,4,3,2023-03-24_RgbImage_2023-03-24_11-24-56.png,Switchgrass_J003.F_D_T3.14.2023_I APPL 256,0.9433381235914936,3.718802955932915
Switchgrass,RGB2,J003.F_D_T3.14.2023_I APPL 256,2023-03-24 11:24:13,0,4,3,2023-03-24_RgbImage_2023-03-24_11-24-13.png,Switchgrass_J003.F_D_T3.14.2023_I APPL 256,0.507224334694444,1.3204646282829344
Switchgrass,RGB1,J008.D_D_I APPL 338,2022-11-27 11:58:53,0,4,3,2022-11-27_RgbImage_2022-11-27_11-58-53.png,Switchgrass_J008.D_D_I APPL 338,0.9291147541006848,3.3464489211328328
Switchgrass,RGB1,J008.D_D_I APPL 338,2022-11-26 11:58:50,0,4,3,2022-11-26_RgbImage_2022-11-26_11-58-49.png,Switchgrass_J008.D_D_I APPL 338,0.9312907431573895,4.0431763348169625
Switchgrass,RGB2,J008.D_D_I APPL 338,2022-11-27 11:58:11,0,4,3,2022-11-27_RgbImage_2022-11-27_11-58-10.png,Switchgrass_J008.D_D_I APPL 338,0.9283173113368922,1.3251564693637192
Switchgrass,RGB2,J008.D_D_I APPL 338,2022-11-26 11:58:08,0,4,3,2022-11-26_RgbImage_2022-11-26_11-58-07.png,Switchgrass_J008.D_D_I APPL 338,0.906715126349367,1.3360303370282054
Switchgrass,RGB1,J021.C_D_T3.15.2023_I APPL 177,2023-03-25 09:06:22,0,4,3,2023-03-25_RgbImage_2023-03-25_09-06-22.png,Switchgrass_J021.C_D_T3.15.2023_I APPL 177,0.9355135882156249,3.693195051047951
Switchgrass,RGB2,J021.C_D_T3.15.2023_I APPL 177,2023-03-25 09:05:39,0,4,3,2023-03-25_RgbImage_2023-03-25_09-05-39.png,Switchgrass_J021.C_D_T3.15.2023_I APPL 177,1.8691588750109178e-09,1.3434011726640165
Switchgrass,RGB1,J003.F_WW_T3.14.2023_I APPL 199,2023-04-07 18:30:51,0,4,4,2023-04-7_RgbImage_2023-04-07_18-30-50.png,Switchgrass_J003.F_WW_T3.14.2023_I APPL 199,0.9194162436676053,3.6797920600511134
Switchgrass,RGB1,J003.F_WW_T3.14.2023_I APPL 199,2023-03-24 18:34:29,0,4,4,2023-03-24_RgbImage_2023-03-24_18-34-28.png,Switchgrass_J003.F_WW_T3.14.2023_I APPL 199,0.9378964449125392,4.013728389982134
Switchgrass,RGB1,J003.F_WW_T3.14.2023_I APPL 199,2023-03-31 18:31:35,0,4,4,2023-03-31_RgbImage_2023-03-31_18-31-34.png,Switchgrass_J003.F_WW_T3.14.2023_I APPL 199,0.8923493568225542,4.027986187022179
Switchgrass,RGB1,J003.F_WW_T3.14.2023_I APPL 199,2023-04-15 18:24:57,0,4,4,2023-04-15_RgbImage_2023-04-15_18-24-56.png,Switchgrass_J003.F_WW_T3.14.2023_I APPL 199,0.8952845528625554,4.129277694970369
Switchgrass,RGB2,J003.F_WW_T3.14.2023_I APPL 199,2023-04-07 18:30:08,0,4,4,2023-04-7_RgbImage_2023-04-07_18-30-07.png,Switchgrass_J003.F_WW_T3.14.2023_I APPL 199,4.777830862504619e-10,1.4648549309931695
Switchgrass,RGB2,J003.F_WW_T3.14.2023_I APPL 199,2023-03-24 18:33:45,0,4,4,2023-03-24_RgbImage_2023-03-24_18-33-45.png,Switchgrass_J003.F_WW_T3.14.2023_I APPL 199,1.383125862540628e-09,1.363913123961538
Switchgrass,RGB2,J003.F_WW_T3.14.2023_I APPL 199,2023-03-31 18:30:51,0,4,4,2023-03-31_RgbImage_2023-03-31_18-30-51.png,Switchgrass_J003.F_WW_T3.14.2023_I APPL 199,7.727975264506974e-10,1.4448313317261636
Switchgrass,RGB2,J003.F_WW_T3.14.2023_I APPL 199,2023-04-15 18:24:13,0,4,4,2023-04-15_RgbImage_2023-04-15_18-24-12.png,Switchgrass_J003.F_WW_T3.14.2023_I APPL 199,7.082152969488559e-10,1.346383512020111
Switchgrass,RGB1,AP13_WW_I APPL 133,2022-11-29 15:27:38,1,0,0,2022-11-29_RgbImage_2022-11-29_15-27-38.png,Switchgrass_AP13_WW_I APPL 133,0.7898767034665961,3.77199092740193
Switchgrass,RGB2,AP13_WW_I APPL 133,2022-11-29 15:25:30,1,0,0,2022-11-29_RgbImage_2022-11-29_15-25-30.png,Switchgrass_AP13_WW_I APPL 133,0.43617300145840815,1.4187679761089385
Switchgrass,RGB1,J235.A_WW_T3.13.2023_I APPL 332,2023-03-30 13:58:02,1,0,0,2023-03-30_RgbImage_2023-03-30_13-58-01.png,Switchgrass_J235.A_WW_T3.13.2023_I APPL 332,0.9659949139332294,3.8381094350479543
Switchgrass,RGB2,J235.A_WW_T3.13.2023_I APPL 332,2023-03-30 13:57:24,1,0,0,2023-03-30_RgbImage_2023-03-30_13-57-24.png,Switchgrass_J235.A_WW_T3.13.2023_I APPL 332,0.9167407787738336,1.4664190970361233
Switchgrass,RGB1,J249.C_D_T3.12.2023_I APPL 406,2023-03-29 16:19:53,1,0,0,2023-03-29_RgbImage_2023-03-29_16-19-53.png,Switchgrass_J249.C_D_T3.12.2023_I APPL 406,0.9557479224379796,3.774353906046599
Switchgrass,RGB2,J249.C_D_T3.12.2023_I APPL 406,2023-03-29 16:19:14,1,0,0,2023-03-29_RgbImage_2023-03-29_16-19-14.png,Switchgrass_J249.C_D_T3.12.2023_I APPL 406,0.9440551052932378,1.4548040782101452
Switchgrass,RGB1,J211.A_D_T3.14.2023_I APPL 239,2023-03-31 13:30:13,1,0,1,2023-03-31_RgbImage_2023-03-31_13-30-12.png,Switchgrass_J211.A_D_T3.14.2023_I APPL 239,0.944690230655047,3.8012412902899086
Switchgrass,RGB2,J211.A_D_T3.14.2023_I APPL 239,2023-03-31 13:29:31,1,0,1,2023-03-31_RgbImage_2023-03-31_13-29-31.png,Switchgrass_J211.A_D_T3.14.2023_I APPL 239,0.9379464239169775,1.4213857050053775
Switchgrass,RGB1,J416.A_WW_T3.12.2023_I APPL 425,2023-03-29 13:58:46,1,0,1,2023-03-29_RgbImage_2023-03-29_13-58-45.png,Switchgrass_J416.A_WW_T3.12.2023_I APPL 425,0.9341766149154956,3.842657203320414
Switchgrass,RGB2,J416.A_WW_T3.12.2023_I APPL 425,2023-03-29 13:58:06,1,0,1,2023-03-29_RgbImage_2023-03-29_13-58-05.png,Switchgrass_J416.A_WW_T3.12.2023_I APPL 425,0.9493285707319523,1.4595565130002797
Switchgrass,RGB1,J215.A_WW_T3.16.2023_I APPL 33,2023-04-02 15:11:44,1,0,2,2023-04-2_RgbImage_2023-04-02_15-11-43.png,Switchgrass_J215.A_WW_T3.16.2023_I APPL 33,0.9722534001343609,3.8154231533408165
Switchgrass,RGB2,J215.A_WW_T3.16.2023_I APPL 33,2023-04-02 15:11:04,1,0,2,2023-04-2_RgbImage_2023-04-02_15-11-03.png,Switchgrass_J215.A_WW_T3.16.2023_I APPL 33,0.8655409631026699,1.4231022112071514
Switchgrass,RGB1,J461.C_WW_T3.15.2023_I APPL 136,2023-04-01 14:15:51,1,0,2,2023-04-1_RgbImage_2023-04-01_14-15-50.png,Switchgrass_J461.C_WW_T3.15.2023_I APPL 136,0.9298156877834015,3.8156566550023854
Switchgrass,RGB2,J461.C_WW_T3.15.2023_I APPL 136,2023-04-01 14:15:11,1,0,2,2023-04-1_RgbImage_2023-04-01_14-15-10.png,Switchgrass_J461.C_WW_T3.15.2023_I APPL 136,0.9265987608952689,1.4283641292713583
Switchgrass,RGB1,J600.A_WW_T3.14.2023_I APPL 226,2023-03-31 15:19:15,1,0,2,2023-03-31_RgbImage_2023-03-31_15-19-14.png,Switchgrass_J600.A_WW_T3.14.2023_I APPL 226,0.9370711625176898,3.8862152779474854
Switchgrass,RGB2,J600.A_WW_T3.14.2023_I APPL 226,2023-03-31 15:18:34,1,0,2,2023-03-31_RgbImage_2023-03-31_15-18-33.png,Switchgrass_J600.A_WW_T3.14.2023_I APPL 226,0.9529567145651693,1.47657041111961
Switchgrass,RGB1,J181.A_WW_T3.13.2023_I APPL 310,2023-04-06 16:43:33,1,0,3,2023-04-6_RgbImage_2023-04-06_16-43-32.png,Switchgrass_J181.A_WW_T3.13.2023_I APPL 310,0.9338468031247666,3.9239332298748195
Switchgrass,RGB2,J181.A_WW_T3.13.2023_I APPL 310,2023-04-06 16:42:51,1,0,3,2023-04-6_RgbImage_2023-04-06_16-42-50.png,Switchgrass_J181.A_WW_T3.13.2023_I APPL 310,0.8557948972668759,1.4721791078336537
Switchgrass,RGB1,J322.A_D_T3.12.2023_I APPL 424,2023-03-29 14:07:09,1,0,3,2023-03-29_RgbImage_2023-03-29_14-07-08.png,Switchgrass_J322.A_D_T3.12.2023_I APPL 424,0.9034475957013759,3.8796204500831664
Switchgrass,RGB2,J322.A_D_T3.12.2023_I APPL 424,2023-03-29 14:06:27,1,0,3,2023-03-29_RgbImage_2023-03-29_14-06-26.png,Switchgrass_J322.A_D_T3.12.2023_I APPL 424,0.8430043546606485,1.45905951410532
Switchgrass,RGB1,J446.B_D_T3.12.2023_I APPL 413,2023-03-29 15:22:04,1,0,3,2023-03-29_RgbImage_2023-03-29_15-22-03.png,Switchgrass_J446.B_D_T3.12.2023_I APPL 413,0.9598040425046857,3.7867901190184057
Switchgrass,RGB2,J446.B_D_T3.12.2023_I APPL 413,2023-03-29 15:21:20,1,0,3,2023-03-29_RgbImage_2023-03-29_15-21-20.png,Switchgrass_J446.B_D_T3.12.2023_I APPL 413,0.9604493761224547,1.421022648923099
Switchgrass,RGB1,J585.A_WW_T3.14.2023_I APPL 268,2023-04-07 09:59:30,1,0,3,2023-04-7_RgbImage_2023-04-07_09-59-30.png,Switchgrass_J585.A_WW_T3.14.2023_I APPL 268,0.9502982787990936,3.792227658908814
Switchgrass,RGB2,J585.A_WW_T3.14.2023_I APPL 268,2023-04-07 09:58:52,1,0,3,2023-04-7_RgbImage_2023-04-07_09-58-51.png,Switchgrass_J585.A_WW_T3.14.2023_I APPL 268,0.943457915279213,1.4321203920990229
Switchgrass,RGB1,J340.A_D_T3.13.2023_I APPL 343,2023-04-28 12:38:02,1,0,4,2023-04-28_RgbImage_2023-04-28_12-38-02.png,Switchgrass_J340.A_D_T3.13.2023_I APPL 343,0.9262988265114436,3.84025085484609
Switchgrass,RGB2,J340.A_D_T3.13.2023_I APPL 343,2023-04-28 12:37:23,1,0,4,2023-04-28_RgbImage_2023-04-28_12-37-23.png,Switchgrass_J340.A_D_T3.13.2023_I APPL 343,0.9518883887243249,1.400232761632651
Switchgrass,RGB1,J466.A_D_T3.15.2023_I APPL 173,2023-04-08 09:38:14,1,0,4,2023-04-8_RgbImage_2023-04-08_09-38-13.png,Switchgrass_J466.A_D_T3.15.2023_I APPL 173,0.9445697998933923,3.828681039623916
Switchgrass,RGB2,J466.A_D_T3.15.2023_I APPL 173,2023-04-08 09:37:36,1,0,4,2023-04-8_RgbImage_2023-04-08_09-37-35.png,Switchgrass_J466.A_D_T3.15.2023_I APPL 173,0.9166895435702656,1.4144858699291945
Switchgrass,RGB1,J482.C_WW_T3.15.2023_I APPL 103,2023-04-01 18:36:02,1,0,4,2023-04-1_RgbImage_2023-04-01_18-36-01.png,Switchgrass_J482.C_WW_T3.15.2023_I APPL 103,0.959797267094552,3.8478722041472793
Switchgrass,RGB2,J482.C_WW_T3.15.2023_I APPL 103,2023-04-01 18:35:22,1,0,4,2023-04-1_RgbImage_2023-04-01_18-35-21.png,Switchgrass_J482.C_WW_T3.15.2023_I APPL 103,0.9532081440080603,1.4429332949221134
Switchgrass,RGB1,AP13_WW_I APPL 133,2022-12-15 15:23:38,1,1,0,2022-12-15_RgbImage_2022-12-15_15-23-37.png,Switchgrass_AP13_WW_I APPL 133,0.9439659391217583,3.8462621700018644
Switchgrass,RGB1,AP13_WW_I APPL 133,2022-12-21 15:21:53,1,1,0,2022-12-21_RgbImage_2022-12-21_15-21-52.png,Switchgrass_AP13_WW_I APPL 133,0.9340351460142876,4.159363658633083
Switchgrass,RGB2,AP13_WW_I APPL 133,2022-12-15 15:21:33,1,1,0,2022-12-15_RgbImage_2022-12-15_15-21-32.png,Switchgrass_AP13_WW_I APPL 133,0.935491731482699,1.3964287200942636
Switchgrass,RGB2,AP13_WW_I APPL 133,2022-12-21 15:19:49,1,1,0,2022-12-21_RgbImage_2022-12-21_15-19-49.png,Switchgrass_AP13_WW_I APPL 133,0.9242971947543578,1.359461025800556
Switchgrass,RGB1,J341.A_D_T3.14.2023_I APPL 248,2023-04-07 12:31:15,1,1,0,2023-04-7_RgbImage_2023-04-07_12-31-15.png,Switchgrass_J341.A_D_T3.14.2023_I APPL 248,0.9671111802002692,3.7036149543710053
Switchgrass,RGB2,J341.A_D_T3.14.2023_I APPL 248,2023-04-07 12:30:36,1,1,0,2023-04-7_RgbImage_2023-04-07_12-30-36.png,Switchgrass_J341.A_D_T3.14.2023_I APPL 248,0.9056309799512352,1.4323383932933211
Switchgrass,RGB1,J008.D_Xtra_I APPL 122,2022-12-19 17:16:27,1,1,1,2022-12-19_RgbImage_2022-12-19_17-16-26.png,Switchgrass_J008.D_Xtra_I APPL 122,0.9696152045137758,3.86809294577688
Switchgrass,RGB2,J008.D_Xtra_I APPL 122,2022-12-19 17:15:08,1,1,1,2022-12-19_RgbImage_2022-12-19_17-15-07.png,Switchgrass_J008.D_Xtra_I APPL 122,0.9698853157728269,1.4201102540828288
Switchgrass,RGB1,J209.A_D_T3.16.2023_I APPL 14,2023-04-02 17:34:52,1,1,1,2023-04-2_RgbImage_2023-04-02_17-34-52.png,Switchgrass_J209.A_D_T3.16.2023_I APPL 14,0.9687560606651336,3.855116420891136
Switchgrass,RGB2,J209.A_D_T3.16.2023_I APPL 14,2023-04-02 17:34:11,1,1,1,2023-04-2_RgbImage_2023-04-02_17-34-11.png,Switchgrass_J209.A_D_T3.16.2023_I APPL 14,0.8803701255798131,1.4291422511450946
Switchgrass,RGB1,J652.A_WW_T3.15.2023_I APPL 129,2023-04-08 15:12:12,1,1,1,2023-04-8_RgbImage_2023-04-08_15-12-12.png,Switchgrass_J652.A_WW_T3.15.2023_I APPL 129,0.9559533073930927,3.8289155941456556
Switchgrass,RGB2,J652.A_WW_T3.15.2023_I APPL 129,2023-04-08 15:11:32,1,1,1,2023-04-8_RgbImage_2023-04-08_15-11-32.png,Switchgrass_J652.A_WW_T3.15.2023_I APPL 129,0.9559581858685942,1.4476145948283374
Switchgrass,RGB1,J020.C_WW_T3.12.2023_I APPL 496,2023-04-12 09:55:42,1,1,2,2023-04-12_RgbImage_2023-04-12_09-55-42.png,Switchgrass_J020.C_WW_T3.12.2023_I APPL 496,0.9528387067358034,3.8011582451872528
Switchgrass,RGB2,J020.C_WW_T3.12.2023_I APPL 496,2023-04-12 09:55:00,1,1,2,2023-04-12_RgbImage_2023-04-12_09-55-00.png,Switchgrass_J020.C_WW_T3.12.2023_I APPL 496,0.8820769209300607,1.479779058136046
Switchgrass,RGB1,J458.C_D_T3.15.2023_I APPL 120,2023-04-08 16:10:40,1,1,2,2023-04-8_RgbImage_2023-04-08_16-10-39.png,Switchgrass_J458.C_D_T3.15.2023_I APPL 120,0.9362389788586439,3.778090721927583
Switchgrass,RGB2,J458.C_D_T3.15.2023_I APPL 120,2023-04-08 16:10:00,1,1,2,2023-04-8_RgbImage_2023-04-08_16-10-00.png,Switchgrass_J458.C_D_T3.15.2023_I APPL 120,0.9363939296222313,1.452260720077902
Switchgrass,RGB1,J576.A_WW_T3.14.2023_I APPL 263,2023-03-31 10:42:10,1,1,2,2023-03-31_RgbImage_2023-03-31_10-42-09.png,Switchgrass_J576.A_WW_T3.14.2023_I APPL 263,0.9605822416304678,3.803239220287651
Switchgrass,RGB2,J576.A_WW_T3.14.2023_I APPL 263,2023-03-31 10:41:30,1,1,2,2023-03-31_RgbImage_2023-03-31_10-41-29.png,Switchgrass_J576.A_WW_T3.14.2023_I APPL 263,0.9315041566944656,1.420106837991625
Switchgrass,RGB1,J008.D_D_I APPL 5,2022-11-30 10:37:07,1,1,3,2022-11-30_RgbImage_2022-11-30_10-37-07.png,Switchgrass_J008.D_D_I APPL 5,0.9384749311827759,3.805322107858956
Switchgrass,RGB2,J008.D_D_I APPL 5,2022-11-30 10:35:00,1,1,3,2022-11-30_RgbImage_2022-11-30_10-35-00.png,Switchgrass_J008.D_D_I APPL 5,0.9168508677064184,1.4140174146741629
Switchgrass,RGB1,J327.A_WW_T3.12.2023_I APPL 418,2023-03-29 14:40:20,1,1,3,2023-03-29_RgbImage_2023-03-29_14-40-20.png,Switchgrass_J327.A_WW_T3.12.2023_I APPL 418,0.9617673906320988,3.8504519131965935
Switchgrass,RGB2,J327.A_WW_T3.12.2023_I APPL 418,2023-03-29 14:39:45,1,1,3,2023-03-29_RgbImage_2023-03-29_14-39-44.png,Switchgrass_J327.A_WW_T3.12.2023_I APPL 418,0.9516761101268523,1.4383279490284622
Switchgrass,RGB1,J458.B_WW_T3.14.2023_I APPL 252,2023-04-22 11:54:58,1,1,3,2023-04-22_RgbImage_2023-04-22_11-54-58.png,Switchgrass_J458.B_WW_T3.14.2023_I APPL 252,0.9583097768434146,3.7812908133491874
Switchgrass,RGB2,J458.B_WW_T3.14.2023_I APPL 252,2023-04-22 11:54:24,1,1,3,2023-04-22_RgbImage_2023-04-22_11-54-23.png,Switchgrass_J458.B_WW_T3.14.2023_I APPL 252,0.9277217382448946,1.4530114899389446
Switchgrass,RGB1,J586.B_WW_T3.16.2023_I APPL 63,2023-04-17 11:31:22,1,1,3,2023-04-17_RgbImage_2023-04-17_11-31-22.png,Switchgrass_J586.B_WW_T3.16.2023_I APPL 63,0.9406377950594218,3.829804294742644
Switchgrass,RGB2,J586.B_WW_T3.16.2023_I APPL 63,2023-04-17 11:30:43,1,1,3,2023-04-17_RgbImage_2023-04-17_11-30-42.png,Switchgrass_J586.B_WW_T3.16.2023_I APPL 63,0.9397275345837617,1.4310815380886197
Switchgrass,RGB1,J182.A_WW_T3.13.2023_I APPL 385,2023-04-20 07:26:07,1,1,4,2023-04-20_RgbImage_2023-04-20_07-26-07.png,Switchgrass_J182.A_WW_T3.13.2023_I APPL 385,0.9457921813103121,3.796517121139914
Switchgrass,RGB2,J182.A_WW_T3.13.2023_I APPL 385,2023-04-20 07:25:29,1,1,4,2023-04-20_RgbImage_2023-04-20_07-25-28.png,Switchgrass_J182.A_WW_T3.13.2023_I APPL 385,0.9495284783715247,1.4165602629072964
Switchgrass,RGB1,J215.A_WW_I APPL 152,2022-12-15 13:53:38,1,1,4,2022-12-15_RgbImage_2022-12-15_13-53-38.png,Switchgrass_J215.A_WW_I APPL 152,0.9579185881812821,3.8665464925579727
Switchgrass,RGB1,J215.A_WW_I APPL 152,2022-12-06 13:55:05,1,1,4,2022-12-6_RgbImage_2022-12-06_13-55-04.png,Switchgrass_J215.A_WW_I APPL 152,0.9416767617172412,4.19524112297222
Switchgrass,RGB2,J215.A_WW_I APPL 152,2022-12-15 13:51:37,1,1,4,2022-12-15_RgbImage_2022-12-15_13-51-37.png,Switchgrass_J215.A_WW_I APPL 152,0.9548782434827385,1.2912405668757856
Switchgrass,RGB2,J215.A_WW_I APPL 152,2022-12-06 13:53:04,1,1,4,2022-12-6_RgbImage_2022-12-06_13-53-04.png,Switchgrass_J215.A_WW_I APPL 152,0.9293607026147398,1.3391120349988341
Switchgrass,RGB1,J477.B_WW_T3.16.2023_I APPL 38,2023-04-10 14:27:24,1,1,4,2023-04-10_RgbImage_2023-04-10_14-27-24.png,Switchgrass_J477.B_WW_T3.16.2023_I APPL 38,0.970371476268813,3.690449262969196
Switchgrass,RGB2,J477.B_WW_T3.16.2023_I APPL 38,2023-04-10 14:26:45,1,1,4,2023-04-10_RgbImage_2023-04-10_14-26-45.png,Switchgrass_J477.B_WW_T3.16.2023_I APPL 38,0.8689736334550056,1.3325950037688017
Switchgrass,RGB1,J235.A_D_T3.13.2023_I APPL 297,2023-04-14 23:05:00,1,2,0,2023-04-14_RgbImage_2023-04-14_23-04-59.png,Switchgrass_J235.A_D_T3.13.2023_I APPL 297,0.9593109558935865,3.6867459607310593
Switchgrass,RGB2,J235.A_D_T3.13.2023_I APPL 297,2023-04-14 23:04:19,1,2,0,2023-04-14_RgbImage_2023-04-14_23-04-18.png,Switchgrass_J235.A_D_T3.13.2023_I APPL 297,0.8580163008639867,1.345376718789339
Switchgrass,RGB1,J251.B_WW_T3.12.2023_I APPL 518,2023-04-05 09:31:13,1,2,0,2023-04-5_RgbImage_2023-04-05_09-31-12.png,Switchgrass_J251.B_WW_T3.12.2023_I APPL 518,0.9807928771726986,3.6936235348694026
Switchgrass,RGB2,J251.B_WW_T3.12.2023_I APPL 518,2023-04-05 09:30:38,1,2,0,2023-04-5_RgbImage_2023-04-05_09-30-37.png,Switchgrass_J251.B_WW_T3.12.2023_I APPL 518,0.9443649777915804,1.3124324032105505
Switchgrass,RGB1,J587.C_D_T3.16.2023_I APPL 37,2023-04-10 14:35:46,1,2,0,2023-04-10_RgbImage_2023-04-10_14-35-46.png,Switchgrass_J587.C_D_T3.16.2023_I APPL 37,0.9576111460146568,3.700297001749277
Switchgrass,RGB2,J587.C_D_T3.16.2023_I APPL 37,2023-04-10 14:35:06,1,2,0,2023-04-10_RgbImage_2023-04-10_14-35-05.png,Switchgrass_J587.C_D_T3.16.2023_I APPL 37,0.9489161254919228,1.3182811210863292
Switchgrass,RGB1,J306.A_WW_T3.12.2023_I APPL 437,2023-04-12 12:14:51,1,2,1,2023-04-12_RgbImage_2023-04-12_12-14-51.png,Switchgrass_J306.A_WW_T3.12.2023_I APPL 437,0.9244374003806998,3.7022747909650207
Switchgrass,RGB2,J306.A_WW_T3.12.2023_I APPL 437,2023-04-12 12:14:12,1,2,1,2023-04-12_RgbImage_2023-04-12_12-14-11.png,Switchgrass_J306.A_WW_T3.12.2023_I APPL 437,0.9466628437160947,1.3156870771199465
Switchgrass,RGB1,J621.C_WW_T3.16.2023_I APPL 73,2023-04-17 10:07:22,1,2,1,2023-04-17_RgbImage_2023-04-17_10-07-22.png,Switchgrass_J621.C_WW_T3.16.2023_I APPL 73,0.9278001963139685,3.7775674839504063
Switchgrass,RGB2,J621.C_WW_T3.16.2023_I APPL 73,2023-04-17 10:06:45,1,2,1,2023-04-17_RgbImage_2023-04-17_10-06-44.png,Switchgrass_J621.C_WW_T3.16.2023_I APPL 73,0.9324021899012842,1.4196323519572616
Switchgrass,RGB1,Rambo 5_D_T3.15.2023_I APPL 138,2023-04-16 13:55:15,1,2,1,2023-04-16_RgbImage_2023-04-16_13-55-15.png,Switchgrass_Rambo 5_D_T3.15.2023_I APPL 138,0.8966573416233553,3.8180276602506638
Switchgrass,RGB2,Rambo 5_D_T3.15.2023_I APPL 138,2023-04-16 13:54:36,1,2,1,2023-04-16_RgbImage_2023-04-16_13-54-36.png,Switchgrass_Rambo 5_D_T3.15.2023_I APPL 138,0.9582822841312658,1.4229032760486007
Switchgrass,RGB1,AP13_D_I APPL 261,2022-12-06 11:41:05,1,2,2,2022-12-6_RgbImage_2022-12-06_11-41-04.png,Switchgrass_AP13_D_I APPL 261,0.9487747566301714,3.81863284483552
Switchgrass,RGB2,AP13_D_I APPL 261,2022-12-06 11:40:26,1,2,2,2022-12-6_RgbImage_2022-12-06_11-40-25.png,Switchgrass_AP13_D_I APPL 261,0.9132860889471391,1.4212008267641068
Switchgrass,RGB1,J008.D_Xtra_I APPL 122,2022-12-08 17:19:01,1,2,2,2022-12-8_RgbImage_2022-12-08_17-19-00.png,Switchgrass_J008.D_Xtra_I APPL 122,0.9265014079312515,3.833796394057572
Switchgrass,RGB2,J008.D_Xtra_I APPL 122,2022-12-08 17:18:22,1,2,2,2022-12-8_RgbImage_2022-12-08_17-18-21.png,Switchgrass_J008.D_Xtra_I APPL 122,0.9511757397269788,1.430765660945326
Switchgrass,RGB1,J306.B_WW_T3.12.2023_I APPL 517,2023-03-29 07:19:54,1,2,2,2023-03-29_RgbImage_2023-03-29_07-19-53.png,Switchgrass_J306.B_WW_T3.12.2023_I APPL 517,0.9575730665173129,3.8038624990731478
Switchgrass,RGB2,J306.B_WW_T3.12.2023_I APPL 517,2023-03-29 07:19:14,1,2,2,2023-03-29_RgbImage_2023-03-29_07-19-14.png,Switchgrass_J306.B_WW_T3.12.2023_I APPL 517,0.8891116813092881,1.4208205780014396
Switchgrass,RGB1,J215.A_D_I APPL 121,2022-11-30 16:33:11,1,2,3,2022-11-30_RgbImage_2022-11-30_16-33-11.png,Switchgrass_J215.A_D_I APPL 121,0.9301124332711216,3.8993960106745362
Switchgrass,RGB2,J215.A_D_I APPL 121,2022-11-30 16:31:50,1,2,3,2022-11-30_RgbImage_2022-11-30_16-31-50.png,Switchgrass_J215.A_D_I APPL 121,0.8399196249183783,1.4273789483122528
Switchgrass,RGB1,J215.A_D_I APPL 4,2022-11-30 10:45:17,1,2,3,2022-11-30_RgbImage_2022-11-30_10-45-16.png,Switchgrass_J215.A_D_I APPL 4,0.9696306454397398,3.868035519029945
Switchgrass,RGB2,J215.A_D_I APPL 4,2022-11-30 10:43:17,1,2,3,2022-11-30_RgbImage_2022-11-30_10-43-16.png,Switchgrass_J215.A_D_I APPL 4,0.9405283969391072,1.446484879590571
Switchgrass,RGB1,J215.A_WW_I APPL 131,2022-12-11 15:14:55,1,2,3,2022-12-11_RgbImage_2022-12-11_15-14-55.png,Switchgrass_J215.A_WW_I APPL 131,0.9542321755571832,3.875422054901719
Switchgrass,RGB2,J215.A_WW_I APPL 131,2022-12-11 15:13:36,1,2,3,2022-12-11_RgbImage_2022-12-11_15-13-35.png,Switchgrass_J215.A_WW_I APPL 131,0.9483505750946004,1.443973802961409
Switchgrass,RGB1,J618.A_WW_T3.14.2023_I APPL 255,2023-04-15 11:30:34,1,2,3,2023-04-15_RgbImage_2023-04-15_11-30-33.png,Switchgrass_J618.A_WW_T3.14.2023_I APPL 255,0.9659074184186897,3.8599823429249227
Switchgrass,RGB2,J618.A_WW_T3.14.2023_I APPL 255,2023-04-15 11:29:56,1,2,3,2023-04-15_RgbImage_2023-04-15_11-29-56.png,Switchgrass_J618.A_WW_T3.14.2023_I APPL 255,0.9398744968139733,1.4347300957888365
Switchgrass,RGB1,J215.A_D_I APPL 121,2022-11-27 16:33:59,1,2,4,2022-11-27_RgbImage_2022-11-27_16-33-59.png,Switchgrass_J215.A_D_I APPL 121,0.8999387201268578,3.9053743751719594
Switchgrass,RGB1,J215.A_D_I APPL 121,2022-12-08 16:30:26,1,2,4,2022-12-8_RgbImage_2022-12-08_16-30-25.png,Switchgrass_J215.A_D_I APPL 121,0.918274167271613,4.180271901655942
Switchgrass,RGB2,J215.A_D_I APPL 121,2022-11-27 16:32:39,1,2,4,2022-11-27_RgbImage_2022-11-27_16-32-39.png,Switchgrass_J215.A_D_I APPL 121,0.851017155395105,1.2982900338247418
Switchgrass,RGB2,J215.A_D_I APPL 121,2022-12-08 16:29:07,1,2,4,2022-12-8_RgbImage_2022-12-08_16-29-07.png,Switchgrass_J215.A_D_I APPL 121,0.9059839158728779,1.3331911507993937
Switchgrass,RGB1,J215.A_WW_I APPL 21,2022-12-11 12:14:41,1,2,4,2022-12-11_RgbImage_2022-12-11_12-14-41.png,Switchgrass_J215.A_WW_I APPL 21,0.9400930546529714,3.656716146040708
Switchgrass,RGB2,J215.A_WW_I APPL 21,2022-12-11 12:12:36,1,2,4,2022-12-11_RgbImage_2022-12-11_12-12-35.png,Switchgrass_J215.A_WW_I APPL 21,0.820421695888781,1.3190375417470932
Switchgrass,RGB1,VS16_D_I APPL 124,2022-12-15 16:53:50,1,2,4,2022-12-15_RgbImage_2022-12-15_16-53-50.png,Switchgrass_VS16_D_I APPL 124,0.9347228731867082,3.7375427312217653
Switchgrass,RGB2,VS16_D_I APPL 124,2022-12-15 16:51:46,1,2,4,2022-12-15_RgbImage_2022-12-15_16-51-45.png,Switchgrass_VS16_D_I APPL 124,0.9472193163140771,1.3403986282646656
Switchgrass,RGB1,J008.B_WW_T3.13.2023_I APPL 330,2023-04-14 19:05:41,1,3,0,2023-04-14_RgbImage_2023-04-14_19-05-41.png,Switchgrass_J008.B_WW_T3.13.2023_I APPL 330,0.9687766431102841,3.8246153979562223
Switchgrass,RGB2,J008.B_WW_T3.13.2023_I APPL 330,2023-04-14 19:05:10,1,3,0,2023-04-14_RgbImage_2023-04-14_19-05-10.png,Switchgrass_J008.B_WW_T3.13.2023_I APPL 330,0.8126211905354093,1.3259958778508008
Switchgrass,RGB1,J484.A_D_T3.16.2023_I APPL 50,2023-04-17 13:02:39,1,3,0,2023-04-17_RgbImage_2023-04-17_13-02-39.png,Switchgrass_J484.A_D_T3.16.2023_I APPL 50,0.9259165204551907,3.9158340711146593
Switchgrass,RGB2,J484.A_D_T3.16.2023_I APPL 50,2023-04-17 13:02:00,1,3,0,2023-04-17_RgbImage_2023-04-17_13-01-59.png,Switchgrass_J484.A_D_T3.16.2023_I APPL 50,0.9072761065614748,1.3187201721593738
Switchgrass,RGB1,J587.C_D_T3.16.2023_I APPL 37,2023-04-17 14:33:58,1,3,0,2023-04-17_RgbImage_2023-04-17_14-33-57.png,Switchgrass_J587.C_D_T3.16.2023_I APPL 37,0.9503692127661674,3.7304452541284263
Switchgrass,RGB2,J587.C_D_T3.16.2023_I APPL 37,2023-04-17 14:33:20,1,3,0,2023-04-17_RgbImage_2023-04-17_14-33-19.png,Switchgrass_J587.C_D_T3.16.2023_I APPL 37,0.8794033926256173,1.3080090209841728
Switchgrass,RGB1,AP13_D_I APPL 261,2022-12-16 11:40:58,1,3,1,2022-12-16_RgbImage_2022-12-16_11-40-58.png,Switchgrass_AP13_D_I APPL 261,0.9661445903115421,3.692384193185717
Switchgrass,RGB2,AP13_D_I APPL 261,2022-12-16 11:39:42,1,3,1,2022-12-16_RgbImage_2022-12-16_11-39-42.png,Switchgrass_AP13_D_I APPL 261,0.9092203404246879,1.332751289010048
Switchgrass,RGB1,J216.A_WW_T3.14.2023_I APPL 209,2023-04-15 17:18:06,1,3,1,2023-04-15_RgbImage_2023-04-15_17-18-05.png,Switchgrass_J216.A_WW_T3.14.2023_I APPL 209,0.9766342680927025,3.89133147476241
Switchgrass,RGB2,J216.A_WW_T3.14.2023_I APPL 209,2023-04-15 17:17:33,1,3,1,2023-04-15_RgbImage_2023-04-15_17-17-32.png,Switchgrass_J216.A_WW_T3.14.2023_I APPL 209,0.9575795498464075,1.4289055652916431
Switchgrass,RGB1,VS16_D_I APPL 60,2023-02-04 13:13:21,1,3,1,2023-02-4_RgbImage_2023-02-04_13-13-20.png,Switchgrass_VS16_D_I APPL 60,0.9377655154077867,3.8658449593931437
Switchgrass,RGB1,VS16_D_I APPL 60,2023-01-23 13:34:16,1,3,1,2023-01-23_RgbImage_2023-01-23_13-34-15.png,Switchgrass_VS16_D_I APPL 60,0.9322714173441732,4.156214858870953
Switchgrass,RGB2,VS16_D_I APPL 60,2023-02-04 13:11:22,1,3,1,2023-02-4_RgbImage_2023-02-04_13-11-21.png,Switchgrass_VS16_D_I APPL 60,0.8470506502263623,1.3880138830281794
Switchgrass,RGB2,VS16_D_I APPL 60,2023-01-23 13:32:16,1,3,1,2023-01-23_RgbImage_2023-01-23_13-32-15.png,Switchgrass_VS16_D_I APPL 60,0.9068047878782751,1.3477046419866383
Switchgrass,RGB1,AP13_D_I APPL 261,2022-12-15 11:40:59,1,3,2,2022-12-15_RgbImage_2022-12-15_11-40-58.png,Switchgrass_AP13_D_I APPL 261,0.9664639246071213,3.8445450481958687
Switchgrass,RGB2,AP13_D_I APPL 261,2022-12-15 11:39:41,1,3,2,2022-12-15_RgbImage_2022-12-15_11-39-41.png,Switchgrass_AP13_D_I APPL 261,0.9259146143957399,1.4471186199225485
Switchgrass,RGB1,J215.A_WW_I APPL 131,2022-12-06 15:17:05,1,3,2,2022-12-6_RgbImage_2022-12-06_15-17-04.png,Switchgrass_J215.A_WW_I APPL 131,0.9397291318194596,3.915729493368417
Switchgrass,RGB2,J215.A_WW_I APPL 131,2022-12-06 15:15:03,1,3,2,2022-12-6_RgbImage_2022-12-06_15-15-03.png,Switchgrass_J215.A_WW_I APPL 131,0.9089935364744415,1.4357454860582948
Switchgrass,RGB1,J477.B_D_T3.16.2023_I APPL 68,2023-04-02 10:51:30,1,3,2,2023-04-2_RgbImage_2023-04-02_10-51-29.png,Switchgrass_J477.B_D_T3.16.2023_I APPL 68,0.9416823434568439,3.900459002237767
Switchgrass,RGB2,J477.B_D_T3.16.2023_I APPL 68,2023-04-02 10:50:48,1,3,2,2023-04-2_RgbImage_2023-04-02_10-50-48.png,Switchgrass_J477.B_D_T3.16.2023_I APPL 68,0.927082445585172,1.4590992201119661
Switchgrass,RGB1,J182.A_WW_T3.13.2023_I APPL 385,2023-03-30 07:26:15,1,3,3,2023-03-30_RgbImage_2023-03-30_07-26-14.png,Switchgrass_J182.A_WW_T3.13.2023_I APPL 385,0.9286922978960918,3.8436345574446023
Switchgrass,RGB2,J182.A_WW_T3.13.2023_I APPL 385,2023-03-30 07:25:32,1,3,3,2023-03-30_RgbImage_2023-03-30_07-25-32.png,Switchgrass_J182.A_WW_T3.13.2023_I APPL 385,0.9317541097658303,1.425286981742829
Switchgrass,RGB1,J215.A_WW_I APPL 221,2022-11-25 14:20:42,1,3,3,2022-11-25_RgbImage_2022-11-25_14-20-42.png,Switchgrass_J215.A_WW_I APPL 221,0.9564977548300787,3.8808383368887007
Switchgrass,RGB2,J215.A_WW_I APPL 221,2022-11-25 14:20:03,1,3,3,2022-11-25_RgbImage_2022-11-25_14-20-03.png,Switchgrass_J215.A_WW_I APPL 221,0.9131647364709722,1.4287209771573544
Switchgrass,RGB1,J335.A_WW_T3.13.2023_I APPL 383,2023-04-06 07:42:46,1,3,3,2023-04-6_RgbImage_2023-04-06_07-42-46.png,Switchgrass_J335.A_WW_T3.13.2023_I APPL 383,0.9485469650193482,3.9060998880304396
Switchgrass,RGB2,J335.A_WW_T3.13.2023_I APPL 383,2023-04-06 07:42:05,1,3,3,2023-04-6_RgbImage_2023-04-06_07-42-05.png,Switchgrass_J335.A_WW_T3.13.2023_I APPL 383,0.9527213094471871,1.4325190470553935
Switchgrass,RGB1,J502.A_D_T3.15.2023_I APPL 148,2023-04-24 12:47:58,1,3,3,2023-04-24_RgbImage_2023-04-24_12-47-58.png,Switchgrass_J502.A_D_T3.15.2023_I APPL 148,0.9503190465445498,3.9079739209264517
Switchgrass,RGB2,J502.A_D_T3.15.2023_I APPL 148,2023-04-24 12:47:17,1,3,3,2023-04-24_RgbImage_2023-04-24_12-47-17.png,Switchgrass_J502.A_D_T3.15.2023_I APPL 148,0.9261386199113215,1.4147018799558282
Switchgrass,RGB1,J461.B_D_T3.13.2023_I APPL 295,2023-04-28 18:24:03,1,3,4,2023-04-28_RgbImage_2023-04-28_18-24-03.png,Switchgrass_J461.B_D_T3.13.2023_I APPL 295,0.9571340625238087,3.8636340890079737
Switchgrass,RGB2,J461.B_D_T3.13.2023_I APPL 295,2023-04-28 18:23:26,1,3,4,2023-04-28_RgbImage_2023-04-28_18-23-25.png,Switchgrass_J461.B_D_T3.13.2023_I APPL 295,0.9376459556475872,1.4205972566269338
Switchgrass,RGB1,J498.B_D_T3.14.2023_I APPL 257,2023-05-05 11:14:04,1,3,4,2023-05-5_RgbImage_2023-05-05_11-14-04.png,Switchgrass_J498.B_D_T3.14.2023_I APPL 257,0.9509934093341985,3.831622754689306
Switchgrass,RGB2,J498.B_D_T3.14.2023_I APPL 257,2023-05-05 11:13:26,1,3,4,2023-05-5_RgbImage_2023-05-05_11-13-25.png,Switchgrass_J498.B_D_T3.14.2023_I APPL 257,0.9367630158115715,1.4231572267599404
Switchgrass,RGB1,J502.A_D_T3.15.2023_I APPL 148,2023-04-08 12:50:25,1,3,4,2023-04-8_RgbImage_2023-04-08_12-50-24.png,Switchgrass_J502.A_D_T3.15.2023_I APPL 148,0.9335872348816917,3.855108529794961
Switchgrass,RGB2,J502.A_D_T3.15.2023_I APPL 148,2023-04-08 12:49:44,1,3,4,2023-04-8_RgbImage_2023-04-08_12-49-43.png,Switchgrass_J502.A_D_T3.15.2023_I APPL 148,0.9276883996628347,1.437136888038367
Switchgrass,RGB1,VS16_D_I APPL 2,2022-11-30 11:35:01,1,3,4,2022-11-30_RgbImage_2022-11-30_11-35-01.png,Switchgrass_VS16_D_I APPL 2,0.9722203805610499,3.8400249308906496
Switchgrass,RGB2,VS16_D_I APPL 2,2022-11-30 11:32:59,1,3,4,2022-11-30_RgbImage_2022-11-30_11-32-58.png,Switchgrass_VS16_D_I APPL 2,0.9707233177635453,1.4312848239205778
Switchgrass,RGB1,J026.B_WW_T3.16.2023_I APPL 20,2023-04-10 16:41:58,1,4,0,2023-04-10_RgbImage_2023-04-10_16-41-58.png,Switchgrass_J026.B_WW_T3.16.2023_I APPL 20,0.9664530622052132,3.8089516097679734
Switchgrass,RGB2,J026.B_WW_T3.16.2023_I APPL 20,2023-04-10 16:41:20,1,4,0,2023-04-10_RgbImage_2023-04-10_16-41-19.png,Switchgrass_J026.B_WW_T3.16.2023_I APPL 20,0.8065876754481915,1.3830346670001745
Switchgrass,RGB1,J279.A_D_T3.12.2023_I APPL 397,2023-04-26 17:05:20,1,4,0,2023-04-26_RgbImage_2023-04-26_17-05-19.png,Switchgrass_J279.A_D_T3.12.2023_I APPL 397,0.9374199163507396,3.8543920847587287
Switchgrass,RGB2,J279.A_D_T3.12.2023_I APPL 397,2023-04-26 17:04:40,1,4,0,2023-04-26_RgbImage_2023-04-26_17-04-39.png,Switchgrass_J279.A_D_T3.12.2023_I APPL 397,0.8907990799085369,1.419394712895155
Switchgrass,RGB1,J317.A_D_I APPL 6,2022-12-17 10:27:23,1,4,0,2022-12-17_RgbImage_2022-12-17_10-27-22.png,Switchgrass_J317.A_D_I APPL 6,0.957880681912219,3.869037725031376
Switchgrass,RGB2,J317.A_D_I APPL 6,2022-12-17 10:26:09,1,4,0,2022-12-17_RgbImage_2022-12-17_10-26-08.png,Switchgrass_J317.A_D_I APPL 6,0.9413394181545262,1.4228517902083695
Switchgrass,RGB1,J614.B_D_T3.14.2023_I APPL 230,2023-04-22 14:40:18,1,4,0,2023-04-22_RgbImage_2023-04-22_14-40-17.png,Switchgrass_J614.B_D_T3.14.2023_I APPL 230,0.9198596646319359,3.854338593315333
Switchgrass,RGB2,J614.B_D_T3.14.2023_I APPL 230,2023-04-22 14:39:40,1,4,0,2023-04-22_RgbImage_2023-04-22_14-39-39.png,Switchgrass_J614.B_D_T3.14.2023_I APPL 230,0.8941365743330243,1.4350221999920905
Switchgrass,RGB1,J008.D_WW_I APPL 15,2022-11-30 10:19:15,1,4,1,2022-11-30_RgbImage_2022-11-30_10-19-15.png,Switchgrass_J008.D_WW_I APPL 15,0.9741826994412793,3.888484171126038
Switchgrass,RGB1,J008.D_WW_I APPL 15,2022-11-29 10:19:17,1,4,1,2022-11-29_RgbImage_2022-11-29_10-19-17.png,Switchgrass_J008.D_WW_I APPL 15,0.9769040569005348,4.203770098742098
Switchgrass,RGB2,J008.D_WW_I APPL 15,2022-11-30 10:18:30,1,4,1,2022-11-30_RgbImage_2022-11-30_10-18-30.png,Switchgrass_J008.D_WW_I APPL 15,0.9612626298313023,1.4080947586335242
Switchgrass,RGB2,J008.D_WW_I APPL 15,2022-11-29 10:18:31,1,4,1,2022-11-29_RgbImage_2022-11-29_10-18-31.png,Switchgrass_J008.D_WW_I APPL 15,0.9579381903382441,1.323848495259881
Switchgrass,RGB1,J317.A_WW_I APPL 225,2022-12-11 14:50:54,1,4,1,2022-12-11_RgbImage_2022-12-11_14-50-53.png,Switchgrass_J317.A_WW_I APPL 225,0.9609220449580279,3.7781419693492353
Switchgrass,RGB2,J317.A_WW_I APPL 225,2022-12-11 14:48:56,1,4,1,2022-12-11_RgbImage_2022-12-11_14-48-55.png,Switchgrass_J317.A_WW_I APPL 225,0.9191962136513658,1.4170478652231395
Switchgrass,RGB1,J008.D_D_I APPL 338,2022-12-15 11:57:21,1,4,2,2022-12-15_RgbImage_2022-12-15_11-57-21.png,Switchgrass_J008.D_D_I APPL 338,0.9617392734301609,3.8110838420689106
Switchgrass,RGB2,J008.D_D_I APPL 338,2022-12-15 11:56:01,1,4,2,2022-12-15_RgbImage_2022-12-15_11-56-00.png,Switchgrass_J008.D_D_I APPL 338,0.9683087979600771,1.4202871401794255
Switchgrass,RGB1,J303.A_WW_T3.15.2023_I APPL 152,2023-04-24 12:14:21,1,4,2,2023-04-24_RgbImage_2023-04-24_12-14-21.png,Switchgrass_J303.A_WW_T3.15.2023_I APPL 152,0.9559784797448825,3.845229039900005
Switchgrass,RGB2,J303.A_WW_T3.15.2023_I APPL 152,2023-04-24 12:13:44,1,4,2,2023-04-24_RgbImage_2023-04-24_12-13-44.png,Switchgrass_J303.A_WW_T3.15.2023_I APPL 152,0.8877510453743097,1.4023992801085114
Switchgrass,RGB1,J586.A_WW_T3.14.2023_I APPL 215,2023-04-07 16:34:22,1,4,2,2023-04-7_RgbImage_2023-04-07_16-34-22.png,Switchgrass_J586.A_WW_T3.14.2023_I APPL 215,0.96377566919924,3.8846751009114087
Switchgrass,RGB2,J586.A_WW_T3.14.2023_I APPL 215,2023-04-07 16:33:47,1,4,2,2023-04-7_RgbImage_2023-04-07_16-33-47.png,Switchgrass_J586.A_WW_T3.14.2023_I APPL 215,0.9212166009324817,1.4431162527762353
Switchgrass,RGB1,J248.A_WW_T3.13.2023_I APPL 368,2023-03-30 09:31:27,1,4,3,2023-03-30_RgbImage_2023-03-30_09-31-26.png,Switchgrass_J248.A_WW_T3.13.2023_I APPL 368,0.9512334674695062,3.932826839853078
Switchgrass,RGB1,J248.A_WW_T3.13.2023_I APPL 368,2023-04-06 09:30:54,1,4,3,2023-04-6_RgbImage_2023-04-06_09-30-53.png,Switchgrass_J248.A_WW_T3.13.2023_I APPL 368,0.9407935733833862,4.161486234050244
Switchgrass,RGB2,J248.A_WW_T3.13.2023_I APPL 368,2023-03-30 09:30:49,1,4,3,2023-03-30_RgbImage_2023-03-30_09-30-48.png,Switchgrass_J248.A_WW_T3.13.2023_I APPL 368,0.7385322183520809,1.2913426659069955
Switchgrass,RGB2,J248.A_WW_T3.13.2023_I APPL 368,2023-04-06 09:30:17,1,4,3,2023-04-6_RgbImage_2023-04-06_09-30-17.png,Switchgrass_J248.A_WW_T3.13.2023_I APPL 368,0.7948144721978438,1.3305429429747164
Switchgrass,RGB1,J587.B_WW_T3.15.2023_I APPL 164,2023-04-16 10:52:01,1,4,3,2023-04-16_RgbImage_2023-04-16_10-52-00.png,Switchgrass_J587.B_WW_T3.15.2023_I APPL 164,0.9629852430906051,3.6656263768672943
Switchgrass,RGB2,J587.B_WW_T3.15.2023_I APPL 164,2023-04-16 10:51:25,1,4,3,2023-04-16_RgbImage_2023-04-16_10-51-25.png,Switchgrass_J587.B_WW_T3.15.2023_I APPL 164,0.9442046737533941,1.3492196039296687
Switchgrass,RGB1,VS16_D_I APPL 2,2022-11-27 11:34:38,1,4,3,2022-11-27_RgbImage_2022-11-27_11-34-38.png,Switchgrass_VS16_D_I APPL 2,0.9498883463916025,3.713069235906005
Switchgrass,RGB2,VS16_D_I APPL 2,2022-11-27 11:33:18,1,4,3,2022-11-27_RgbImage_2022-11-27_11-33-17.png,Switchgrass_VS16_D_I APPL 2,0.967906744987628,1.3459508838132024
Switchgrass,RGB1,VS16_WW_I APPL 10,2022-12-17 11:49:10,1,4,4,2022-12-17_RgbImage_2022-12-17_11-49-09.png,Switchgrass_VS16_WW_I APPL 10,0.9436640045118005,3.7238734741695225
Switchgrass,RGB1,VS16_WW_I APPL 10,2022-12-16 11:49:10,1,4,4,2022-12-16_RgbImage_2022-12-16_11-49-10.png,Switchgrass_VS16_WW_I APPL 10,0.9562562832553851,4.238963076844811
Switchgrass,RGB2,VS16_WW_I APPL 10,2022-12-17 11:47:49,1,4,4,2022-12-17_RgbImage_2022-12-17_11-47-49.png,Switchgrass_VS16_WW_I APPL 10,0.96260341822014,1.294239834882319
Switchgrass,RGB2,VS16_WW_I APPL 10,2022-12-16 11:47:51,1,4,4,2022-12-16_RgbImage_2022-12-16_11-47-50.png,Switchgrass_VS16_WW_I APPL 10,0.9604802117916145,1.3833023342303932
Switchgrass,RGB1,AP13_WW_I APPL 133,2022-12-30 13:52:09,2,0,0,2022-12-30_RgbImage_2022-12-30_13-52-09.png,Switchgrass_AP13_WW_I APPL 133,0.9464882660816035,3.7544837477616966
Switchgrass,RGB2,AP13_WW_I APPL 133,2022-12-30 13:50:51,2,0,0,2022-12-30_RgbImage_2022-12-30_13-50-50.png,Switchgrass_AP13_WW_I APPL 133,0.9520333756577107,1.3452654271386564
Switchgrass,RGB1,J250.C_D_T3.13.2023_I APPL 358,2023-04-06 10:39:04,2,0,0,2023-04-6_RgbImage_2023-04-06_10-39-04.png,Switchgrass_J250.C_D_T3.13.2023_I APPL 358,0.951104318706632,3.9300135001540184
Switchgrass,RGB2,J250.C_D_T3.13.2023_I APPL 358,2023-04-06 10:38:23,2,0,0,2023-04-6_RgbImage_2023-04-06_10-38-23.png,Switchgrass_J250.C_D_T3.13.2023_I APPL 358,0.9531280778999389,1.3306595222093165
Switchgrass,RGB1,J458.C_D_T3.15.2023_I APPL 120,2023-04-16 16:07:58,2,0,1,2023-04-16_RgbImage_2023-04-16_16-07-58.png,Switchgrass_J458.C_D_T3.15.2023_I APPL 120,0.9580155252782261,3.8344198032282293
Switchgrass,RGB2,J458.C_D_T3.15.2023_I APPL 120,2023-04-16 16:07:23,2,0,1,2023-04-16_RgbImage_2023-04-16_16-07-22.png,Switchgrass_J458.C_D_T3.15.2023_I APPL 120,0.9046415871239764,1.4290555091574788
Switchgrass,RGB1,J466.A_WW_T3.15.2023_I APPL 107,2023-04-24 17:54:55,2,0,1,2023-04-24_RgbImage_2023-04-24_17-54-54.png,Switchgrass_J466.A_WW_T3.15.2023_I APPL 107,0.9624765853384475,3.8295399569906294
Switchgrass,RGB2,J466.A_WW_T3.15.2023_I APPL 107,2023-04-24 17:54:22,2,0,1,2023-04-24_RgbImage_2023-04-24_17-54-21.png,Switchgrass_J466.A_WW_T3.15.2023_I APPL 107,0.9329308040272697,1.458333563990891
Switchgrass,RGB1,J598.B_WW_T3.14.2023_I APPL 238,2023-04-15 13:35:02,2,0,1,2023-04-15_RgbImage_2023-04-15_13-35-02.png,Switchgrass_J598.B_WW_T3.14.2023_I APPL 238,0.9619010556356744,3.9102201173081994
Switchgrass,RGB2,J598.B_WW_T3.14.2023_I APPL 238,2023-04-15 13:34:33,2,0,1,2023-04-15_RgbImage_2023-04-15_13-34-32.png,Switchgrass_J598.B_WW_T3.14.2023_I APPL 238,0.8963049751152453,1.4363623936660588
Switchgrass,RGB1,J602.A_D_T3.14.2023_I APPL 288,2023-04-22 07:28:51,2,0,2,2023-04-22_RgbImage_2023-04-22_07-28-50.png,Switchgrass_J602.A_D_T3.14.2023_I APPL 288,0.9678078940643035,3.8794205151498318
Switchgrass,RGB2,J602.A_D_T3.14.2023_I APPL 288,2023-04-22 07:28:14,2,0,2,2023-04-22_RgbImage_2023-04-22_07-28-14.png,Switchgrass_J602.A_D_T3.14.2023_I APPL 288,0.9283809147487945,1.4214950543828309
Switchgrass,RGB1,J215.A_WW_I APPL 152,2022-12-30 13:44:01,2,0,3,2022-12-30_RgbImage_2022-12-30_13-44-00.png,Switchgrass_J215.A_WW_I APPL 152,0.9716362633466258,3.860569855198264
Switchgrass,RGB2,J215.A_WW_I APPL 152,2022-12-30 13:42:44,2,0,3,2022-12-30_RgbImage_2022-12-30_13-42-43.png,Switchgrass_J215.A_WW_I APPL 152,0.9660513486493243,1.4517927770502865
Switchgrass,RGB1,J502.C_WW_T3.13.2023_I APPL 291,2023-04-06 19:04:24,2,0,3,2023-04-6_RgbImage_2023-04-06_19-04-23.png,Switchgrass_J502.C_WW_T3.13.2023_I APPL 291,0.942173952023198,3.9086142517626286
Switchgrass,RGB2,J502.C_WW_T3.13.2023_I APPL 291,2023-04-06 19:03:44,2,0,3,2023-04-6_RgbImage_2023-04-06_19-03-43.png,Switchgrass_J502.C_WW_T3.13.2023_I APPL 291,0.9324721937178351,1.429122295230627
Switchgrass,RGB1,J609.A_WW_T3.15.2023_I APPL 125,2023-04-30 15:41:07,2,0,3,2023-04-30_RgbImage_2023-04-30_15-41-07.png,Switchgrass_J609.A_WW_T3.15.2023_I APPL 125,0.9711539665644883,3.8545229407027364
Switchgrass,RGB2,J609.A_WW_T3.15.2023_I APPL 125,2023-04-30 15:40:32,2,0,3,2023-04-30_RgbImage_2023-04-30_15-40-32.png,Switchgrass_J609.A_WW_T3.15.2023_I APPL 125,0.9365510840021193,1.4363436279818416
Switchgrass,RGB1,J618.A_D_T3.14.2023_I APPL 243,2023-04-29 13:09:19,2,0,3,2023-04-29_RgbImage_2023-04-29_13-09-19.png,Switchgrass_J618.A_D_T3.14.2023_I APPL 243,0.9234893395150726,3.8923229994252324
Switchgrass,RGB2,J618.A_D_T3.14.2023_I APPL 243,2023-04-29 13:08:38,2,0,3,2023-04-29_RgbImage_2023-04-29_13-08-38.png,Switchgrass_J618.A_D_T3.14.2023_I APPL 243,0.9023535382374538,1.4217533031478524
Switchgrass,RGB1,J181.A_WW_T3.13.2023_I APPL 310,2023-05-04 21:11:39,2,0,4,2023-05-4_RgbImage_2023-05-04_21-11-39.png,Switchgrass_J181.A_WW_T3.13.2023_I APPL 310,0.9709271031588791,3.8538252720609307
Switchgrass,RGB2,J181.A_WW_T3.13.2023_I APPL 310,2023-05-04 21:11:05,2,0,4,2023-05-4_RgbImage_2023-05-04_21-11-04.png,Switchgrass_J181.A_WW_T3.13.2023_I APPL 310,0.9597704284309215,1.4427853673696518
Switchgrass,RGB1,J182.A_WW_T3.13.2023_I APPL 385,2023-04-28 07:26:03,2,0,4,2023-04-28_RgbImage_2023-04-28_07-26-03.png,Switchgrass_J182.A_WW_T3.13.2023_I APPL 385,0.9601839659669922,3.9166791699826717
Switchgrass,RGB2,J182.A_WW_T3.13.2023_I APPL 385,2023-04-28 07:25:28,2,0,4,2023-04-28_RgbImage_2023-04-28_07-25-27.png,Switchgrass_J182.A_WW_T3.13.2023_I APPL 385,0.9342713663477392,1.4368023960851133
Switchgrass,RGB1,AP13_WW_I APPL 133,2023-01-07 13:56:34,2,1,0,2023-01-7_RgbImage_2023-01-07_13-56-34.png,Switchgrass_AP13_WW_I APPL 133,0.9438549872772466,3.8468249570578337
Switchgrass,RGB2,AP13_WW_I APPL 133,2023-01-07 13:55:24,2,1,0,2023-01-7_RgbImage_2023-01-07_13-55-23.png,Switchgrass_AP13_WW_I APPL 133,0.9176780841449228,1.4130015461705625
Switchgrass,RGB1,J251.B_D_T3.12.2023_I APPL 438,2023-04-05 14:27:51,2,1,0,2023-04-5_RgbImage_2023-04-05_14-27-50.png,Switchgrass_J251.B_D_T3.12.2023_I APPL 438,0.9674814676596605,3.824666351079941
Switchgrass,RGB2,J251.B_D_T3.12.2023_I APPL 438,2023-04-05 14:27:18,2,1,0,2023-04-5_RgbImage_2023-04-05_14-27-18.png,Switchgrass_J251.B_D_T3.12.2023_I APPL 438,0.8902845126787996,1.3652606029063463
Switchgrass,RGB1,J418.A_D_T3.15.2023_I APPL 150,2023-04-24 12:31:05,2,1,0,2023-04-24_RgbImage_2023-04-24_12-31-05.png,Switchgrass_J418.A_D_T3.15.2023_I APPL 150,0.9617303070762377,3.83477653702721
Switchgrass,RGB2,J418.A_D_T3.15.2023_I APPL 150,2023-04-24 12:30:30,2,1,0,2023-04-24_RgbImage_2023-04-24_12-30-29.png,Switchgrass_J418.A_D_T3.15.2023_I APPL 150,0.9344142235326942,1.4265868812799454
Switchgrass,RGB1,J008.D_Xtra_I APPL 122,2022-12-16 17:17:46,2,1,1,2022-12-16_RgbImage_2022-12-16_17-17-46.png,Switchgrass_J008.D_Xtra_I APPL 122,0.9645310829360563,3.812003178987652
Switchgrass,RGB2,J008.D_Xtra_I APPL 122,2022-12-16 17:16:27,2,1,1,2022-12-16_RgbImage_2022-12-16_17-16-27.png,Switchgrass_J008.D_Xtra_I APPL 122,0.9598532577424946,1.430174384266138
Switchgrass,RGB1,J009.C_WW_T3.15.2023_I APPL 155,2023-04-01 11:53:11,2,1,1,2023-04-1_RgbImage_2023-04-01_11-53-10.png,Switchgrass_J009.C_WW_T3.15.2023_I APPL 155,0.9678767862341668,3.776725150179118
Switchgrass,RGB2,J009.C_WW_T3.15.2023_I APPL 155,2023-04-01 11:52:37,2,1,1,2023-04-1_RgbImage_2023-04-01_11-52-37.png,Switchgrass_J009.C_WW_T3.15.2023_I APPL 155,0.922279468676764,1.4476145980879664
Switchgrass,RGB1,J271.A_D_T3.13.2023_I APPL 298,2023-04-28 17:59:12,2,1,1,2023-04-28_RgbImage_2023-04-28_17-59-11.png,Switchgrass_J271.A_D_T3.13.2023_I APPL 298,0.94946226703338,3.7804405838251114
Switchgrass,RGB2,J271.A_D_T3.13.2023_I APPL 298,2023-04-28 17:58:35,2,1,1,2023-04-28_RgbImage_2023-04-28_17-58-34.png,Switchgrass_J271.A_D_T3.13.2023_I APPL 298,0.9273625334665913,1.4203359629027545
Switchgrass,RGB1,J312.A_WW_T3.12.2023_I APPL 486,2023-04-26 11:16:38,2,1,2,2023-04-26_RgbImage_2023-04-26_11-16-37.png,Switchgrass_J312.A_WW_T3.12.2023_I APPL 486,0.9571827849106901,3.8205899340100586
Switchgrass,RGB2,J312.A_WW_T3.12.2023_I APPL 486,2023-04-26 11:16:04,2,1,2,2023-04-26_RgbImage_2023-04-26_11-16-03.png,Switchgrass_J312.A_WW_T3.12.2023_I APPL 486,0.9298780829755553,1.423888178076595
Switchgrass,RGB1,J317.A_WW_I APPL 262,2022-12-21 13:01:30,2,1,2,2022-12-21_RgbImage_2022-12-21_13-01-29.png,Switchgrass_J317.A_WW_I APPL 262,0.9589762178055157,3.805169580038637
Switchgrass,RGB2,J317.A_WW_I APPL 262,2022-12-21 13:00:54,2,1,2,2022-12-21_RgbImage_2022-12-21_13-00-53.png,Switchgrass_J317.A_WW_I APPL 262,0.9404319732657336,1.4171780119650066
Switchgrass,RGB1,J458.C_D_T3.15.2023_I APPL 120,2023-04-30 16:05:58,2,1,2,2023-04-30_RgbImage_2023-04-30_16-05-57.png,Switchgrass_J458.C_D_T3.15.2023_I APPL 120,0.9805203799386629,3.8020766712725163
Switchgrass,RGB2,J458.C_D_T3.15.2023_I APPL 120,2023-04-30 16:05:24,2,1,2,2023-04-30_RgbImage_2023-04-30_16-05-23.png,Switchgrass_J458.C_D_T3.15.2023_I APPL 120,0.9242224229373683,1.4559743939898908
Switchgrass,RGB1,J601.B_D_T3.16.2023_I APPL 44,2023-05-02 13:52:03,2,1,2,2023-05-2_RgbImage_2023-05-02_13-52-03.png,Switchgrass_J601.B_D_T3.16.2023_I APPL 44,0.9665699859154611,3.8111980170942843
Switchgrass,RGB2,J601.B_D_T3.16.2023_I APPL 44,2023-05-02 13:51:27,2,1,2,2023-05-2_RgbImage_2023-05-02_13-51-27.png,Switchgrass_J601.B_D_T3.16.2023_I APPL 44,0.9351795017666942,1.4435446127317846
Switchgrass,RGB1,J215.A_D_I APPL 146,2023-01-01 14:38:26,2,1,3,2023-01-1_RgbImage_2023-01-01_14-38-25.png,Switchgrass_J215.A_D_I APPL 146,0.9122749543177748,3.8065399890765548
Switchgrass,RGB2,J215.A_D_I APPL 146,2023-01-01 14:36:29,2,1,3,2023-01-1_RgbImage_2023-01-01_14-36-29.png,Switchgrass_J215.A_D_I APPL 146,0.9228426939649533,1.4234671830199659
Switchgrass,RGB1,J215.A_D_I APPL 4,2022-12-12 10:44:38,2,1,3,2022-12-12_RgbImage_2022-12-12_10-44-37.png,Switchgrass_J215.A_D_I APPL 4,0.9557275044578138,3.8226940920576453
Switchgrass,RGB1,J215.A_D_I APPL 4,2022-12-02 10:44:32,2,1,3,2022-12-2_RgbImage_2022-12-02_10-44-31.png,Switchgrass_J215.A_D_I APPL 4,0.958396086512881,4.062082971911877
Switchgrass,RGB2,J215.A_D_I APPL 4,2022-12-12 10:42:36,2,1,3,2022-12-12_RgbImage_2022-12-12_10-42-36.png,Switchgrass_J215.A_D_I APPL 4,0.9558717566486351,1.4309905371628702
Switchgrass,RGB2,J215.A_D_I APPL 4,2022-12-02 10:43:13,2,1,3,2022-12-2_RgbImage_2022-12-02_10-43-13.png,Switchgrass_J215.A_D_I APPL 4,0.9128332112089707,1.3413927960209548
Switchgrass,RGB1,J215.A_WW_I APPL 131,2022-12-20 15:29:21,2,1,3,2022-12-20_RgbImage_2022-12-20_15-29-20.png,Switchgrass_J215.A_WW_I APPL 131,0.9648714827026084,3.7104742587544024
Switchgrass,RGB2,J215.A_WW_I APPL 131,2022-12-20 15:28:01,2,1,3,2022-12-20_RgbImage_2022-12-20_15-28-01.png,Switchgrass_J215.A_WW_I APPL 131,0.9469414483823307,1.4048457946628332
Switchgrass,RGB1,J215.A_WW_I APPL 152,2022-12-16 13:52:22,2,1,4,2022-12-16_RgbImage_2022-12-16_13-52-21.png,Switchgrass_J215.A_WW_I APPL 152,0.9664779157506007,3.8484495179727674
Switchgrass,RGB2,J215.A_WW_I APPL 152,2022-12-16 13:51:45,2,1,4,2022-12-16_RgbImage_2022-12-16_13-51-45.png,Switchgrass_J215.A_WW_I APPL 152,0.9477697373259225,1.4045867850072682
Switchgrass,RGB1,VS16_D_I APPL 402,2023-01-06 11:05:46,2,1,4,2023-01-6_RgbImage_2023-01-06_11-05-45.png,Switchgrass_VS16_D_I APPL 402,0.958761210538349,3.814470555167645
Switchgrass,RGB2,VS16_D_I APPL 402,2023-01-06 11:05:12,2,1,4,2023-01-6_RgbImage_2023-01-06_11-05-12.png,Switchgrass_VS16_D_I APPL 402,0.9428749543199859,1.4327918733470142
Switchgrass,RGB1,VS16_WW_I APPL 10,2022-12-29 15:57:15,2,1,4,2022-12-29_RgbImage_2022-12-29_15-57-15.png,Switchgrass_VS16_WW_I APPL 10,0.9681789592755151,3.8046281249262393
Switchgrass,RGB2,VS16_WW_I APPL 10,2022-12-29 15:56:40,2,1,4,2022-12-29_RgbImage_2022-12-29_15-56-40.png,Switchgrass_VS16_WW_I APPL 10,0.9538660883517317,1.438799791969359
Switchgrass,RGB1,VS16_Xtra_I APPL 129,2023-01-02 17:35:06,2,1,4,2023-01-2_RgbImage_2023-01-02_17-35-05.png,Switchgrass_VS16_Xtra_I APPL 129,0.9632238150207648,3.840799634344876
Switchgrass,RGB2,VS16_Xtra_I APPL 129,2023-01-02 17:33:46,2,1,4,2023-01-2_RgbImage_2023-01-02_17-33-46.png,Switchgrass_VS16_Xtra_I APPL 129,0.9643210017527586,1.4192581353709102
Switchgrass,RGB1,J001.B_D_T3.13.2023_I APPL 375,2023-04-14 13:27:22,2,2,0,2023-04-14_RgbImage_2023-04-14_13-27-22.png,Switchgrass_J001.B_D_T3.13.2023_I APPL 375,0.9469114198088157,3.778608649969101
Switchgrass,RGB2,J001.B_D_T3.13.2023_I APPL 375,2023-04-14 13:26:52,2,2,0,2023-04-14_RgbImage_2023-04-14_13-26-52.png,Switchgrass_J001.B_D_T3.13.2023_I APPL 375,0.8468952061068031,1.428529743105173
Switchgrass,RGB1,J008.D_Xtra_I APPL 122,2022-12-31 17:11:32,2,2,0,2022-12-31_RgbImage_2022-12-31_17-11-31.png,Switchgrass_J008.D_Xtra_I APPL 122,0.9681171630560504,3.835950595792383
Switchgrass,RGB2,J008.D_Xtra_I APPL 122,2022-12-31 17:10:21,2,2,0,2022-12-31_RgbImage_2022-12-31_17-10-21.png,Switchgrass_J008.D_Xtra_I APPL 122,0.9364038382402088,1.4205165333114564
Switchgrass,RGB1,J276.A_D_T3.12.2023_I APPL 426,2023-04-05 16:06:52,2,2,0,2023-04-5_RgbImage_2023-04-05_16-06-52.png,Switchgrass_J276.A_D_T3.12.2023_I APPL 426,0.9672722024365099,3.844934391323477
Switchgrass,RGB2,J276.A_D_T3.12.2023_I APPL 426,2023-04-05 16:06:15,2,2,0,2023-04-5_RgbImage_2023-04-05_16-06-14.png,Switchgrass_J276.A_D_T3.12.2023_I APPL 426,0.9525158755837592,1.4251403249800205
Switchgrass,RGB1,J003.F_D_T3.14.2023_I APPL 256,2023-04-15 11:22:18,2,2,1,2023-04-15_RgbImage_2023-04-15_11-22-18.png,Switchgrass_J003.F_D_T3.14.2023_I APPL 256,0.9538966501635294,3.774181039072573
Switchgrass,RGB2,J003.F_D_T3.14.2023_I APPL 256,2023-04-15 11:21:42,2,2,1,2023-04-15_RgbImage_2023-04-15_11-21-42.png,Switchgrass_J003.F_D_T3.14.2023_I APPL 256,0.9332064643703388,1.4286075411364436
Switchgrass,RGB1,J008.D_D_I APPL 125,2022-12-19 16:43:27,2,2,1,2022-12-19_RgbImage_2022-12-19_16-43-27.png,Switchgrass_J008.D_D_I APPL 125,0.9723318822542613,3.8301256829872727
Switchgrass,RGB2,J008.D_D_I APPL 125,2022-12-19 16:42:12,2,2,1,2022-12-19_RgbImage_2022-12-19_16-42-11.png,Switchgrass_J008.D_D_I APPL 125,0.9520319078027083,1.4083040039986372
Switchgrass,RGB1,J018.B_D_T3.13.2023_I APPL 345,2023-04-28 12:21:45,2,2,1,2023-04-28_RgbImage_2023-04-28_12-21-44.png,Switchgrass_J018.B_D_T3.13.2023_I APPL 345,0.9579983206962813,3.8376215351745486
Switchgrass,RGB2,J018.B_D_T3.13.2023_I APPL 345,2023-04-28 12:21:11,2,2,1,2023-04-28_RgbImage_2023-04-28_12-21-11.png,Switchgrass_J018.B_D_T3.13.2023_I APPL 345,0.9527812616523474,1.4320685151033103
Switchgrass,RGB1,J317.A_D_I APPL 132,2022-12-30 20:14:40,2,2,1,2022-12-30_RgbImage_2022-12-30_20-14-40.png,Switchgrass_J317.A_D_I APPL 132,0.9599496525683053,3.8151439568027854
Switchgrass,RGB2,J317.A_D_I APPL 132,2022-12-30 20:12:45,2,2,1,2022-12-30_RgbImage_2022-12-30_20-12-45.png,Switchgrass_J317.A_D_I APPL 132,0.9477681323952127,1.436483362223953
Switchgrass,RGB1,J215.A_D_I APPL 146,2023-01-05 14:37:57,2,2,2,2023-01-5_RgbImage_2023-01-05_14-37-57.png,Switchgrass_J215.A_D_I APPL 146,0.9537107271176297,3.8759949770756066
Switchgrass,RGB2,J215.A_D_I APPL 146,2023-01-05 14:36:02,2,2,2,2023-01-5_RgbImage_2023-01-05_14-36-02.png,Switchgrass_J215.A_D_I APPL 146,0.9210126192033226,1.4426801991648972
Switchgrass,RGB1,J250.A_WW_T3.13.2023_I APPL 320,2023-04-14 20:11:18,2,2,2,2023-04-14_RgbImage_2023-04-14_20-11-18.png,Switchgrass_J250.A_WW_T3.13.2023_I APPL 320,0.9720936561987682,3.809182805940509
Switchgrass,RGB2,J250.A_WW_T3.13.2023_I APPL 320,2023-04-14 20:10:44,2,2,2,2023-04-14_RgbImage_2023-04-14_20-10-43.png,Switchgrass_J250.A_WW_T3.13.2023_I APPL 320,0.9259019115669243,1.3965031919069588
Switchgrass,RGB1,J215.A_D_I APPL 4,2022-12-10 10:44:47,2,2,3,2022-12-10_RgbImage_2022-12-10_10-44-46.png,Switchgrass_J215.A_D_I APPL 4,0.9705294971154995,3.7844217009842396
Switchgrass,RGB2,J215.A_D_I APPL 4,2022-12-10 10:42:46,2,2,3,2022-12-10_RgbImage_2022-12-10_10-42-45.png,Switchgrass_J215.A_D_I APPL 4,0.9626922856384256,1.4241551328450441
Switchgrass,RGB1,J215.A_Xtra_I APPL 138,2022-12-31 17:19:50,2,2,3,2022-12-31_RgbImage_2022-12-31_17-19-49.png,Switchgrass_J215.A_Xtra_I APPL 138,0.9589105382385008,3.7885895408689976
Switchgrass,RGB2,J215.A_Xtra_I APPL 138,2022-12-31 17:18:31,2,2,3,2022-12-31_RgbImage_2022-12-31_17-18-31.png,Switchgrass_J215.A_Xtra_I APPL 138,0.9458679496975333,1.382839708123356
Switchgrass,RGB1,J327.A_D_T3.12.2023_I APPL 503,2023-04-12 09:14:07,2,2,3,2023-04-12_RgbImage_2023-04-12_09-14-06.png,Switchgrass_J327.A_D_T3.12.2023_I APPL 503,0.9437544934361674,3.9160139714367688
Switchgrass,RGB2,J327.A_D_T3.12.2023_I APPL 503,2023-04-12 09:13:30,2,2,3,2023-04-12_RgbImage_2023-04-12_09-13-29.png,Switchgrass_J327.A_D_T3.12.2023_I APPL 503,0.9557629320309862,1.4336448051035404
Switchgrass,RGB1,VS16_D_I APPL 124,2022-12-29 20:59:13,2,2,3,2022-12-29_RgbImage_2022-12-29_20-59-12.png,Switchgrass_VS16_D_I APPL 124,0.9607631658203215,3.858548130840063
Switchgrass,RGB2,VS16_D_I APPL 124,2022-12-29 20:57:14,2,2,3,2022-12-29_RgbImage_2022-12-29_20-57-13.png,Switchgrass_VS16_D_I APPL 124,0.9585030949593769,1.432708275038749
Switchgrass,RGB1,J003.D_WW_T3.13.2023_I APPL 363,2023-04-14 15:07:08,2,2,4,2023-04-14_RgbImage_2023-04-14_15-07-07.png,Switchgrass_J003.D_WW_T3.13.2023_I APPL 363,0.9706025440944914,3.8135711029171944
Switchgrass,RGB2,J003.D_WW_T3.13.2023_I APPL 363,2023-04-14 15:06:33,2,2,4,2023-04-14_RgbImage_2023-04-14_15-06-33.png,Switchgrass_J003.D_WW_T3.13.2023_I APPL 363,0.9651750654634286,1.408720311243087
Switchgrass,RGB1,J215.A_D_I APPL 121,2022-12-17 16:27:41,2,2,4,2022-12-17_RgbImage_2022-12-17_16-27-40.png,Switchgrass_J215.A_D_I APPL 121,0.9600800119644806,3.813711227849126
Switchgrass,RGB2,J215.A_D_I APPL 121,2022-12-17 16:27:05,2,2,4,2022-12-17_RgbImage_2022-12-17_16-27-05.png,Switchgrass_J215.A_D_I APPL 121,0.9383119052393414,1.4228224637918174
Switchgrass,RGB1,J215.A_WW_I APPL 221,2022-12-11 14:17:32,2,2,4,2022-12-11_RgbImage_2022-12-11_14-17-32.png,Switchgrass_J215.A_WW_I APPL 221,0.9605016916522685,3.792100127786398
Switchgrass,RGB2,J215.A_WW_I APPL 221,2022-12-11 14:16:12,2,2,4,2022-12-11_RgbImage_2022-12-11_14-16-12.png,Switchgrass_J215.A_WW_I APPL 221,0.9381323255637742,1.3744594641029835
Switchgrass,RGB1,J618.A_WW_T3.14.2023_I APPL 255,2023-05-05 11:30:24,2,2,4,2023-05-5_RgbImage_2023-05-05_11-30-24.png,Switchgrass_J618.A_WW_T3.14.2023_I APPL 255,0.9375656879398346,3.836956697050482
Switchgrass,RGB2,J618.A_WW_T3.14.2023_I APPL 255,2023-05-05 11:29:50,2,2,4,2023-05-5_RgbImage_2023-05-05_11-29-49.png,Switchgrass_J618.A_WW_T3.14.2023_I APPL 255,0.905365364783974,1.4442057320848107
Switchgrass,RGB1,J008.D_D_I APPL 5,2023-01-27 10:34:47,2,3,0,2023-01-27_RgbImage_2023-01-27_10-34-47.png,Switchgrass_J008.D_D_I APPL 5,0.9681538405264929,3.816730006132275
Switchgrass,RGB2,J008.D_D_I APPL 5,2023-01-27 10:33:02,2,3,0,2023-01-27_RgbImage_2023-01-27_10-33-02.png,Switchgrass_J008.D_D_I APPL 5,0.9261821724929349,1.4312784508801997
Switchgrass,RGB1,J296.A_D_T3.12.2023_I APPL 485,2023-04-26 11:24:43,2,3,0,2023-04-26_RgbImage_2023-04-26_11-24-42.png,Switchgrass_J296.A_D_T3.12.2023_I APPL 485,0.9557994406832386,3.847709837835282
Switchgrass,RGB2,J296.A_D_T3.12.2023_I APPL 485,2023-04-26 11:24:10,2,3,0,2023-04-26_RgbImage_2023-04-26_11-24-10.png,Switchgrass_J296.A_D_T3.12.2023_I APPL 485,0.8789153188932793,1.447677366901189
Switchgrass,RGB1,J317.A_D_I APPL 103,2022-12-29 15:09:19,2,3,1,2022-12-29_RgbImage_2022-12-29_15-09-19.png,Switchgrass_J317.A_D_I APPL 103,0.97052046322867,3.7736313799396157
Switchgrass,RGB2,J317.A_D_I APPL 103,2022-12-29 15:08:09,2,3,1,2022-12-29_RgbImage_2022-12-29_15-08-09.png,Switchgrass_J317.A_D_I APPL 103,0.930544059947273,1.4268632433377206
Switchgrass,RGB1,AP13_D_I APPL 261,2022-12-18 11:40:00,2,3,2,2022-12-18_RgbImage_2022-12-18_11-40-00.png,Switchgrass_AP13_D_I APPL 261,0.9632126456531717,3.843508425168693
Switchgrass,RGB2,AP13_D_I APPL 261,2022-12-18 11:39:25,2,3,2,2022-12-18_RgbImage_2022-12-18_11-39-25.png,Switchgrass_AP13_D_I APPL 261,0.9237019616684479,1.444827598053962
Switchgrass,RGB1,J003.D_WW_T3.13.2023_I APPL 363,2023-04-06 10:14:14,2,3,2,2023-04-6_RgbImage_2023-04-06_10-14-14.png,Switchgrass_J003.D_WW_T3.13.2023_I APPL 363,0.9766796805871915,3.8377881799824536
Switchgrass,RGB2,J003.D_WW_T3.13.2023_I APPL 363,2023-04-06 10:13:37,2,3,2,2023-04-6_RgbImage_2023-04-06_10-13-37.png,Switchgrass_J003.D_WW_T3.13.2023_I APPL 363,0.9468717126687027,1.3818459599278867
Switchgrass,RGB1,J022.B_D_T3.13.2023_I APPL 371,2023-05-04 13:40:32,2,3,2,2023-05-4_RgbImage_2023-05-04_13-40-32.png,Switchgrass_J022.B_D_T3.13.2023_I APPL 371,0.9652391637779252,3.8109258920885623
Switchgrass,RGB2,J022.B_D_T3.13.2023_I APPL 371,2023-05-04 13:39:58,2,3,2,2023-05-4_RgbImage_2023-05-04_13-39-58.png,Switchgrass_J022.B_D_T3.13.2023_I APPL 371,0.940549304647629,1.4331084401346743
Switchgrass,RGB1,J307.A_WW_T3.14.2023_I APPL 273,2023-05-05 09:17:23,2,3,3,2023-05-5_RgbImage_2023-05-05_09-17-22.png,Switchgrass_J307.A_WW_T3.14.2023_I APPL 273,0.9815441683729458,3.7938431040383875
Switchgrass,RGB2,J307.A_WW_T3.14.2023_I APPL 273,2023-05-05 09:16:47,2,3,3,2023-05-5_RgbImage_2023-05-05_09-16-46.png,Switchgrass_J307.A_WW_T3.14.2023_I APPL 273,0.9751370006410405,1.4103562133386731
Switchgrass,RGB1,J613.A_WW_T3.16.2023_I APPL 12,2023-04-10 17:48:33,2,3,3,2023-04-10_RgbImage_2023-04-10_17-48-32.png,Switchgrass_J613.A_WW_T3.16.2023_I APPL 12,0.9685081164058537,3.8171213949099183
Switchgrass,RGB2,J613.A_WW_T3.16.2023_I APPL 12,2023-04-10 17:47:58,2,3,3,2023-04-10_RgbImage_2023-04-10_17-47-57.png,Switchgrass_J613.A_WW_T3.16.2023_I APPL 12,0.9371161085176459,1.4342669011093676
Switchgrass,RGB1,VS16_D_I APPL 2,2022-12-09 11:33:10,2,3,3,2022-12-9_RgbImage_2022-12-09_11-33-10.png,Switchgrass_VS16_D_I APPL 2,0.9659826200482342,3.693431024905294
Switchgrass,RGB2,VS16_D_I APPL 2,2022-12-09 11:31:55,2,3,3,2022-12-9_RgbImage_2022-12-09_11-31-55.png,Switchgrass_VS16_D_I APPL 2,0.9524833043721884,1.4098036987707019
Switchgrass,RGB1,J215.A_WW_I APPL 221,2022-12-16 14:18:02,2,3,4,2022-12-16_RgbImage_2022-12-16_14-18-02.png,Switchgrass_J215.A_WW_I APPL 221,0.959828556860582,3.8131700437515974
Switchgrass,RGB2,J215.A_WW_I APPL 221,2022-12-16 14:16:01,2,3,4,2022-12-16_RgbImage_2022-12-16_14-16-01.png,Switchgrass_J215.A_WW_I APPL 221,0.9326008014026653,1.4200367261655629
Switchgrass,RGB1,J248.A_WW_T3.13.2023_I APPL 368,2023-04-13 09:30:47,2,3,4,2023-04-13_RgbImage_2023-04-13_09-30-47.png,Switchgrass_J248.A_WW_T3.13.2023_I APPL 368,0.9601947275129595,3.8365016682073474
Switchgrass,RGB2,J248.A_WW_T3.13.2023_I APPL 368,2023-04-13 09:30:11,2,3,4,2023-04-13_RgbImage_2023-04-13_09-30-11.png,Switchgrass_J248.A_WW_T3.13.2023_I APPL 368,0.8869243246461367,1.4261815748177469
Switchgrass,RGB1,J502.A_WW_T3.15.2023_I APPL 112,2023-05-06 17:12:22,2,3,4,2023-05-6_RgbImage_2023-05-06_17-12-22.png,Switchgrass_J502.A_WW_T3.15.2023_I APPL 112,0.9703934861905839,3.842287286184728
Switchgrass,RGB2,J502.A_WW_T3.15.2023_I APPL 112,2023-05-06 17:11:47,2,3,4,2023-05-6_RgbImage_2023-05-06_17-11-47.png,Switchgrass_J502.A_WW_T3.15.2023_I APPL 112,0.9074386806902621,1.3816969469189644
Switchgrass,RGB1,J586.A_WW_T3.14.2023_I APPL 215,2023-04-22 16:27:49,2,3,4,2023-04-22_RgbImage_2023-04-22_16-27-48.png,Switchgrass_J586.A_WW_T3.14.2023_I APPL 215,0.96024636651797,3.7993081849999726
Switchgrass,RGB2,J586.A_WW_T3.14.2023_I APPL 215,2023-04-22 16:27:18,2,3,4,2023-04-22_RgbImage_2023-04-22_16-27-18.png,Switchgrass_J586.A_WW_T3.14.2023_I APPL 215,0.9424173921173091,1.4271259400993586
Switchgrass,RGB1,J008.D_D_I APPL 5,2023-02-03 10:34:42,2,4,0,2023-02-3_RgbImage_2023-02-03_10-34-41.png,Switchgrass_J008.D_D_I APPL 5,0.949672947974753,3.8091074330732226
Switchgrass,RGB2,J008.D_D_I APPL 5,2023-02-03 10:32:57,2,4,0,2023-02-3_RgbImage_2023-02-03_10-32-57.png,Switchgrass_J008.D_D_I APPL 5,0.9254933858471563,1.426415525842458
Switchgrass,RGB1,J016.A_D_T3.13.2023_I APPL 373,2023-04-13 08:49:06,2,4,0,2023-04-13_RgbImage_2023-04-13_08-49-05.png,Switchgrass_J016.A_D_T3.13.2023_I APPL 373,0.9662356087538373,3.857530395966023
Switchgrass,RGB2,J016.A_D_T3.13.2023_I APPL 373,2023-04-13 08:48:34,2,4,0,2023-04-13_RgbImage_2023-04-13_08-48-33.png,Switchgrass_J016.A_D_T3.13.2023_I APPL 373,0.8806969584010524,1.4226451180875301
Switchgrass,RGB1,J614.C_D_T3.16.2023_I APPL 77,2023-04-25 09:34:09,2,4,0,2023-04-25_RgbImage_2023-04-25_09-34-09.png,Switchgrass_J614.C_D_T3.16.2023_I APPL 77,0.9423102819848425,3.846341149881482
Switchgrass,RGB2,J614.C_D_T3.16.2023_I APPL 77,2023-04-25 09:33:35,2,4,0,2023-04-25_RgbImage_2023-04-25_09-33-34.png,Switchgrass_J614.C_D_T3.16.2023_I APPL 77,0.7953585832135363,1.4136981307528913
Switchgrass,RGB1,PTCL-32_D_T3.15.2023_I APPL 133,2023-04-24 14:35:52,2,4,0,2023-04-24_RgbImage_2023-04-24_14-35-51.png,Switchgrass_PTCL-32_D_T3.15.2023_I APPL 133,0.9635271844420402,3.9229299160651863
Switchgrass,RGB2,PTCL-32_D_T3.15.2023_I APPL 133,2023-04-24 14:35:17,2,4,0,2023-04-24_RgbImage_2023-04-24_14-35-17.png,Switchgrass_PTCL-32_D_T3.15.2023_I APPL 133,0.9061897848756931,1.419806650839746
Switchgrass,RGB1,AP13_WW_I APPL 133,2023-02-05 15:12:48,2,4,1,2023-02-5_RgbImage_2023-02-05_15-12-47.png,Switchgrass_AP13_WW_I APPL 133,0.9160258154312979,3.9208056489005685
Switchgrass,RGB2,AP13_WW_I APPL 133,2023-02-05 15:12:23,2,4,1,2023-02-5_RgbImage_2023-02-05_15-12-23.png,Switchgrass_AP13_WW_I APPL 133,0.5160703178739904,1.429463839624077
Switchgrass,RGB1,J296.A_D_T3.12.2023_I APPL 485,2023-05-03 11:24:20,2,4,1,2023-05-3_RgbImage_2023-05-03_11-24-19.png,Switchgrass_J296.A_D_T3.12.2023_I APPL 485,0.9595906818781335,3.82382628088817
Switchgrass,RGB2,J296.A_D_T3.12.2023_I APPL 485,2023-05-03 11:23:44,2,4,1,2023-05-3_RgbImage_2023-05-03_11-23-44.png,Switchgrass_J296.A_D_T3.12.2023_I APPL 485,0.936325167389732,1.421977675985545
Switchgrass,RGB1,J317.A_D_I APPL 6,2022-12-16 10:27:28,2,4,1,2022-12-16_RgbImage_2022-12-16_10-27-28.png,Switchgrass_J317.A_D_I APPL 6,0.9730185239764373,3.869620193261653
Switchgrass,RGB2,J317.A_D_I APPL 6,2022-12-16 10:26:13,2,4,1,2022-12-16_RgbImage_2022-12-16_10-26-13.png,Switchgrass_J317.A_D_I APPL 6,0.9389435542175695,1.4453726587817073
Switchgrass,RGB1,J004.B_WW_T3.12.2023_I APPL 400,2023-04-12 16:45:06,2,4,2,2023-04-12_RgbImage_2023-04-12_16-45-06.png,Switchgrass_J004.B_WW_T3.12.2023_I APPL 400,0.9386588421875649,3.895657622255385
Switchgrass,RGB2,J004.B_WW_T3.12.2023_I APPL 400,2023-04-12 16:44:32,2,4,2,2023-04-12_RgbImage_2023-04-12_16-44-32.png,Switchgrass_J004.B_WW_T3.12.2023_I APPL 400,0.9400325714918708,1.4227806739509106
Switchgrass,RGB1,J006.C_D_T3.13.2023_I APPL 316,2023-04-20 15:48:23,2,4,2,2023-04-20_RgbImage_2023-04-20_15-48-23.png,Switchgrass_J006.C_D_T3.13.2023_I APPL 316,0.9537191467629463,3.8558304817415774
Switchgrass,RGB2,J006.C_D_T3.13.2023_I APPL 316,2023-04-20 15:47:47,2,4,2,2023-04-20_RgbImage_2023-04-20_15-47-46.png,Switchgrass_J006.C_D_T3.13.2023_I APPL 316,0.8963812615361295,1.4295891369692981
Switchgrass,RGB1,J587.A_D_T3.14.2023_I APPL 259,2023-04-22 10:57:00,2,4,3,2023-04-22_RgbImage_2023-04-22_10-57-00.png,Switchgrass_J587.A_D_T3.14.2023_I APPL 259,0.9621826581983136,3.8213633950799704
Switchgrass,RGB2,J587.A_D_T3.14.2023_I APPL 259,2023-04-22 10:56:21,2,4,3,2023-04-22_RgbImage_2023-04-22_10-56-21.png,Switchgrass_J587.A_D_T3.14.2023_I APPL 259,0.9146925651292953,1.4627244952134788
Switchgrass,RGB1,J587.A_WW_T3.14.2023_I APPL 203,2023-04-15 18:08:03,2,4,4,2023-04-15_RgbImage_2023-04-15_18-08-02.png,Switchgrass_J587.A_WW_T3.14.2023_I APPL 203,0.9557404996368092,3.922525892034173
Switchgrass,RGB2,J587.A_WW_T3.14.2023_I APPL 203,2023-04-15 18:07:29,2,4,4,2023-04-15_RgbImage_2023-04-15_18-07-28.png,Switchgrass_J587.A_WW_T3.14.2023_I APPL 203,0.9534157661369034,1.4477549218572676
Switchgrass,RGB1,J588.B_WW_T3.14.2023_I APPL 284,2023-04-29 08:02:09,2,4,4,2023-04-29_RgbImage_2023-04-29_08-02-08.png,Switchgrass_J588.B_WW_T3.14.2023_I APPL 284,0.9527821385599871,3.8951130718924105
Switchgrass,RGB2,J588.B_WW_T3.14.2023_I APPL 284,2023-04-29 08:01:34,2,4,4,2023-04-29_RgbImage_2023-04-29_08-01-33.png,Switchgrass_J588.B_WW_T3.14.2023_I APPL 284,0.9641221878898241,1.408336014021188
Switchgrass,RGB1,VS16_D_I APPL 2,2022-12-04 11:33:40,2,4,4,2022-12-4_RgbImage_2022-12-04_11-33-40.png,Switchgrass_VS16_D_I APPL 2,0.967774665475845,3.9145856886170805
Switchgrass,RGB2,VS16_D_I APPL 2,2022-12-04 11:32:22,2,4,4,2022-12-4_RgbImage_2022-12-04_11-32-21.png,Switchgrass_VS16_D_I APPL 2,0.9677899487906938,1.4235935909673572
Switchgrass,RGB1,J322.A_WW_T3.12.2023_I APPL 519,2023-04-26 07:02:51,3,0,0,2023-04-26_RgbImage_2023-04-26_07-02-50.png,Switchgrass_J322.A_WW_T3.12.2023_I APPL 519,0.9617070733846069,3.9178741266950965
Switchgrass,RGB2,J322.A_WW_T3.12.2023_I APPL 519,2023-04-26 07:02:16,3,0,0,2023-04-26_RgbImage_2023-04-26_07-02-16.png,Switchgrass_J322.A_WW_T3.12.2023_I APPL 519,0.9395759497266184,1.419033489190042
Switchgrass,RGB1,J005.A_D_T3.13.2023_I APPL 315,2023-04-20 15:56:31,3,0,1,2023-04-20_RgbImage_2023-04-20_15-56-30.png,Switchgrass_J005.A_D_T3.13.2023_I APPL 315,0.9615839634470564,3.914888042025268
Switchgrass,RGB2,J005.A_D_T3.13.2023_I APPL 315,2023-04-20 15:55:57,3,0,1,2023-04-20_RgbImage_2023-04-20_15-55-57.png,Switchgrass_J005.A_D_T3.13.2023_I APPL 315,0.9148750661068142,1.4241428691893816
Switchgrass,RGB1,J241.A_WW_T3.12.2023_I APPL 412,2023-05-03 15:19:54,3,0,1,2023-05-3_RgbImage_2023-05-03_15-19-53.png,Switchgrass_J241.A_WW_T3.12.2023_I APPL 412,0.9722553688905399,3.912775577045977
Switchgrass,RGB2,J241.A_WW_T3.12.2023_I APPL 412,2023-05-03 15:19:24,3,0,1,2023-05-3_RgbImage_2023-05-03_15-19-23.png,Switchgrass_J241.A_WW_T3.12.2023_I APPL 412,0.9210163831404907,1.5243433071300387
Switchgrass,RGB1,J317.A_D_I APPL 123,2023-01-07 16:53:00,3,0,1,2023-01-7_RgbImage_2023-01-07_16-53-00.png,Switchgrass_J317.A_D_I APPL 123,0.9622662244892176,4.063206104096025
Switchgrass,RGB1,J317.A_D_I APPL 123,2023-01-08 16:52:42,3,0,1,2023-01-8_RgbImage_2023-01-08_16-52-41.png,Switchgrass_J317.A_D_I APPL 123,0.9564131996061854,4.214606313966215
Switchgrass,RGB2,J317.A_D_I APPL 123,2023-01-07 16:52:29,3,0,1,2023-01-7_RgbImage_2023-01-07_16-52-29.png,Switchgrass_J317.A_D_I APPL 123,0.8741471308614298,1.3909106166101992
Switchgrass,RGB2,J317.A_D_I APPL 123,2023-01-08 16:52:11,3,0,1,2023-01-8_RgbImage_2023-01-08_16-52-10.png,Switchgrass_J317.A_D_I APPL 123,0.8674384880548321,1.3583122142590582
Switchgrass,RGB1,J250.C_D_T3.13.2023_I APPL 358,2023-03-23 10:39:05,3,0,2,2023-03-23_RgbImage_2023-03-23_10-39-04.png,Switchgrass_J250.C_D_T3.13.2023_I APPL 358,0.9344645863870358,3.8569967658258975
Switchgrass,RGB2,J250.C_D_T3.13.2023_I APPL 358,2023-03-23 10:38:22,3,0,2,2023-03-23_RgbImage_2023-03-23_10-38-21.png,Switchgrass_J250.C_D_T3.13.2023_I APPL 358,0.9422122372961759,1.4367644931189716
Switchgrass,RGB1,J503.C_WW_T3.15.2023_I APPL 187,2023-04-08 07:58:11,3,0,2,2023-04-8_RgbImage_2023-04-08_07-58-10.png,Switchgrass_J503.C_WW_T3.15.2023_I APPL 187,0.9706772117677553,3.936556899920106
Switchgrass,RGB2,J503.C_WW_T3.15.2023_I APPL 187,2023-04-08 07:57:41,3,0,2,2023-04-8_RgbImage_2023-04-08_07-57-40.png,Switchgrass_J503.C_WW_T3.15.2023_I APPL 187,0.924395672902391,1.4535607290454209
Switchgrass,RGB1,J585.B_D_T3.16.2023_I APPL 52,2023-05-02 12:45:46,3,0,2,2023-05-2_RgbImage_2023-05-02_12-45-46.png,Switchgrass_J585.B_D_T3.16.2023_I APPL 52,0.9427567359380691,3.8401768850162625
Switchgrass,RGB2,J585.B_D_T3.16.2023_I APPL 52,2023-05-02 12:45:15,3,0,2,2023-05-2_RgbImage_2023-05-02_12-45-15.png,Switchgrass_J585.B_D_T3.16.2023_I APPL 52,0.8668030759785973,1.424166013021022
Switchgrass,RGB1,J215.A_D_I APPL 130,2023-01-03 14:05:57,3,0,3,2023-01-3_RgbImage_2023-01-03_14-05-57.png,Switchgrass_J215.A_D_I APPL 130,0.9650030801686204,3.9321569111198187
Switchgrass,RGB1,J215.A_D_I APPL 130,2023-01-11 14:03:44,3,0,3,2023-01-11_RgbImage_2023-01-11_14-03-43.png,Switchgrass_J215.A_D_I APPL 130,0.9619907618766536,4.215388271957636
Switchgrass,RGB2,J215.A_D_I APPL 130,2023-01-03 14:04:04,3,0,3,2023-01-3_RgbImage_2023-01-03_14-04-04.png,Switchgrass_J215.A_D_I APPL 130,0.9248853099505443,1.3927789200097322
Switchgrass,RGB2,J215.A_D_I APPL 130,2023-01-11 14:02:28,3,0,3,2023-01-11_RgbImage_2023-01-11_14-02-28.png,Switchgrass_J215.A_D_I APPL 130,0.9545979327250965,1.3324426631443202
Switchgrass,RGB1,J215.A_WW_I APPL 152,2023-01-07 13:48:37,3,0,3,2023-01-7_RgbImage_2023-01-07_13-48-36.png,Switchgrass_J215.A_WW_I APPL 152,0.9545167489621058,3.861739412881434
Switchgrass,RGB1,J215.A_WW_I APPL 152,2023-01-09 13:48:23,3,0,3,2023-01-9_RgbImage_2023-01-09_13-48-22.png,Switchgrass_J215.A_WW_I APPL 152,0.953268424088699,4.182353955227882
Switchgrass,RGB2,J215.A_WW_I APPL 152,2023-01-07 13:47:23,3,0,3,2023-01-7_RgbImage_2023-01-07_13-47-23.png,Switchgrass_J215.A_WW_I APPL 152,0.9502816083138766,1.3967554778791964
Switchgrass,RGB2,J215.A_WW_I APPL 152,2023-01-09 13:47:10,3,0,3,2023-01-9_RgbImage_2023-01-09_13-47-10.png,Switchgrass_J215.A_WW_I APPL 152,0.9449746297717356,1.3894216222688556
Switchgrass,RGB1,J215.A_D_I APPL 121,2022-12-31 16:23:25,3,0,4,2022-12-31_RgbImage_2022-12-31_16-23-25.png,Switchgrass_J215.A_D_I APPL 121,0.9588039322337996,3.837355609983206
Switchgrass,RGB1,J215.A_D_I APPL 121,2023-01-03 16:22:06,3,0,4,2023-01-3_RgbImage_2023-01-03_16-22-06.png,Switchgrass_J215.A_D_I APPL 121,0.9626459149913926,4.171523847617209
Switchgrass,RGB1,J215.A_D_I APPL 121,2023-01-01 16:23:15,3,0,4,2023-01-1_RgbImage_2023-01-01_16-23-14.png,Switchgrass_J215.A_D_I APPL 121,0.9618547092112302,4.151655754074454
Switchgrass,RGB2,J215.A_D_I APPL 121,2022-12-31 16:22:10,3,0,4,2022-12-31_RgbImage_2022-12-31_16-22-10.png,Switchgrass_J215.A_D_I APPL 121,0.9405138649285968,1.3649893878027797
Switchgrass,RGB2,J215.A_D_I APPL 121,2023-01-03 16:21:33,3,0,4,2023-01-3_RgbImage_2023-01-03_16-21-33.png,Switchgrass_J215.A_D_I APPL 121,0.9365056162707955,1.3280486050061882
Switchgrass,RGB2,J215.A_D_I APPL 121,2023-01-01 16:22:00,3,0,4,2023-01-1_RgbImage_2023-01-01_16-22-00.png,Switchgrass_J215.A_D_I APPL 121,0.934259518887902,1.3581205317750573
Switchgrass,RGB1,J502.C_WW_T3.13.2023_I APPL 291,2023-04-20 18:57:40,3,0,4,2023-04-20_RgbImage_2023-04-20_18-57-40.png,Switchgrass_J502.C_WW_T3.13.2023_I APPL 291,0.9697845447364214,3.7874650130979717
Switchgrass,RGB2,J502.C_WW_T3.13.2023_I APPL 291,2023-04-20 18:57:02,3,0,4,2023-04-20_RgbImage_2023-04-20_18-57-02.png,Switchgrass_J502.C_WW_T3.13.2023_I APPL 291,0.9576821702283529,1.3015788989141583
Switchgrass,RGB1,J008.D_Xtra_I APPL 122,2023-01-01 17:11:18,3,1,0,2023-01-1_RgbImage_2023-01-01_17-11-18.png,Switchgrass_J008.D_Xtra_I APPL 122,0.9615975628128729,3.7732277740724385
Switchgrass,RGB2,J008.D_Xtra_I APPL 122,2023-01-01 17:10:08,3,1,0,2023-01-1_RgbImage_2023-01-01_17-10-08.png,Switchgrass_J008.D_Xtra_I APPL 122,0.9304978433636247,1.3075878908857703
Switchgrass,RGB1,J008.D_D_I APPL 125,2023-01-05 16:38:10,3,1,1,2023-01-5_RgbImage_2023-01-05_16-38-09.png,Switchgrass_J008.D_D_I APPL 125,0.9689410214994941,3.7490019309334457
Switchgrass,RGB2,J008.D_D_I APPL 125,2023-01-05 16:37:02,3,1,1,2023-01-5_RgbImage_2023-01-05_16-37-01.png,Switchgrass_J008.D_D_I APPL 125,0.9501562923386933,1.340424905065447
Switchgrass,RGB1,J300.A_D_T3.13.2023_I APPL 319,2023-04-14 20:19:31,3,1,1,2023-04-14_RgbImage_2023-04-14_20-19-30.png,Switchgrass_J300.A_D_T3.13.2023_I APPL 319,0.9713545196045014,3.7306293942965567
Switchgrass,RGB2,J300.A_D_T3.13.2023_I APPL 319,2023-04-14 20:18:55,3,1,1,2023-04-14_RgbImage_2023-04-14_20-18-54.png,Switchgrass_J300.A_D_T3.13.2023_I APPL 319,0.9184404162260219,1.3104961388744414
Switchgrass,RGB1,J317.A_D_I APPL 123,2023-01-10 16:52:07,3,1,1,2023-01-10_RgbImage_2023-01-10_16-52-07.png,Switchgrass_J317.A_D_I APPL 123,0.960086899215378,3.8553038146346807
Switchgrass,RGB2,J317.A_D_I APPL 123,2023-01-10 16:51:37,3,1,1,2023-01-10_RgbImage_2023-01-10_16-51-37.png,Switchgrass_J317.A_D_I APPL 123,0.884763941790833,1.380417157895863
Switchgrass,RGB1,J215.A_D_I APPL 146,2023-01-25 14:01:15,3,1,2,2023-01-25_RgbImage_2023-01-25_14-01-15.png,Switchgrass_J215.A_D_I APPL 146,0.9685522396187216,3.907499340828508
Switchgrass,RGB1,J215.A_D_I APPL 146,2023-01-23 14:22:29,3,1,2,2023-01-23_RgbImage_2023-01-23_14-22-29.png,Switchgrass_J215.A_D_I APPL 146,0.9655749506811685,4.211493679322302
Switchgrass,RGB1,J215.A_D_I APPL 146,2023-01-20 14:03:15,3,1,2,2023-01-20_RgbImage_2023-01-20_14-03-15.png,Switchgrass_J215.A_D_I APPL 146,0.9575576152348036,4.149233865085989
Switchgrass,RGB2,J215.A_D_I APPL 146,2023-01-25 14:00:44,3,1,2,2023-01-25_RgbImage_2023-01-25_14-00-44.png,Switchgrass_J215.A_D_I APPL 146,0.945618406937395,1.453429449815303
Switchgrass,RGB2,J215.A_D_I APPL 146,2023-01-23 14:20:36,3,1,2,2023-01-23_RgbImage_2023-01-23_14-20-35.png,Switchgrass_J215.A_D_I APPL 146,0.9387779396780598,1.328018137253821
Switchgrass,RGB2,J215.A_D_I APPL 146,2023-01-20 14:01:21,3,1,2,2023-01-20_RgbImage_2023-01-20_14-01-21.png,Switchgrass_J215.A_D_I APPL 146,0.9460310910034724,1.344243054278195
Switchgrass,RGB1,J250.A_WW_T3.13.2023_I APPL 320,2023-05-04 19:49:39,3,1,2,2023-05-4_RgbImage_2023-05-04_19-49-38.png,Switchgrass_J250.A_WW_T3.13.2023_I APPL 320,0.9660731990124624,3.875998290721327
Switchgrass,RGB2,J250.A_WW_T3.13.2023_I APPL 320,2023-05-04 19:49:06,3,1,2,2023-05-4_RgbImage_2023-05-04_19-49-05.png,Switchgrass_J250.A_WW_T3.13.2023_I APPL 320,0.9267079494357172,1.444087108131498
Switchgrass,RGB1,J215.A_D_I APPL 4,2022-12-20 11:00:01,3,1,3,2022-12-20_RgbImage_2022-12-20_11-00-01.png,Switchgrass_J215.A_D_I APPL 4,0.9622358636631781,3.838705183006823
Switchgrass,RGB2,J215.A_D_I APPL 4,2022-12-20 10:58:05,3,1,3,2022-12-20_RgbImage_2022-12-20_10-58-04.png,Switchgrass_J215.A_D_I APPL 4,0.9498233595066536,1.402665191795677
Switchgrass,RGB1,J215.A_WW_I APPL 131,2023-01-19 15:07:28,3,1,3,2023-01-19_RgbImage_2023-01-19_15-07-27.png,Switchgrass_J215.A_WW_I APPL 131,0.9566997678617876,3.898700545076281
Switchgrass,RGB2,J215.A_WW_I APPL 131,2023-01-19 15:05:37,3,1,3,2023-01-19_RgbImage_2023-01-19_15-05-36.png,Switchgrass_J215.A_WW_I APPL 131,0.9550664690796499,1.3974487790837884
Switchgrass,RGB1,J601.B_D_T3.16.2023_I APPL 44,2023-05-07 13:51:43,3,1,3,2023-05-7_RgbImage_2023-05-07_13-51-42.png,Switchgrass_J601.B_D_T3.16.2023_I APPL 44,0.96655209481551,3.8939762618392706
Switchgrass,RGB2,J601.B_D_T3.16.2023_I APPL 44,2023-05-07 13:51:08,3,1,3,2023-05-7_RgbImage_2023-05-07_13-51-07.png,Switchgrass_J601.B_D_T3.16.2023_I APPL 44,0.9493221408831037,1.4264934030361474
Switchgrass,RGB1,J609.A_D_T3.15.2023_I APPL 147,2023-05-06 12:55:48,3,1,3,2023-05-6_RgbImage_2023-05-06_12-55-47.png,Switchgrass_J609.A_D_T3.15.2023_I APPL 147,0.9652661031837318,3.8347691600210965
Switchgrass,RGB2,J609.A_D_T3.15.2023_I APPL 147,2023-05-06 12:55:16,3,1,3,2023-05-6_RgbImage_2023-05-06_12-55-15.png,Switchgrass_J609.A_D_T3.15.2023_I APPL 147,0.9237798945962752,1.4073837120085955
Switchgrass,RGB1,J215.A_D_I APPL 121,2022-12-30 21:02:03,3,1,4,2022-12-30_RgbImage_2022-12-30_21-02-03.png,Switchgrass_J215.A_D_I APPL 121,0.9732799806279132,3.8889669412747025
Switchgrass,RGB2,J215.A_D_I APPL 121,2022-12-30 21:01:30,3,1,4,2022-12-30_RgbImage_2022-12-30_21-01-29.png,Switchgrass_J215.A_D_I APPL 121,0.9336813223584116,1.408320473972708
Switchgrass,RGB1,J215.A_WW_I APPL 136,2022-12-21 16:33:49,3,1,4,2022-12-21_RgbImage_2022-12-21_16-33-49.png,Switchgrass_J215.A_WW_I APPL 136,0.978344241079698,3.8644627421163023
Switchgrass,RGB2,J215.A_WW_I APPL 136,2022-12-21 16:33:15,3,1,4,2022-12-21_RgbImage_2022-12-21_16-33-14.png,Switchgrass_J215.A_WW_I APPL 136,0.9569335930099967,1.448417915031314
Switchgrass,RGB1,J215.A_WW_I APPL 221,2022-12-30 19:25:21,3,1,4,2022-12-30_RgbImage_2022-12-30_19-25-21.png,Switchgrass_J215.A_WW_I APPL 221,0.9679764707015294,3.9382959669455886
Switchgrass,RGB2,J215.A_WW_I APPL 221,2022-12-30 19:24:06,3,1,4,2022-12-30_RgbImage_2022-12-30_19-24-06.png,Switchgrass_J215.A_WW_I APPL 221,0.9580488888759563,1.42872658604756
Switchgrass,RGB1,VS16_D_I APPL 402,2023-01-10 11:05:11,3,1,4,2023-01-10_RgbImage_2023-01-10_11-05-10.png,Switchgrass_VS16_D_I APPL 402,0.9571199277017572,3.8549388949759305
Switchgrass,RGB2,VS16_D_I APPL 402,2023-01-10 11:04:38,3,1,4,2023-01-10_RgbImage_2023-01-10_11-04-38.png,Switchgrass_VS16_D_I APPL 402,0.9445782985178545,1.4399196184240282
Switchgrass,RGB1,AP13_WW_I APPL 133,2023-01-27 15:13:36,3,2,0,2023-01-27_RgbImage_2023-01-27_15-13-35.png,Switchgrass_AP13_WW_I APPL 133,0.9699849808064798,3.8624559780582786
Switchgrass,RGB2,AP13_WW_I APPL 133,2023-01-27 15:11:51,3,2,0,2023-01-27_RgbImage_2023-01-27_15-11-50.png,Switchgrass_AP13_WW_I APPL 133,0.9009652706846247,1.4412505039945245
Switchgrass,RGB1,J003.B_WW_T3.13.2023_I APPL 292,2023-04-20 18:49:23,3,2,1,2023-04-20_RgbImage_2023-04-20_18-49-23.png,Switchgrass_J003.B_WW_T3.13.2023_I APPL 292,0.9544873312193456,3.818440346978605
Switchgrass,RGB2,J003.B_WW_T3.13.2023_I APPL 292,2023-04-20 18:48:50,3,2,1,2023-04-20_RgbImage_2023-04-20_18-48-50.png,Switchgrass_J003.B_WW_T3.13.2023_I APPL 292,0.950076854215835,1.4161537638865411
Switchgrass,RGB1,J317.A_WW_I APPL 262,2023-01-22 12:56:29,3,2,1,2023-01-22_RgbImage_2023-01-22_12-56-29.png,Switchgrass_J317.A_WW_I APPL 262,0.9757006032836117,3.8925984469242394
Switchgrass,RGB2,J317.A_WW_I APPL 262,2023-01-22 12:56:03,3,2,1,2023-01-22_RgbImage_2023-01-22_12-56-02.png,Switchgrass_J317.A_WW_I APPL 262,0.9209023498818018,1.45174571685493
Switchgrass,RGB1,J621.A_WW_T3.16.2023_I APPL 55,2023-05-02 12:20:32,3,2,1,2023-05-2_RgbImage_2023-05-02_12-20-32.png,Switchgrass_J621.A_WW_T3.16.2023_I APPL 55,0.9445512672930402,3.8719871677458286
Switchgrass,RGB2,J621.A_WW_T3.16.2023_I APPL 55,2023-05-02 12:20:03,3,2,1,2023-05-2_RgbImage_2023-05-02_12-20-03.png,Switchgrass_J621.A_WW_T3.16.2023_I APPL 55,0.913032436250621,1.4153766450472176
Switchgrass,RGB1,J215.A_D_I APPL 146,2023-02-02 14:01:30,3,2,2,2023-02-2_RgbImage_2023-02-02_14-01-30.png,Switchgrass_J215.A_D_I APPL 146,0.9528450152084893,3.9496916318312287
Switchgrass,RGB1,J215.A_D_I APPL 146,2023-02-04 14:01:15,3,2,2,2023-02-4_RgbImage_2023-02-04_14-01-14.png,Switchgrass_J215.A_D_I APPL 146,0.9430692960713108,4.19449735339731
Switchgrass,RGB2,J215.A_D_I APPL 146,2023-02-02 13:59:43,3,2,2,2023-02-2_RgbImage_2023-02-02_13-59-43.png,Switchgrass_J215.A_D_I APPL 146,0.9124136856864262,1.4253309345804155
Switchgrass,RGB2,J215.A_D_I APPL 146,2023-02-04 13:59:27,3,2,2,2023-02-4_RgbImage_2023-02-04_13-59-26.png,Switchgrass_J215.A_D_I APPL 146,0.9160765536441002,1.3509976039640605
Switchgrass,RGB1,J535.A_WW_T3.16.2023_I APPL 6,2023-05-02 18:44:34,3,2,2,2023-05-2_RgbImage_2023-05-02_18-44-34.png,Switchgrass_J535.A_WW_T3.16.2023_I APPL 6,0.9693680804211043,3.84953236207366
Switchgrass,RGB2,J535.A_WW_T3.16.2023_I APPL 6,2023-05-02 18:44:00,3,2,2,2023-05-2_RgbImage_2023-05-02_18-44-00.png,Switchgrass_J535.A_WW_T3.16.2023_I APPL 6,0.9419814189399239,1.4303461480885744
Switchgrass,RGB1,J005.A_WW_T3.13.2023_I APPL 378,2023-04-13 08:07:19,3,2,3,2023-04-13_RgbImage_2023-04-13_08-07-18.png,Switchgrass_J005.A_WW_T3.13.2023_I APPL 378,0.9726061884430465,3.90368444705382
Switchgrass,RGB2,J005.A_WW_T3.13.2023_I APPL 378,2023-04-13 08:06:46,3,2,3,2023-04-13_RgbImage_2023-04-13_08-06-45.png,Switchgrass_J005.A_WW_T3.13.2023_I APPL 378,0.9383020279765918,1.4207936660386622
Switchgrass,RGB1,J215.A_WW_I APPL 131,2023-01-07 15:41:23,3,2,3,2023-01-7_RgbImage_2023-01-07_15-41-22.png,Switchgrass_J215.A_WW_I APPL 131,0.9652108577752145,3.9575588167645037
Switchgrass,RGB2,J215.A_WW_I APPL 131,2023-01-07 15:40:10,3,2,3,2023-01-7_RgbImage_2023-01-07_15-40-09.png,Switchgrass_J215.A_WW_I APPL 131,0.941852173693865,1.4161720080301166
Switchgrass,RGB1,J503.C_D_T3.15.2023_I APPL 166,2023-05-06 10:34:52,3,2,3,2023-05-6_RgbImage_2023-05-06_10-34-51.png,Switchgrass_J503.C_D_T3.15.2023_I APPL 166,0.9767413481306865,3.879083533771336
Switchgrass,RGB2,J503.C_D_T3.15.2023_I APPL 166,2023-05-06 10:34:19,3,2,3,2023-05-6_RgbImage_2023-05-06_10-34-18.png,Switchgrass_J503.C_D_T3.15.2023_I APPL 166,0.902141522991702,1.4250472988933325
Switchgrass,RGB1,VS16_Xtra_I APPL 129,2023-01-22 17:28:39,3,2,3,2023-01-22_RgbImage_2023-01-22_17-28-38.png,Switchgrass_VS16_Xtra_I APPL 129,0.9562110747436003,3.889947985764593
Switchgrass,RGB2,VS16_Xtra_I APPL 129,2023-01-22 17:28:10,3,2,3,2023-01-22_RgbImage_2023-01-22_17-28-09.png,Switchgrass_VS16_Xtra_I APPL 129,0.9355809477754179,1.395141436252743
Switchgrass,RGB1,J585.B_WW_T3.16.2023_I APPL 92,2023-05-07 07:44:56,3,2,4,2023-05-7_RgbImage_2023-05-07_07-44-55.png,Switchgrass_J585.B_WW_T3.16.2023_I APPL 92,0.9692692399515026,3.8897704598493874
Switchgrass,RGB2,J585.B_WW_T3.16.2023_I APPL 92,2023-05-07 07:44:26,3,2,4,2023-05-7_RgbImage_2023-05-07_07-44-26.png,Switchgrass_J585.B_WW_T3.16.2023_I APPL 92,0.8856923764023064,1.4259601850062609
Switchgrass,RGB1,VS16_D_I APPL 2,2022-12-31 11:30:14,3,2,4,2022-12-31_RgbImage_2022-12-31_11-30-14.png,Switchgrass_VS16_D_I APPL 2,0.9664609832568342,3.6921933428384364
Switchgrass,RGB2,VS16_D_I APPL 2,2022-12-31 11:29:43,3,2,4,2022-12-31_RgbImage_2022-12-31_11-29-42.png,Switchgrass_VS16_D_I APPL 2,0.9455654030375927,1.4463216019794345
Switchgrass,RGB1,J251.B_D_T3.12.2023_I APPL 438,2023-04-26 12:05:07,3,3,0,2023-04-26_RgbImage_2023-04-26_12-05-06.png,Switchgrass_J251.B_D_T3.12.2023_I APPL 438,0.9510860067995619,3.8966978467069566
Switchgrass,RGB2,J251.B_D_T3.12.2023_I APPL 438,2023-04-26 12:04:36,3,3,0,2023-04-26_RgbImage_2023-04-26_12-04-35.png,Switchgrass_J251.B_D_T3.12.2023_I APPL 438,0.8374440042273955,1.4417921979911625
Switchgrass,RGB1,J279.A_WW_T3.12.2023_I APPL 391,2023-04-26 17:54:17,3,3,0,2023-04-26_RgbImage_2023-04-26_17-54-16.png,Switchgrass_J279.A_WW_T3.12.2023_I APPL 391,0.9551662171919095,3.848128658719361
Switchgrass,RGB2,J279.A_WW_T3.12.2023_I APPL 391,2023-04-26 17:53:50,3,3,0,2023-04-26_RgbImage_2023-04-26_17-53-49.png,Switchgrass_J279.A_WW_T3.12.2023_I APPL 391,0.8668634534615871,1.433049728628248
Switchgrass,RGB1,J317.A_D_I APPL 6,2023-01-31 10:27:06,3,3,0,2023-01-31_RgbImage_2023-01-31_10-27-05.png,Switchgrass_J317.A_D_I APPL 6,0.9666828619179797,3.8840846410021186
Switchgrass,RGB2,J317.A_D_I APPL 6,2023-01-31 10:25:20,3,3,0,2023-01-31_RgbImage_2023-01-31_10-25-19.png,Switchgrass_J317.A_D_I APPL 6,0.864551189603631,1.4384853672236204
Switchgrass,RGB1,J251.B_WW_T3.12.2023_I APPL 518,2023-04-12 07:10:50,3,3,1,2023-04-12_RgbImage_2023-04-12_07-10-49.png,Switchgrass_J251.B_WW_T3.12.2023_I APPL 518,0.9528601011264392,3.8539560860954225
Switchgrass,RGB2,J251.B_WW_T3.12.2023_I APPL 518,2023-04-12 07:10:22,3,3,1,2023-04-12_RgbImage_2023-04-12_07-10-21.png,Switchgrass_J251.B_WW_T3.12.2023_I APPL 518,0.8790944858388738,1.4255934520624578
Switchgrass,RGB1,J317.A_D_I APPL 103,2023-01-19 10:56:59,3,3,1,2023-01-19_RgbImage_2023-01-19_10-56-58.png,Switchgrass_J317.A_D_I APPL 103,0.9627422274634793,3.871974403038621
Switchgrass,RGB2,J317.A_D_I APPL 103,2023-01-19 10:56:31,3,3,1,2023-01-19_RgbImage_2023-01-19_10-56-30.png,Switchgrass_J317.A_D_I APPL 103,0.9103952209539138,1.427910201717168
Switchgrass,RGB1,AP13_D_I APPL 261,2023-01-07 11:37:49,3,3,2,2023-01-7_RgbImage_2023-01-07_11-37-49.png,Switchgrass_AP13_D_I APPL 261,0.958754631451842,3.8645746828988194
Switchgrass,RGB2,AP13_D_I APPL 261,2023-01-07 11:37:19,3,3,2,2023-01-7_RgbImage_2023-01-07_11-37-18.png,Switchgrass_AP13_D_I APPL 261,0.9449279991483316,1.4242931632325053
Switchgrass,RGB1,J226.A_WW_T3.13.2023_I APPL 294,2023-04-14 23:29:31,3,3,2,2023-04-14_RgbImage_2023-04-14_23-29-31.png,Switchgrass_J226.A_WW_T3.13.2023_I APPL 294,0.9653477464499934,3.8717909958213568
Switchgrass,RGB2,J226.A_WW_T3.13.2023_I APPL 294,2023-04-14 23:29:02,3,3,2,2023-04-14_RgbImage_2023-04-14_23-29-01.png,Switchgrass_J226.A_WW_T3.13.2023_I APPL 294,0.9023468730767515,1.4329403517767787
Switchgrass,RGB1,J317.A_D_I APPL 103,2023-01-02 10:57:28,3,3,2,2023-01-2_RgbImage_2023-01-02_10-57-27.png,Switchgrass_J317.A_D_I APPL 103,0.9548217210919351,3.834685801062733
Switchgrass,RGB2,J317.A_D_I APPL 103,2023-01-02 10:56:59,3,3,2,2023-01-2_RgbImage_2023-01-02_10-56-59.png,Switchgrass_J317.A_D_I APPL 103,0.9066917299241268,1.4104271670803428
Switchgrass,RGB1,J317.A_WW_I APPL 351,2023-01-05 10:51:06,3,3,2,2023-01-5_RgbImage_2023-01-05_10-51-06.png,Switchgrass_J317.A_WW_I APPL 351,0.9748044387848197,3.884381841868162
Switchgrass,RGB2,J317.A_WW_I APPL 351,2023-01-05 10:49:15,3,3,2,2023-01-5_RgbImage_2023-01-05_10-49-15.png,Switchgrass_J317.A_WW_I APPL 351,0.9638451028773585,1.4141600239090621
Switchgrass,RGB1,J018.B_WW_T3.13.2023_I APPL 293,2023-04-28 18:40:14,3,3,3,2023-04-28_RgbImage_2023-04-28_18-40-13.png,Switchgrass_J018.B_WW_T3.13.2023_I APPL 293,0.9675207397052029,3.891200402751565
Switchgrass,RGB2,J018.B_WW_T3.13.2023_I APPL 293,2023-04-28 18:39:38,3,3,3,2023-04-28_RgbImage_2023-04-28_18-39-38.png,Switchgrass_J018.B_WW_T3.13.2023_I APPL 293,0.9698901605346216,1.4479317660443485
Switchgrass,RGB1,J018.C_WW_T3.15.2023_I APPL 185,2023-04-16 08:14:35,3,3,3,2023-04-16_RgbImage_2023-04-16_08-14-34.png,Switchgrass_J018.C_WW_T3.15.2023_I APPL 185,0.9716362015513413,3.857947501819581
Switchgrass,RGB2,J018.C_WW_T3.15.2023_I APPL 185,2023-04-16 08:14:02,3,3,3,2023-04-16_RgbImage_2023-04-16_08-14-01.png,Switchgrass_J018.C_WW_T3.15.2023_I APPL 185,0.9425513876145378,1.449279212858528
Switchgrass,RGB1,J215.A_Xtra_I APPL 138,2023-01-19 17:14:23,3,3,3,2023-01-19_RgbImage_2023-01-19_17-14-23.png,Switchgrass_J215.A_Xtra_I APPL 138,0.9343374376952541,3.9222853053361177
Switchgrass,RGB2,J215.A_Xtra_I APPL 138,2023-01-19 17:13:10,3,3,3,2023-01-19_RgbImage_2023-01-19_17-13-10.png,Switchgrass_J215.A_Xtra_I APPL 138,0.9392386475997638,1.3388484539464116
Switchgrass,RGB1,J587.C_WW_T3.16.2023_I APPL 58,2023-04-25 11:55:43,3,3,3,2023-04-25_RgbImage_2023-04-25_11-55-43.png,Switchgrass_J587.C_WW_T3.16.2023_I APPL 58,0.9560095529616237,3.9841390918008983
Switchgrass,RGB2,J587.C_WW_T3.16.2023_I APPL 58,2023-04-25 11:55:11,3,3,3,2023-04-25_RgbImage_2023-04-25_11-55-10.png,Switchgrass_J587.C_WW_T3.16.2023_I APPL 58,0.9494389335193942,1.435006177984178
Switchgrass,RGB1,J585.A_WW_T3.14.2023_I APPL 268,2023-05-05 09:59:11,3,3,4,2023-05-5_RgbImage_2023-05-05_09-59-11.png,Switchgrass_J585.A_WW_T3.14.2023_I APPL 268,0.9544109786239017,3.860942855011672
Switchgrass,RGB2,J585.A_WW_T3.14.2023_I APPL 268,2023-05-05 09:58:39,3,3,4,2023-05-5_RgbImage_2023-05-05_09-58-38.png,Switchgrass_J585.A_WW_T3.14.2023_I APPL 268,0.9316060045240416,1.4210736062377691
Switchgrass,RGB1,J587.B_WW_T3.15.2023_I APPL 164,2023-05-06 10:51:21,3,3,4,2023-05-6_RgbImage_2023-05-06_10-51-21.png,Switchgrass_J587.B_WW_T3.15.2023_I APPL 164,0.9777560069147211,3.842639861162752
Switchgrass,RGB2,J587.B_WW_T3.15.2023_I APPL 164,2023-05-06 10:50:49,3,3,4,2023-05-6_RgbImage_2023-05-06_10-50-49.png,Switchgrass_J587.B_WW_T3.15.2023_I APPL 164,0.9549585957007964,1.4196544429287314
Switchgrass,RGB1,J008.D_D_I APPL 338,2023-01-23 12:13:19,3,4,0,2023-01-23_RgbImage_2023-01-23_12-13-19.png,Switchgrass_J008.D_D_I APPL 338,0.9646811880342199,3.8672166070900857
Switchgrass,RGB2,J008.D_D_I APPL 338,2023-01-23 12:12:09,3,4,0,2023-01-23_RgbImage_2023-01-23_12-12-09.png,Switchgrass_J008.D_D_I APPL 338,0.95113152760684,1.423153328243643
Switchgrass,RGB1,J317.A_D_I APPL 6,2023-01-21 10:27:14,3,4,0,2023-01-21_RgbImage_2023-01-21_10-27-14.png,Switchgrass_J317.A_D_I APPL 6,0.955204649829859,3.859686610288918
Switchgrass,RGB2,J317.A_D_I APPL 6,2023-01-21 10:25:26,3,4,0,2023-01-21_RgbImage_2023-01-21_10-25-26.png,Switchgrass_J317.A_D_I APPL 6,0.820182537766277,1.4505587019957602
Switchgrass,RGB1,J008.D_D_I APPL 338,2023-02-09 11:51:56,3,4,1,2023-02-9_RgbImage_2023-02-09_11-51-55.png,Switchgrass_J008.D_D_I APPL 338,0.9792227024723179,3.8775578690692782
Switchgrass,RGB2,J008.D_D_I APPL 338,2023-02-09 11:51:28,3,4,1,2023-02-9_RgbImage_2023-02-09_11-51-27.png,Switchgrass_J008.D_D_I APPL 338,0.9464965523850521,1.456996934954077
Switchgrass,RGB1,J317.A_D_I APPL 103,2023-02-02 10:57:54,3,4,1,2023-02-2_RgbImage_2023-02-02_10-57-53.png,Switchgrass_J317.A_D_I APPL 103,0.9511943127313865,3.8586850874125957
Switchgrass,RGB2,J317.A_D_I APPL 103,2023-02-02 10:56:09,3,4,1,2023-02-2_RgbImage_2023-02-02_10-56-09.png,Switchgrass_J317.A_D_I APPL 103,0.8542099757867987,1.420526061207056
Switchgrass,RGB1,J247.A_D_T3.12.2023_I APPL 411,2023-04-12 15:31:39,3,4,2,2023-04-12_RgbImage_2023-04-12_15-31-38.png,Switchgrass_J247.A_D_T3.12.2023_I APPL 411,0.9567400878274902,3.8304698700085282
Switchgrass,RGB2,J247.A_D_T3.12.2023_I APPL 411,2023-04-12 15:31:03,3,4,2,2023-04-12_RgbImage_2023-04-12_15-31-03.png,Switchgrass_J247.A_D_T3.12.2023_I APPL 411,0.9624943500175469,1.4353689141571522
Switchgrass,RGB1,AP13_WW_I APPL 142,2022-12-08 14:01:33,3,4,3,2022-12-8_RgbImage_2022-12-08_14-01-32.png,Switchgrass_AP13_WW_I APPL 142,0.9674834929527977,3.764197831042111
Switchgrass,RGB2,AP13_WW_I APPL 142,2022-12-08 14:00:59,3,4,3,2022-12-8_RgbImage_2022-12-08_14-00-59.png,Switchgrass_AP13_WW_I APPL 142,0.9388133135526884,1.4059211472049356
Switchgrass,RGB1,J009.C_D_T3.15.2023_I APPL 175,2023-05-06 09:20:33,3,4,3,2023-05-6_RgbImage_2023-05-06_09-20-32.png,Switchgrass_J009.C_D_T3.15.2023_I APPL 175,0.9777544916341575,3.9117457773536444
Switchgrass,RGB2,J009.C_D_T3.15.2023_I APPL 175,2023-05-06 09:20:02,3,4,3,2023-05-6_RgbImage_2023-05-06_09-20-02.png,Switchgrass_J009.C_D_T3.15.2023_I APPL 175,0.9081489980348781,1.4185224431566894
Switchgrass,RGB1,J318.A_WW_T3.12.2023_I APPL 407,2023-04-12 16:03:56,3,4,3,2023-04-12_RgbImage_2023-04-12_16-03-56.png,Switchgrass_J318.A_WW_T3.12.2023_I APPL 407,0.9517383649121756,3.894164236728102
Switchgrass,RGB2,J318.A_WW_T3.12.2023_I APPL 407,2023-04-12 16:03:29,3,4,3,2023-04-12_RgbImage_2023-04-12_16-03-29.png,Switchgrass_J318.A_WW_T3.12.2023_I APPL 407,0.9508156672400687,1.444492933806032
Switchgrass,RGB1,J251.A_WW_T3.16.2023_I APPL 48,2023-05-02 13:18:41,3,4,4,2023-05-2_RgbImage_2023-05-02_13-18-41.png,Switchgrass_J251.A_WW_T3.16.2023_I APPL 48,0.954676758872984,3.852770173922181
Switchgrass,RGB2,J251.A_WW_T3.16.2023_I APPL 48,2023-05-02 13:18:09,3,4,4,2023-05-2_RgbImage_2023-05-02_13-18-09.png,Switchgrass_J251.A_WW_T3.16.2023_I APPL 48,0.9392207458609578,1.4500710302963853
Switchgrass,RGB1,Rambo 5_WW_T3.15.2023_I APPL 189,2023-05-06 07:41:21,3,4,4,2023-05-6_RgbImage_2023-05-06_07-41-21.png,Switchgrass_Rambo 5_WW_T3.15.2023_I APPL 189,0.9685003209927515,3.8507453752681613
Switchgrass,RGB2,Rambo 5_WW_T3.15.2023_I APPL 189,2023-05-06 07:40:50,3,4,4,2023-05-6_RgbImage_2023-05-06_07-40-50.png,Switchgrass_Rambo 5_WW_T3.15.2023_I APPL 189,0.9464658176605777,1.4463721979409456
Switchgrass,RGB1,VS16_D_I APPL 2,2023-02-07 11:28:24,3,4,4,2023-02-7_RgbImage_2023-02-07_11-28-23.png,Switchgrass_VS16_D_I APPL 2,0.9683212883052815,3.8684942619875073
Switchgrass,RGB1,VS16_D_I APPL 2,2023-02-05 11:30:15,3,4,4,2023-02-5_RgbImage_2023-02-05_11-30-14.png,Switchgrass_VS16_D_I APPL 2,0.9662183271567849,4.203006281051785
Switchgrass,RGB2,VS16_D_I APPL 2,2023-02-07 11:27:56,3,4,4,2023-02-7_RgbImage_2023-02-07_11-27-56.png,Switchgrass_VS16_D_I APPL 2,0.9393238675514594,1.4306010589934886
Switchgrass,RGB2,VS16_D_I APPL 2,2023-02-05 11:29:47,3,4,4,2023-02-5_RgbImage_2023-02-05_11-29-47.png,Switchgrass_VS16_D_I APPL 2,0.9483656593519003,1.3536504600197077
Switchgrass,RGB1,J001.B_WW_T3.13.2023_I APPL 349,2023-04-14 16:53:53,4,0,0,2023-04-14_RgbImage_2023-04-14_16-53-52.png,Switchgrass_J001.B_WW_T3.13.2023_I APPL 349,0.9570517372950749,3.885167506057769
Switchgrass,RGB2,J001.B_WW_T3.13.2023_I APPL 349,2023-04-14 16:53:26,4,0,0,2023-04-14_RgbImage_2023-04-14_16-53-26.png,Switchgrass_J001.B_WW_T3.13.2023_I APPL 349,0.9314873178815564,1.3179304539225996
Switchgrass,RGB1,J008.D_D_I APPL 125,2023-01-06 16:38:16,4,0,0,2023-01-6_RgbImage_2023-01-06_16-38-16.png,Switchgrass_J008.D_D_I APPL 125,0.9602627704048036,3.9036718420684338
Switchgrass,RGB1,J008.D_D_I APPL 125,2023-01-07 16:37:45,4,0,0,2023-01-7_RgbImage_2023-01-07_16-37-44.png,Switchgrass_J008.D_D_I APPL 125,0.970991904730986,4.2020360650494695
Switchgrass,RGB2,J008.D_D_I APPL 125,2023-01-06 16:37:08,4,0,0,2023-01-6_RgbImage_2023-01-06_16-37-08.png,Switchgrass_J008.D_D_I APPL 125,0.9423977490487897,1.4653786029666662
Switchgrass,RGB2,J008.D_D_I APPL 125,2023-01-07 16:36:37,4,0,0,2023-01-7_RgbImage_2023-01-07_16-36-36.png,Switchgrass_J008.D_D_I APPL 125,0.9432960813900532,1.3214911157265306
Switchgrass,RGB1,J215.A_Xtra_I APPL 138,2023-01-28 17:12:51,4,0,0,2023-01-28_RgbImage_2023-01-28_17-12-51.png,Switchgrass_J215.A_Xtra_I APPL 138,0.9586307754464062,3.904439453035593
Switchgrass,RGB2,J215.A_Xtra_I APPL 138,2023-01-28 17:11:03,4,0,0,2023-01-28_RgbImage_2023-01-28_17-11-03.png,Switchgrass_J215.A_Xtra_I APPL 138,0.9280653868164741,1.4265820011496544
Switchgrass,RGB1,J005.A_D_T3.13.2023_I APPL 315,2023-05-04 20:30:18,4,0,1,2023-05-4_RgbImage_2023-05-04_20-30-18.png,Switchgrass_J005.A_D_T3.13.2023_I APPL 315,0.9744463224714136,3.8979811877943575
Switchgrass,RGB2,J005.A_D_T3.13.2023_I APPL 315,2023-05-04 20:29:47,4,0,1,2023-05-4_RgbImage_2023-05-04_20-29-46.png,Switchgrass_J005.A_D_T3.13.2023_I APPL 315,0.9378816669125036,1.4418570920825005
Switchgrass,RGB1,J215.A_WW_I APPL 152,2023-01-22 13:46:50,4,0,1,2023-01-22_RgbImage_2023-01-22_13-46-50.png,Switchgrass_J215.A_WW_I APPL 152,0.9544147106703158,3.879425839986652
Switchgrass,RGB1,J215.A_WW_I APPL 152,2023-01-23 14:06:30,4,0,1,2023-01-23_RgbImage_2023-01-23_14-06-29.png,Switchgrass_J215.A_WW_I APPL 152,0.9543408205411728,4.195208716671914
Switchgrass,RGB2,J215.A_WW_I APPL 152,2023-01-22 13:45:03,4,0,1,2023-01-22_RgbImage_2023-01-22_13-45-02.png,Switchgrass_J215.A_WW_I APPL 152,0.9249268995468974,1.3270307797938585
Switchgrass,RGB2,J215.A_WW_I APPL 152,2023-01-23 14:04:45,4,0,1,2023-01-23_RgbImage_2023-01-23_14-04-45.png,Switchgrass_J215.A_WW_I APPL 152,0.9315052310786622,1.361742699984461
Switchgrass,RGB1,J215.A_D_I APPL 121,2023-01-09 16:20:56,4,0,2,2023-01-9_RgbImage_2023-01-09_16-20-55.png,Switchgrass_J215.A_D_I APPL 121,0.9645437835866136,3.776295041665435
Switchgrass,RGB2,J215.A_D_I APPL 121,2023-01-09 16:20:24,4,0,2,2023-01-9_RgbImage_2023-01-09_16-20-24.png,Switchgrass_J215.A_D_I APPL 121,0.9332081852574613,1.353636581916362
Switchgrass,RGB1,J215.A_D_I APPL 130,2023-01-19 15:23:06,4,0,2,2023-01-19_RgbImage_2023-01-19_15-23-06.png,Switchgrass_J215.A_D_I APPL 130,0.9572281597927524,3.7429661182686687
Switchgrass,RGB2,J215.A_D_I APPL 130,2023-01-19 15:21:15,4,0,2,2023-01-19_RgbImage_2023-01-19_15-21-15.png,Switchgrass_J215.A_D_I APPL 130,0.9445808016661166,1.481228780001402
Switchgrass,RGB1,J215.A_D_I APPL 146,2023-01-29 14:01:16,4,0,2,2023-01-29_RgbImage_2023-01-29_14-01-15.png,Switchgrass_J215.A_D_I APPL 146,0.9605832353053251,3.8645898499526083
Switchgrass,RGB2,J215.A_D_I APPL 146,2023-01-29 14:00:05,4,0,2,2023-01-29_RgbImage_2023-01-29_14-00-05.png,Switchgrass_J215.A_D_I APPL 146,0.9224216015082303,1.4281006618402898
Switchgrass,RGB1,J215.A_WW_I APPL 131,2023-01-25 15:06:31,4,0,2,2023-01-25_RgbImage_2023-01-25_15-06-31.png,Switchgrass_J215.A_WW_I APPL 131,0.9612807163524668,3.847534683998674
Switchgrass,RGB2,J215.A_WW_I APPL 131,2023-01-25 15:04:40,4,0,2,2023-01-25_RgbImage_2023-01-25_15-04-40.png,Switchgrass_J215.A_WW_I APPL 131,0.957374089816101,1.432248093187809
Switchgrass,RGB1,J215.A_WW_I APPL 221,2023-01-06 14:45:27,4,0,3,2023-01-6_RgbImage_2023-01-06_14-45-27.png,Switchgrass_J215.A_WW_I APPL 221,0.9664466985268542,3.9626413262449205
Switchgrass,RGB2,J215.A_WW_I APPL 221,2023-01-06 14:44:10,4,0,3,2023-01-6_RgbImage_2023-01-06_14-44-10.png,Switchgrass_J215.A_WW_I APPL 221,0.9588289058351785,1.432902059983462
Switchgrass,RGB1,J461.C_WW_T3.15.2023_I APPL 136,2023-05-06 14:10:18,4,0,3,2023-05-6_RgbImage_2023-05-06_14-10-18.png,Switchgrass_J461.C_WW_T3.15.2023_I APPL 136,0.9747632535466535,3.8317978400737047
Switchgrass,RGB2,J461.C_WW_T3.15.2023_I APPL 136,2023-05-06 14:09:48,4,0,3,2023-05-6_RgbImage_2023-05-06_14-09-47.png,Switchgrass_J461.C_WW_T3.15.2023_I APPL 136,0.9221532032507439,1.4359383499249816
Switchgrass,RGB1,VS16_D_I APPL 402,2023-02-09 11:04:20,4,0,3,2023-02-9_RgbImage_2023-02-09_11-04-20.png,Switchgrass_VS16_D_I APPL 402,0.9607195386525753,3.8723200648091733
Switchgrass,RGB2,VS16_D_I APPL 402,2023-02-09 11:03:53,4,0,3,2023-02-9_RgbImage_2023-02-09_11-03-53.png,Switchgrass_VS16_D_I APPL 402,0.9211951009606237,1.4231269480660558
Switchgrass,RGB1,J215.A_WW_I APPL 221,2023-01-10 14:44:16,4,0,4,2023-01-10_RgbImage_2023-01-10_14-44-16.png,Switchgrass_J215.A_WW_I APPL 221,0.9695050704851639,3.8488706201314926
Switchgrass,RGB2,J215.A_WW_I APPL 221,2023-01-10 14:43:02,4,0,4,2023-01-10_RgbImage_2023-01-10_14-43-01.png,Switchgrass_J215.A_WW_I APPL 221,0.9538879103745477,1.4129681610502303
Switchgrass,RGB1,J323.A_WW_T3.13.2023_I APPL 367,2023-04-20 09:38:39,4,0,4,2023-04-20_RgbImage_2023-04-20_09-38-39.png,Switchgrass_J323.A_WW_T3.13.2023_I APPL 367,0.9610773639903682,3.903136699926108
Switchgrass,RGB1,J323.A_WW_T3.13.2023_I APPL 367,2023-04-28 09:38:14,4,0,4,2023-04-28_RgbImage_2023-04-28_09-38-14.png,Switchgrass_J323.A_WW_T3.13.2023_I APPL 367,0.9681856290425027,4.231183222960681
Switchgrass,RGB2,J323.A_WW_T3.13.2023_I APPL 367,2023-04-20 09:38:05,4,0,4,2023-04-20_RgbImage_2023-04-20_09-38-04.png,Switchgrass_J323.A_WW_T3.13.2023_I APPL 367,0.9374337150282908,1.3000750648789108
Switchgrass,RGB2,J323.A_WW_T3.13.2023_I APPL 367,2023-04-28 09:37:42,4,0,4,2023-04-28_RgbImage_2023-04-28_09-37-42.png,Switchgrass_J323.A_WW_T3.13.2023_I APPL 367,0.9386332912237547,1.375616721343249
Switchgrass,RGB1,J340.A_WW_T3.13.2023_I APPL 306,2023-05-04 21:44:01,4,0,4,2023-05-4_RgbImage_2023-05-04_21-44-00.png,Switchgrass_J340.A_WW_T3.13.2023_I APPL 306,0.9758862951936393,3.6455780267715454
Switchgrass,RGB2,J340.A_WW_T3.13.2023_I APPL 306,2023-05-04 21:43:27,4,0,4,2023-05-4_RgbImage_2023-05-04_21-43-27.png,Switchgrass_J340.A_WW_T3.13.2023_I APPL 306,0.9528874961926014,1.3582411911338568
Switchgrass,RGB1,AP13_WW_I APPL 142,2023-01-21 13:54:54,4,1,0,2023-01-21_RgbImage_2023-01-21_13-54-53.png,Switchgrass_AP13_WW_I APPL 142,0.9706969906145466,3.8439628230407834
Switchgrass,RGB1,AP13_WW_I APPL 142,2023-01-22 13:54:49,4,1,0,2023-01-22_RgbImage_2023-01-22_13-54-48.png,Switchgrass_AP13_WW_I APPL 142,0.968379130567036,4.147767664864659
Switchgrass,RGB2,AP13_WW_I APPL 142,2023-01-21 13:53:04,4,1,0,2023-01-21_RgbImage_2023-01-21_13-53-04.png,Switchgrass_AP13_WW_I APPL 142,0.9225958264505646,1.3615219169296324
Switchgrass,RGB2,AP13_WW_I APPL 142,2023-01-22 13:52:59,4,1,0,2023-01-22_RgbImage_2023-01-22_13-52-59.png,Switchgrass_AP13_WW_I APPL 142,0.909775545513066,1.3186160447075963
Switchgrass,RGB1,J008.D_D_I APPL 125,2023-01-08 16:37:26,4,1,1,2023-01-8_RgbImage_2023-01-08_16-37-25.png,Switchgrass_J008.D_D_I APPL 125,0.9556817025597008,3.9377131666988134
Switchgrass,RGB2,J008.D_D_I APPL 125,2023-01-08 16:36:18,4,1,1,2023-01-8_RgbImage_2023-01-08_16-36-18.png,Switchgrass_J008.D_D_I APPL 125,0.9442010362080155,1.4652492734603584
Switchgrass,RGB1,J250.C_D_T3.13.2023_I APPL 358,2023-05-04 15:11:05,4,1,1,2023-05-4_RgbImage_2023-05-04_15-11-05.png,Switchgrass_J250.C_D_T3.13.2023_I APPL 358,0.9624282854766968,3.892674112226814
Switchgrass,RGB2,J250.C_D_T3.13.2023_I APPL 358,2023-05-04 15:10:35,4,1,1,2023-05-4_RgbImage_2023-05-04_15-10-34.png,Switchgrass_J250.C_D_T3.13.2023_I APPL 358,0.9272953365764094,1.4335314040072262
Switchgrass,RGB1,J330.A_WW_T3.12.2023_I APPL 396,2023-04-26 17:13:22,4,1,1,2023-04-26_RgbImage_2023-04-26_17-13-22.png,Switchgrass_J330.A_WW_T3.12.2023_I APPL 396,0.961388328429534,3.8760586166754365
Switchgrass,RGB2,J330.A_WW_T3.12.2023_I APPL 396,2023-04-26 17:12:51,4,1,1,2023-04-26_RgbImage_2023-04-26_17-12-51.png,Switchgrass_J330.A_WW_T3.12.2023_I APPL 396,0.9405714618357368,1.4138823938556015
Switchgrass,RGB1,J215.A_D_I APPL 146,2023-02-08 14:01:09,4,1,2,2023-02-8_RgbImage_2023-02-08_14-01-08.png,Switchgrass_J215.A_D_I APPL 146,0.9461467165926646,3.915246468037367
Switchgrass,RGB2,J215.A_D_I APPL 146,2023-02-08 13:59:21,4,1,2,2023-02-8_RgbImage_2023-02-08_13-59-21.png,Switchgrass_J215.A_D_I APPL 146,0.9028360005032496,1.440421009901911
Switchgrass,RGB1,J215.A_D_I APPL 4,2023-01-11 10:41:39,4,1,2,2023-01-11_RgbImage_2023-01-11_10-41-39.png,Switchgrass_J215.A_D_I APPL 4,0.9746164826675285,3.8403192250989377
Switchgrass,RGB2,J215.A_D_I APPL 4,2023-01-11 10:41:11,4,1,2,2023-01-11_RgbImage_2023-01-11_10-41-10.png,Switchgrass_J215.A_D_I APPL 4,0.9468738217225067,1.4144697841256857
Switchgrass,RGB1,J215.A_WW_I APPL 131,2023-01-27 15:05:55,4,1,2,2023-01-27_RgbImage_2023-01-27_15-05-54.png,Switchgrass_J215.A_WW_I APPL 131,0.9635600793687078,3.8839695742353797
Switchgrass,RGB1,J215.A_WW_I APPL 131,2023-02-09 15:04:31,4,1,2,2023-02-9_RgbImage_2023-02-09_15-04-31.png,Switchgrass_J215.A_WW_I APPL 131,0.9615772329162853,4.184380147140473
Switchgrass,RGB2,J215.A_WW_I APPL 131,2023-01-27 15:04:04,4,1,2,2023-01-27_RgbImage_2023-01-27_15-04-03.png,Switchgrass_J215.A_WW_I APPL 131,0.9507824607662357,1.3150499616749585
Switchgrass,RGB2,J215.A_WW_I APPL 131,2023-02-09 15:02:47,4,1,2,2023-02-9_RgbImage_2023-02-09_15-02-47.png,Switchgrass_J215.A_WW_I APPL 131,0.9180851091146838,1.3347065872512758
Switchgrass,RGB1,J215.A_D_I APPL 4,2023-01-25 10:41:21,4,1,3,2023-01-25_RgbImage_2023-01-25_10-41-20.png,Switchgrass_J215.A_D_I APPL 4,0.9784459894619304,3.763315915130079
Switchgrass,RGB2,J215.A_D_I APPL 4,2023-01-25 10:40:53,4,1,3,2023-01-25_RgbImage_2023-01-25_10-40-53.png,Switchgrass_J215.A_D_I APPL 4,0.9479628339000893,1.3544668359681964
Switchgrass,RGB1,J215.A_WW_I APPL 136,2023-01-19 16:26:09,4,1,3,2023-01-19_RgbImage_2023-01-19_16-26-08.png,Switchgrass_J215.A_WW_I APPL 136,0.9721375371266888,3.908940856810659
Switchgrass,RGB2,J215.A_WW_I APPL 136,2023-01-19 16:25:44,4,1,3,2023-01-19_RgbImage_2023-01-19_16-25-43.png,Switchgrass_J215.A_WW_I APPL 136,0.9450434291448799,1.4440202750265598
Switchgrass,RGB1,J215.A_WW_I APPL 221,2023-01-28 14:09:00,4,1,3,2023-01-28_RgbImage_2023-01-28_14-09-00.png,Switchgrass_J215.A_WW_I APPL 221,0.9736506275695939,3.8713627480901778
Switchgrass,RGB2,J215.A_WW_I APPL 221,2023-01-28 14:07:56,4,1,3,2023-01-28_RgbImage_2023-01-28_14-07-56.png,Switchgrass_J215.A_WW_I APPL 221,0.9190553114825862,1.4133226349949837
Switchgrass,RGB1,VS16_D_I APPL 124,2023-01-21 16:41:46,4,1,3,2023-01-21_RgbImage_2023-01-21_16-41-46.png,Switchgrass_VS16_D_I APPL 124,0.9704196647618794,3.864095246884972
Switchgrass,RGB2,VS16_D_I APPL 124,2023-01-21 16:40:40,4,1,3,2023-01-21_RgbImage_2023-01-21_16-40-40.png,Switchgrass_VS16_D_I APPL 124,0.9306430671708439,1.4355903370305896
Switchgrass,RGB1,J215.A_D_I APPL 4,2022-12-30 10:42:10,4,1,4,2022-12-30_RgbImage_2022-12-30_10-42-10.png,Switchgrass_J215.A_D_I APPL 4,0.9781769880268023,3.85689939185977
Switchgrass,RGB2,J215.A_D_I APPL 4,2022-12-30 10:41:37,4,1,4,2022-12-30_RgbImage_2022-12-30_10-41-36.png,Switchgrass_J215.A_D_I APPL 4,0.9686853836763029,1.4467428820207715
Switchgrass,RGB1,J215.A_WW_I APPL 221,2023-02-05 14:09:58,4,1,4,2023-02-5_RgbImage_2023-02-05_14-09-57.png,Switchgrass_J215.A_WW_I APPL 221,0.968006593995764,3.879718645941466
Switchgrass,RGB2,J215.A_WW_I APPL 221,2023-02-05 14:08:52,4,1,4,2023-02-5_RgbImage_2023-02-05_14-08-52.png,Switchgrass_J215.A_WW_I APPL 221,0.9290455654972234,1.3236359748989344
Switchgrass,RGB1,VS16_D_I APPL 2,2023-01-10 11:29:28,4,1,4,2023-01-10_RgbImage_2023-01-10_11-29-27.png,Switchgrass_VS16_D_I APPL 2,0.973262403225881,3.971635712310672
Switchgrass,RGB2,VS16_D_I APPL 2,2023-01-10 11:28:56,4,1,4,2023-01-10_RgbImage_2023-01-10_11-28-56.png,Switchgrass_VS16_D_I APPL 2,0.9579938409330513,1.433012081310153
Switchgrass,RGB1,VS16_WW_I APPL 10,2023-01-23 12:06:08,4,1,4,2023-01-23_RgbImage_2023-01-23_12-06-08.png,Switchgrass_VS16_WW_I APPL 10,0.9664952405382292,3.8502025404013693
Switchgrass,RGB2,VS16_WW_I APPL 10,2023-01-23 12:04:14,4,1,4,2023-01-23_RgbImage_2023-01-23_12-04-14.png,Switchgrass_VS16_WW_I APPL 10,0.9424115507884291,1.4662911728955805
Switchgrass,RGB1,AP13_D_I APPL 261,2023-01-20 11:38:18,4,2,0,2023-01-20_RgbImage_2023-01-20_11-38-17.png,Switchgrass_AP13_D_I APPL 261,0.9419401954802049,3.8369518681429327
Switchgrass,RGB2,AP13_D_I APPL 261,2023-01-20 11:36:29,4,2,0,2023-01-20_RgbImage_2023-01-20_11-36-29.png,Switchgrass_AP13_D_I APPL 261,0.9213792983716227,1.4231523899361491
Switchgrass,RGB1,AP13_WW_I APPL 142,2023-02-04 13:52:48,4,2,0,2023-02-4_RgbImage_2023-02-04_13-52-47.png,Switchgrass_AP13_WW_I APPL 142,0.9687087294661144,3.909992925822735
Switchgrass,RGB2,AP13_WW_I APPL 142,2023-02-04 13:51:44,4,2,0,2023-02-4_RgbImage_2023-02-04_13-51-43.png,Switchgrass_AP13_WW_I APPL 142,0.9030837004406523,1.43246179074049
Switchgrass,RGB1,J317.A_D_I APPL 123,2023-02-04 16:46:31,4,2,0,2023-02-4_RgbImage_2023-02-04_16-46-30.png,Switchgrass_J317.A_D_I APPL 123,0.9659845526054036,3.872695107012987
Switchgrass,RGB2,J317.A_D_I APPL 123,2023-02-04 16:46:08,4,2,0,2023-02-4_RgbImage_2023-02-04_16-46-07.png,Switchgrass_J317.A_D_I APPL 123,0.8471919577537435,1.413358072284609
Switchgrass,RGB1,AP13_WW_I APPL 142,2023-01-27 13:52:51,4,2,1,2023-01-27_RgbImage_2023-01-27_13-52-50.png,Switchgrass_AP13_WW_I APPL 142,0.9710684198423992,3.920828311704099
Switchgrass,RGB2,AP13_WW_I APPL 142,2023-01-27 13:52:26,4,2,1,2023-01-27_RgbImage_2023-01-27_13-52-25.png,Switchgrass_AP13_WW_I APPL 142,0.9170544817779699,1.4515540390275419
Switchgrass,RGB1,J317.A_Xtra_I APPL 137,2023-01-19 17:21:27,4,2,1,2023-01-19_RgbImage_2023-01-19_17-21-27.png,Switchgrass_J317.A_Xtra_I APPL 137,0.9616460770462222,3.892492708284408
Switchgrass,RGB2,J317.A_Xtra_I APPL 137,2023-01-19 17:21:01,4,2,1,2023-01-19_RgbImage_2023-01-19_17-21-01.png,Switchgrass_J317.A_Xtra_I APPL 137,0.9242075550500105,1.4349393951706588
Switchgrass,RGB1,J215.A_Xtra_I APPL 138,2023-01-21 17:13:48,4,2,2,2023-01-21_RgbImage_2023-01-21_17-13-47.png,Switchgrass_J215.A_Xtra_I APPL 138,0.9694788915341336,4.014267305843532
Switchgrass,RGB2,J215.A_Xtra_I APPL 138,2023-01-21 17:12:35,4,2,2,2023-01-21_RgbImage_2023-01-21_17-12-35.png,Switchgrass_J215.A_Xtra_I APPL 138,0.9462266265741143,1.4344333396293223
Switchgrass,RGB1,J308.A_WW_T3.12.2023_I APPL 498,2023-04-26 09:38:46,4,2,2,2023-04-26_RgbImage_2023-04-26_09-38-46.png,Switchgrass_J308.A_WW_T3.12.2023_I APPL 498,0.9628760640028258,3.5938061429187655
Switchgrass,RGB2,J308.A_WW_T3.12.2023_I APPL 498,2023-04-26 09:38:20,4,2,2,2023-04-26_RgbImage_2023-04-26_09-38-20.png,Switchgrass_J308.A_WW_T3.12.2023_I APPL 498,0.931555924631989,1.412474650889635
Switchgrass,RGB1,J215.A_D_I APPL 130,2023-01-23 15:40:47,4,2,3,2023-01-23_RgbImage_2023-01-23_15-40-47.png,Switchgrass_J215.A_D_I APPL 130,0.9760112843477179,3.924259820021689
Switchgrass,RGB2,J215.A_D_I APPL 130,2023-01-23 15:40:18,4,2,3,2023-01-23_RgbImage_2023-01-23_15-40-17.png,Switchgrass_J215.A_D_I APPL 130,0.9448892495908248,1.4424831378273666
Switchgrass,RGB1,J215.A_WW_I APPL 152,2023-02-04 13:44:15,4,2,3,2023-02-4_RgbImage_2023-02-04_13-44-15.png,Switchgrass_J215.A_WW_I APPL 152,0.9511271320465228,3.8823052062653005
Switchgrass,RGB1,J215.A_WW_I APPL 152,2023-02-05 13:45:57,4,2,3,2023-02-5_RgbImage_2023-02-05_13-45-56.png,Switchgrass_J215.A_WW_I APPL 152,0.9574781183113825,4.211794869042933
Switchgrass,RGB2,J215.A_WW_I APPL 152,2023-02-04 13:43:50,4,2,3,2023-02-4_RgbImage_2023-02-04_13-43-49.png,Switchgrass_J215.A_WW_I APPL 152,0.9306912762801561,1.4310321887023747
Switchgrass,RGB2,J215.A_WW_I APPL 152,2023-02-05 13:45:31,4,2,3,2023-02-5_RgbImage_2023-02-05_13-45-31.png,Switchgrass_J215.A_WW_I APPL 152,0.9261228483152629,1.3455775398761034
Switchgrass,RGB1,J613.A_WW_T3.16.2023_I APPL 12,2023-05-02 17:53:58,4,2,3,2023-05-2_RgbImage_2023-05-02_17-53-57.png,Switchgrass_J613.A_WW_T3.16.2023_I APPL 12,0.975140996390016,3.8562296251766384
Switchgrass,RGB2,J613.A_WW_T3.16.2023_I APPL 12,2023-05-02 17:53:30,4,2,3,2023-05-2_RgbImage_2023-05-02_17-53-30.png,Switchgrass_J613.A_WW_T3.16.2023_I APPL 12,0.9554256149150587,1.4595157620497048
Switchgrass,RGB1,J215.A_WW_I APPL 136,2023-01-29 16:24:03,4,2,4,2023-01-29_RgbImage_2023-01-29_16-24-02.png,Switchgrass_J215.A_WW_I APPL 136,0.9692772446106793,3.9393189111724496
Switchgrass,RGB2,J215.A_WW_I APPL 136,2023-01-29 16:23:40,4,2,4,2023-01-29_RgbImage_2023-01-29_16-23-40.png,Switchgrass_J215.A_WW_I APPL 136,0.9354259139498128,1.4475260032340884
Switchgrass,RGB1,VS16_D_I APPL 2,2023-01-04 11:30:07,4,2,4,2023-01-4_RgbImage_2023-01-04_11-30-06.png,Switchgrass_VS16_D_I APPL 2,0.9726126186563139,3.9274213570170105
Switchgrass,RGB2,VS16_D_I APPL 2,2023-01-04 11:29:35,4,2,4,2023-01-4_RgbImage_2023-01-04_11-29-34.png,Switchgrass_VS16_D_I APPL 2,0.9608099152299762,1.4637434459291399
Switchgrass,RGB1,VS16_WW_I APPL 10,2023-02-09 11:45:27,4,2,4,2023-02-9_RgbImage_2023-02-09_11-45-26.png,Switchgrass_VS16_WW_I APPL 10,0.9662107985451158,3.9168055849149823
Switchgrass,RGB2,VS16_WW_I APPL 10,2023-02-09 11:43:35,4,2,4,2023-02-9_RgbImage_2023-02-09_11-43-35.png,Switchgrass_VS16_WW_I APPL 10,0.9544412288880749,1.4407706107012928
Switchgrass,RGB1,J317.A_WW_I APPL 225,2023-01-27 14:40:46,4,3,0,2023-01-27_RgbImage_2023-01-27_14-40-46.png,Switchgrass_J317.A_WW_I APPL 225,0.9698247367501092,3.9712472478859127
Switchgrass,RGB2,J317.A_WW_I APPL 225,2023-01-27 14:39:43,4,3,0,2023-01-27_RgbImage_2023-01-27_14-39-42.png,Switchgrass_J317.A_WW_I APPL 225,0.8811111392385708,1.4625784722156823
Switchgrass,RGB1,J317.A_WW_I APPL 351,2023-01-11 10:49:25,4,3,0,2023-01-11_RgbImage_2023-01-11_10-49-25.png,Switchgrass_J317.A_WW_I APPL 351,0.9731472785268562,3.9797465479932725
Switchgrass,RGB2,J317.A_WW_I APPL 351,2023-01-11 10:49:01,4,3,0,2023-01-11_RgbImage_2023-01-11_10-49-00.png,Switchgrass_J317.A_WW_I APPL 351,0.937511965868191,1.472564552910626
Switchgrass,RGB1,J317.A_Xtra_I APPL 137,2023-01-29 17:19:42,4,3,0,2023-01-29_RgbImage_2023-01-29_17-19-41.png,Switchgrass_J317.A_Xtra_I APPL 137,0.9619059415493957,4.055549778044224
Switchgrass,RGB2,J317.A_Xtra_I APPL 137,2023-01-29 17:18:36,4,3,0,2023-01-29_RgbImage_2023-01-29_17-18-36.png,Switchgrass_J317.A_Xtra_I APPL 137,0.9211274520899709,1.4349293559789658
Switchgrass,RGB1,AP13_WW_I APPL 142,2023-01-07 14:28:50,4,3,1,2023-01-7_RgbImage_2023-01-07_14-28-49.png,Switchgrass_AP13_WW_I APPL 142,0.9717972600967503,3.876352440100163
Switchgrass,RGB2,AP13_WW_I APPL 142,2023-01-07 14:27:38,4,3,1,2023-01-7_RgbImage_2023-01-07_14-27-38.png,Switchgrass_AP13_WW_I APPL 142,0.915308765339061,1.3782134940847754
Switchgrass,RGB1,J317.A_WW_I APPL 351,2023-01-06 10:51:12,4,3,1,2023-01-6_RgbImage_2023-01-06_10-51-12.png,Switchgrass_J317.A_WW_I APPL 351,0.966077379069831,3.911209415178746
Switchgrass,RGB2,J317.A_WW_I APPL 351,2023-01-06 10:49:23,4,3,1,2023-01-6_RgbImage_2023-01-06_10-49-22.png,Switchgrass_J317.A_WW_I APPL 351,0.9500316640686653,1.314460908062756
Switchgrass,RGB1,J317.A_Xtra_I APPL 137,2023-01-09 17:24:42,4,3,1,2023-01-9_RgbImage_2023-01-09_17-24-41.png,Switchgrass_J317.A_Xtra_I APPL 137,0.9674656001159359,3.807072593830526
Switchgrass,RGB2,J317.A_Xtra_I APPL 137,2023-01-09 17:24:15,4,3,1,2023-01-9_RgbImage_2023-01-09_17-24-15.png,Switchgrass_J317.A_Xtra_I APPL 137,0.9381147870570089,1.359157355967909
Switchgrass,RGB1,J215.A_D_I APPL 121,2023-01-26 17:13:11,4,3,2,2023-01-26_RgbImage_2023-01-26_17-13-10.png,Switchgrass_J215.A_D_I APPL 121,0.9720996386633202,3.775189723353833
Switchgrass,RGB2,J215.A_D_I APPL 121,2023-01-26 17:12:43,4,3,2,2023-01-26_RgbImage_2023-01-26_17-12-42.png,Switchgrass_J215.A_D_I APPL 121,0.9333260158841962,1.3390711592510343
Switchgrass,RGB1,J215.A_WW_I APPL 152,2023-02-08 13:44:09,4,3,2,2023-02-8_RgbImage_2023-02-08_13-44-08.png,Switchgrass_J215.A_WW_I APPL 152,0.9559854204549132,3.8098982060328126
Switchgrass,RGB2,J215.A_WW_I APPL 152,2023-02-08 13:43:44,4,3,2,2023-02-8_RgbImage_2023-02-08_13-43-43.png,Switchgrass_J215.A_WW_I APPL 152,0.930819718134252,1.3062483510002494
Switchgrass,RGB1,J215.A_Xtra_I APPL 138,2023-02-02 17:11:28,4,3,2,2023-02-2_RgbImage_2023-02-02_17-11-27.png,Switchgrass_J215.A_Xtra_I APPL 138,0.9507133004032065,3.7945760772563517
Switchgrass,RGB2,J215.A_Xtra_I APPL 138,2023-02-02 17:10:21,4,3,2,2023-02-2_RgbImage_2023-02-02_17-10-21.png,Switchgrass_J215.A_Xtra_I APPL 138,0.9055306566591051,1.3377812001854181
Switchgrass,RGB1,J216.A_WW_T3.14.2023_I APPL 209,2023-04-29 17:32:50,4,3,2,2023-04-29_RgbImage_2023-04-29_17-32-49.png,Switchgrass_J216.A_WW_T3.14.2023_I APPL 209,0.950479750951071,3.8218950289301574
Switchgrass,RGB2,J216.A_WW_T3.14.2023_I APPL 209,2023-04-29 17:32:19,4,3,2,2023-04-29_RgbImage_2023-04-29_17-32-19.png,Switchgrass_J216.A_WW_T3.14.2023_I APPL 209,0.9640715453672106,1.3956657112576067
Switchgrass,RGB1,J215.A_D_I APPL 121,2023-02-02 16:15:56,4,3,3,2023-02-2_RgbImage_2023-02-02_16-15-56.png,Switchgrass_J215.A_D_I APPL 121,0.9650836176696616,3.884915690869093
Switchgrass,RGB2,J215.A_D_I APPL 121,2023-02-02 16:15:30,4,3,3,2023-02-2_RgbImage_2023-02-02_16-15-29.png,Switchgrass_J215.A_D_I APPL 121,0.923886113295838,1.4666602099314332
Switchgrass,RGB1,J215.A_D_I APPL 130,2023-02-05 15:20:47,4,3,3,2023-02-5_RgbImage_2023-02-05_15-20-46.png,Switchgrass_J215.A_D_I APPL 130,0.9623024101147514,3.878850783687085
Switchgrass,RGB2,J215.A_D_I APPL 130,2023-02-05 15:20:15,4,3,3,2023-02-5_RgbImage_2023-02-05_15-20-14.png,Switchgrass_J215.A_D_I APPL 130,0.9379362447447798,1.457281397189945
Switchgrass,RGB1,J215.A_WW_I APPL 152,2023-02-09 13:44:09,4,3,3,2023-02-9_RgbImage_2023-02-09_13-44-09.png,Switchgrass_J215.A_WW_I APPL 152,0.9569418622012522,3.952564673963934
Switchgrass,RGB2,J215.A_WW_I APPL 152,2023-02-09 13:43:45,4,3,3,2023-02-9_RgbImage_2023-02-09_13-43-44.png,Switchgrass_J215.A_WW_I APPL 152,0.9251053988550382,1.438092216849327
Switchgrass,RGB1,VS16_D_I APPL 2,2023-01-28 11:28:44,4,3,3,2023-01-28_RgbImage_2023-01-28_11-28-43.png,Switchgrass_VS16_D_I APPL 2,0.9737162136422239,3.8951927912421525
Switchgrass,RGB2,VS16_D_I APPL 2,2023-01-28 11:28:15,4,3,3,2023-01-28_RgbImage_2023-01-28_11-28-14.png,Switchgrass_VS16_D_I APPL 2,0.9426544723576384,1.427876632194966
Switchgrass,RGB1,J215.A_D_I APPL 130,2023-01-28 15:19:52,4,3,4,2023-01-28_RgbImage_2023-01-28_15-19-51.png,Switchgrass_J215.A_D_I APPL 130,0.9679565464855786,3.9563619941473007
Switchgrass,RGB2,J215.A_D_I APPL 130,2023-01-28 15:19:24,4,3,4,2023-01-28_RgbImage_2023-01-28_15-19-23.png,Switchgrass_J215.A_D_I APPL 130,0.9377772225474061,1.4423298379406333
Switchgrass,RGB1,VS16_D_I APPL 124,2023-02-08 16:39:43,4,3,4,2023-02-8_RgbImage_2023-02-08_16-39-43.png,Switchgrass_VS16_D_I APPL 124,0.961508895635924,3.8559157606214285
Switchgrass,RGB1,VS16_D_I APPL 124,2023-02-07 16:40:20,4,3,4,2023-02-7_RgbImage_2023-02-07_16-40-19.png,Switchgrass_VS16_D_I APPL 124,0.9678412398869982,4.217548476997763
Switchgrass,RGB2,VS16_D_I APPL 124,2023-02-08 16:38:36,4,3,4,2023-02-8_RgbImage_2023-02-08_16-38-36.png,Switchgrass_VS16_D_I APPL 124,0.9268800612504174,1.309317302890122
Switchgrass,RGB2,VS16_D_I APPL 124,2023-02-07 16:39:12,4,3,4,2023-02-7_RgbImage_2023-02-07_16-39-12.png,Switchgrass_VS16_D_I APPL 124,0.9184501970377399,1.33347073988989
Switchgrass,RGB1,VS16_D_I APPL 2,2023-01-29 11:28:42,4,3,4,2023-01-29_RgbImage_2023-01-29_11-28-42.png,Switchgrass_VS16_D_I APPL 2,0.9702596369741838,3.744627049192786
Switchgrass,RGB2,VS16_D_I APPL 2,2023-01-29 11:28:14,4,3,4,2023-01-29_RgbImage_2023-01-29_11-28-13.png,Switchgrass_VS16_D_I APPL 2,0.949673670066562,1.3419064488261938
Switchgrass,RGB1,J317.A_D_I APPL 6,2023-02-03 10:25:40,4,4,0,2023-02-3_RgbImage_2023-02-03_10-25-40.png,Switchgrass_J317.A_D_I APPL 6,0.9607929459026913,3.820948328822851
Switchgrass,RGB1,J317.A_D_I APPL 6,2023-02-05 10:25:40,4,4,0,2023-02-5_RgbImage_2023-02-05_10-25-39.png,Switchgrass_J317.A_D_I APPL 6,0.9702068968546702,4.110600020270795
Switchgrass,RGB2,J317.A_D_I APPL 6,2023-02-03 10:25:18,4,4,0,2023-02-3_RgbImage_2023-02-03_10-25-17.png,Switchgrass_J317.A_D_I APPL 6,0.8661350432974231,1.2996829682961106
Switchgrass,RGB2,J317.A_D_I APPL 6,2023-02-05 10:25:17,4,4,0,2023-02-5_RgbImage_2023-02-05_10-25-17.png,Switchgrass_J317.A_D_I APPL 6,0.8544346288075343,1.384728651959449
Switchgrass,RGB1,J247.A_WW_T3.12.2023_I APPL 509,2023-04-26 08:24:52,4,4,1,2023-04-26_RgbImage_2023-04-26_08-24-51.png,Switchgrass_J247.A_WW_T3.12.2023_I APPL 509,0.9669987351674242,3.733095996081829
Switchgrass,RGB2,J247.A_WW_T3.12.2023_I APPL 509,2023-04-26 08:24:25,4,4,1,2023-04-26_RgbImage_2023-04-26_08-24-25.png,Switchgrass_J247.A_WW_T3.12.2023_I APPL 509,0.9232834173911877,1.3432322149164975
Switchgrass,RGB1,J317.A_D_I APPL 132,2023-02-09 14:55:17,4,4,2,2023-02-9_RgbImage_2023-02-09_14-55-17.png,Switchgrass_J317.A_D_I APPL 132,0.9685629263750406,3.8096808437258005
Switchgrass,RGB2,J317.A_D_I APPL 132,2023-02-09 14:54:55,4,4,2,2023-02-9_RgbImage_2023-02-09_14-54-55.png,Switchgrass_J317.A_D_I APPL 132,0.8547401127047555,1.3266087863594294
Switchgrass,RGB1,J317.A_WW_I APPL 351,2023-01-22 10:49:42,4,4,2,2023-01-22_RgbImage_2023-01-22_10-49-41.png,Switchgrass_J317.A_WW_I APPL 351,0.9755718061032289,3.887101973872632
Switchgrass,RGB2,J317.A_WW_I APPL 351,2023-01-22 10:48:37,4,4,2,2023-01-22_RgbImage_2023-01-22_10-48-36.png,Switchgrass_J317.A_WW_I APPL 351,0.902328686816209,1.4332341318950057
Switchgrass,RGB1,J023.B_WW_T3.12.2023_I APPL 491,2023-04-26 10:36:03,4,4,3,2023-04-26_RgbImage_2023-04-26_10-36-02.png,Switchgrass_J023.B_WW_T3.12.2023_I APPL 491,0.9597981551541112,3.961749910376966
Switchgrass,RGB2,J023.B_WW_T3.12.2023_I APPL 491,2023-04-26 10:35:38,4,4,3,2023-04-26_RgbImage_2023-04-26_10-35-38.png,Switchgrass_J023.B_WW_T3.12.2023_I APPL 491,0.9326068700009651,1.455854990053922
Switchgrass,RGB1,J216.A_WW_T3.14.2023_I APPL 209,2023-05-05 17:33:09,4,4,3,2023-05-5_RgbImage_2023-05-05_17-33-09.png,Switchgrass_J216.A_WW_T3.14.2023_I APPL 209,0.9590793659852094,3.8588278968818486
Switchgrass,RGB2,J216.A_WW_T3.14.2023_I APPL 209,2023-05-05 17:32:40,4,4,3,2023-05-5_RgbImage_2023-05-05_17-32-40.png,Switchgrass_J216.A_WW_T3.14.2023_I APPL 209,0.9375787661448337,1.4313141307793558
Switchgrass,RGB1,J215.A_D_I APPL 121,2023-02-08 16:15:47,4,4,4,2023-02-8_RgbImage_2023-02-08_16-15-47.png,Switchgrass_J215.A_D_I APPL 121,0.9665801078024029,3.9194414876401424
Switchgrass,RGB1,J215.A_D_I APPL 121,2023-02-09 16:15:44,4,4,4,2023-02-9_RgbImage_2023-02-09_16-15-43.png,Switchgrass_J215.A_D_I APPL 121,0.9668602758227183,4.1973860850557685
Switchgrass,RGB2,J215.A_D_I APPL 121,2023-02-08 16:15:21,4,4,4,2023-02-8_RgbImage_2023-02-08_16-15-20.png,Switchgrass_J215.A_D_I APPL 121,0.9268945370211366,1.299245580099523
Switchgrass,RGB2,J215.A_D_I APPL 121,2023-02-09 16:15:19,4,4,4,2023-02-9_RgbImage_2023-02-09_16-15-18.png,Switchgrass_J215.A_D_I APPL 121,0.9142046297508057,1.3617025669664145
Switchgrass,RGB1,J215.A_D_I APPL 130,2023-02-07 15:19:48,4,4,4,2023-02-7_RgbImage_2023-02-07_15-19-47.png,Switchgrass_J215.A_D_I APPL 130,0.9628376757234793,3.741433850955218
Switchgrass,RGB2,J215.A_D_I APPL 130,2023-02-07 15:19:15,4,4,4,2023-02-7_RgbImage_2023-02-07_15-19-15.png,Switchgrass_J215.A_D_I APPL 130,0.9300475879601307,1.3277508150786161
Switchgrass,RGB1,VS16_D_I APPL 2,2023-02-08 11:29:49,4,4,4,2023-02-8_RgbImage_2023-02-08_11-29-48.png,Switchgrass_VS16_D_I APPL 2,0.96346382884387,3.769094086717814
Switchgrass,RGB2,VS16_D_I APPL 2,2023-02-08 11:27:59,4,4,4,2023-02-8_RgbImage_2023-02-08_11-27-59.png,Switchgrass_VS16_D_I APPL 2,0.9444430159167115,1.341081460006535
